# timestamp, linear_acceleration.x, linear_acceleration.y, linear_acceleration.z, angular_velocity.x, angular_velocity.y, angular_velocity.z
1.896474962000000097e+00,5.149999856948852539e-01,8.799999952316284180e-02,-8.682999610900878906e+00,-4.100000113248825073e-02,-1.299999952316284180e-01,-5.999999865889549255e-02
1.896508610000000150e+00,5.149999856948852539e-01,8.799999952316284180e-02,-8.682999610900878906e+00,-4.100000113248825073e-02,-1.299999952316284180e-01,-5.999999865889549255e-02
1.907632129000000010e+00,-6.679999828338623047e-01,-2.199999988079071045e-02,-1.052099990844726562e+01,-3.400000184774398804e-02,6.700000166893005371e-02,2.800000086426734924e-02
1.916342759000000173e+00,-6.679999828338623047e-01,-2.199999988079071045e-02,-1.052099990844726562e+01,-3.400000184774398804e-02,6.700000166893005371e-02,2.800000086426734924e-02
1.924488129000000214e+00,9.649999737739562988e-01,6.970000267028808594e-01,-7.821000099182128906e+00,-5.000000074505805969e-02,-1.400000043213367462e-02,1.000000047497451305e-03
1.936137851000000021e+00,9.649999737739562988e-01,6.970000267028808594e-01,-7.821000099182128906e+00,-5.000000074505805969e-02,-1.400000043213367462e-02,1.000000047497451305e-03
1.944152796000000016e+00,1.304999947547912598e+00,1.120000034570693970e-01,-1.144099998474121094e+01,-1.200000010430812836e-02,4.600000008940696716e-02,1.040000021457672119e-01
1.956286592000000102e+00,1.304999947547912598e+00,1.120000034570693970e-01,-1.144099998474121094e+01,-1.200000010430812836e-02,4.600000008940696716e-02,1.040000021457672119e-01
1.968680425000000067e+00,1.123000025749206543e+00,-6.489999890327453613e-01,-8.640000343322753906e+00,3.000000026077032089e-03,-6.499999761581420898e-02,1.049999967217445374e-01
1.977147944000000157e+00,8.790000081062316895e-01,2.460000067949295044e-01,-9.248000144958496094e+00,-6.000000052154064178e-03,8.999999612569808960e-03,1.529999971389770508e-01
1.994859258000000191e+00,8.790000081062316895e-01,2.460000067949295044e-01,-9.248000144958496094e+00,-6.000000052154064178e-03,8.999999612569808960e-03,1.529999971389770508e-01
2.020584240000000253e+00,8.790000081062316895e-01,2.460000067949295044e-01,-9.248000144958496094e+00,-6.000000052154064178e-03,8.999999612569808960e-03,1.529999971389770508e-01
2.030453721000000211e+00,7.540000081062316895e-01,-2.750000059604644775e-01,-1.056000041961669922e+01,5.299999937415122986e-02,-1.000000047497451305e-03,9.999999776482582092e-03
2.043089740000000099e+00,7.540000081062316895e-01,-2.750000059604644775e-01,-1.056000041961669922e+01,5.299999937415122986e-02,-1.000000047497451305e-03,9.999999776482582092e-03
2.052226666000000144e+00,-1.599999964237213135e-01,-1.251999974250793457e+00,-6.451000213623046875e+00,1.799999922513961792e-02,2.500000037252902985e-02,3.500000014901161194e-02
2.056247166000000348e+00,-1.599999964237213135e-01,-1.251999974250793457e+00,-6.451000213623046875e+00,1.799999922513961792e-02,2.500000037252902985e-02,3.500000014901161194e-02
2.070960481000000186e+00,1.889999955892562866e-01,-1.319999992847442627e-01,-1.005200004577636719e+01,2.099999971687793732e-02,-5.600000172853469849e-02,-5.200000107288360596e-02
2.077354018000000302e+00,1.889999955892562866e-01,-1.319999992847442627e-01,-1.005200004577636719e+01,2.099999971687793732e-02,-5.600000172853469849e-02,-5.200000107288360596e-02
2.088291370000000313e+00,5.339999794960021973e-01,2.460000067949295044e-01,-1.140200042724609375e+01,2.600000053644180298e-02,-8.999999612569808960e-03,-3.200000151991844177e-02
2.097039740000000041e+00,5.339999794960021973e-01,2.460000067949295044e-01,-1.140200042724609375e+01,2.600000053644180298e-02,-8.999999612569808960e-03,-3.200000151991844177e-02
2.104356609999999961e+00,3.099999949336051941e-02,5.289999842643737793e-01,-8.932000160217285156e+00,1.400000043213367462e-02,-3.000000026077032089e-03,-5.200000107288360596e-02
2.113795980999999991e+00,3.099999949336051941e-02,5.289999842643737793e-01,-8.932000160217285156e+00,1.400000043213367462e-02,-3.000000026077032089e-03,-5.200000107288360596e-02
2.124348869999999945e+00,-5.910000205039978027e-01,6.869999766349792480e-01,-7.605000019073486328e+00,3.400000184774398804e-02,-8.100000023841857910e-02,-1.080000028014183044e-01
2.134802795000000142e+00,-5.910000205039978027e-01,6.869999766349792480e-01,-7.605000019073486328e+00,3.400000184774398804e-02,-8.100000023841857910e-02,-1.080000028014183044e-01
2.146602684000000316e+00,-1.281000018119812012e+00,3.759999871253967285e-01,-1.038700008392333984e+01,5.299999937415122986e-02,-7.000000029802322388e-02,-1.729999929666519165e-01
2.153553035999999921e+00,-1.281000018119812012e+00,3.759999871253967285e-01,-1.038700008392333984e+01,5.299999937415122986e-02,-7.000000029802322388e-02,-1.729999929666519165e-01
2.165507018000000006e+00,-1.610999941825866699e+00,-1.940000057220458984e-01,-6.019999980926513672e+00,3.999999910593032837e-02,-4.100000113248825073e-02,-2.660000026226043701e-01
2.176159166000000145e+00,-1.610999941825866699e+00,-1.940000057220458984e-01,-6.019999980926513672e+00,3.999999910593032837e-02,-4.100000113248825073e-02,-2.660000026226043701e-01
2.183952332000000052e+00,-9.169999957084655762e-01,2.419999986886978149e-01,-9.458000183105468750e+00,-2.600000053644180298e-02,1.030000001192092896e-01,-2.389999926090240479e-01
2.195677794999999932e+00,5.199999809265136719e-01,-3.379999995231628418e-01,-1.426099967956542969e+01,2.500000037252902985e-02,6.899999827146530151e-02,-7.599999755620956421e-02
2.203915720999999994e+00,5.199999809265136719e-01,-3.379999995231628418e-01,-1.426099967956542969e+01,2.500000037252902985e-02,6.899999827146530151e-02,-7.599999755620956421e-02
2.214854684000000073e+00,5.199999809265136719e-01,-3.379999995231628418e-01,-1.426099967956542969e+01,2.500000037252902985e-02,6.899999827146530151e-02,-7.599999755620956421e-02
2.223544831999999971e+00,-1.514999985694885254e+00,1.270000040531158447e-01,-8.635000228881835938e+00,3.799999877810478210e-02,-3.299999982118606567e-02,-1.759999990463256836e-01
2.234520147000000012e+00,-1.514999985694885254e+00,1.270000040531158447e-01,-8.635000228881835938e+00,3.799999877810478210e-02,-3.299999982118606567e-02,-1.759999990463256836e-01
2.247418869000000097e+00,-9.599999785423278809e-01,-4.909999966621398926e-01,-8.725999832153320312e+00,-6.000000052154064178e-03,1.200000010430812836e-02,-1.759999990463256836e-01
2.253578405999999923e+00,-9.599999785423278809e-01,-4.909999966621398926e-01,-8.725999832153320312e+00,-6.000000052154064178e-03,1.200000010430812836e-02,-1.759999990463256836e-01
2.265959610000000346e+00,-9.599999785423278809e-01,-4.909999966621398926e-01,-8.725999832153320312e+00,-6.000000052154064178e-03,1.200000010430812836e-02,-1.759999990463256836e-01
2.274850314000000040e+00,1.539999961853027344e+00,-5.499999970197677612e-02,-1.246100044250488281e+01,-5.200000107288360596e-02,7.000000029802322388e-02,-1.289999932050704956e-01
2.283843425000000149e+00,1.539999961853027344e+00,-5.499999970197677612e-02,-1.246100044250488281e+01,-5.200000107288360596e-02,7.000000029802322388e-02,-1.289999932050704956e-01
2.294339461999999941e+00,1.539999961853027344e+00,-5.499999970197677612e-02,-1.246100044250488281e+01,-5.200000107288360596e-02,7.000000029802322388e-02,-1.289999932050704956e-01
2.304486146999999985e+00,5.499999970197677612e-02,-1.369999945163726807e-01,-7.882999897003173828e+00,-1.400000043213367462e-02,-1.000000047497451305e-03,1.630000025033950806e-01
2.313549239999999951e+00,7.689999938011169434e-01,-4.189999997615814209e-01,-1.171399974822998047e+01,-2.800000086426734924e-02,3.099999949336051941e-02,9.399999678134918213e-02
2.323587036000000161e+00,7.689999938011169434e-01,-4.189999997615814209e-01,-1.171399974822998047e+01,-2.800000086426734924e-02,3.099999949336051941e-02,9.399999678134918213e-02
2.335284592000000270e+00,7.879999876022338867e-01,-2.899999916553497314e-01,-8.380999565124511719e+00,-2.999999932944774628e-02,5.000000074505805969e-02,5.000000074505805969e-02
2.345982129000000249e+00,7.879999876022338867e-01,-2.899999916553497314e-01,-8.380999565124511719e+00,-2.999999932944774628e-02,5.000000074505805969e-02,5.000000074505805969e-02
2.353993610000000292e+00,7.879999876022338867e-01,-2.899999916553497314e-01,-8.380999565124511719e+00,-2.999999932944774628e-02,5.000000074505805969e-02,5.000000074505805969e-02
2.366122647000000079e+00,7.879999876022338867e-01,-2.899999916553497314e-01,-8.380999565124511719e+00,-2.999999932944774628e-02,5.000000074505805969e-02,5.000000074505805969e-02
2.376452331999999945e+00,1.175999999046325684e+00,6.489999890327453613e-01,-1.166600036621093750e+01,-2.800000086426734924e-02,4.600000008940696716e-02,8.100000023841857910e-02
2.384508869000000253e+00,7.639999985694885254e-01,2.319999933242797852e-01,-1.150800037384033203e+01,3.000000026077032089e-03,-4.199999943375587463e-02,4.800000041723251343e-02
2.394953999000000167e+00,7.639999985694885254e-01,2.319999933242797852e-01,-1.150800037384033203e+01,3.000000026077032089e-03,-4.199999943375587463e-02,4.800000041723251343e-02
2.405468740000000327e+00,3.330000042915344238e-01,1.169999986886978149e-01,-9.362999916076660156e+00,-8.999999612569808960e-03,7.000000216066837311e-03,4.000000189989805222e-03
2.415094054999999962e+00,3.330000042915344238e-01,1.169999986886978149e-01,-9.362999916076660156e+00,-8.999999612569808960e-03,7.000000216066837311e-03,4.000000189989805222e-03
2.423678129000000236e+00,8.889999985694885254e-01,2.600000053644180298e-02,-1.094799995422363281e+01,-1.099999994039535522e-02,-1.099999994039535522e-02,4.999999888241291046e-03
2.436969555000000121e+00,8.889999985694885254e-01,2.600000053644180298e-02,-1.094799995422363281e+01,-1.099999994039535522e-02,-1.099999994039535522e-02,4.999999888241291046e-03
2.444634240000000069e+00,8.690000176429748535e-01,-3.709999918937683105e-01,-9.251999855041503906e+00,-1.099999994039535522e-02,-4.199999943375587463e-02,2.700000070035457611e-02
2.453808962000000093e+00,8.690000176429748535e-01,-3.709999918937683105e-01,-9.251999855041503906e+00,-1.099999994039535522e-02,-4.199999943375587463e-02,2.700000070035457611e-02
2.463795295000000163e+00,-2.262000083923339844e+00,1.519999980926513672e+00,-5.856999874114990234e+00,6.000000052154064178e-03,-7.100000232458114624e-02,1.099999994039535522e-02
2.476029868999999994e+00,-2.262000083923339844e+00,1.519999980926513672e+00,-5.856999874114990234e+00,6.000000052154064178e-03,-7.100000232458114624e-02,1.099999994039535522e-02
2.483872961999999962e+00,-2.908999919891357422e+00,1.174999952316284180e+00,-8.576999664306640625e+00,-1.200000010430812836e-02,-1.539999991655349731e-01,1.000000047497451305e-03
2.493711350999999965e+00,-2.908999919891357422e+00,1.174999952316284180e+00,-8.576999664306640625e+00,-1.200000010430812836e-02,-1.539999991655349731e-01,1.000000047497451305e-03
2.505797814000000123e+00,-2.697999954223632812e+00,-1.243000030517578125e+00,-6.752999782562255859e+00,5.099999904632568359e-02,-1.000000047497451305e-03,-1.280000060796737671e-01
2.515714443000000244e+00,-2.697999954223632812e+00,-1.243000030517578125e+00,-6.752999782562255859e+00,5.099999904632568359e-02,-1.000000047497451305e-03,-1.280000060796737671e-01
2.523763666000000239e+00,-2.467999935150146484e+00,7.540000081062316895e-01,-4.794000148773193359e+00,4.399999976158142090e-02,-4.800000041723251343e-02,-4.050000011920928955e-01
2.534768443000000371e+00,-2.467999935150146484e+00,7.540000081062316895e-01,-4.794000148773193359e+00,4.399999976158142090e-02,-4.800000041723251343e-02,-4.050000011920928955e-01
2.546411480000000171e+00,-2.793999910354614258e+00,1.434000015258789062e+00,-1.006599998474121094e+01,4.699999839067459106e-02,-1.030000001192092896e-01,-3.379999995231628418e-01
2.559034351000000207e+00,-2.793999910354614258e+00,1.434000015258789062e+00,-1.006599998474121094e+01,4.699999839067459106e-02,-1.030000001192092896e-01,-3.379999995231628418e-01
2.563513684000000126e+00,-5.099999904632568359e-01,-9.219999909400939941e-01,-9.017999649047851562e+00,6.000000052154064178e-03,8.399999886751174927e-02,-2.540000081062316895e-01
2.576840516999999942e+00,-5.099999904632568359e-01,-9.219999909400939941e-01,-9.017999649047851562e+00,6.000000052154064178e-03,8.399999886751174927e-02,-2.540000081062316895e-01
2.586135536000000013e+00,2.545000076293945312e+00,-1.664000034332275391e+00,-1.134500026702880859e+01,7.000000216066837311e-03,1.270000040531158447e-01,-8.699999749660491943e-02
2.593927925000000023e+00,2.545000076293945312e+00,-1.664000034332275391e+00,-1.134500026702880859e+01,7.000000216066837311e-03,1.270000040531158447e-01,-8.699999749660491943e-02
2.603991036000000037e+00,7.400000095367431641e-01,5.820000171661376953e-01,-8.696999549865722656e+00,-1.799999922513961792e-02,-1.659999936819076538e-01,-1.200000010430812836e-02
2.614021573000000043e+00,7.400000095367431641e-01,5.820000171661376953e-01,-8.696999549865722656e+00,-1.799999922513961792e-02,-1.659999936819076538e-01,-1.200000010430812836e-02
2.623814016999999943e+00,7.829999923706054688e-01,-3.519999980926513672e-01,-8.715999603271484375e+00,3.099999949336051941e-02,-1.300000026822090149e-02,1.389999985694885254e-01
2.634257091000000273e+00,7.829999923706054688e-01,-3.519999980926513672e-01,-8.715999603271484375e+00,3.099999949336051941e-02,-1.300000026822090149e-02,1.389999985694885254e-01
2.645835351000000113e+00,1.609999984502792358e-01,-1.650000065565109253e-01,-9.736000061035156250e+00,4.999999888241291046e-03,9.099999815225601196e-02,1.500000059604644775e-01
2.653960091000000077e+00,1.609999984502792358e-01,-1.650000065565109253e-01,-9.736000061035156250e+00,4.999999888241291046e-03,9.099999815225601196e-02,1.500000059604644775e-01
2.663731814000000142e+00,9.120000004768371582e-01,8.799999952316284180e-02,-9.248000144958496094e+00,3.000000026077032089e-03,-2.400000020861625671e-02,1.000000014901161194e-01
2.676149332000000047e+00,9.120000004768371582e-01,8.799999952316284180e-02,-9.248000144958496094e+00,3.000000026077032089e-03,-2.400000020861625671e-02,1.000000014901161194e-01
2.684954054000000312e+00,9.359999895095825195e-01,2.600000053644180298e-02,-9.607000350952148438e+00,-2.800000086426734924e-02,3.599999845027923584e-02,5.900000035762786865e-02
2.696204888000000022e+00,9.359999895095825195e-01,2.600000053644180298e-02,-9.607000350952148438e+00,-2.800000086426734924e-02,3.599999845027923584e-02,5.900000035762786865e-02
2.703635091000000212e+00,8.650000095367431641e-01,-3.759999871253967285e-01,-9.965999603271484375e+00,-1.300000026822090149e-02,-2.800000086426734924e-02,8.000000379979610443e-03
2.715534980000000154e+00,8.650000095367431641e-01,-3.759999871253967285e-01,-9.965999603271484375e+00,-1.300000026822090149e-02,-2.800000086426734924e-02,8.000000379979610443e-03
2.724572221000000294e+00,9.799999743700027466e-02,1.360000073909759521e-01,-6.685999870300292969e+00,1.999999955296516418e-02,-2.199999988079071045e-02,-2.199999988079071045e-02
2.737838090999999974e+00,9.799999743700027466e-02,1.360000073909759521e-01,-6.685999870300292969e+00,1.999999955296516418e-02,-2.199999988079071045e-02,-2.199999988079071045e-02
2.745180591000000003e+00,9.599999785423278809e-01,-2.849999964237213135e-01,-1.015299987792968750e+01,-1.799999922513961792e-02,2.800000086426734924e-02,-3.900000080466270447e-02
2.757257406000000355e+00,9.599999785423278809e-01,-2.849999964237213135e-01,-1.015299987792968750e+01,-1.799999922513961792e-02,2.800000086426734924e-02,-3.900000080466270447e-02
2.764418869000000001e+00,1.161000013351440430e+00,4.329999983310699463e-01,-1.189599990844726562e+01,7.000000216066837311e-03,-1.799999922513961792e-02,5.000000074505805969e-02
2.776235128000000163e+00,1.161000013351440430e+00,4.329999983310699463e-01,-1.189599990844726562e+01,7.000000216066837311e-03,-1.799999922513961792e-02,5.000000074505805969e-02
2.785197684000000340e+00,1.940000057220458984e-01,7.900000363588333130e-02,-1.023400020599365234e+01,4.300000146031379700e-02,-6.100000068545341492e-02,1.700000092387199402e-02
2.794355517000000066e+00,1.940000057220458984e-01,7.900000363588333130e-02,-1.023400020599365234e+01,4.300000146031379700e-02,-6.100000068545341492e-02,1.700000092387199402e-02
2.807102962000000090e+00,-2.800000011920928955e-01,-7.730000019073486328e-01,-8.395000457763671875e+00,2.400000020861625671e-02,-2.099999971687793732e-02,-2.500000037252902985e-02
2.815713628000000135e+00,-2.800000011920928955e-01,-7.730000019073486328e-01,-8.395000457763671875e+00,2.400000020861625671e-02,-2.099999971687793732e-02,-2.500000037252902985e-02
2.823994110000000113e+00,2.280000001192092896e-01,5.000000074505805969e-02,-9.156999588012695312e+00,7.000000216066837311e-03,2.800000086426734924e-02,5.700000002980232239e-02
2.836776147000000137e+00,2.280000001192092896e-01,5.000000074505805969e-02,-9.156999588012695312e+00,7.000000216066837311e-03,2.800000086426734924e-02,5.700000002980232239e-02
2.844262073000000335e+00,4.909999966621398926e-01,-1.169999986886978149e-01,-1.051200008392333984e+01,-1.099999994039535522e-02,2.700000070035457611e-02,3.299999982118606567e-02
2.854087536000000203e+00,4.909999966621398926e-01,-1.169999986886978149e-01,-1.051200008392333984e+01,-1.099999994039535522e-02,2.700000070035457611e-02,3.299999982118606567e-02
2.865831702000000369e+00,-1.639999985694885254e+00,-9.269999861717224121e-01,-9.352999687194824219e+00,-2.700000070035457611e-02,-8.999999612569808960e-03,-8.000000379979610443e-03
2.874534906000000056e+00,-1.639999985694885254e+00,-9.269999861717224121e-01,-9.352999687194824219e+00,-2.700000070035457611e-02,-8.999999612569808960e-03,-8.000000379979610443e-03
2.884287628000000048e+00,-1.343000054359436035e+00,2.849999964237213135e-01,-8.164999961853027344e+00,-3.000000026077032089e-03,-4.699999839067459106e-02,5.700000002980232239e-02
2.893654017000000245e+00,-1.343000054359436035e+00,2.849999964237213135e-01,-8.164999961853027344e+00,-3.000000026077032089e-03,-4.699999839067459106e-02,5.700000002980232239e-02
2.907336813000000131e+00,-7.000000216066837311e-03,-4.050000011920928955e-01,-1.156999969482421875e+01,-3.599999845027923584e-02,8.999999612569808960e-03,-3.510000109672546387e-01
2.913869331999999979e+00,-7.000000216066837311e-03,-4.050000011920928955e-01,-1.156999969482421875e+01,-3.599999845027923584e-02,8.999999612569808960e-03,-3.510000109672546387e-01
2.925192628000000017e+00,-1.758999943733215332e+00,1.429000020027160645e+00,-1.515200042724609375e+01,3.700000047683715820e-02,2.400000020861625671e-02,-1.930000036954879761e-01
2.933890610000000176e+00,-1.758999943733215332e+00,1.429000020027160645e+00,-1.515200042724609375e+01,3.700000047683715820e-02,2.400000020861625671e-02,-1.930000036954879761e-01
2.945660888000000366e+00,4.189999997615814209e-01,7.919999957084655762e-01,-1.077499961853027344e+01,-2.099999971687793732e-02,-3.099999949336051941e-02,-2.099999934434890747e-01
2.953568536000000133e+00,4.189999997615814209e-01,7.919999957084655762e-01,-1.077499961853027344e+01,-2.099999971687793732e-02,-3.099999949336051941e-02,-2.099999934434890747e-01
2.964174128000000241e+00,4.189999997615814209e-01,7.919999957084655762e-01,-1.077499961853027344e+01,-2.099999971687793732e-02,-3.099999949336051941e-02,-2.099999934434890747e-01
2.977129295000000120e+00,4.189999997615814209e-01,7.919999957084655762e-01,-1.077499961853027344e+01,-2.099999971687793732e-02,-3.099999949336051941e-02,-2.099999934434890747e-01
2.985263313000000363e+00,4.189999997615814209e-01,7.919999957084655762e-01,-1.077499961853027344e+01,-2.099999971687793732e-02,-3.099999949336051941e-02,-2.099999934434890747e-01
2.995044739000000344e+00,4.189999997615814209e-01,7.919999957084655762e-01,-1.077499961853027344e+01,-2.099999971687793732e-02,-3.099999949336051941e-02,-2.099999934434890747e-01
3.004452202000000405e+00,4.189999997615814209e-01,-4.239999949932098389e-01,-1.112500000000000000e+01,1.200000010430812836e-02,-1.799999922513961792e-02,1.080000028014183044e-01
3.014402628000000028e+00,4.189999997615814209e-01,-4.239999949932098389e-01,-1.112500000000000000e+01,1.200000010430812836e-02,-1.799999922513961792e-02,1.080000028014183044e-01
3.026223480000000077e+00,1.700000017881393433e-01,1.599999964237213135e-01,-1.216899967193603516e+01,3.599999845027923584e-02,3.400000184774398804e-02,7.699999958276748657e-02
3.033607665000000342e+00,1.700000017881393433e-01,1.599999964237213135e-01,-1.216899967193603516e+01,3.599999845027923584e-02,3.400000184774398804e-02,7.699999958276748657e-02
3.043936962000000079e+00,-2.419999986886978149e-01,1.601999998092651367e+00,-1.095699977874755859e+01,2.999999932944774628e-02,-6.800000369548797607e-02,-5.600000172853469849e-02
3.054947406000000143e+00,-2.419999986886978149e-01,1.601999998092651367e+00,-1.095699977874755859e+01,2.999999932944774628e-02,-6.800000369548797607e-02,-5.600000172853469849e-02
3.064972962000000134e+00,-2.700000107288360596e-01,9.120000004768371582e-01,-8.940999984741210938e+00,2.199999988079071045e-02,-7.000000216066837311e-03,-7.000000029802322388e-02
3.074365683999999987e+00,-2.700000107288360596e-01,9.120000004768371582e-01,-8.940999984741210938e+00,2.199999988079071045e-02,-7.000000216066837311e-03,-7.000000029802322388e-02
3.084305628000000077e+00,-1.940000057220458984e-01,8.830000162124633789e-01,-1.165100002288818359e+01,2.400000020861625671e-02,-7.900000363588333130e-02,-1.400000005960464478e-01
3.094086757999999993e+00,-1.940000057220458984e-01,8.830000162124633789e-01,-1.165100002288818359e+01,2.400000020861625671e-02,-7.900000363588333130e-02,-1.400000005960464478e-01
3.104426017000000204e+00,-1.582000017166137695e+00,1.093999981880187988e+00,-4.368000030517578125e+00,3.000000026077032089e-03,-2.700000070035457611e-02,-1.439999938011169434e-01
3.113846387000000160e+00,-1.582000017166137695e+00,1.093999981880187988e+00,-4.368000030517578125e+00,3.000000026077032089e-03,-2.700000070035457611e-02,-1.439999938011169434e-01
3.124180276000000145e+00,-5.479999780654907227e-01,2.419999986886978149e-01,-1.004699993133544922e+01,8.000000379979610443e-03,1.899999938905239105e-02,-1.449999958276748657e-01
3.133928462000000081e+00,-5.479999780654907227e-01,2.419999986886978149e-01,-1.004699993133544922e+01,8.000000379979610443e-03,1.899999938905239105e-02,-1.449999958276748657e-01
3.144112795000000293e+00,2.329999953508377075e-01,2.179999947547912598e-01,-1.049699974060058594e+01,4.000000189989805222e-03,2.400000020861625671e-02,-1.120000034570693970e-01
3.154016386999999977e+00,2.329999953508377075e-01,2.179999947547912598e-01,-1.049699974060058594e+01,4.000000189989805222e-03,2.400000020861625671e-02,-1.120000034570693970e-01
3.163865147000000100e+00,2.899999916553497314e-01,3.420000076293945312e-01,-1.231700038909912109e+01,1.300000026822090149e-02,-1.799999922513961792e-02,-2.400000020861625671e-02
3.174729239000000369e+00,2.899999916553497314e-01,3.420000076293945312e-01,-1.231700038909912109e+01,1.300000026822090149e-02,-1.799999922513961792e-02,-2.400000020861625671e-02
3.185092443000000273e+00,-9.689999818801879883e-01,-9.399999678134918213e-02,-6.868000030517578125e+00,-9.999999776482582092e-03,-9.499999880790710449e-02,-1.070000007748603821e-01
3.193928221000000178e+00,-9.689999818801879883e-01,-9.399999678134918213e-02,-6.868000030517578125e+00,-9.999999776482582092e-03,-9.499999880790710449e-02,-1.070000007748603821e-01
3.204436776000000098e+00,1.521000027656555176e+00,-1.080000028014183044e-01,-8.807000160217285156e+00,-5.000000074505805969e-02,5.299999937415122986e-02,5.600000172853469849e-02
3.214056776000000060e+00,1.521000027656555176e+00,-1.080000028014183044e-01,-8.807000160217285156e+00,-5.000000074505805969e-02,5.299999937415122986e-02,5.600000172853469849e-02
3.223999406000000345e+00,5.099999904632568359e-01,5.149999856948852539e-01,-7.327000141143798828e+00,-3.799999877810478210e-02,3.200000151991844177e-02,8.900000154972076416e-02
3.233701165000000266e+00,5.099999904632568359e-01,5.149999856948852539e-01,-7.327000141143798828e+00,-3.799999877810478210e-02,3.200000151991844177e-02,8.900000154972076416e-02
3.243581480000000017e+00,3.910000026226043701e-01,-2.899999916553497314e-01,-1.002799987792968750e+01,-8.000000379979610443e-03,0.000000000000000000e+00,5.700000002980232239e-02
3.255148369000000041e+00,3.910000026226043701e-01,-2.899999916553497314e-01,-1.002799987792968750e+01,-8.000000379979610443e-03,0.000000000000000000e+00,5.700000002980232239e-02
3.266484443000000404e+00,1.180999994277954102e+00,-2.129999995231628418e-01,-1.077000045776367188e+01,3.000000026077032089e-03,2.199999988079071045e-02,8.900000154972076416e-02
3.273801258000000214e+00,1.180999994277954102e+00,-2.129999995231628418e-01,-1.077000045776367188e+01,3.000000026077032089e-03,2.199999988079071045e-02,8.900000154972076416e-02
3.283504758000000301e+00,1.180999994277954102e+00,-2.129999995231628418e-01,-1.077000045776367188e+01,3.000000026077032089e-03,2.199999988079071045e-02,8.900000154972076416e-02
3.294809998000000295e+00,1.180999994277954102e+00,-2.129999995231628418e-01,-1.077000045776367188e+01,3.000000026077032089e-03,2.199999988079071045e-02,8.900000154972076416e-02
3.304926610000000320e+00,5.009999871253967285e-01,-3.190000057220458984e-01,-1.037300014495849609e+01,1.099999994039535522e-02,-3.999999910593032837e-02,-1.600000075995922089e-02
3.315448869000000354e+00,5.009999871253967285e-01,-3.190000057220458984e-01,-1.037300014495849609e+01,1.099999994039535522e-02,-3.999999910593032837e-02,-1.600000075995922089e-02
3.323495628000000313e+00,5.009999871253967285e-01,-3.190000057220458984e-01,-1.037300014495849609e+01,1.099999994039535522e-02,-3.999999910593032837e-02,-1.600000075995922089e-02
3.334359665000000028e+00,5.009999871253967285e-01,-3.190000057220458984e-01,-1.037300014495849609e+01,1.099999994039535522e-02,-3.999999910593032837e-02,-1.600000075995922089e-02
3.344740332000000205e+00,6.010000109672546387e-01,-1.749999970197677612e-01,-7.926000118255615234e+00,1.899999938905239105e-02,-3.400000184774398804e-02,2.600000053644180298e-02
3.353403869000000093e+00,6.010000109672546387e-01,-1.749999970197677612e-01,-7.926000118255615234e+00,1.899999938905239105e-02,-3.400000184774398804e-02,2.600000053644180298e-02
3.365399980000000291e+00,6.489999890327453613e-01,1.889999955892562866e-01,-1.092800045013427734e+01,8.000000379979610443e-03,-1.200000010430812836e-02,1.799999922513961792e-02
3.374390924000000069e+00,6.489999890327453613e-01,1.889999955892562866e-01,-1.092800045013427734e+01,8.000000379979610443e-03,-1.200000010430812836e-02,1.799999922513961792e-02
3.387398813000000342e+00,1.018000006675720215e+00,1.360000073909759521e-01,-9.673999786376953125e+00,-2.000000094994902611e-03,2.700000070035457611e-02,2.800000086426734924e-02
3.396853147000000295e+00,1.018000006675720215e+00,1.360000073909759521e-01,-9.673999786376953125e+00,-2.000000094994902611e-03,2.700000070035457611e-02,2.800000086426734924e-02
3.405999498000000347e+00,1.018000006675720215e+00,1.360000073909759521e-01,-9.673999786376953125e+00,-2.000000094994902611e-03,2.700000070035457611e-02,2.800000086426734924e-02
3.415793739000000162e+00,1.018000006675720215e+00,1.360000073909759521e-01,-9.673999786376953125e+00,-2.000000094994902611e-03,2.700000070035457611e-02,2.800000086426734924e-02
3.425856776000000270e+00,8.019999861717224121e-01,-9.799999743700027466e-02,-9.682999610900878906e+00,-4.999999888241291046e-03,1.700000092387199402e-02,4.600000008940696716e-02
3.433815091000000042e+00,8.019999861717224121e-01,-9.799999743700027466e-02,-9.682999610900878906e+00,-4.999999888241291046e-03,1.700000092387199402e-02,4.600000008940696716e-02
3.443483480000000263e+00,5.680000185966491699e-01,1.410000026226043701e-01,-8.802000045776367188e+00,1.499999966472387314e-02,-2.400000020861625671e-02,5.700000002980232239e-02
3.453416684000000014e+00,5.680000185966491699e-01,1.410000026226043701e-01,-8.802000045776367188e+00,1.499999966472387314e-02,-2.400000020861625671e-02,5.700000002980232239e-02
3.463455869000000131e+00,1.018000006675720215e+00,-7.689999938011169434e-01,-1.020100021362304688e+01,4.000000189989805222e-03,1.099999994039535522e-02,3.999999910593032837e-02
3.474158035000000311e+00,1.018000006675720215e+00,-7.689999938011169434e-01,-1.020100021362304688e+01,4.000000189989805222e-03,1.099999994039535522e-02,3.999999910593032837e-02
3.483695128000000363e+00,5.289999842643737793e-01,1.509999930858612061e-01,-9.147000312805175781e+00,2.000000094994902611e-03,-1.300000026822090149e-02,4.399999976158142090e-02
3.493621665000000043e+00,5.289999842643737793e-01,1.509999930858612061e-01,-9.147000312805175781e+00,2.000000094994902611e-03,-1.300000026822090149e-02,4.399999976158142090e-02
3.503447646000000137e+00,7.590000033378601074e-01,-9.799999743700027466e-02,-9.807999610900878906e+00,2.000000094994902611e-03,-2.899999916553497314e-02,3.700000047683715820e-02
3.513522035000000265e+00,7.590000033378601074e-01,-9.799999743700027466e-02,-9.807999610900878906e+00,2.000000094994902611e-03,-2.899999916553497314e-02,3.700000047683715820e-02
3.523448683000000248e+00,4.580000042915344238e-01,3.849999904632568359e-01,-9.180999755859375000e+00,-1.899999938905239105e-02,3.000000026077032089e-03,2.500000037252902985e-02
3.533508721000000019e+00,4.580000042915344238e-01,3.849999904632568359e-01,-9.180999755859375000e+00,-1.899999938905239105e-02,3.000000026077032089e-03,2.500000037252902985e-02
3.543526795000000007e+00,-1.940000057220458984e-01,1.677999973297119141e+00,-1.486900043487548828e+01,4.999999888241291046e-03,-3.700000047683715820e-02,-2.800000086426734924e-02
3.553578295000000331e+00,-1.940000057220458984e-01,1.677999973297119141e+00,-1.486900043487548828e+01,4.999999888241291046e-03,-3.700000047683715820e-02,-2.800000086426734924e-02
3.563452054000000313e+00,1.343000054359436035e+00,1.003000020980834961e+00,-1.171899986267089844e+01,-2.199999988079071045e-02,-5.999999865889549255e-02,4.999999888241291046e-03
3.573840017000000202e+00,1.343000054359436035e+00,1.003000020980834961e+00,-1.171899986267089844e+01,-2.199999988079071045e-02,-5.999999865889549255e-02,4.999999888241291046e-03
3.583484850000000055e+00,5.249999761581420898e-01,-6.629999876022338867e-01,-7.336999893188476562e+00,-2.899999916553497314e-02,6.400000303983688354e-02,9.999999776482582092e-03
3.594051869000000288e+00,5.249999761581420898e-01,-6.629999876022338867e-01,-7.336999893188476562e+00,-2.899999916553497314e-02,6.400000303983688354e-02,9.999999776482582092e-03
3.603802702000000302e+00,-1.026999950408935547e+00,-7.059999704360961914e-01,-7.893000125885009766e+00,-2.600000053644180298e-02,-4.699999839067459106e-02,5.099999904632568359e-02
3.615033424000000384e+00,-1.026999950408935547e+00,-7.059999704360961914e-01,-7.893000125885009766e+00,-2.600000053644180298e-02,-4.699999839067459106e-02,5.099999904632568359e-02
3.623431628000000071e+00,-1.026999950408935547e+00,-7.059999704360961914e-01,-7.893000125885009766e+00,-2.600000053644180298e-02,-4.699999839067459106e-02,5.099999904632568359e-02
3.633572832000000030e+00,-1.026999950408935547e+00,-7.059999704360961914e-01,-7.893000125885009766e+00,-2.600000053644180298e-02,-4.699999839067459106e-02,5.099999904632568359e-02
3.643456276000000216e+00,1.113999962806701660e+00,8.349999785423278809e-01,-1.037300014495849609e+01,8.000000379979610443e-03,1.099999994039535522e-02,1.319999992847442627e-01
3.653421702000000160e+00,1.113999962806701660e+00,8.349999785423278809e-01,-1.037300014495849609e+01,8.000000379979610443e-03,1.099999994039535522e-02,1.319999992847442627e-01
3.663633054000000389e+00,1.138000011444091797e+00,-6.060000061988830566e-01,-8.753999710083007812e+00,-1.499999966472387314e-02,9.300000220537185669e-02,-4.600000008940696716e-02
3.673619128000000345e+00,1.138000011444091797e+00,-6.060000061988830566e-01,-8.753999710083007812e+00,-1.499999966472387314e-02,9.300000220537185669e-02,-4.600000008940696716e-02
3.683513091000000017e+00,1.138000011444091797e+00,-6.060000061988830566e-01,-8.753999710083007812e+00,-1.499999966472387314e-02,9.300000220537185669e-02,-4.600000008940696716e-02
3.694899906000000289e+00,1.138000011444091797e+00,-6.060000061988830566e-01,-8.753999710083007812e+00,-1.499999966472387314e-02,9.300000220537185669e-02,-4.600000008940696716e-02
3.704238498000000046e+00,1.133000016212463379e+00,1.080000028014183044e-01,-1.225000000000000000e+01,-2.199999988079071045e-02,4.399999976158142090e-02,7.199999690055847168e-02
3.713505091000000036e+00,1.133000016212463379e+00,1.080000028014183044e-01,-1.225000000000000000e+01,-2.199999988079071045e-02,4.399999976158142090e-02,7.199999690055847168e-02
3.723487424000000434e+00,-2.509999871253967285e-01,-1.055999994277954102e+00,-1.148900032043457031e+01,1.200000010430812836e-02,-9.300000220537185669e-02,4.000000189989805222e-03
3.733638183000000055e+00,-2.509999871253967285e-01,-1.055999994277954102e+00,-1.148900032043457031e+01,1.200000010430812836e-02,-9.300000220537185669e-02,4.000000189989805222e-03
3.743688683000000239e+00,2.610000073909759521e-01,-2.280000001192092896e-01,-1.453400039672851562e+01,9.999999776482582092e-03,4.000000189989805222e-03,-1.099999994039535522e-01
3.753489239000000310e+00,2.610000073909759521e-01,-2.280000001192092896e-01,-1.453400039672851562e+01,9.999999776482582092e-03,4.000000189989805222e-03,-1.099999994039535522e-01
3.763521332000000275e+00,2.610000073909759521e-01,-2.280000001192092896e-01,-1.453400039672851562e+01,9.999999776482582092e-03,4.000000189989805222e-03,-1.099999994039535522e-01
3.774564887000000368e+00,2.610000073909759521e-01,-2.280000001192092896e-01,-1.453400039672851562e+01,9.999999776482582092e-03,4.000000189989805222e-03,-1.099999994039535522e-01
3.783822961000000262e+00,-7.059999704360961914e-01,-1.410000026226043701e-01,-9.414999961853027344e+00,-1.000000047497451305e-03,-6.100000068545341492e-02,2.700000070035457611e-02
3.793703665000000225e+00,-7.059999704360961914e-01,-1.410000026226043701e-01,-9.414999961853027344e+00,-1.000000047497451305e-03,-6.100000068545341492e-02,2.700000070035457611e-02
3.803881646000000227e+00,-7.000000216066837311e-03,2.700000107288360596e-01,-1.099100017547607422e+01,1.700000092387199402e-02,-3.000000026077032089e-03,-3.999999910593032837e-02
3.813881554000000396e+00,-7.000000216066837311e-03,2.700000107288360596e-01,-1.099100017547607422e+01,1.700000092387199402e-02,-3.000000026077032089e-03,-3.999999910593032837e-02
3.823756906000000289e+00,-1.120000034570693970e-01,-8.740000128746032715e-01,-1.051700019836425781e+01,2.700000070035457611e-02,-2.400000020861625671e-02,-1.089999973773956299e-01
3.833629387000000222e+00,-1.120000034570693970e-01,-8.740000128746032715e-01,-1.051700019836425781e+01,2.700000070035457611e-02,-2.400000020861625671e-02,-1.089999973773956299e-01
3.843602313000000326e+00,8.410000205039978027e-01,-3.810000121593475342e-01,-9.189999580383300781e+00,-1.300000026822090149e-02,2.700000070035457611e-02,-1.300000026822090149e-02
3.853676480000000293e+00,8.410000205039978027e-01,-3.810000121593475342e-01,-9.189999580383300781e+00,-1.300000026822090149e-02,2.700000070035457611e-02,-1.300000026822090149e-02
3.863637739000000071e+00,1.396000027656555176e+00,-5.999999865889549255e-02,-9.036999702453613281e+00,-3.000000026077032089e-03,8.200000226497650146e-02,5.900000035762786865e-02
3.873764961000000451e+00,1.396000027656555176e+00,-5.999999865889549255e-02,-9.036999702453613281e+00,-3.000000026077032089e-03,8.200000226497650146e-02,5.900000035762786865e-02
3.883478980000000025e+00,5.730000138282775879e-01,-9.219999909400939941e-01,-9.472999572753906250e+00,1.400000043213367462e-02,-7.699999958276748657e-02,3.000000026077032089e-03
3.893560331000000208e+00,5.730000138282775879e-01,-9.219999909400939941e-01,-9.472999572753906250e+00,1.400000043213367462e-02,-7.699999958276748657e-02,3.000000026077032089e-03
3.903512794000000063e+00,6.010000109672546387e-01,7.590000033378601074e-01,-9.362999916076660156e+00,-4.000000189989805222e-03,2.800000086426734924e-02,1.400000005960464478e-01
3.913812461000000464e+00,6.010000109672546387e-01,7.590000033378601074e-01,-9.362999916076660156e+00,-4.000000189989805222e-03,2.800000086426734924e-02,1.400000005960464478e-01
3.923465331000000056e+00,9.219999909400939941e-01,-5.009999871253967285e-01,-9.286000251770019531e+00,4.999999888241291046e-03,-3.599999845027923584e-02,5.999999865889549255e-02
3.933482739000000450e+00,9.219999909400939941e-01,-5.009999871253967285e-01,-9.286000251770019531e+00,4.999999888241291046e-03,-3.599999845027923584e-02,5.999999865889549255e-02
3.943469813000000102e+00,7.540000081062316895e-01,2.800000011920928955e-01,-1.014299964904785156e+01,4.999999888241291046e-03,1.000000047497451305e-03,-8.000000379979610443e-03
3.953816739000000080e+00,7.540000081062316895e-01,2.800000011920928955e-01,-1.014299964904785156e+01,4.999999888241291046e-03,1.000000047497451305e-03,-8.000000379979610443e-03
3.964450683000000364e+00,1.609999984502792358e-01,-3.330000042915344238e-01,-9.251999855041503906e+00,9.999999776482582092e-03,-4.199999943375587463e-02,-5.000000074505805969e-02
3.973470609000000042e+00,1.609999984502792358e-01,-3.330000042915344238e-01,-9.251999855041503906e+00,9.999999776482582092e-03,-4.199999943375587463e-02,-5.000000074505805969e-02
3.984573980000000404e+00,1.609999984502792358e-01,-3.330000042915344238e-01,-9.251999855041503906e+00,9.999999776482582092e-03,-4.199999943375587463e-02,-5.000000074505805969e-02
3.993718905000000152e+00,1.609999984502792358e-01,-3.330000042915344238e-01,-9.251999855041503906e+00,9.999999776482582092e-03,-4.199999943375587463e-02,-5.000000074505805969e-02
4.004393128000000246e+00,5.820000171661376953e-01,3.039999902248382568e-01,-9.682999610900878906e+00,-2.000000094994902611e-03,1.200000010430812836e-02,4.300000146031379700e-02
4.014033887000000078e+00,5.820000171661376953e-01,3.039999902248382568e-01,-9.682999610900878906e+00,-2.000000094994902611e-03,1.200000010430812836e-02,4.300000146031379700e-02
4.025508202000000146e+00,-1.562999963760375977e+00,5.999999865889549255e-02,-3.578000068664550781e+00,2.300000004470348358e-02,-1.190000027418136597e-01,4.999999888241291046e-03
4.033437776000000419e+00,-1.562999963760375977e+00,5.999999865889549255e-02,-3.578000068664550781e+00,2.300000004470348358e-02,-1.190000027418136597e-01,4.999999888241291046e-03
4.043719349999999935e+00,-1.562999963760375977e+00,5.999999865889549255e-02,-3.578000068664550781e+00,2.300000004470348358e-02,-1.190000027418136597e-01,4.999999888241291046e-03
4.053568145999999928e+00,-1.562999963760375977e+00,5.999999865889549255e-02,-3.578000068664550781e+00,2.300000004470348358e-02,-1.190000027418136597e-01,4.999999888241291046e-03
4.063533091000000042e+00,3.546000003814697266e+00,-2.220000028610229492e+00,-8.175000190734863281e+00,2.500000037252902985e-02,1.330000013113021851e-01,-3.310000002384185791e-01
4.074518535000000163e+00,3.546000003814697266e+00,-2.220000028610229492e+00,-8.175000190734863281e+00,2.500000037252902985e-02,1.330000013113021851e-01,-3.310000002384185791e-01
4.083702331000000463e+00,-1.764000058174133301e+00,2.880000114440917969e+00,-1.136900043487548828e+01,-1.000000047497451305e-03,-3.070000112056732178e-01,1.000000047497451305e-03
4.093734794000000399e+00,-1.764000058174133301e+00,2.880000114440917969e+00,-1.136900043487548828e+01,-1.000000047497451305e-03,-3.070000112056732178e-01,1.000000047497451305e-03
4.103507683000000128e+00,-4.709999859333038330e-01,-1.208999991416931152e+00,-1.018599987030029297e+01,4.999999888241291046e-03,3.500000014901161194e-02,1.299999952316284180e-01
4.113727424000000354e+00,-4.709999859333038330e-01,-1.208999991416931152e+00,-1.018599987030029297e+01,4.999999888241291046e-03,3.500000014901161194e-02,1.299999952316284180e-01
4.123507979000000212e+00,-4.709999859333038330e-01,-1.208999991416931152e+00,-1.018599987030029297e+01,4.999999888241291046e-03,3.500000014901161194e-02,1.299999952316284180e-01
4.133462998000000610e+00,-4.709999859333038330e-01,-1.208999991416931152e+00,-1.018599987030029297e+01,4.999999888241291046e-03,3.500000014901161194e-02,1.299999952316284180e-01
4.143511035000000398e+00,-9.649999737739562988e-01,1.118000030517578125e+00,-9.074999809265136719e+00,-4.999999888241291046e-03,-2.400000020861625671e-02,1.799999922513961792e-02
4.153686053000000378e+00,-9.649999737739562988e-01,1.118000030517578125e+00,-9.074999809265136719e+00,-4.999999888241291046e-03,-2.400000020861625671e-02,1.799999922513961792e-02
4.163613441999999942e+00,-1.309999972581863403e-01,-9.599999785423278809e-01,-9.703000068664550781e+00,3.000000026077032089e-03,3.200000151991844177e-02,2.600000053644180298e-02
4.174221461000000133e+00,-1.309999972581863403e-01,-9.599999785423278809e-01,-9.703000068664550781e+00,3.000000026077032089e-03,3.200000151991844177e-02,2.600000053644180298e-02
4.183828867999999979e+00,1.420000046491622925e-01,3.179999887943267822e-01,-1.011900043487548828e+01,-3.000000026077032089e-03,-8.999999612569808960e-03,-4.999999888241291046e-03
4.195430757000000455e+00,1.700000017881393433e-01,2.319999933242797852e-01,-9.387000083923339844e+00,3.000000026077032089e-03,4.000000189989805222e-03,-4.999999888241291046e-03
4.203505776000000083e+00,1.700000017881393433e-01,2.319999933242797852e-01,-9.387000083923339844e+00,3.000000026077032089e-03,4.000000189989805222e-03,-4.999999888241291046e-03
4.216394886999999869e+00,1.319999992847442627e-01,-3.190000057220458984e-01,-9.770000457763671875e+00,-2.000000094994902611e-03,-7.000000216066837311e-03,1.799999922513961792e-02
4.223452572000000238e+00,1.319999992847442627e-01,-3.190000057220458984e-01,-9.770000457763671875e+00,-2.000000094994902611e-03,-7.000000216066837311e-03,1.799999922513961792e-02
4.234240350000000319e+00,1.319999992847442627e-01,-3.190000057220458984e-01,-9.770000457763671875e+00,-2.000000094994902611e-03,-7.000000216066837311e-03,1.799999922513961792e-02
4.243622404999999986e+00,-1.120000034570693970e-01,3.230000138282775879e-01,-8.940999984741210938e+00,-1.000000047497451305e-03,-4.999999888241291046e-03,-0.000000000000000000e+00
4.254363016000000108e+00,-1.120000034570693970e-01,3.230000138282775879e-01,-8.940999984741210938e+00,-1.000000047497451305e-03,-4.999999888241291046e-03,-0.000000000000000000e+00
4.263617368000000241e+00,-6.400000303983688354e-02,-2.419999986886978149e-01,-9.836999893188476562e+00,4.000000189989805222e-03,-3.000000026077032089e-03,6.000000052154064178e-03
4.274665424000000158e+00,-6.400000303983688354e-02,-2.419999986886978149e-01,-9.836999893188476562e+00,4.000000189989805222e-03,-3.000000026077032089e-03,6.000000052154064178e-03
4.283852887000000109e+00,3.099999949336051941e-02,1.120000034570693970e-01,-9.717000007629394531e+00,-3.000000026077032089e-03,-1.000000047497451305e-03,6.000000052154064178e-03
4.293508294000000447e+00,3.099999949336051941e-02,1.120000034570693970e-01,-9.717000007629394531e+00,-3.000000026077032089e-03,-1.000000047497451305e-03,6.000000052154064178e-03
4.303641942000000498e+00,8.399999886751174927e-02,8.799999952316284180e-02,-9.779000282287597656e+00,-1.000000047497451305e-03,-2.000000094994902611e-03,4.999999888241291046e-03
4.313866776000000236e+00,8.399999886751174927e-02,8.799999952316284180e-02,-9.779000282287597656e+00,-1.000000047497451305e-03,-2.000000094994902611e-03,4.999999888241291046e-03
4.323634702000000551e+00,-4.500000178813934326e-02,-1.030000001192092896e-01,-9.668999671936035156e+00,-2.000000094994902611e-03,-4.000000189989805222e-03,8.000000379979610443e-03
4.333496424000000680e+00,-4.500000178813934326e-02,-1.030000001192092896e-01,-9.668999671936035156e+00,-2.000000094994902611e-03,-4.000000189989805222e-03,8.000000379979610443e-03
4.343835072000000075e+00,-4.500000178813934326e-02,-1.030000001192092896e-01,-9.668999671936035156e+00,-2.000000094994902611e-03,-4.000000189989805222e-03,8.000000379979610443e-03
4.353552016000000080e+00,-4.500000178813934326e-02,-1.030000001192092896e-01,-9.668999671936035156e+00,-2.000000094994902611e-03,-4.000000189989805222e-03,8.000000379979610443e-03
4.363750553000000032e+00,9.799999743700027466e-02,-1.410000026226043701e-01,-9.706999778747558594e+00,1.000000047497451305e-03,-1.000000047497451305e-03,8.000000379979610443e-03
4.373540368000000456e+00,9.799999743700027466e-02,-1.410000026226043701e-01,-9.706999778747558594e+00,1.000000047497451305e-03,-1.000000047497451305e-03,8.000000379979610443e-03
4.383711589999999880e+00,1.200000010430812836e-02,9.300000220537185669e-02,-9.703000068664550781e+00,-3.000000026077032089e-03,-4.000000189989805222e-03,4.999999888241291046e-03
4.393863072000000258e+00,1.200000010430812836e-02,9.300000220537185669e-02,-9.703000068664550781e+00,-3.000000026077032089e-03,-4.000000189989805222e-03,4.999999888241291046e-03
4.403483961000000058e+00,1.200000010430812836e-02,9.300000220537185669e-02,-9.703000068664550781e+00,-3.000000026077032089e-03,-4.000000189989805222e-03,4.999999888241291046e-03
4.418471349999999909e+00,1.200000010430812836e-02,9.300000220537185669e-02,-9.703000068664550781e+00,-3.000000026077032089e-03,-4.000000189989805222e-03,4.999999888241291046e-03
4.423609942000000572e+00,-2.000000094994902611e-03,-5.000000074505805969e-02,-9.630999565124511719e+00,-3.000000026077032089e-03,0.000000000000000000e+00,7.000000216066837311e-03
4.433712220000000315e+00,-2.000000094994902611e-03,-5.000000074505805969e-02,-9.630999565124511719e+00,-3.000000026077032089e-03,0.000000000000000000e+00,7.000000216066837311e-03
4.443555572000000176e+00,5.999999865889549255e-02,2.099999971687793732e-02,-9.703000068664550781e+00,-2.000000094994902611e-03,-2.000000094994902611e-03,6.000000052154064178e-03
4.454343904999999992e+00,5.999999865889549255e-02,2.099999971687793732e-02,-9.703000068664550781e+00,-2.000000094994902611e-03,-2.000000094994902611e-03,6.000000052154064178e-03
4.463509238000000323e+00,-7.000000216066837311e-03,-5.000000074505805969e-02,-9.635999679565429688e+00,-2.000000094994902611e-03,-3.000000026077032089e-03,8.000000379979610443e-03
4.473582293999999848e+00,-7.000000216066837311e-03,-5.000000074505805969e-02,-9.635999679565429688e+00,-2.000000094994902611e-03,-3.000000026077032089e-03,8.000000379979610443e-03
4.483837552999999865e+00,-7.000000216066837311e-03,-5.000000074505805969e-02,-9.635999679565429688e+00,-2.000000094994902611e-03,-3.000000026077032089e-03,8.000000379979610443e-03
4.493487701000000278e+00,-7.000000216066837311e-03,-5.000000074505805969e-02,-9.635999679565429688e+00,-2.000000094994902611e-03,-3.000000026077032089e-03,8.000000379979610443e-03
4.503483663999999997e+00,-2.099999971687793732e-02,-5.000000074505805969e-02,-9.588000297546386719e+00,-2.000000094994902611e-03,-1.000000047497451305e-03,7.000000216066837311e-03
4.513537423999999909e+00,-2.099999971687793732e-02,-5.000000074505805969e-02,-9.588000297546386719e+00,-2.000000094994902611e-03,-1.000000047497451305e-03,7.000000216066837311e-03
4.523690737999999989e+00,-2.099999971687793732e-02,-2.600000053644180298e-02,-9.746000289916992188e+00,-2.000000094994902611e-03,-3.000000026077032089e-03,6.000000052154064178e-03
4.533680590000000343e+00,-2.099999971687793732e-02,-2.600000053644180298e-02,-9.746000289916992188e+00,-2.000000094994902611e-03,-3.000000026077032089e-03,6.000000052154064178e-03
4.543724572000000350e+00,7.000000216066837311e-03,2.000000094994902611e-03,-9.649999618530273438e+00,-2.000000094994902611e-03,-2.000000094994902611e-03,7.000000216066837311e-03
4.553502775000000113e+00,7.000000216066837311e-03,2.000000094994902611e-03,-9.649999618530273438e+00,-2.000000094994902611e-03,-2.000000094994902611e-03,7.000000216066837311e-03
4.563483424000000177e+00,2.199999988079071045e-02,-4.100000113248825073e-02,-9.630999565124511719e+00,-1.000000047497451305e-03,-3.000000026077032089e-03,7.000000216066837311e-03
4.573664424000000395e+00,2.199999988079071045e-02,-4.100000113248825073e-02,-9.630999565124511719e+00,-1.000000047497451305e-03,-3.000000026077032089e-03,7.000000216066837311e-03
4.583616350000000672e+00,3.000000026077032089e-03,-6.499999761581420898e-02,-9.630999565124511719e+00,1.000000047497451305e-03,-2.000000094994902611e-03,6.000000052154064178e-03
4.593711589999999845e+00,3.000000026077032089e-03,-6.499999761581420898e-02,-9.630999565124511719e+00,1.000000047497451305e-03,-2.000000094994902611e-03,6.000000052154064178e-03
4.603502572000000015e+00,-2.600000053644180298e-02,-1.200000010430812836e-02,-9.706999778747558594e+00,-2.000000094994902611e-03,-3.000000026077032089e-03,7.000000216066837311e-03
4.613744479000000176e+00,-2.600000053644180298e-02,-1.200000010430812836e-02,-9.706999778747558594e+00,-2.000000094994902611e-03,-3.000000026077032089e-03,7.000000216066837311e-03
4.623704775000000211e+00,2.199999988079071045e-02,3.099999949336051941e-02,-9.663999557495117188e+00,-2.000000094994902611e-03,-2.000000094994902611e-03,6.000000052154064178e-03
4.633443738000000423e+00,2.199999988079071045e-02,3.099999949336051941e-02,-9.663999557495117188e+00,-2.000000094994902611e-03,-2.000000094994902611e-03,6.000000052154064178e-03
4.643446961000000428e+00,2.199999988079071045e-02,-5.000000074505805969e-02,-9.545000076293945312e+00,-1.000000047497451305e-03,-2.000000094994902611e-03,7.000000216066837311e-03
4.653807035000000702e+00,2.199999988079071045e-02,-5.000000074505805969e-02,-9.545000076293945312e+00,-1.000000047497451305e-03,-2.000000094994902611e-03,7.000000216066837311e-03
4.663696498000000190e+00,-1.600000075995922089e-02,-2.600000053644180298e-02,-9.673999786376953125e+00,-1.000000047497451305e-03,-3.000000026077032089e-03,6.000000052154064178e-03
4.673712183000000131e+00,-1.600000075995922089e-02,-2.600000053644180298e-02,-9.673999786376953125e+00,-1.000000047497451305e-03,-3.000000026077032089e-03,6.000000052154064178e-03
4.683525535000000239e+00,7.000000216066837311e-03,-2.600000053644180298e-02,-9.717000007629394531e+00,-1.000000047497451305e-03,-2.000000094994902611e-03,6.000000052154064178e-03
4.693661535000000384e+00,7.000000216066837311e-03,-2.600000053644180298e-02,-9.717000007629394531e+00,-1.000000047497451305e-03,-2.000000094994902611e-03,6.000000052154064178e-03
4.703467257000000679e+00,7.000000216066837311e-03,-2.600000053644180298e-02,-9.717000007629394531e+00,-1.000000047497451305e-03,-2.000000094994902611e-03,6.000000052154064178e-03
4.713576738000000432e+00,7.000000216066837311e-03,-2.600000053644180298e-02,-9.717000007629394531e+00,-1.000000047497451305e-03,-2.000000094994902611e-03,6.000000052154064178e-03
4.723631886000000613e+00,-2.000000094994902611e-03,-3.000000026077032089e-03,-9.564000129699707031e+00,-1.000000047497451305e-03,-3.000000026077032089e-03,4.999999888241291046e-03
4.733454775000000225e+00,-2.000000094994902611e-03,-3.000000026077032089e-03,-9.564000129699707031e+00,-1.000000047497451305e-03,-3.000000026077032089e-03,4.999999888241291046e-03
4.743463035000000438e+00,-3.099999949336051941e-02,-3.599999845027923584e-02,-9.588000297546386719e+00,-1.000000047497451305e-03,-3.000000026077032089e-03,8.000000379979610443e-03
4.753593572000000655e+00,-3.099999949336051941e-02,-3.599999845027923584e-02,-9.588000297546386719e+00,-1.000000047497451305e-03,-3.000000026077032089e-03,8.000000379979610443e-03
4.763564220000000127e+00,-3.099999949336051941e-02,-3.599999845027923584e-02,-9.588000297546386719e+00,-1.000000047497451305e-03,-3.000000026077032089e-03,8.000000379979610443e-03
4.773946812000000151e+00,-3.099999949336051941e-02,-3.599999845027923584e-02,-9.588000297546386719e+00,-1.000000047497451305e-03,-3.000000026077032089e-03,8.000000379979610443e-03
4.783500442000000241e+00,4.600000008940696716e-02,1.200000010430812836e-02,-9.692999839782714844e+00,-2.000000094994902611e-03,-4.000000189989805222e-03,7.000000216066837311e-03
4.793498979000000659e+00,4.600000008940696716e-02,1.200000010430812836e-02,-9.692999839782714844e+00,-2.000000094994902611e-03,-4.000000189989805222e-03,7.000000216066837311e-03
4.803494367999999959e+00,-2.099999971687793732e-02,-3.099999949336051941e-02,-9.602000236511230469e+00,1.000000047497451305e-03,-3.000000026077032089e-03,7.000000216066837311e-03
4.813504979000000183e+00,-2.099999971687793732e-02,-3.099999949336051941e-02,-9.602000236511230469e+00,1.000000047497451305e-03,-3.000000026077032089e-03,7.000000216066837311e-03
4.823500867999999997e+00,1.700000092387199402e-02,-7.000000216066837311e-03,-9.602000236511230469e+00,-1.000000047497451305e-03,-2.000000094994902611e-03,8.000000379979610443e-03
4.833696516000000720e+00,1.700000092387199402e-02,-7.000000216066837311e-03,-9.602000236511230469e+00,-1.000000047497451305e-03,-2.000000094994902611e-03,8.000000379979610443e-03
4.843464609000000642e+00,1.700000092387199402e-02,-7.000000216066837311e-03,-9.602000236511230469e+00,-1.000000047497451305e-03,-2.000000094994902611e-03,8.000000379979610443e-03
4.853805015999999917e+00,1.700000092387199402e-02,-7.000000216066837311e-03,-9.602000236511230469e+00,-1.000000047497451305e-03,-2.000000094994902611e-03,8.000000379979610443e-03
4.863458238000000655e+00,-2.000000094994902611e-03,-1.700000092387199402e-02,-9.649999618530273438e+00,-2.000000094994902611e-03,-4.000000189989805222e-03,6.000000052154064178e-03
4.873471885999999920e+00,-2.000000094994902611e-03,-1.700000092387199402e-02,-9.649999618530273438e+00,-2.000000094994902611e-03,-4.000000189989805222e-03,6.000000052154064178e-03
4.883474794000000507e+00,-2.600000053644180298e-02,-7.000000216066837311e-03,-9.612000465393066406e+00,-1.000000047497451305e-03,-2.000000094994902611e-03,7.000000216066837311e-03
4.893648201000000419e+00,-2.600000053644180298e-02,-7.000000216066837311e-03,-9.612000465393066406e+00,-1.000000047497451305e-03,-2.000000094994902611e-03,7.000000216066837311e-03
4.903484479000000285e+00,-1.200000010430812836e-02,-1.700000092387199402e-02,-9.597000122070312500e+00,-2.000000094994902611e-03,-3.000000026077032089e-03,7.000000216066837311e-03
4.913535553000000000e+00,-1.200000010430812836e-02,-1.700000092387199402e-02,-9.597000122070312500e+00,-2.000000094994902611e-03,-3.000000026077032089e-03,7.000000216066837311e-03
4.923551848999999869e+00,5.499999970197677612e-02,-3.000000026077032089e-03,-9.774000167846679688e+00,-1.000000047497451305e-03,-3.000000026077032089e-03,6.000000052154064178e-03
4.933483701000000110e+00,5.499999970197677612e-02,-3.000000026077032089e-03,-9.774000167846679688e+00,-1.000000047497451305e-03,-3.000000026077032089e-03,6.000000052154064178e-03
4.943447368000000175e+00,7.000000216066837311e-03,3.099999949336051941e-02,-9.645000457763671875e+00,-1.000000047497451305e-03,-2.000000094994902611e-03,6.000000052154064178e-03
4.954260757000000126e+00,7.000000216066837311e-03,3.099999949336051941e-02,-9.645000457763671875e+00,-1.000000047497451305e-03,-2.000000094994902611e-03,6.000000052154064178e-03
4.963553627000000468e+00,3.599999845027923584e-02,7.000000216066837311e-03,-9.567999839782714844e+00,1.000000047497451305e-03,-3.000000026077032089e-03,7.000000216066837311e-03
4.973440257000000031e+00,3.599999845027923584e-02,7.000000216066837311e-03,-9.567999839782714844e+00,1.000000047497451305e-03,-3.000000026077032089e-03,7.000000216066837311e-03
4.983523886000000402e+00,-4.500000178813934326e-02,-2.600000053644180298e-02,-9.572999954223632812e+00,-2.000000094994902611e-03,-4.000000189989805222e-03,6.000000052154064178e-03
4.994113331000000322e+00,-4.500000178813934326e-02,-2.600000053644180298e-02,-9.572999954223632812e+00,-2.000000094994902611e-03,-4.000000189989805222e-03,6.000000052154064178e-03
5.003400609000000721e+00,2.199999988079071045e-02,-3.000000026077032089e-03,-9.736000061035156250e+00,-1.000000047497451305e-03,-3.000000026077032089e-03,6.000000052154064178e-03
5.013452126999999869e+00,2.199999988079071045e-02,-3.000000026077032089e-03,-9.736000061035156250e+00,-1.000000047497451305e-03,-3.000000026077032089e-03,6.000000052154064178e-03
5.023453979000000125e+00,1.200000010430812836e-02,1.200000010430812836e-02,-9.588000297546386719e+00,-1.000000047497451305e-03,-3.000000026077032089e-03,7.000000216066837311e-03
5.033420830999999929e+00,1.200000010430812836e-02,1.200000010430812836e-02,-9.588000297546386719e+00,-1.000000047497451305e-03,-3.000000026077032089e-03,7.000000216066837311e-03
5.043482589999999988e+00,-1.200000010430812836e-02,-1.700000092387199402e-02,-9.597000122070312500e+00,-1.000000047497451305e-03,-2.000000094994902611e-03,6.000000052154064178e-03
5.053462405000000324e+00,-1.200000010430812836e-02,-1.700000092387199402e-02,-9.597000122070312500e+00,-1.000000047497451305e-03,-2.000000094994902611e-03,6.000000052154064178e-03
5.063472164000000220e+00,-1.200000010430812836e-02,-1.700000092387199402e-02,-9.597000122070312500e+00,-1.000000047497451305e-03,-2.000000094994902611e-03,6.000000052154064178e-03
5.073971238000000383e+00,-1.200000010430812836e-02,-1.700000092387199402e-02,-9.597000122070312500e+00,-1.000000047497451305e-03,-2.000000094994902611e-03,6.000000052154064178e-03
5.083507385999999961e+00,-7.000000216066837311e-03,-4.100000113248825073e-02,-9.678999900817871094e+00,-1.000000047497451305e-03,-3.000000026077032089e-03,7.000000216066837311e-03
5.093448608000000100e+00,-7.000000216066837311e-03,-4.100000113248825073e-02,-9.678999900817871094e+00,-1.000000047497451305e-03,-3.000000026077032089e-03,7.000000216066837311e-03
5.103565146000000219e+00,3.099999949336051941e-02,-1.700000092387199402e-02,-9.654999732971191406e+00,-2.000000094994902611e-03,-3.000000026077032089e-03,7.000000216066837311e-03
5.113428016000000298e+00,3.099999949336051941e-02,-1.700000092387199402e-02,-9.654999732971191406e+00,-2.000000094994902611e-03,-3.000000026077032089e-03,7.000000216066837311e-03
5.123423831000000206e+00,3.099999949336051941e-02,-1.700000092387199402e-02,-9.654999732971191406e+00,-2.000000094994902611e-03,-3.000000026077032089e-03,7.000000216066837311e-03
5.133473164000000644e+00,3.099999949336051941e-02,-1.700000092387199402e-02,-9.654999732971191406e+00,-2.000000094994902611e-03,-3.000000026077032089e-03,7.000000216066837311e-03
5.143633701000000613e+00,-2.000000094994902611e-03,-5.499999970197677612e-02,-9.649999618530273438e+00,-1.000000047497451305e-03,-2.000000094994902611e-03,7.000000216066837311e-03
5.153425238000000519e+00,-2.000000094994902611e-03,-5.499999970197677612e-02,-9.649999618530273438e+00,-1.000000047497451305e-03,-2.000000094994902611e-03,7.000000216066837311e-03
5.163752367999999926e+00,3.000000026077032089e-03,-3.000000026077032089e-03,-9.730999946594238281e+00,-2.000000094994902611e-03,-1.000000047497451305e-03,6.000000052154064178e-03
5.173412683000000456e+00,3.000000026077032089e-03,-3.000000026077032089e-03,-9.730999946594238281e+00,-2.000000094994902611e-03,-1.000000047497451305e-03,6.000000052154064178e-03
5.183518257000000240e+00,-2.600000053644180298e-02,-5.000000074505805969e-02,-9.640000343322753906e+00,-2.000000094994902611e-03,-3.000000026077032089e-03,4.999999888241291046e-03
5.193538257000000158e+00,-2.600000053644180298e-02,-5.000000074505805969e-02,-9.640000343322753906e+00,-2.000000094994902611e-03,-3.000000026077032089e-03,4.999999888241291046e-03
5.203412312000000206e+00,-2.600000053644180298e-02,-5.000000074505805969e-02,-9.640000343322753906e+00,-2.000000094994902611e-03,-3.000000026077032089e-03,4.999999888241291046e-03
5.213452108000000251e+00,-2.600000053644180298e-02,-5.000000074505805969e-02,-9.640000343322753906e+00,-2.000000094994902611e-03,-3.000000026077032089e-03,4.999999888241291046e-03
5.223479257000000153e+00,-2.000000094994902611e-03,-7.000000216066837311e-03,-9.673999786376953125e+00,-1.000000047497451305e-03,-2.000000094994902611e-03,6.000000052154064178e-03
5.233424405000000057e+00,-2.000000094994902611e-03,-7.000000216066837311e-03,-9.673999786376953125e+00,-1.000000047497451305e-03,-2.000000094994902611e-03,6.000000052154064178e-03
5.243413681999999909e+00,4.100000113248825073e-02,-1.200000010430812836e-02,-9.682999610900878906e+00,-2.000000094994902611e-03,-3.000000026077032089e-03,6.000000052154064178e-03
5.253540182000000058e+00,4.100000113248825073e-02,-1.200000010430812836e-02,-9.682999610900878906e+00,-2.000000094994902611e-03,-3.000000026077032089e-03,6.000000052154064178e-03
5.263506145000000025e+00,4.100000113248825073e-02,-3.099999949336051941e-02,-9.578000068664550781e+00,-1.000000047497451305e-03,-3.000000026077032089e-03,7.000000216066837311e-03
5.273439719000000636e+00,4.100000113248825073e-02,-3.099999949336051941e-02,-9.578000068664550781e+00,-1.000000047497451305e-03,-3.000000026077032089e-03,7.000000216066837311e-03
5.283682201000000411e+00,-2.099999971687793732e-02,-3.599999845027923584e-02,-9.616000175476074219e+00,1.000000047497451305e-03,-2.000000094994902611e-03,6.000000052154064178e-03
5.293444757000000500e+00,-2.099999971687793732e-02,-3.599999845027923584e-02,-9.616000175476074219e+00,1.000000047497451305e-03,-2.000000094994902611e-03,6.000000052154064178e-03
5.303558757000000234e+00,3.599999845027923584e-02,7.000000216066837311e-03,-9.692999839782714844e+00,1.000000047497451305e-03,-2.000000094994902611e-03,6.000000052154064178e-03
5.313594590000000117e+00,3.599999845027923584e-02,7.000000216066837311e-03,-9.692999839782714844e+00,1.000000047497451305e-03,-2.000000094994902611e-03,6.000000052154064178e-03
5.323422738000000543e+00,1.700000092387199402e-02,-1.200000010430812836e-02,-9.703000068664550781e+00,-2.000000094994902611e-03,-2.000000094994902611e-03,7.000000216066837311e-03
5.333727868000000427e+00,1.700000092387199402e-02,-1.200000010430812836e-02,-9.703000068664550781e+00,-2.000000094994902611e-03,-2.000000094994902611e-03,7.000000216066837311e-03
5.343386978999999926e+00,-1.200000010430812836e-02,-2.600000053644180298e-02,-9.597000122070312500e+00,-1.000000047497451305e-03,-3.000000026077032089e-03,7.000000216066837311e-03
5.353452960000000260e+00,-1.200000010430812836e-02,-2.600000053644180298e-02,-9.597000122070312500e+00,-1.000000047497451305e-03,-3.000000026077032089e-03,7.000000216066837311e-03
5.363502108000000490e+00,-3.599999845027923584e-02,7.000000216066837311e-03,-9.597000122070312500e+00,-2.000000094994902611e-03,-2.000000094994902611e-03,7.000000216066837311e-03
5.373451775000000374e+00,-3.599999845027923584e-02,7.000000216066837311e-03,-9.597000122070312500e+00,-2.000000094994902611e-03,-2.000000094994902611e-03,7.000000216066837311e-03
5.383494645000000745e+00,4.600000008940696716e-02,-3.000000026077032089e-03,-9.645000457763671875e+00,1.000000047497451305e-03,-2.000000094994902611e-03,4.999999888241291046e-03
5.393457719000000594e+00,4.600000008940696716e-02,-3.000000026077032089e-03,-9.645000457763671875e+00,1.000000047497451305e-03,-2.000000094994902611e-03,4.999999888241291046e-03
5.403480849000000141e+00,3.599999845027923584e-02,4.100000113248825073e-02,-9.607000350952148438e+00,-1.000000047497451305e-03,-1.000000047497451305e-03,6.000000052154064178e-03
5.413437034000000203e+00,3.599999845027923584e-02,4.100000113248825073e-02,-9.607000350952148438e+00,-1.000000047497451305e-03,-1.000000047497451305e-03,6.000000052154064178e-03
5.423556626999999963e+00,3.599999845027923584e-02,4.100000113248825073e-02,-9.607000350952148438e+00,-1.000000047497451305e-03,-1.000000047497451305e-03,6.000000052154064178e-03
5.433468219000000765e+00,3.599999845027923584e-02,4.100000113248825073e-02,-9.607000350952148438e+00,-1.000000047497451305e-03,-1.000000047497451305e-03,6.000000052154064178e-03
5.443366423000000509e+00,1.200000010430812836e-02,-4.600000008940696716e-02,-9.663999557495117188e+00,1.000000047497451305e-03,-2.000000094994902611e-03,6.000000052154064178e-03
5.453430181999999959e+00,1.200000010430812836e-02,-4.600000008940696716e-02,-9.663999557495117188e+00,1.000000047497451305e-03,-2.000000094994902611e-03,6.000000052154064178e-03
5.463406997000000764e+00,5.999999865889549255e-02,-1.700000092387199402e-02,-9.722000122070312500e+00,-2.000000094994902611e-03,-2.000000094994902611e-03,7.000000216066837311e-03
5.473572793000000658e+00,5.999999865889549255e-02,-1.700000092387199402e-02,-9.722000122070312500e+00,-2.000000094994902611e-03,-2.000000094994902611e-03,7.000000216066837311e-03
5.483415922999999914e+00,5.999999865889549255e-02,-1.700000092387199402e-02,-9.722000122070312500e+00,-2.000000094994902611e-03,-2.000000094994902611e-03,7.000000216066837311e-03
5.493454868000000602e+00,5.999999865889549255e-02,-1.700000092387199402e-02,-9.722000122070312500e+00,-2.000000094994902611e-03,-2.000000094994902611e-03,7.000000216066837311e-03
5.503443719000000733e+00,-2.099999971687793732e-02,-2.600000053644180298e-02,-9.583000183105468750e+00,-1.000000047497451305e-03,-3.000000026077032089e-03,7.000000216066837311e-03
5.513499108000000426e+00,-2.099999971687793732e-02,-2.600000053644180298e-02,-9.583000183105468750e+00,-1.000000047497451305e-03,-3.000000026077032089e-03,7.000000216066837311e-03
5.523478460000000645e+00,-1.200000010430812836e-02,-4.600000008940696716e-02,-9.668999671936035156e+00,-2.000000094994902611e-03,-2.000000094994902611e-03,7.000000216066837311e-03
5.533408238000000701e+00,-1.200000010430812836e-02,-4.600000008940696716e-02,-9.668999671936035156e+00,-2.000000094994902611e-03,-2.000000094994902611e-03,7.000000216066837311e-03
5.543418867000000638e+00,3.099999949336051941e-02,-1.700000092387199402e-02,-9.692999839782714844e+00,1.000000047497451305e-03,-3.000000026077032089e-03,6.000000052154064178e-03
5.553650404999999957e+00,3.099999949336051941e-02,-1.700000092387199402e-02,-9.692999839782714844e+00,1.000000047497451305e-03,-3.000000026077032089e-03,6.000000052154064178e-03
5.563495497000000789e+00,3.099999949336051941e-02,-1.700000092387199402e-02,-9.692999839782714844e+00,1.000000047497451305e-03,-3.000000026077032089e-03,6.000000052154064178e-03
5.573585626999999931e+00,3.099999949336051941e-02,-1.700000092387199402e-02,-9.692999839782714844e+00,1.000000047497451305e-03,-3.000000026077032089e-03,6.000000052154064178e-03
5.583436367000000011e+00,-4.500000178813934326e-02,1.700000092387199402e-02,-9.592000007629394531e+00,-1.000000047497451305e-03,-3.000000026077032089e-03,6.000000052154064178e-03
5.593465349000000586e+00,-4.500000178813934326e-02,1.700000092387199402e-02,-9.592000007629394531e+00,-1.000000047497451305e-03,-3.000000026077032089e-03,6.000000052154064178e-03
5.603490034000000009e+00,2.199999988079071045e-02,-5.000000074505805969e-02,-9.649999618530273438e+00,-1.000000047497451305e-03,-3.000000026077032089e-03,7.000000216066837311e-03
5.613486479000000529e+00,2.199999988079071045e-02,-5.000000074505805969e-02,-9.649999618530273438e+00,-1.000000047497451305e-03,-3.000000026077032089e-03,7.000000216066837311e-03
5.623567034000000575e+00,8.399999886751174927e-02,7.000000216066837311e-03,-9.741000175476074219e+00,-1.000000047497451305e-03,-3.000000026077032089e-03,6.000000052154064178e-03
5.633549108000000416e+00,8.399999886751174927e-02,7.000000216066837311e-03,-9.741000175476074219e+00,-1.000000047497451305e-03,-3.000000026077032089e-03,6.000000052154064178e-03
5.643467293000000495e+00,-1.200000010430812836e-02,-2.600000053644180298e-02,-9.597000122070312500e+00,-2.000000094994902611e-03,-3.000000026077032089e-03,7.000000216066837311e-03
5.653466219000000237e+00,-1.200000010430812836e-02,-2.600000053644180298e-02,-9.597000122070312500e+00,-2.000000094994902611e-03,-3.000000026077032089e-03,7.000000216066837311e-03
5.663439793000000222e+00,1.700000092387199402e-02,-4.600000008940696716e-02,-9.663999557495117188e+00,-2.000000094994902611e-03,-2.000000094994902611e-03,7.000000216066837311e-03
5.673423496999999927e+00,1.700000092387199402e-02,-4.600000008940696716e-02,-9.663999557495117188e+00,-2.000000094994902611e-03,-2.000000094994902611e-03,7.000000216066837311e-03
5.683477367000000058e+00,7.000000216066837311e-03,-3.599999845027923584e-02,-9.717000007629394531e+00,-2.000000094994902611e-03,-4.000000189989805222e-03,6.000000052154064178e-03
5.693649701000000007e+00,7.000000216066837311e-03,-3.599999845027923584e-02,-9.717000007629394531e+00,-2.000000094994902611e-03,-4.000000189989805222e-03,6.000000052154064178e-03
5.703639886000000381e+00,-3.599999845027923584e-02,1.700000092387199402e-02,-9.673999786376953125e+00,1.000000047497451305e-03,-3.000000026077032089e-03,7.000000216066837311e-03
5.713768219000000315e+00,-3.599999845027923584e-02,1.700000092387199402e-02,-9.673999786376953125e+00,1.000000047497451305e-03,-3.000000026077032089e-03,7.000000216066837311e-03
5.723575775000000476e+00,-2.000000094994902611e-03,-2.199999988079071045e-02,-9.529999732971191406e+00,-1.000000047497451305e-03,-3.000000026077032089e-03,7.000000216066837311e-03
5.733435534000000722e+00,-2.000000094994902611e-03,-2.199999988079071045e-02,-9.529999732971191406e+00,-1.000000047497451305e-03,-3.000000026077032089e-03,7.000000216066837311e-03
5.743426904000000555e+00,-1.600000075995922089e-02,-5.000000074505805969e-02,-9.607000350952148438e+00,-1.000000047497451305e-03,-2.000000094994902611e-03,7.000000216066837311e-03
5.753675534000000091e+00,-1.600000075995922089e-02,-5.000000074505805969e-02,-9.607000350952148438e+00,-1.000000047497451305e-03,-2.000000094994902611e-03,7.000000216066837311e-03
5.763449386000000452e+00,2.199999988079071045e-02,2.600000053644180298e-02,-9.645000457763671875e+00,-1.000000047497451305e-03,-3.000000026077032089e-03,8.000000379979610443e-03
5.773404497000000468e+00,2.199999988079071045e-02,2.600000053644180298e-02,-9.645000457763671875e+00,-1.000000047497451305e-03,-3.000000026077032089e-03,8.000000379979610443e-03
5.783418256000000035e+00,2.199999988079071045e-02,2.600000053644180298e-02,-9.645000457763671875e+00,-1.000000047497451305e-03,-3.000000026077032089e-03,8.000000379979610443e-03
5.793441645000000584e+00,2.199999988079071045e-02,2.600000053644180298e-02,-9.645000457763671875e+00,-1.000000047497451305e-03,-3.000000026077032089e-03,8.000000379979610443e-03
5.803465367000000263e+00,-2.600000053644180298e-02,-7.900000363588333130e-02,-9.607000350952148438e+00,1.000000047497451305e-03,-2.000000094994902611e-03,6.000000052154064178e-03
5.813514441000000588e+00,-2.600000053644180298e-02,-7.900000363588333130e-02,-9.607000350952148438e+00,1.000000047497451305e-03,-2.000000094994902611e-03,6.000000052154064178e-03
5.823549107999999919e+00,3.000000026077032089e-03,-7.000000216066837311e-03,-9.711999893188476562e+00,-2.000000094994902611e-03,-4.000000189989805222e-03,7.000000216066837311e-03
5.833472090000000776e+00,3.000000026077032089e-03,-7.000000216066837311e-03,-9.711999893188476562e+00,-2.000000094994902611e-03,-4.000000189989805222e-03,7.000000216066837311e-03
5.843430256000000433e+00,3.000000026077032089e-03,-7.000000216066837311e-03,-9.711999893188476562e+00,-2.000000094994902611e-03,-4.000000189989805222e-03,7.000000216066837311e-03
5.853427756000000315e+00,3.000000026077032089e-03,-7.000000216066837311e-03,-9.711999893188476562e+00,-2.000000094994902611e-03,-4.000000189989805222e-03,7.000000216066837311e-03
5.863436330000000751e+00,-1.600000075995922089e-02,-1.700000092387199402e-02,-9.583000183105468750e+00,-2.000000094994902611e-03,-3.000000026077032089e-03,7.000000216066837311e-03
5.873422386000000550e+00,-1.600000075995922089e-02,-1.700000092387199402e-02,-9.583000183105468750e+00,-2.000000094994902611e-03,-3.000000026077032089e-03,7.000000216066837311e-03
5.883493460000000397e+00,-1.600000075995922089e-02,-7.000000216066837311e-03,-9.621000289916992188e+00,-1.000000047497451305e-03,-3.000000026077032089e-03,7.000000216066837311e-03
5.893689923000000164e+00,-1.600000075995922089e-02,-7.000000216066837311e-03,-9.621000289916992188e+00,-1.000000047497451305e-03,-3.000000026077032089e-03,7.000000216066837311e-03
5.903444367000000526e+00,-7.000000216066837311e-03,-5.999999865889549255e-02,-9.678999900817871094e+00,-2.000000094994902611e-03,-3.000000026077032089e-03,7.000000216066837311e-03
5.913444608000000713e+00,-7.000000216066837311e-03,-5.999999865889549255e-02,-9.678999900817871094e+00,-2.000000094994902611e-03,-3.000000026077032089e-03,7.000000216066837311e-03
5.923503571000000356e+00,-7.000000216066837311e-03,-5.999999865889549255e-02,-9.678999900817871094e+00,-2.000000094994902611e-03,-3.000000026077032089e-03,7.000000216066837311e-03
5.933664775000000446e+00,-7.000000216066837311e-03,-5.999999865889549255e-02,-9.678999900817871094e+00,-2.000000094994902611e-03,-3.000000026077032089e-03,7.000000216066837311e-03
5.943573738000000439e+00,-3.999999910593032837e-02,-1.200000010430812836e-02,-9.588000297546386719e+00,-2.000000094994902611e-03,-2.000000094994902611e-03,4.999999888241291046e-03
5.953445812000000004e+00,-3.999999910593032837e-02,-1.200000010430812836e-02,-9.588000297546386719e+00,-2.000000094994902611e-03,-2.000000094994902611e-03,4.999999888241291046e-03
5.963589774999999982e+00,2.199999988079071045e-02,-4.100000113248825073e-02,-9.706999778747558594e+00,1.000000047497451305e-03,-1.000000047497451305e-03,7.000000216066837311e-03
5.973490385999999930e+00,2.199999988079071045e-02,-4.100000113248825073e-02,-9.706999778747558594e+00,1.000000047497451305e-03,-1.000000047497451305e-03,7.000000216066837311e-03
5.983477738000000379e+00,7.000000216066837311e-03,-5.000000074505805969e-02,-9.727000236511230469e+00,-1.000000047497451305e-03,-2.000000094994902611e-03,7.000000216066837311e-03
5.993686607999999971e+00,7.000000216066837311e-03,-5.000000074505805969e-02,-9.727000236511230469e+00,-1.000000047497451305e-03,-2.000000094994902611e-03,7.000000216066837311e-03
6.003635330000000714e+00,1.200000010430812836e-02,-5.000000074505805969e-02,-9.626000404357910156e+00,-1.000000047497451305e-03,-3.000000026077032089e-03,6.000000052154064178e-03
6.013618923000000116e+00,1.200000010430812836e-02,-5.000000074505805969e-02,-9.626000404357910156e+00,-1.000000047497451305e-03,-3.000000026077032089e-03,6.000000052154064178e-03
6.023652367000000396e+00,1.200000010430812836e-02,-5.000000074505805969e-02,-9.564000129699707031e+00,-1.000000047497451305e-03,-2.000000094994902611e-03,6.000000052154064178e-03
6.034830867000000154e+00,1.200000010430812836e-02,-5.000000074505805969e-02,-9.564000129699707031e+00,-1.000000047497451305e-03,-2.000000094994902611e-03,6.000000052154064178e-03
6.043519108000000806e+00,-1.200000010430812836e-02,-4.100000113248825073e-02,-9.635999679565429688e+00,1.000000047497451305e-03,-3.000000026077032089e-03,6.000000052154064178e-03
6.053681386000000053e+00,-1.200000010430812836e-02,-4.100000113248825073e-02,-9.635999679565429688e+00,1.000000047497451305e-03,-3.000000026077032089e-03,6.000000052154064178e-03
6.063766256000000077e+00,4.600000008940696716e-02,-2.600000053644180298e-02,-9.668999671936035156e+00,-2.000000094994902611e-03,-3.000000026077032089e-03,6.000000052154064178e-03
6.073681663000000341e+00,4.600000008940696716e-02,-2.600000053644180298e-02,-9.668999671936035156e+00,-2.000000094994902611e-03,-3.000000026077032089e-03,6.000000052154064178e-03
6.083486423000000087e+00,-3.099999949336051941e-02,-2.199999988079071045e-02,-9.630999565124511719e+00,1.000000047497451305e-03,-3.000000026077032089e-03,7.000000216066837311e-03
6.093701589000000141e+00,-3.099999949336051941e-02,-2.199999988079071045e-02,-9.630999565124511719e+00,1.000000047497451305e-03,-3.000000026077032089e-03,7.000000216066837311e-03
6.103441386000000080e+00,-7.000000216066837311e-03,-5.499999970197677612e-02,-9.668999671936035156e+00,1.000000047497451305e-03,-2.000000094994902611e-03,7.000000216066837311e-03
6.113451941000000112e+00,-7.000000216066837311e-03,-5.499999970197677612e-02,-9.668999671936035156e+00,1.000000047497451305e-03,-2.000000094994902611e-03,7.000000216066837311e-03
6.123438866999999952e+00,2.700000070035457611e-02,-7.000000029802322388e-02,-9.654999732971191406e+00,-1.000000047497451305e-03,-2.000000094994902611e-03,7.000000216066837311e-03
6.133443960000000139e+00,2.700000070035457611e-02,-7.000000029802322388e-02,-9.654999732971191406e+00,-1.000000047497451305e-03,-2.000000094994902611e-03,7.000000216066837311e-03
6.143464960000000197e+00,2.700000070035457611e-02,-7.000000029802322388e-02,-9.654999732971191406e+00,-1.000000047497451305e-03,-2.000000094994902611e-03,7.000000216066837311e-03
6.153773386000000123e+00,2.700000070035457611e-02,-7.000000029802322388e-02,-9.654999732971191406e+00,-1.000000047497451305e-03,-2.000000094994902611e-03,7.000000216066837311e-03
6.163446441000000497e+00,-1.200000010430812836e-02,-4.600000008940696716e-02,-9.539999961853027344e+00,-1.000000047497451305e-03,-1.000000047497451305e-03,6.000000052154064178e-03
6.173741145000000152e+00,-1.200000010430812836e-02,-4.600000008940696716e-02,-9.539999961853027344e+00,-1.000000047497451305e-03,-1.000000047497451305e-03,6.000000052154064178e-03
6.183445775000000033e+00,3.000000026077032089e-03,1.200000010430812836e-02,-9.654999732971191406e+00,1.000000047497451305e-03,-3.000000026077032089e-03,6.000000052154064178e-03
6.193834441000000801e+00,3.000000026077032089e-03,1.200000010430812836e-02,-9.654999732971191406e+00,1.000000047497451305e-03,-3.000000026077032089e-03,6.000000052154064178e-03
6.203724349000000693e+00,3.000000026077032089e-03,1.200000010430812836e-02,-9.654999732971191406e+00,1.000000047497451305e-03,-3.000000026077032089e-03,6.000000052154064178e-03
6.213659978000000805e+00,3.000000026077032089e-03,1.200000010430812836e-02,-9.654999732971191406e+00,1.000000047497451305e-03,-3.000000026077032089e-03,6.000000052154064178e-03
6.223487349000000002e+00,7.000000216066837311e-03,-7.000000216066837311e-03,-9.659000396728515625e+00,1.000000047497451305e-03,-2.000000094994902611e-03,6.000000052154064178e-03
6.233635886000000070e+00,7.000000216066837311e-03,-7.000000216066837311e-03,-9.659000396728515625e+00,1.000000047497451305e-03,-2.000000094994902611e-03,6.000000052154064178e-03
6.243515608000000050e+00,-2.600000053644180298e-02,-1.200000010430812836e-02,-9.583000183105468750e+00,-1.000000047497451305e-03,-3.000000026077032089e-03,6.000000052154064178e-03
6.253497460000000174e+00,-2.600000053644180298e-02,-1.200000010430812836e-02,-9.583000183105468750e+00,-1.000000047497451305e-03,-3.000000026077032089e-03,6.000000052154064178e-03
6.263659423000000004e+00,2.700000070035457611e-02,-3.599999845027923584e-02,-9.668999671936035156e+00,-1.000000047497451305e-03,-2.000000094994902611e-03,7.000000216066837311e-03
6.273660071000000116e+00,2.700000070035457611e-02,-3.599999845027923584e-02,-9.668999671936035156e+00,-1.000000047497451305e-03,-2.000000094994902611e-03,7.000000216066837311e-03
6.284020330000000598e+00,2.700000070035457611e-02,-3.599999845027923584e-02,-9.668999671936035156e+00,-1.000000047497451305e-03,-2.000000094994902611e-03,7.000000216066837311e-03
6.293701034000000583e+00,2.700000070035457611e-02,-3.599999845027923584e-02,-9.668999671936035156e+00,-1.000000047497451305e-03,-2.000000094994902611e-03,7.000000216066837311e-03
6.303576700000000699e+00,-1.200000010430812836e-02,-2.199999988079071045e-02,-9.635999679565429688e+00,-1.000000047497451305e-03,-3.000000026077032089e-03,6.000000052154064178e-03
6.313631756000000372e+00,-1.200000010430812836e-02,-2.199999988079071045e-02,-9.635999679565429688e+00,-1.000000047497451305e-03,-3.000000026077032089e-03,6.000000052154064178e-03
6.323477959999999953e+00,-3.999999910593032837e-02,-1.200000010430812836e-02,-9.654999732971191406e+00,1.000000047497451305e-03,-1.000000047497451305e-03,6.000000052154064178e-03
6.333478941000000084e+00,-3.999999910593032837e-02,-1.200000010430812836e-02,-9.654999732971191406e+00,1.000000047497451305e-03,-1.000000047497451305e-03,6.000000052154064178e-03
6.343423941000000177e+00,-1.600000075995922089e-02,7.000000216066837311e-03,-9.746000289916992188e+00,-2.000000094994902611e-03,-1.000000047497451305e-03,7.000000216066837311e-03
6.353677163000000405e+00,-1.600000075995922089e-02,7.000000216066837311e-03,-9.746000289916992188e+00,-2.000000094994902611e-03,-1.000000047497451305e-03,7.000000216066837311e-03
6.363656534000000420e+00,2.199999988079071045e-02,2.000000094994902611e-03,-9.692999839782714844e+00,-1.000000047497451305e-03,-3.000000026077032089e-03,6.000000052154064178e-03
6.373771386000000483e+00,2.199999988079071045e-02,2.000000094994902611e-03,-9.692999839782714844e+00,-1.000000047497451305e-03,-3.000000026077032089e-03,6.000000052154064178e-03
6.383525497000000826e+00,-1.200000010430812836e-02,-1.700000092387199402e-02,-9.626000404357910156e+00,-1.000000047497451305e-03,-3.000000026077032089e-03,7.000000216066837311e-03
6.393766348000000654e+00,-1.200000010430812836e-02,-1.700000092387199402e-02,-9.626000404357910156e+00,-1.000000047497451305e-03,-3.000000026077032089e-03,7.000000216066837311e-03
6.403830219000000490e+00,-2.000000094994902611e-03,-5.000000074505805969e-02,-9.659000396728515625e+00,1.000000047497451305e-03,-2.000000094994902611e-03,7.000000216066837311e-03
6.413576756000000323e+00,-2.000000094994902611e-03,-5.000000074505805969e-02,-9.659000396728515625e+00,1.000000047497451305e-03,-2.000000094994902611e-03,7.000000216066837311e-03
6.423549608000000077e+00,1.200000010430812836e-02,-2.199999988079071045e-02,-9.678999900817871094e+00,1.000000047497451305e-03,-2.000000094994902611e-03,6.000000052154064178e-03
6.434632089000000832e+00,1.200000010430812836e-02,-2.199999988079071045e-02,-9.678999900817871094e+00,1.000000047497451305e-03,-2.000000094994902611e-03,6.000000052154064178e-03
6.443471034000000763e+00,5.099999904632568359e-02,3.099999949336051941e-02,-9.649999618530273438e+00,1.000000047497451305e-03,-2.000000094994902611e-03,6.000000052154064178e-03
6.453479089000000002e+00,5.099999904632568359e-02,3.099999949336051941e-02,-9.649999618530273438e+00,1.000000047497451305e-03,-2.000000094994902611e-03,6.000000052154064178e-03
6.463490774000000272e+00,1.200000010430812836e-02,7.000000216066837311e-03,-9.539999961853027344e+00,-1.000000047497451305e-03,-2.000000094994902611e-03,6.000000052154064178e-03
6.473903460000000720e+00,1.200000010430812836e-02,7.000000216066837311e-03,-9.539999961853027344e+00,-1.000000047497451305e-03,-2.000000094994902611e-03,6.000000052154064178e-03
6.483752737000000543e+00,3.000000026077032089e-03,-2.600000053644180298e-02,-9.645000457763671875e+00,-1.000000047497451305e-03,-1.000000047497451305e-03,6.000000052154064178e-03
6.493697552000000428e+00,3.000000026077032089e-03,-2.600000053644180298e-02,-9.645000457763671875e+00,-1.000000047497451305e-03,-1.000000047497451305e-03,6.000000052154064178e-03
6.503517978000000532e+00,3.000000026077032089e-03,-2.600000053644180298e-02,-9.645000457763671875e+00,-1.000000047497451305e-03,-1.000000047497451305e-03,6.000000052154064178e-03
6.513669422000000431e+00,3.000000026077032089e-03,-2.600000053644180298e-02,-9.645000457763671875e+00,-1.000000047497451305e-03,-1.000000047497451305e-03,6.000000052154064178e-03
6.523670274000000546e+00,1.200000010430812836e-02,-3.000000026077032089e-03,-9.588000297546386719e+00,-1.000000047497451305e-03,-2.000000094994902611e-03,6.000000052154064178e-03
6.533446367000000699e+00,1.200000010430812836e-02,-3.000000026077032089e-03,-9.588000297546386719e+00,-1.000000047497451305e-03,-2.000000094994902611e-03,6.000000052154064178e-03
6.543471163000000423e+00,-2.600000053644180298e-02,-3.099999949336051941e-02,-9.626000404357910156e+00,-1.000000047497451305e-03,-2.000000094994902611e-03,7.000000216066837311e-03
6.553490737000000621e+00,-2.600000053644180298e-02,-3.099999949336051941e-02,-9.626000404357910156e+00,-1.000000047497451305e-03,-2.000000094994902611e-03,7.000000216066837311e-03
6.563456959000000701e+00,-2.600000053644180298e-02,-3.099999949336051941e-02,-9.626000404357910156e+00,-1.000000047497451305e-03,-2.000000094994902611e-03,7.000000216066837311e-03
6.573459330000000378e+00,-2.600000053644180298e-02,-3.099999949336051941e-02,-9.626000404357910156e+00,-1.000000047497451305e-03,-2.000000094994902611e-03,7.000000216066837311e-03
6.583873867000000324e+00,4.100000113248825073e-02,-4.100000113248825073e-02,-9.736000061035156250e+00,-1.000000047497451305e-03,-2.000000094994902611e-03,7.000000216066837311e-03
6.593512404000000160e+00,4.100000113248825073e-02,-4.100000113248825073e-02,-9.736000061035156250e+00,-1.000000047497451305e-03,-2.000000094994902611e-03,7.000000216066837311e-03
6.603490330000000519e+00,-3.999999910593032837e-02,-4.600000008940696716e-02,-9.564000129699707031e+00,1.000000047497451305e-03,-3.000000026077032089e-03,6.000000052154064178e-03
6.613566996000000309e+00,-3.999999910593032837e-02,-4.600000008940696716e-02,-9.564000129699707031e+00,1.000000047497451305e-03,-3.000000026077032089e-03,6.000000052154064178e-03
6.623494830000000277e+00,-2.000000094994902611e-03,-3.599999845027923584e-02,-9.592000007629394531e+00,1.000000047497451305e-03,-3.000000026077032089e-03,6.000000052154064178e-03
6.633478608000000776e+00,-2.000000094994902611e-03,-3.599999845027923584e-02,-9.592000007629394531e+00,1.000000047497451305e-03,-3.000000026077032089e-03,6.000000052154064178e-03
6.644270515000000543e+00,-2.000000094994902611e-03,-3.599999845027923584e-02,-9.592000007629394531e+00,1.000000047497451305e-03,-3.000000026077032089e-03,6.000000052154064178e-03
6.653749626000000639e+00,-2.000000094994902611e-03,-3.599999845027923584e-02,-9.592000007629394531e+00,1.000000047497451305e-03,-3.000000026077032089e-03,6.000000052154064178e-03
6.663451015000000588e+00,4.600000008940696716e-02,-3.099999949336051941e-02,-9.692999839782714844e+00,-1.000000047497451305e-03,-3.000000026077032089e-03,6.000000052154064178e-03
6.673490126000000799e+00,4.600000008940696716e-02,-3.099999949336051941e-02,-9.692999839782714844e+00,-1.000000047497451305e-03,-3.000000026077032089e-03,6.000000052154064178e-03
6.683484274000000447e+00,7.000000216066837311e-03,2.000000094994902611e-03,-9.626000404357910156e+00,-1.000000047497451305e-03,-3.000000026077032089e-03,6.000000052154064178e-03
6.693496793000000444e+00,7.000000216066837311e-03,2.000000094994902611e-03,-9.626000404357910156e+00,-1.000000047497451305e-03,-3.000000026077032089e-03,6.000000052154064178e-03
6.703942608000000192e+00,-4.500000178813934326e-02,-1.200000010430812836e-02,-9.697999954223632812e+00,1.000000047497451305e-03,-3.000000026077032089e-03,6.000000052154064178e-03
6.713755663000000595e+00,-4.500000178813934326e-02,-1.200000010430812836e-02,-9.697999954223632812e+00,1.000000047497451305e-03,-3.000000026077032089e-03,6.000000052154064178e-03
6.723436144999999975e+00,2.700000070035457611e-02,2.000000094994902611e-03,-9.703000068664550781e+00,-1.000000047497451305e-03,-2.000000094994902611e-03,7.000000216066837311e-03
6.733748589000000173e+00,2.700000070035457611e-02,2.000000094994902611e-03,-9.703000068664550781e+00,-1.000000047497451305e-03,-2.000000094994902611e-03,7.000000216066837311e-03
6.743642070000000821e+00,-7.000000216066837311e-03,-3.099999949336051941e-02,-9.668999671936035156e+00,-2.000000094994902611e-03,-3.000000026077032089e-03,7.000000216066837311e-03
6.753781385000000803e+00,-7.000000216066837311e-03,-3.099999949336051941e-02,-9.668999671936035156e+00,-2.000000094994902611e-03,-3.000000026077032089e-03,7.000000216066837311e-03
6.763781385000000590e+00,-7.000000216066837311e-03,-4.100000113248825073e-02,-9.578000068664550781e+00,-1.000000047497451305e-03,-1.000000047497451305e-03,7.000000216066837311e-03
6.773727330000000713e+00,-7.000000216066837311e-03,-4.100000113248825073e-02,-9.578000068664550781e+00,-1.000000047497451305e-03,-1.000000047497451305e-03,7.000000216066837311e-03
6.784175607000000774e+00,-2.600000053644180298e-02,-4.600000008940696716e-02,-9.659000396728515625e+00,1.000000047497451305e-03,-3.000000026077032089e-03,7.000000216066837311e-03
6.793480311000000604e+00,-2.600000053644180298e-02,-4.600000008940696716e-02,-9.659000396728515625e+00,1.000000047497451305e-03,-3.000000026077032089e-03,7.000000216066837311e-03
6.803459311000000120e+00,3.000000026077032089e-03,-5.000000074505805969e-02,-9.750000000000000000e+00,-1.000000047497451305e-03,-3.000000026077032089e-03,6.000000052154064178e-03
6.813450941000000149e+00,3.000000026077032089e-03,-5.000000074505805969e-02,-9.750000000000000000e+00,-1.000000047497451305e-03,-3.000000026077032089e-03,6.000000052154064178e-03
6.823461404000000563e+00,-1.200000010430812836e-02,-2.199999988079071045e-02,-9.640000343322753906e+00,-1.000000047497451305e-03,-2.000000094994902611e-03,7.000000216066837311e-03
6.833487256000000620e+00,-1.200000010430812836e-02,-2.199999988079071045e-02,-9.640000343322753906e+00,-1.000000047497451305e-03,-2.000000094994902611e-03,7.000000216066837311e-03
6.843583978000000734e+00,-2.000000094994902611e-03,-3.599999845027923584e-02,-9.621000289916992188e+00,-1.000000047497451305e-03,-1.000000047497451305e-03,6.000000052154064178e-03
6.853461422000000525e+00,-2.000000094994902611e-03,-3.599999845027923584e-02,-9.621000289916992188e+00,-1.000000047497451305e-03,-1.000000047497451305e-03,6.000000052154064178e-03
6.863534293000000730e+00,-2.000000094994902611e-03,-3.599999845027923584e-02,-9.621000289916992188e+00,-1.000000047497451305e-03,-1.000000047497451305e-03,6.000000052154064178e-03
6.873474274000000328e+00,-2.000000094994902611e-03,-3.599999845027923584e-02,-9.621000289916992188e+00,-1.000000047497451305e-03,-1.000000047497451305e-03,6.000000052154064178e-03
6.883501700000000056e+00,1.700000092387199402e-02,-3.000000026077032089e-03,-9.750000000000000000e+00,-1.000000047497451305e-03,-2.000000094994902611e-03,8.000000379979610443e-03
6.893464922000000605e+00,1.700000092387199402e-02,-3.000000026077032089e-03,-9.750000000000000000e+00,-1.000000047497451305e-03,-2.000000094994902611e-03,8.000000379979610443e-03
6.903855089000000333e+00,-3.999999910593032837e-02,-3.599999845027923584e-02,-9.592000007629394531e+00,-1.000000047497451305e-03,-2.000000094994902611e-03,7.000000216066837311e-03
6.913505700000000864e+00,-3.999999910593032837e-02,-3.599999845027923584e-02,-9.592000007629394531e+00,-1.000000047497451305e-03,-2.000000094994902611e-03,7.000000216066837311e-03
6.923693885000000492e+00,-3.999999910593032837e-02,-3.599999845027923584e-02,-9.592000007629394531e+00,-1.000000047497451305e-03,-2.000000094994902611e-03,7.000000216066837311e-03
6.934071552000000693e+00,-3.999999910593032837e-02,-3.599999845027923584e-02,-9.592000007629394531e+00,-1.000000047497451305e-03,-2.000000094994902611e-03,7.000000216066837311e-03
6.943438978000000539e+00,4.600000008940696716e-02,1.700000092387199402e-02,-9.770000457763671875e+00,-2.000000094994902611e-03,-3.000000026077032089e-03,6.000000052154064178e-03
6.953570274000000495e+00,4.600000008940696716e-02,1.700000092387199402e-02,-9.770000457763671875e+00,-2.000000094994902611e-03,-3.000000026077032089e-03,6.000000052154064178e-03
6.963463718000000746e+00,2.700000070035457611e-02,-7.000000216066837311e-03,-9.673999786376953125e+00,1.000000047497451305e-03,-3.000000026077032089e-03,7.000000216066837311e-03
6.973502589000000640e+00,2.700000070035457611e-02,-7.000000216066837311e-03,-9.673999786376953125e+00,1.000000047497451305e-03,-3.000000026077032089e-03,7.000000216066837311e-03
6.983466274000000418e+00,-3.999999910593032837e-02,-1.700000092387199402e-02,-9.548999786376953125e+00,1.000000047497451305e-03,-3.000000026077032089e-03,6.000000052154064178e-03
6.993464422000000624e+00,-3.999999910593032837e-02,-1.700000092387199402e-02,-9.548999786376953125e+00,1.000000047497451305e-03,-3.000000026077032089e-03,6.000000052154064178e-03
7.003398330000000449e+00,-3.999999910593032837e-02,-1.700000092387199402e-02,-9.548999786376953125e+00,1.000000047497451305e-03,-3.000000026077032089e-03,6.000000052154064178e-03
7.013450904000000818e+00,-3.999999910593032837e-02,-1.700000092387199402e-02,-9.548999786376953125e+00,1.000000047497451305e-03,-3.000000026077032089e-03,6.000000052154064178e-03
7.023496515000000606e+00,3.000000026077032089e-03,-1.700000092387199402e-02,-9.736000061035156250e+00,-2.000000094994902611e-03,-2.000000094994902611e-03,7.000000216066837311e-03
7.033454589000000645e+00,3.000000026077032089e-03,-1.700000092387199402e-02,-9.736000061035156250e+00,-2.000000094994902611e-03,-2.000000094994902611e-03,7.000000216066837311e-03
7.043468163000000004e+00,-7.000000216066837311e-03,2.000000094994902611e-03,-9.583000183105468750e+00,1.000000047497451305e-03,-2.000000094994902611e-03,7.000000216066837311e-03
7.053775755000000203e+00,-7.000000216066837311e-03,2.000000094994902611e-03,-9.583000183105468750e+00,1.000000047497451305e-03,-2.000000094994902611e-03,7.000000216066837311e-03
7.063422126000000745e+00,7.000000216066837311e-03,-2.199999988079071045e-02,-9.616000175476074219e+00,1.000000047497451305e-03,-3.000000026077032089e-03,7.000000216066837311e-03
7.073447422000000095e+00,7.000000216066837311e-03,-2.199999988079071045e-02,-9.616000175476074219e+00,1.000000047497451305e-03,-3.000000026077032089e-03,7.000000216066837311e-03
7.083450774000000116e+00,-5.000000074505805969e-02,-3.599999845027923584e-02,-9.697999954223632812e+00,-1.000000047497451305e-03,-2.000000094994902611e-03,6.000000052154064178e-03
7.093652644000000507e+00,-5.000000074505805969e-02,-3.599999845027923584e-02,-9.697999954223632812e+00,-1.000000047497451305e-03,-2.000000094994902611e-03,6.000000052154064178e-03
7.103426867000000478e+00,3.099999949336051941e-02,-2.199999988079071045e-02,-9.663999557495117188e+00,-3.000000026077032089e-03,-3.000000026077032089e-03,6.000000052154064178e-03
7.113474385000000844e+00,3.099999949336051941e-02,-2.199999988079071045e-02,-9.663999557495117188e+00,-3.000000026077032089e-03,-3.000000026077032089e-03,6.000000052154064178e-03
7.123480237000000770e+00,-1.200000010430812836e-02,-3.000000026077032089e-03,-9.583000183105468750e+00,-1.000000047497451305e-03,-3.000000026077032089e-03,8.000000379979610443e-03
7.133459885000000611e+00,-1.200000010430812836e-02,-3.000000026077032089e-03,-9.583000183105468750e+00,-1.000000047497451305e-03,-3.000000026077032089e-03,8.000000379979610443e-03
7.143446589000000735e+00,-2.099999971687793732e-02,-6.499999761581420898e-02,-9.640000343322753906e+00,1.000000047497451305e-03,-4.000000189989805222e-03,6.000000052154064178e-03
7.153740311000000851e+00,-2.099999971687793732e-02,-6.499999761581420898e-02,-9.640000343322753906e+00,1.000000047497451305e-03,-4.000000189989805222e-03,6.000000052154064178e-03
7.163478996000000265e+00,-7.000000216066837311e-03,-4.100000113248825073e-02,-9.678999900817871094e+00,1.000000047497451305e-03,-3.000000026077032089e-03,7.000000216066837311e-03
7.173652052000000445e+00,-7.000000216066837311e-03,-4.100000113248825073e-02,-9.678999900817871094e+00,1.000000047497451305e-03,-3.000000026077032089e-03,7.000000216066837311e-03
7.183629681000000211e+00,1.700000092387199402e-02,-1.200000010430812836e-02,-9.630999565124511719e+00,-2.000000094994902611e-03,-3.000000026077032089e-03,6.000000052154064178e-03
7.193486441000000120e+00,1.700000092387199402e-02,-1.200000010430812836e-02,-9.630999565124511719e+00,-2.000000094994902611e-03,-3.000000026077032089e-03,6.000000052154064178e-03
7.203504348000000057e+00,-3.099999949336051941e-02,-3.099999949336051941e-02,-9.572999954223632812e+00,1.000000047497451305e-03,-4.000000189989805222e-03,7.000000216066837311e-03
7.213475200000000420e+00,-3.099999949336051941e-02,-3.099999949336051941e-02,-9.572999954223632812e+00,1.000000047497451305e-03,-4.000000189989805222e-03,7.000000216066837311e-03
7.223498015000000549e+00,-3.099999949336051941e-02,-3.099999949336051941e-02,-9.572999954223632812e+00,1.000000047497451305e-03,-4.000000189989805222e-03,7.000000216066837311e-03
7.233463792000000225e+00,-3.099999949336051941e-02,-3.099999949336051941e-02,-9.572999954223632812e+00,1.000000047497451305e-03,-4.000000189989805222e-03,7.000000216066837311e-03
7.243708589000000586e+00,7.000000216066837311e-03,-3.099999949336051941e-02,-9.711999893188476562e+00,-1.000000047497451305e-03,-2.000000094994902611e-03,6.000000052154064178e-03
7.253480403000000187e+00,7.000000216066837311e-03,-3.099999949336051941e-02,-9.711999893188476562e+00,-1.000000047497451305e-03,-2.000000094994902611e-03,6.000000052154064178e-03
7.263443737000000233e+00,5.499999970197677612e-02,-3.000000026077032089e-03,-9.583000183105468750e+00,-1.000000047497451305e-03,-3.000000026077032089e-03,6.000000052154064178e-03
7.273521848000000567e+00,5.499999970197677612e-02,-3.000000026077032089e-03,-9.583000183105468750e+00,-1.000000047497451305e-03,-3.000000026077032089e-03,6.000000052154064178e-03
7.283585496000000603e+00,5.499999970197677612e-02,-3.000000026077032089e-03,-9.583000183105468750e+00,-1.000000047497451305e-03,-3.000000026077032089e-03,6.000000052154064178e-03
7.294045255000000338e+00,5.499999970197677612e-02,-3.000000026077032089e-03,-9.583000183105468750e+00,-1.000000047497451305e-03,-3.000000026077032089e-03,6.000000052154064178e-03
7.303444552000000201e+00,-1.200000010430812836e-02,2.000000094994902611e-03,-9.659000396728515625e+00,-2.000000094994902611e-03,-2.000000094994902611e-03,6.000000052154064178e-03
7.313494940000000888e+00,-1.200000010430812836e-02,2.000000094994902611e-03,-9.659000396728515625e+00,-2.000000094994902611e-03,-2.000000094994902611e-03,6.000000052154064178e-03
7.323604163000000611e+00,-3.099999949336051941e-02,1.700000092387199402e-02,-9.692999839782714844e+00,-1.000000047497451305e-03,-2.000000094994902611e-03,7.000000216066837311e-03
7.333499644000000650e+00,-3.099999949336051941e-02,1.700000092387199402e-02,-9.692999839782714844e+00,-1.000000047497451305e-03,-2.000000094994902611e-03,7.000000216066837311e-03
7.343468607000000148e+00,-7.000000216066837311e-03,2.000000094994902611e-03,-9.588000297546386719e+00,-1.000000047497451305e-03,-3.000000026077032089e-03,7.000000216066837311e-03
7.353500089000000628e+00,-7.000000216066837311e-03,2.000000094994902611e-03,-9.588000297546386719e+00,-1.000000047497451305e-03,-3.000000026077032089e-03,7.000000216066837311e-03
7.364187681000000651e+00,-7.000000216066837311e-03,2.000000094994902611e-03,-9.588000297546386719e+00,-1.000000047497451305e-03,-3.000000026077032089e-03,7.000000216066837311e-03
7.373450607000000545e+00,-7.000000216066837311e-03,2.000000094994902611e-03,-9.588000297546386719e+00,-1.000000047497451305e-03,-3.000000026077032089e-03,7.000000216066837311e-03
7.383464774000000119e+00,5.099999904632568359e-02,-2.199999988079071045e-02,-9.706999778747558594e+00,-2.000000094994902611e-03,-2.000000094994902611e-03,7.000000216066837311e-03
7.393462218000000696e+00,5.099999904632568359e-02,-2.199999988079071045e-02,-9.706999778747558594e+00,-2.000000094994902611e-03,-2.000000094994902611e-03,7.000000216066837311e-03
7.403434848000000734e+00,2.199999988079071045e-02,-2.199999988079071045e-02,-9.626000404357910156e+00,1.000000047497451305e-03,-3.000000026077032089e-03,6.000000052154064178e-03
7.413448996000000513e+00,2.199999988079071045e-02,-2.199999988079071045e-02,-9.626000404357910156e+00,1.000000047497451305e-03,-3.000000026077032089e-03,6.000000052154064178e-03
7.423614292000000781e+00,-2.600000053644180298e-02,-3.099999949336051941e-02,-9.529999732971191406e+00,-1.000000047497451305e-03,-2.000000094994902611e-03,7.000000216066837311e-03
7.433601181000000224e+00,-2.600000053644180298e-02,-3.099999949336051941e-02,-9.529999732971191406e+00,-1.000000047497451305e-03,-2.000000094994902611e-03,7.000000216066837311e-03
7.443585681000000065e+00,3.000000026077032089e-03,-3.599999845027923584e-02,-9.649999618530273438e+00,-1.000000047497451305e-03,-2.000000094994902611e-03,6.000000052154064178e-03
7.453452200000000083e+00,3.000000026077032089e-03,-3.599999845027923584e-02,-9.649999618530273438e+00,-1.000000047497451305e-03,-2.000000094994902611e-03,6.000000052154064178e-03
7.463446626000000528e+00,-7.000000216066837311e-03,7.000000216066837311e-03,-9.741000175476074219e+00,-1.000000047497451305e-03,-2.000000094994902611e-03,6.000000052154064178e-03
7.473452237000000054e+00,-7.000000216066837311e-03,7.000000216066837311e-03,-9.741000175476074219e+00,-1.000000047497451305e-03,-2.000000094994902611e-03,6.000000052154064178e-03
7.483647422000000660e+00,-1.600000075995922089e-02,4.100000113248825073e-02,-9.578000068664550781e+00,-1.000000047497451305e-03,-2.000000094994902611e-03,6.000000052154064178e-03
7.493878107000000455e+00,-1.600000075995922089e-02,4.100000113248825073e-02,-9.578000068664550781e+00,-1.000000047497451305e-03,-2.000000094994902611e-03,6.000000052154064178e-03
7.503930070000000896e+00,-3.099999949336051941e-02,-2.199999988079071045e-02,-9.548999786376953125e+00,1.000000047497451305e-03,-3.000000026077032089e-03,7.000000216066837311e-03
7.514063737000000742e+00,-3.099999949336051941e-02,-2.199999988079071045e-02,-9.548999786376953125e+00,1.000000047497451305e-03,-3.000000026077032089e-03,7.000000216066837311e-03
7.525963903000000066e+00,1.700000092387199402e-02,-3.000000026077032089e-03,-9.668999671936035156e+00,-2.000000094994902611e-03,-3.000000026077032089e-03,7.000000216066837311e-03
7.535439663000000898e+00,1.700000092387199402e-02,-3.000000026077032089e-03,-9.668999671936035156e+00,-2.000000094994902611e-03,-3.000000026077032089e-03,7.000000216066837311e-03
7.543833570000000321e+00,3.599999845027923584e-02,-2.600000053644180298e-02,-9.703000068664550781e+00,-1.000000047497451305e-03,-2.000000094994902611e-03,6.000000052154064178e-03
7.553894014000000823e+00,3.599999845027923584e-02,-2.600000053644180298e-02,-9.703000068664550781e+00,-1.000000047497451305e-03,-2.000000094994902611e-03,6.000000052154064178e-03
7.563890774000000761e+00,-1.200000010430812836e-02,-4.600000008940696716e-02,-9.583000183105468750e+00,1.000000047497451305e-03,-3.000000026077032089e-03,7.000000216066837311e-03
7.576274107000000591e+00,-1.200000010430812836e-02,-4.600000008940696716e-02,-9.583000183105468750e+00,1.000000047497451305e-03,-3.000000026077032089e-03,7.000000216066837311e-03
7.586580977000000559e+00,-1.200000010430812836e-02,-4.600000008940696716e-02,-9.583000183105468750e+00,1.000000047497451305e-03,-3.000000026077032089e-03,7.000000216066837311e-03
7.594650588000000369e+00,-1.200000010430812836e-02,-4.600000008940696716e-02,-9.583000183105468750e+00,1.000000047497451305e-03,-3.000000026077032089e-03,7.000000216066837311e-03
7.605437311000000200e+00,2.199999988079071045e-02,-5.999999865889549255e-02,-9.746000289916992188e+00,1.000000047497451305e-03,-1.000000047497451305e-03,7.000000216066837311e-03
7.613868903000000188e+00,2.199999988079071045e-02,-5.999999865889549255e-02,-9.746000289916992188e+00,1.000000047497451305e-03,-1.000000047497451305e-03,7.000000216066837311e-03
7.624212514000000773e+00,1.200000010430812836e-02,-2.199999988079071045e-02,-9.722000122070312500e+00,-1.000000047497451305e-03,-2.000000094994902611e-03,7.000000216066837311e-03
7.633541385000000901e+00,1.200000010430812836e-02,-2.199999988079071045e-02,-9.722000122070312500e+00,-1.000000047497451305e-03,-2.000000094994902611e-03,7.000000216066837311e-03
7.644090811000000762e+00,1.700000092387199402e-02,-3.599999845027923584e-02,-9.578000068664550781e+00,-1.000000047497451305e-03,-3.000000026077032089e-03,8.000000379979610443e-03
7.653597792000000233e+00,1.700000092387199402e-02,-3.599999845027923584e-02,-9.578000068664550781e+00,-1.000000047497451305e-03,-3.000000026077032089e-03,8.000000379979610443e-03
7.664985292000000783e+00,-2.600000053644180298e-02,-3.599999845027923584e-02,-9.630999565124511719e+00,-1.000000047497451305e-03,-3.000000026077032089e-03,7.000000216066837311e-03
7.674960922000000352e+00,-2.600000053644180298e-02,-3.599999845027923584e-02,-9.630999565124511719e+00,-1.000000047497451305e-03,-3.000000026077032089e-03,7.000000216066837311e-03
7.686096792000000733e+00,5.999999865889549255e-02,-1.700000092387199402e-02,-9.717000007629394531e+00,-1.000000047497451305e-03,-3.000000026077032089e-03,7.000000216066837311e-03
7.696453903000000096e+00,5.999999865889549255e-02,-1.700000092387199402e-02,-9.717000007629394531e+00,-1.000000047497451305e-03,-3.000000026077032089e-03,7.000000216066837311e-03
7.703927218000000465e+00,3.000000026077032089e-03,-3.599999845027923584e-02,-9.616000175476074219e+00,-1.000000047497451305e-03,-2.000000094994902611e-03,7.000000216066837311e-03
7.714508829000000567e+00,3.000000026077032089e-03,-3.599999845027923584e-02,-9.616000175476074219e+00,-1.000000047497451305e-03,-2.000000094994902611e-03,7.000000216066837311e-03
7.727264570000000887e+00,3.000000026077032089e-03,-3.599999845027923584e-02,-9.616000175476074219e+00,-1.000000047497451305e-03,-2.000000094994902611e-03,7.000000216066837311e-03
7.734273625000000152e+00,3.000000026077032089e-03,-3.599999845027923584e-02,-9.616000175476074219e+00,-1.000000047497451305e-03,-2.000000094994902611e-03,7.000000216066837311e-03
7.745165199000000555e+00,3.000000026077032089e-03,-2.600000053644180298e-02,-9.635999679565429688e+00,-1.000000047497451305e-03,-1.000000047497451305e-03,6.000000052154064178e-03
7.755366718000000326e+00,3.000000026077032089e-03,-2.600000053644180298e-02,-9.635999679565429688e+00,-1.000000047497451305e-03,-1.000000047497451305e-03,6.000000052154064178e-03
7.767262681000000057e+00,3.000000026077032089e-03,-2.600000053644180298e-02,-9.635999679565429688e+00,-1.000000047497451305e-03,-1.000000047497451305e-03,6.000000052154064178e-03
7.774822255000000126e+00,-1.200000010430812836e-02,-2.199999988079071045e-02,-9.635999679565429688e+00,-2.000000094994902611e-03,-3.000000026077032089e-03,7.000000216066837311e-03
7.786050403000000841e+00,-1.200000010430812836e-02,-2.199999988079071045e-02,-9.635999679565429688e+00,-2.000000094994902611e-03,-3.000000026077032089e-03,7.000000216066837311e-03
7.796278329000000618e+00,-1.200000010430812836e-02,-2.199999988079071045e-02,-9.635999679565429688e+00,-2.000000094994902611e-03,-3.000000026077032089e-03,7.000000216066837311e-03
7.811788403000000436e+00,1.200000010430812836e-02,-3.099999949336051941e-02,-9.602000236511230469e+00,1.000000047497451305e-03,-3.000000026077032089e-03,7.000000216066837311e-03
7.825384848000000559e+00,1.200000010430812836e-02,-3.099999949336051941e-02,-9.602000236511230469e+00,1.000000047497451305e-03,-3.000000026077032089e-03,7.000000216066837311e-03
7.827372014000000711e+00,1.200000010430812836e-02,-3.599999845027923584e-02,-9.711999893188476562e+00,1.000000047497451305e-03,-2.000000094994902611e-03,6.000000052154064178e-03
7.836637162000000600e+00,1.200000010430812836e-02,-3.599999845027923584e-02,-9.711999893188476562e+00,1.000000047497451305e-03,-2.000000094994902611e-03,6.000000052154064178e-03
7.845726051000000645e+00,5.999999865889549255e-02,2.000000094994902611e-03,-9.692999839782714844e+00,-1.000000047497451305e-03,-3.000000026077032089e-03,6.000000052154064178e-03
7.855592792000000379e+00,5.999999865889549255e-02,2.000000094994902611e-03,-9.692999839782714844e+00,-1.000000047497451305e-03,-3.000000026077032089e-03,6.000000052154064178e-03
7.864268255000000707e+00,7.000000216066837311e-03,1.700000092387199402e-02,-9.673999786376953125e+00,-1.000000047497451305e-03,-2.000000094994902611e-03,7.000000216066837311e-03
7.877659459000000197e+00,-2.099999971687793732e-02,-1.200000010430812836e-02,-9.621000289916992188e+00,-1.000000047497451305e-03,-2.000000094994902611e-03,7.000000216066837311e-03
7.886171959000000342e+00,-2.099999971687793732e-02,-1.200000010430812836e-02,-9.621000289916992188e+00,-1.000000047497451305e-03,-2.000000094994902611e-03,7.000000216066837311e-03
7.905409477000000074e+00,-2.099999971687793732e-02,-1.200000010430812836e-02,-9.621000289916992188e+00,-1.000000047497451305e-03,-2.000000094994902611e-03,7.000000216066837311e-03
7.915035533000000179e+00,-1.200000010430812836e-02,-7.000000216066837311e-03,-9.687999725341796875e+00,-2.000000094994902611e-03,-1.000000047497451305e-03,7.000000216066837311e-03
7.919660162000000447e+00,-1.200000010430812836e-02,-7.000000216066837311e-03,-9.687999725341796875e+00,-2.000000094994902611e-03,-1.000000047497451305e-03,7.000000216066837311e-03
7.933128236000000832e+00,1.700000092387199402e-02,1.700000092387199402e-02,-9.645000457763671875e+00,1.000000047497451305e-03,-3.000000026077032089e-03,7.000000216066837311e-03
7.935298144000000775e+00,1.700000092387199402e-02,1.700000092387199402e-02,-9.645000457763671875e+00,1.000000047497451305e-03,-3.000000026077032089e-03,7.000000216066837311e-03
7.944416625000000565e+00,1.700000092387199402e-02,1.700000092387199402e-02,-9.645000457763671875e+00,1.000000047497451305e-03,-3.000000026077032089e-03,7.000000216066837311e-03
7.959879255000000597e+00,1.700000092387199402e-02,1.700000092387199402e-02,-9.645000457763671875e+00,1.000000047497451305e-03,-3.000000026077032089e-03,7.000000216066837311e-03
7.967366088000000346e+00,3.000000026077032089e-03,-1.200000010430812836e-02,-9.564000129699707031e+00,-1.000000047497451305e-03,-2.000000094994902611e-03,7.000000216066837311e-03
7.981289107000000271e+00,3.000000026077032089e-03,-1.200000010430812836e-02,-9.564000129699707031e+00,-1.000000047497451305e-03,-2.000000094994902611e-03,7.000000216066837311e-03
7.984234218000000105e+00,-2.600000053644180298e-02,-1.200000010430812836e-02,-9.668999671936035156e+00,1.000000047497451305e-03,-3.000000026077032089e-03,7.000000216066837311e-03
7.999091496000000134e+00,-2.600000053644180298e-02,-1.200000010430812836e-02,-9.668999671936035156e+00,1.000000047497451305e-03,-3.000000026077032089e-03,7.000000216066837311e-03
8.008150625000000744e+00,4.600000008940696716e-02,2.600000053644180298e-02,-9.659000396728515625e+00,-1.000000047497451305e-03,-3.000000026077032089e-03,6.000000052154064178e-03
8.015064180999999621e+00,4.600000008940696716e-02,2.600000053644180298e-02,-9.659000396728515625e+00,-1.000000047497451305e-03,-3.000000026077032089e-03,6.000000052154064178e-03
8.024720272999999793e+00,-7.000000216066837311e-03,-1.700000092387199402e-02,-9.588000297546386719e+00,1.000000047497451305e-03,-2.000000094994902611e-03,7.000000216066837311e-03
8.034224570000001009e+00,-7.000000216066837311e-03,-1.700000092387199402e-02,-9.588000297546386719e+00,1.000000047497451305e-03,-2.000000094994902611e-03,7.000000216066837311e-03
8.046262385000000350e+00,-3.999999910593032837e-02,-3.000000026077032089e-03,-9.630999565124511719e+00,-1.000000047497451305e-03,-2.000000094994902611e-03,7.000000216066837311e-03
8.054752681000000081e+00,-3.999999910593032837e-02,-3.000000026077032089e-03,-9.630999565124511719e+00,-1.000000047497451305e-03,-2.000000094994902611e-03,7.000000216066837311e-03
8.063795384000000510e+00,4.100000113248825073e-02,-2.600000053644180298e-02,-9.697999954223632812e+00,-1.000000047497451305e-03,-2.000000094994902611e-03,6.000000052154064178e-03
8.073930347000001007e+00,4.100000113248825073e-02,-2.600000053644180298e-02,-9.697999954223632812e+00,-1.000000047497451305e-03,-2.000000094994902611e-03,6.000000052154064178e-03
8.086087014000000295e+00,4.100000113248825073e-02,-2.600000053644180298e-02,-9.697999954223632812e+00,-1.000000047497451305e-03,-2.000000094994902611e-03,6.000000052154064178e-03
8.098006533000001284e+00,4.100000113248825073e-02,-2.600000053644180298e-02,-9.697999954223632812e+00,-1.000000047497451305e-03,-2.000000094994902611e-03,6.000000052154064178e-03
8.104383143999999817e+00,7.000000216066837311e-03,1.700000092387199402e-02,-9.616000175476074219e+00,1.000000047497451305e-03,-2.000000094994902611e-03,6.000000052154064178e-03
8.114280014000000207e+00,7.000000216066837311e-03,1.700000092387199402e-02,-9.616000175476074219e+00,1.000000047497451305e-03,-2.000000094994902611e-03,6.000000052154064178e-03
8.124119588000001002e+00,7.000000216066837311e-03,1.700000092387199402e-02,-9.616000175476074219e+00,1.000000047497451305e-03,-2.000000094994902611e-03,6.000000052154064178e-03
8.133745273000000608e+00,7.000000216066837311e-03,1.700000092387199402e-02,-9.616000175476074219e+00,1.000000047497451305e-03,-2.000000094994902611e-03,6.000000052154064178e-03
8.146119107000000525e+00,-4.488999843597412109e+00,1.672999978065490723e+00,-1.925999999046325684e+00,3.099999949336051941e-02,-2.560000121593475342e-01,6.700000166893005371e-02
8.154021199000000664e+00,-4.488999843597412109e+00,1.672999978065490723e+00,-1.925999999046325684e+00,3.099999949336051941e-02,-2.560000121593475342e-01,6.700000166893005371e-02
8.163858606999999878e+00,-5.671999931335449219e+00,-5.000000074505805969e-02,-1.276200008392333984e+01,-1.799999922513961792e-02,-9.099999815225601196e-02,-3.799999877810478210e-02
8.179814680999999865e+00,-5.671999931335449219e+00,-5.000000074505805969e-02,-1.276200008392333984e+01,-1.799999922513961792e-02,-9.099999815225601196e-02,-3.799999877810478210e-02
8.184935606999999891e+00,-5.671999931335449219e+00,-5.000000074505805969e-02,-1.276200008392333984e+01,-1.799999922513961792e-02,-9.099999815225601196e-02,-3.799999877810478210e-02
8.194017550999999955e+00,-5.671999931335449219e+00,-5.000000074505805969e-02,-1.276200008392333984e+01,-1.799999922513961792e-02,-9.099999815225601196e-02,-3.799999877810478210e-02
8.204832217999999955e+00,-3.588999986648559570e+00,2.509999871253967285e-01,-2.041399955749511719e+01,-3.500000014901161194e-02,8.200000226497650146e-02,-8.000000379979610443e-03
8.218203551000000218e+00,-3.588999986648559570e+00,2.509999871253967285e-01,-2.041399955749511719e+01,-3.500000014901161194e-02,8.200000226497650146e-02,-8.000000379979610443e-03
8.224895551000001248e+00,-3.118999958038330078e+00,-7.160000205039978027e-01,-6.729000091552734375e+00,-4.399999976158142090e-02,-8.999999612569808960e-03,7.199999690055847168e-02
8.235661255000000125e+00,-3.118999958038330078e+00,-7.160000205039978027e-01,-6.729000091552734375e+00,-4.399999976158142090e-02,-8.999999612569808960e-03,7.199999690055847168e-02
8.249527866000001097e+00,1.261999964714050293e+00,1.141999959945678711e+00,-1.061200046539306641e+01,-7.900000363588333130e-02,1.459999978542327881e-01,1.199999973177909851e-01
8.259269884000000062e+00,1.261999964714050293e+00,1.141999959945678711e+00,-1.061200046539306641e+01,-7.900000363588333130e-02,1.459999978542327881e-01,1.199999973177909851e-01
8.264156477000000223e+00,2.013999938964843750e+00,7.250000238418579102e-01,-1.104300022125244141e+01,-6.000000052154064178e-03,5.400000140070915222e-02,1.519999951124191284e-01
8.276439866000000478e+00,2.013999938964843750e+00,7.250000238418579102e-01,-1.104300022125244141e+01,-6.000000052154064178e-03,5.400000140070915222e-02,1.519999951124191284e-01
8.287770551000001262e+00,4.819999933242797852e-01,-1.013000011444091797e+00,-7.557000160217285156e+00,6.000000052154064178e-03,-3.799999877810478210e-02,1.499999966472387314e-02
8.294298421000000587e+00,4.819999933242797852e-01,-1.013000011444091797e+00,-7.557000160217285156e+00,6.000000052154064178e-03,-3.799999877810478210e-02,1.499999966472387314e-02
8.306439403000000610e+00,-9.499999880790710449e-01,-1.128000020980834961e+00,-6.662000179290771484e+00,3.400000184774398804e-02,-1.010000035166740417e-01,-1.879999935626983643e-01
8.314803514000001172e+00,-9.499999880790710449e-01,-1.128000020980834961e+00,-6.662000179290771484e+00,3.400000184774398804e-02,-1.010000035166740417e-01,-1.879999935626983643e-01
8.325071421000000527e+00,5.960000157356262207e-01,-6.589999794960021973e-01,-1.116800022125244141e+01,-2.000000094994902611e-03,1.519999951124191284e-01,-7.000000216066837311e-03
8.336452032000000401e+00,5.960000157356262207e-01,-6.589999794960021973e-01,-1.116800022125244141e+01,-2.000000094994902611e-03,1.519999951124191284e-01,-7.000000216066837311e-03
8.346769402999999699e+00,1.468000054359436035e+00,3.610000014305114746e-01,-1.026799964904785156e+01,-1.000000047497451305e-03,7.999999821186065674e-02,1.420000046491622925e-01
8.354886420999999785e+00,1.468000054359436035e+00,3.610000014305114746e-01,-1.026799964904785156e+01,-1.000000047497451305e-03,7.999999821186065674e-02,1.420000046491622925e-01
8.364076070000001195e+00,1.468000054359436035e+00,3.610000014305114746e-01,-1.026799964904785156e+01,-1.000000047497451305e-03,7.999999821186065674e-02,1.420000046491622925e-01
8.373646607000001296e+00,1.468000054359436035e+00,3.610000014305114746e-01,-1.026799964904785156e+01,-1.000000047497451305e-03,7.999999821186065674e-02,1.420000046491622925e-01
8.384032995000000099e+00,1.085000038146972656e+00,5.529999732971191406e-01,-9.711999893188476562e+00,-8.999999612569808960e-03,2.899999916553497314e-02,8.799999952316284180e-02
8.393678866000000127e+00,1.085000038146972656e+00,5.529999732971191406e-01,-9.711999893188476562e+00,-8.999999612569808960e-03,2.899999916553497314e-02,8.799999952316284180e-02
8.405175088000000017e+00,-4.500000178813934326e-02,-9.399999678134918213e-02,-8.979999542236328125e+00,1.300000026822090149e-02,-2.899999916553497314e-02,3.900000080466270447e-02
8.415096773000000141e+00,-4.500000178813934326e-02,-9.399999678134918213e-02,-8.979999542236328125e+00,1.300000026822090149e-02,-2.899999916553497314e-02,3.900000080466270447e-02
8.425070902999999944e+00,4.289999902248382568e-01,-2.849999964237213135e-01,-8.940999984741210938e+00,-6.000000052154064178e-03,1.099999994039535522e-02,8.999999612569808960e-03
8.435159347000000807e+00,4.289999902248382568e-01,-2.849999964237213135e-01,-8.940999984741210938e+00,-6.000000052154064178e-03,1.099999994039535522e-02,8.999999612569808960e-03
8.449931273000000687e+00,5.099999904632568359e-01,3.179999887943267822e-01,-9.869999885559082031e+00,-8.000000379979610443e-03,-8.999999612569808960e-03,5.299999937415122986e-02
8.455775088000001105e+00,5.099999904632568359e-01,3.179999887943267822e-01,-9.869999885559082031e+00,-8.000000379979610443e-03,-8.999999612569808960e-03,5.299999937415122986e-02
8.463628995000000543e+00,5.099999904632568359e-01,3.179999887943267822e-01,-9.869999885559082031e+00,-8.000000379979610443e-03,-8.999999612569808960e-03,5.299999937415122986e-02
8.476641884000001070e+00,5.099999904632568359e-01,3.179999887943267822e-01,-9.869999885559082031e+00,-8.000000379979610443e-03,-8.999999612569808960e-03,5.299999937415122986e-02
8.483756403000001001e+00,-1.539000034332275391e+00,-2.080000042915344238e-01,-7.403999805450439453e+00,2.300000004470348358e-02,-1.400000043213367462e-02,3.099999949336051941e-02
8.495368328999999719e+00,-1.539000034332275391e+00,-2.080000042915344238e-01,-7.403999805450439453e+00,2.300000004470348358e-02,-1.400000043213367462e-02,3.099999949336051941e-02
8.504769514000001251e+00,9.029999971389770508e-01,-1.912999987602233887e+00,-8.850000381469726562e+00,2.600000053644180298e-02,-2.500000037252902985e-02,-1.300000026822090149e-02
8.515182829000000453e+00,9.029999971389770508e-01,-1.912999987602233887e+00,-8.850000381469726562e+00,2.600000053644180298e-02,-2.500000037252902985e-02,-1.300000026822090149e-02
8.525957606000000411e+00,9.219999909400939941e-01,-5.440000295639038086e-01,-9.248000144958496094e+00,1.499999966472387314e-02,4.100000113248825073e-02,1.260000020265579224e-01
8.533695513999999704e+00,9.219999909400939941e-01,-5.440000295639038086e-01,-9.248000144958496094e+00,1.499999966472387314e-02,4.100000113248825073e-02,1.260000020265579224e-01
8.548078792000000092e+00,-9.169999957084655762e-01,-1.424999952316284180e+00,-1.072700023651123047e+01,9.999999776482582092e-03,-5.299999937415122986e-02,2.300000004470348358e-02
8.556359310000001273e+00,-9.169999957084655762e-01,-1.424999952316284180e+00,-1.072700023651123047e+01,9.999999776482582092e-03,-5.299999937415122986e-02,2.300000004470348358e-02
8.565248310000001197e+00,-1.725999951362609863e+00,8.450000286102294922e-01,-9.189999580383300781e+00,1.000000047497451305e-03,-1.040000021457672119e-01,1.059999987483024597e-01
8.575212366000000586e+00,-1.725999951362609863e+00,8.450000286102294922e-01,-9.189999580383300781e+00,1.000000047497451305e-03,-1.040000021457672119e-01,1.059999987483024597e-01
8.584646588000000023e+00,-1.070000007748603821e-01,8.590000271797180176e-01,-1.166100025177001953e+01,-3.000000026077032089e-03,1.099999994039535522e-02,1.010000035166740417e-01
8.594952032000000131e+00,-1.070000007748603821e-01,8.590000271797180176e-01,-1.166100025177001953e+01,-3.000000026077032089e-03,1.099999994039535522e-02,1.010000035166740417e-01
8.603814829000000941e+00,-1.070000007748603821e-01,8.590000271797180176e-01,-1.166100025177001953e+01,-3.000000026077032089e-03,1.099999994039535522e-02,1.010000035166740417e-01
8.614718513999999772e+00,-1.070000007748603821e-01,8.590000271797180176e-01,-1.166100025177001953e+01,-3.000000026077032089e-03,1.099999994039535522e-02,1.010000035166740417e-01
8.627092865999999916e+00,1.184999942779541016e+00,1.790000051259994507e-01,-9.218999862670898438e+00,-2.199999988079071045e-02,9.499999880790710449e-02,4.300000146031379700e-02
8.634731440000001257e+00,1.184999942779541016e+00,1.790000051259994507e-01,-9.218999862670898438e+00,-2.199999988079071045e-02,9.499999880790710449e-02,4.300000146031379700e-02
8.644304810000001282e+00,2.899999916553497314e-01,7.160000205039978027e-01,-9.185000419616699219e+00,-4.000000189989805222e-03,6.700000166893005371e-02,1.110000014305114746e-01
8.655403680000000932e+00,2.899999916553497314e-01,7.160000205039978027e-01,-9.185000419616699219e+00,-4.000000189989805222e-03,6.700000166893005371e-02,1.110000014305114746e-01
8.664372903000000292e+00,6.060000061988830566e-01,9.890000224113464355e-01,-9.123000144958496094e+00,1.899999938905239105e-02,4.000000189989805222e-03,5.700000002980232239e-02
8.676116809999999901e+00,6.060000061988830566e-01,9.890000224113464355e-01,-9.123000144958496094e+00,1.899999938905239105e-02,4.000000189989805222e-03,5.700000002980232239e-02
8.684742477000000349e+00,-1.190000057220458984e+00,-7.059999704360961914e-01,-8.237000465393066406e+00,3.000000026077032089e-03,-1.499999966472387314e-02,4.199999943375587463e-02
8.697722125000000304e+00,-1.190000057220458984e+00,-7.059999704360961914e-01,-8.237000465393066406e+00,3.000000026077032089e-03,-1.499999966472387314e-02,4.199999943375587463e-02
8.703513569000000061e+00,-1.720999956130981445e+00,-4.429999887943267822e-01,-1.566899967193603516e+01,2.000000094994902611e-03,-1.190000027418136597e-01,-1.099999994039535522e-02
8.717160051000000465e+00,-1.720999956130981445e+00,-4.429999887943267822e-01,-1.566899967193603516e+01,2.000000094994902611e-03,-1.190000027418136597e-01,-1.099999994039535522e-02
8.724791588000000431e+00,-2.391999959945678711e+00,4.860000014305114746e-01,-9.534999847412109375e+00,-5.000000074505805969e-02,8.900000154972076416e-02,-7.599999755620956421e-02
8.736034642999999988e+00,-2.391999959945678711e+00,4.860000014305114746e-01,-9.534999847412109375e+00,-5.000000074505805969e-02,8.900000154972076416e-02,-7.599999755620956421e-02
8.748131532000000377e+00,-2.370000034570693970e-01,-1.700000017881393433e-01,-7.466000080108642578e+00,-6.000000052154064178e-03,-3.500000014901161194e-02,2.199999988079071045e-02
8.753632662000001119e+00,-2.370000034570693970e-01,-1.700000017881393433e-01,-7.466000080108642578e+00,-6.000000052154064178e-03,-3.500000014901161194e-02,2.199999988079071045e-02
8.764691309999999902e+00,-2.370000034570693970e-01,-1.700000017881393433e-01,-7.466000080108642578e+00,-6.000000052154064178e-03,-3.500000014901161194e-02,2.199999988079071045e-02
8.775463866000000834e+00,-2.370000034570693970e-01,-1.700000017881393433e-01,-7.466000080108642578e+00,-6.000000052154064178e-03,-3.500000014901161194e-02,2.199999988079071045e-02
8.786161680000001084e+00,-4.379999935626983643e-01,1.401000022888183594e+00,-1.296800041198730469e+01,-1.400000043213367462e-02,-5.000000074505805969e-02,5.299999937415122986e-02
8.797349236000000516e+00,-4.379999935626983643e-01,1.401000022888183594e+00,-1.296800041198730469e+01,-1.400000043213367462e-02,-5.000000074505805969e-02,5.299999937415122986e-02
8.807277884000001222e+00,-6.150000095367431641e-01,-7.730000019073486328e-01,-1.485499954223632812e+01,-3.099999949336051941e-02,-4.899999871850013733e-02,1.200000010430812836e-02
8.815531866000000605e+00,-6.150000095367431641e-01,-7.730000019073486328e-01,-1.485499954223632812e+01,-3.099999949336051941e-02,-4.899999871850013733e-02,1.200000010430812836e-02
8.824327253999999954e+00,-6.150000095367431641e-01,-7.730000019073486328e-01,-1.485499954223632812e+01,-3.099999949336051941e-02,-4.899999871850013733e-02,1.200000010430812836e-02
8.835753866000001011e+00,-4.569999873638153076e-01,1.790000051259994507e-01,-9.937000274658203125e+00,-1.999999955296516418e-02,7.800000160932540894e-02,-4.199999943375587463e-02
8.843693551000001207e+00,-4.569999873638153076e-01,1.790000051259994507e-01,-9.937000274658203125e+00,-1.999999955296516418e-02,7.800000160932540894e-02,-4.199999943375587463e-02
8.855115328000000119e+00,1.990000009536743164e-01,2.338999986648559570e+00,-7.078000068664550781e+00,-3.400000184774398804e-02,1.300000026822090149e-02,-2.700000070035457611e-02
8.863607736000000514e+00,2.842000007629394531e+00,-5.149999856948852539e-01,-1.043500041961669922e+01,-2.899999916553497314e-02,1.630000025033950806e-01,4.800000041723251343e-02
8.873962273000000067e+00,2.842000007629394531e+00,-5.149999856948852539e-01,-1.043500041961669922e+01,-2.899999916553497314e-02,1.630000025033950806e-01,4.800000041723251343e-02
8.884038162000001293e+00,1.233000040054321289e+00,5.429999828338623047e-01,-6.796000003814697266e+00,-2.700000070035457611e-02,-2.500000037252902985e-02,1.969999969005584717e-01
8.894722216999999986e+00,1.233000040054321289e+00,5.429999828338623047e-01,-6.796000003814697266e+00,-2.700000070035457611e-02,-2.500000037252902985e-02,1.969999969005584717e-01
8.904947662000001429e+00,-1.979999989271163940e-01,-3.599999845027923584e-02,-7.414000034332275391e+00,-1.300000026822090149e-02,-7.800000160932540894e-02,1.640000045299530029e-01
8.916782551000000723e+00,-1.979999989271163940e-01,-3.599999845027923584e-02,-7.414000034332275391e+00,-1.300000026822090149e-02,-7.800000160932540894e-02,1.640000045299530029e-01
8.925372088000001369e+00,-1.979999989271163940e-01,-3.599999845027923584e-02,-7.414000034332275391e+00,-1.300000026822090149e-02,-7.800000160932540894e-02,1.640000045299530029e-01
8.937058180000001073e+00,-1.979999989271163940e-01,-3.599999845027923584e-02,-7.414000034332275391e+00,-1.300000026822090149e-02,-7.800000160932540894e-02,1.640000045299530029e-01
8.950487309999999752e+00,8.980000019073486328e-01,-1.243000030517578125e+00,-8.027000427246093750e+00,-3.000000026077032089e-03,-1.099999994039535522e-02,6.199999898672103882e-02
8.954220828000000409e+00,8.980000019073486328e-01,-1.243000030517578125e+00,-8.027000427246093750e+00,-3.000000026077032089e-03,-1.099999994039535522e-02,6.199999898672103882e-02
8.964845088000000572e+00,9.509999752044677734e-01,-1.338999986648559570e+00,-1.036800003051757812e+01,6.700000166893005371e-02,-7.699999958276748657e-02,7.000000216066837311e-03
8.973791421000001378e+00,9.509999752044677734e-01,-1.338999986648559570e+00,-1.036800003051757812e+01,6.700000166893005371e-02,-7.699999958276748657e-02,7.000000216066837311e-03
8.984711384000000578e+00,1.343000054359436035e+00,-2.370000034570693970e-01,-1.180900001525878906e+01,7.000000216066837311e-03,3.500000014901161194e-02,2.199999988079071045e-02
8.998522569000000360e+00,1.343000054359436035e+00,-2.370000034570693970e-01,-1.180900001525878906e+01,7.000000216066837311e-03,3.500000014901161194e-02,2.199999988079071045e-02
9.004583938999999759e+00,5.770000219345092773e-01,3.420000076293945312e-01,-9.352999687194824219e+00,4.999999888241291046e-03,-3.099999949336051941e-02,7.599999755620956421e-02
9.015302106000000038e+00,5.770000219345092773e-01,3.420000076293945312e-01,-9.352999687194824219e+00,4.999999888241291046e-03,-3.099999949336051941e-02,7.599999755620956421e-02
9.024544532000000174e+00,-3.549999952316284180e+00,6.250000000000000000e-01,-6.217000007629394531e+00,3.500000014901161194e-02,-8.699999749660491943e-02,2.099999971687793732e-02
9.034253273000000917e+00,-3.549999952316284180e+00,6.250000000000000000e-01,-6.217000007629394531e+00,3.500000014901161194e-02,-8.699999749660491943e-02,2.099999971687793732e-02
9.055286217000000804e+00,-2.880000114440917969e+00,3.569999933242797852e-01,-1.089000034332275391e+01,-2.199999988079071045e-02,-1.360000073909759521e-01,-4.500000178813934326e-02
9.055292162000000644e+00,-2.880000114440917969e+00,3.569999933242797852e-01,-1.089000034332275391e+01,-2.199999988079071045e-02,-1.360000073909759521e-01,-4.500000178813934326e-02
9.064118514000000459e+00,-5.479999780654907227e-01,6.579999923706054688e-01,-1.076099967956542969e+01,3.500000014901161194e-02,9.999999776482582092e-03,1.059999987483024597e-01
9.075176680000000218e+00,-5.479999780654907227e-01,6.579999923706054688e-01,-1.076099967956542969e+01,3.500000014901161194e-02,9.999999776482582092e-03,1.059999987483024597e-01
9.087501421000000690e+00,-5.479999780654907227e-01,6.579999923706054688e-01,-1.076099967956542969e+01,3.500000014901161194e-02,9.999999776482582092e-03,1.059999987483024597e-01
9.097870717000001051e+00,-5.479999780654907227e-01,6.579999923706054688e-01,-1.076099967956542969e+01,3.500000014901161194e-02,9.999999776482582092e-03,1.059999987483024597e-01
9.107067180000001372e+00,1.180999994277954102e+00,-2.469999939203262329e-01,-1.251299953460693359e+01,3.999999910593032837e-02,-8.000000379979610443e-03,-1.499999966472387314e-02
9.114839495000000014e+00,1.180999994277954102e+00,-2.469999939203262329e-01,-1.251299953460693359e+01,3.999999910593032837e-02,-8.000000379979610443e-03,-1.499999966472387314e-02
9.123604828000001277e+00,1.031999945640563965e+00,-2.800000011920928955e-01,-9.104000091552734375e+00,1.200000010430812836e-02,-5.400000140070915222e-02,2.400000020861625671e-02
9.134941475999999838e+00,1.031999945640563965e+00,-2.800000011920928955e-01,-9.104000091552734375e+00,1.200000010430812836e-02,-5.400000140070915222e-02,2.400000020861625671e-02
9.148036162000000360e+00,7.829999923706054688e-01,-7.350000143051147461e-01,-9.894000053405761719e+00,-2.099999971687793732e-02,6.599999964237213135e-02,1.499999966472387314e-02
9.154365938999999841e+00,7.829999923706054688e-01,-7.350000143051147461e-01,-9.894000053405761719e+00,-2.099999971687793732e-02,6.599999964237213135e-02,1.499999966472387314e-02
9.164310550999999805e+00,9.219999909400939941e-01,4.909999966621398926e-01,-9.861000061035156250e+00,-5.900000035762786865e-02,-1.799999922513961792e-02,6.700000166893005371e-02
9.175755347000000839e+00,9.219999909400939941e-01,4.909999966621398926e-01,-9.861000061035156250e+00,-5.900000035762786865e-02,-1.799999922513961792e-02,6.700000166893005371e-02
9.185323365000000351e+00,5.820000171661376953e-01,5.630000233650207520e-01,-1.039200019836425781e+01,-4.300000146031379700e-02,5.700000002980232239e-02,8.200000226497650146e-02
9.194082717000000571e+00,5.820000171661376953e-01,5.630000233650207520e-01,-1.039200019836425781e+01,-4.300000146031379700e-02,5.700000002980232239e-02,8.200000226497650146e-02
9.204262458000000535e+00,-1.940000057220458984e-01,-2.419999986886978149e-01,-7.859000205993652344e+00,-4.000000189989805222e-03,9.999999776482582092e-03,3.599999845027923584e-02
9.216122569000001263e+00,-1.940000057220458984e-01,-2.419999986886978149e-01,-7.859000205993652344e+00,-4.000000189989805222e-03,9.999999776482582092e-03,3.599999845027923584e-02
9.224865864999999943e+00,-5.910000205039978027e-01,-5.199999809265136719e-01,-1.257999992370605469e+01,1.099999994039535522e-02,-1.799999922513961792e-02,-1.000000047497451305e-03
9.236891364999999965e+00,-5.910000205039978027e-01,-5.199999809265136719e-01,-1.257999992370605469e+01,1.099999994039535522e-02,-1.799999922513961792e-02,-1.000000047497451305e-03
9.246112310000000889e+00,-5.910000205039978027e-01,-5.199999809265136719e-01,-1.257999992370605469e+01,1.099999994039535522e-02,-1.799999922513961792e-02,-1.000000047497451305e-03
9.253963031999999700e+00,-5.910000205039978027e-01,-5.199999809265136719e-01,-1.257999992370605469e+01,1.099999994039535522e-02,-1.799999922513961792e-02,-1.000000047497451305e-03
9.267310810000001453e+00,-1.792999982833862305e+00,2.560000121593475342e-01,-1.389200019836425781e+01,-1.799999922513961792e-02,-5.099999904632568359e-02,-2.600000053644180298e-02
9.277686199000001466e+00,-1.792999982833862305e+00,2.560000121593475342e-01,-1.389200019836425781e+01,-1.799999922513961792e-02,-5.099999904632568359e-02,-2.600000053644180298e-02
9.285635864999999711e+00,-1.213999986648559570e+00,-5.499999970197677612e-02,-7.686999797821044922e+00,-4.000000189989805222e-03,-2.899999916553497314e-02,-1.770000010728836060e-01
9.293800402000000460e+00,-1.213999986648559570e+00,-5.499999970197677612e-02,-7.686999797821044922e+00,-4.000000189989805222e-03,-2.899999916553497314e-02,-1.770000010728836060e-01
9.307604958000000650e+00,-1.213999986648559570e+00,-5.499999970197677612e-02,-7.686999797821044922e+00,-4.000000189989805222e-03,-2.899999916553497314e-02,-1.770000010728836060e-01
9.315359384000000631e+00,4.909999966621398926e-01,-1.722000002861022949e+00,-1.071800041198730469e+01,3.000000026077032089e-03,1.110000014305114746e-01,-1.930000036954879761e-01
9.324775568999999820e+00,4.909999966621398926e-01,-1.722000002861022949e+00,-1.071800041198730469e+01,3.000000026077032089e-03,1.110000014305114746e-01,-1.930000036954879761e-01
9.334470162000000570e+00,2.354000091552734375e+00,6.200000047683715820e-01,-5.785999774932861328e+00,-2.899999916553497314e-02,-2.899999916553497314e-02,2.899999916553497314e-02
9.345037753999999808e+00,4.819999933242797852e-01,-3.330000042915344238e-01,-7.614999771118164062e+00,-3.599999845027923584e-02,8.699999749660491943e-02,1.010000035166740417e-01
9.354707680000000636e+00,4.819999933242797852e-01,-3.330000042915344238e-01,-7.614999771118164062e+00,-3.599999845027923584e-02,8.699999749660491943e-02,1.010000035166740417e-01
9.366163236000000225e+00,2.800000011920928955e-01,1.840000003576278687e-01,-8.571999549865722656e+00,-1.799999922513961792e-02,-1.319999992847442627e-01,6.100000068545341492e-02
9.378422161000001367e+00,2.800000011920928955e-01,1.840000003576278687e-01,-8.571999549865722656e+00,-1.799999922513961792e-02,-1.319999992847442627e-01,6.100000068545341492e-02
9.388121069000000318e+00,2.066999912261962891e+00,-1.200000047683715820e+00,-1.070800018310546875e+01,-3.999999910593032837e-02,2.600000053644180298e-02,4.500000178813934326e-02
9.394444421000001100e+00,2.066999912261962891e+00,-1.200000047683715820e+00,-1.070800018310546875e+01,-3.999999910593032837e-02,2.600000053644180298e-02,4.500000178813934326e-02
9.404172124000000466e+00,2.066999912261962891e+00,-1.200000047683715820e+00,-1.070800018310546875e+01,-3.999999910593032837e-02,2.600000053644180298e-02,4.500000178813934326e-02
9.418062736000001323e+00,2.066999912261962891e+00,-1.200000047683715820e+00,-1.070800018310546875e+01,-3.999999910593032837e-02,2.600000053644180298e-02,4.500000178813934326e-02
9.427204810000000990e+00,-7.540000081062316895e-01,4.090000092983245850e-01,-9.505999565124511719e+00,2.800000086426734924e-02,2.000000094994902611e-03,-1.600000075995922089e-02
9.442351291000001368e+00,7.070000171661376953e-01,-7.730000019073486328e-01,-9.218999862670898438e+00,7.000000216066837311e-03,4.399999976158142090e-02,1.700000092387199402e-02
9.446439810000001103e+00,7.070000171661376953e-01,-7.730000019073486328e-01,-9.218999862670898438e+00,7.000000216066837311e-03,4.399999976158142090e-02,1.700000092387199402e-02
9.455410995000001151e+00,7.070000171661376953e-01,-7.730000019073486328e-01,-9.218999862670898438e+00,7.000000216066837311e-03,4.399999976158142090e-02,1.700000092387199402e-02
9.465086365000001223e+00,-9.300000220537185669e-02,-8.900000154972076416e-02,-3.611999988555908203e+00,1.499999966472387314e-02,-2.000000094994902611e-03,5.299999937415122986e-02
9.476601698000001406e+00,-9.300000220537185669e-02,-8.900000154972076416e-02,-3.611999988555908203e+00,1.499999966472387314e-02,-2.000000094994902611e-03,5.299999937415122986e-02
9.488721772999999970e+00,6.299999952316284180e-01,-8.600000143051147461e-01,-1.095199966430664062e+01,1.999999955296516418e-02,-1.330000013113021851e-01,-6.599999964237213135e-02
9.497712013000001008e+00,-6.250000000000000000e-01,-5.630000233650207520e-01,-7.294000148773193359e+00,1.200000010430812836e-02,-1.799999922513961792e-02,-7.000000216066837311e-03
9.503607773000000591e+00,-6.250000000000000000e-01,-5.630000233650207520e-01,-7.294000148773193359e+00,1.200000010430812836e-02,-1.799999922513961792e-02,-7.000000216066837311e-03
9.515268458000001317e+00,-6.250000000000000000e-01,-5.630000233650207520e-01,-7.294000148773193359e+00,1.200000010430812836e-02,-1.799999922513961792e-02,-7.000000216066837311e-03
9.525417754000001125e+00,-7.250000238418579102e-01,1.008000016212463379e+00,-1.110999965667724609e+01,4.500000178813934326e-02,-1.000000047497451305e-03,-4.100000113248825073e-02
9.539406623999999724e+00,-7.250000238418579102e-01,1.008000016212463379e+00,-1.110999965667724609e+01,4.500000178813934326e-02,-1.000000047497451305e-03,-4.100000113248825073e-02
9.545846402000000452e+00,-3.560000061988830566e-01,1.391000032424926758e+00,-1.249899959564208984e+01,2.099999971687793732e-02,3.099999949336051941e-02,1.700000092387199402e-02
9.556454458000001040e+00,-3.560000061988830566e-01,1.391000032424926758e+00,-1.249899959564208984e+01,2.099999971687793732e-02,3.099999949336051941e-02,1.700000092387199402e-02
9.564377439000001146e+00,-3.560000061988830566e-01,1.391000032424926758e+00,-1.249899959564208984e+01,2.099999971687793732e-02,3.099999949336051941e-02,1.700000092387199402e-02
9.578116310000000411e+00,-3.560000061988830566e-01,1.391000032424926758e+00,-1.249899959564208984e+01,2.099999971687793732e-02,3.099999949336051941e-02,1.700000092387199402e-02
9.584482365000001280e+00,1.026999950408935547e+00,-9.599999785423278809e-01,-9.961000442504882812e+00,2.899999916553497314e-02,3.000000026077032089e-03,5.499999970197677612e-02
9.597434976000000617e+00,1.026999950408935547e+00,-9.599999785423278809e-01,-9.961000442504882812e+00,2.899999916553497314e-02,3.000000026077032089e-03,5.499999970197677612e-02
9.606741605999999933e+00,2.949999868869781494e-01,-3.230000138282775879e-01,-8.404999732971191406e+00,-1.200000010430812836e-02,-3.400000184774398804e-02,1.099999994039535522e-02
9.614631809000000473e+00,2.949999868869781494e-01,-3.230000138282775879e-01,-8.404999732971191406e+00,-1.200000010430812836e-02,-3.400000184774398804e-02,1.099999994039535522e-02
9.624060569000000953e+00,2.179999947547912598e-01,1.270000040531158447e-01,-9.319000244140625000e+00,-1.300000026822090149e-02,-1.099999994039535522e-02,4.100000113248825073e-02
9.636160958000001386e+00,2.179999947547912598e-01,1.270000040531158447e-01,-9.319000244140625000e+00,-1.300000026822090149e-02,-1.099999994039535522e-02,4.100000113248825073e-02
9.646089754000000127e+00,-2.520999908447265625e+00,2.352999925613403320e+00,-8.222999572753906250e+00,-6.000000052154064178e-03,1.099999994039535522e-02,6.599999964237213135e-02
9.653810383999999800e+00,-2.520999908447265625e+00,2.352999925613403320e+00,-8.222999572753906250e+00,-6.000000052154064178e-03,1.099999994039535522e-02,6.599999964237213135e-02
9.664737884000000889e+00,-9.300000220537185669e-02,4.909999966621398926e-01,-1.062199974060058594e+01,3.000000026077032089e-03,1.499999966472387314e-02,-1.999999955296516418e-02
9.676750235000000089e+00,-1.220000013709068298e-01,3.849999904632568359e-01,-1.038700008392333984e+01,4.000000189989805222e-03,2.099999971687793732e-02,-0.000000000000000000e+00
9.683994772000000140e+00,-1.220000013709068298e-01,3.849999904632568359e-01,-1.038700008392333984e+01,4.000000189989805222e-03,2.099999971687793732e-02,-0.000000000000000000e+00
9.694681661000000616e+00,-1.220000013709068298e-01,3.849999904632568359e-01,-1.038700008392333984e+01,4.000000189989805222e-03,2.099999971687793732e-02,-0.000000000000000000e+00
9.707833365000000825e+00,-1.509999930858612061e-01,-2.230000048875808716e-01,-9.717000007629394531e+00,1.200000010430812836e-02,-2.999999932944774628e-02,2.600000053644180298e-02
9.715200884000001480e+00,-1.509999930858612061e-01,-2.230000048875808716e-01,-9.717000007629394531e+00,1.200000010430812836e-02,-2.999999932944774628e-02,2.600000053644180298e-02
9.724129106000001244e+00,-1.509999930858612061e-01,-2.230000048875808716e-01,-9.717000007629394531e+00,1.200000010430812836e-02,-2.999999932944774628e-02,2.600000053644180298e-02
9.734633271999999948e+00,-1.509999930858612061e-01,-2.230000048875808716e-01,-9.717000007629394531e+00,1.200000010430812836e-02,-2.999999932944774628e-02,2.600000053644180298e-02
9.745160309000000964e+00,-3.089999854564666748e-01,-6.539999842643737793e-01,-9.607000350952148438e+00,-4.100000113248825073e-02,4.999999888241291046e-03,5.799999833106994629e-02
9.755050069000001045e+00,-3.089999854564666748e-01,-6.539999842643737793e-01,-9.607000350952148438e+00,-4.100000113248825073e-02,4.999999888241291046e-03,5.799999833106994629e-02
9.765400069000000016e+00,2.560000121593475342e-01,9.799999743700027466e-02,-1.011900043487548828e+01,-2.300000004470348358e-02,-7.000000216066837311e-03,8.699999749660491943e-02
9.774694382999999931e+00,2.560000121593475342e-01,9.799999743700027466e-02,-1.011900043487548828e+01,-2.300000004470348358e-02,-7.000000216066837311e-03,8.699999749660491943e-02
9.783697624000000204e+00,-1.419000029563903809e+00,6.499999761581420898e-02,-1.358600044250488281e+01,-6.000000052154064178e-03,2.000000094994902611e-03,-0.000000000000000000e+00
9.795197254000001408e+00,-1.419000029563903809e+00,6.499999761581420898e-02,-1.358600044250488281e+01,-6.000000052154064178e-03,2.000000094994902611e-03,-0.000000000000000000e+00
9.807965143000000552e+00,4.189999997615814209e-01,1.008000016212463379e+00,-1.109599971771240234e+01,-2.400000020861625671e-02,8.900000154972076416e-02,-5.799999833106994629e-02
9.814483032000000051e+00,4.189999997615814209e-01,1.008000016212463379e+00,-1.109599971771240234e+01,-2.400000020861625671e-02,8.900000154972076416e-02,-5.799999833106994629e-02
9.824477124000001282e+00,-1.276000022888183594e+00,-1.807999968528747559e+00,-9.951999664306640625e+00,-1.899999938905239105e-02,-1.499999966472387314e-02,3.799999877810478210e-02
9.833983476000000223e+00,-1.276000022888183594e+00,-1.807999968528747559e+00,-9.951999664306640625e+00,-1.899999938905239105e-02,-1.499999966472387314e-02,3.799999877810478210e-02
9.847966235000001234e+00,-1.003000020980834961e+00,-4.000000059604644775e-01,-5.623000144958496094e+00,-4.500000178813934326e-02,1.129999980330467224e-01,1.949999928474426270e-01
9.857503254000000936e+00,-1.003000020980834961e+00,-4.000000059604644775e-01,-5.623000144958496094e+00,-4.500000178813934326e-02,1.129999980330467224e-01,1.949999928474426270e-01
9.867669180000000040e+00,1.560000032186508179e-01,-7.020000219345092773e-01,-8.434000015258789062e+00,-2.099999971687793732e-02,-4.500000178813934326e-02,2.700000070035457611e-02
9.875036623999999819e+00,1.560000032186508179e-01,-7.020000219345092773e-01,-8.434000015258789062e+00,-2.099999971687793732e-02,-4.500000178813934326e-02,2.700000070035457611e-02
9.885353643000000190e+00,1.560000032186508179e-01,-7.020000219345092773e-01,-8.434000015258789062e+00,-2.099999971687793732e-02,-4.500000178813934326e-02,2.700000070035457611e-02
9.900512198000001263e+00,1.560000032186508179e-01,-7.020000219345092773e-01,-8.434000015258789062e+00,-2.099999971687793732e-02,-4.500000178813934326e-02,2.700000070035457611e-02
9.906007419999999897e+00,4.480000138282775879e-01,-9.079999923706054688e-01,-1.021000003814697266e+01,6.000000052154064178e-03,-7.400000095367431641e-02,-1.700000092387199402e-02
9.916172143000000716e+00,4.480000138282775879e-01,-9.079999923706054688e-01,-1.021000003814697266e+01,6.000000052154064178e-03,-7.400000095367431641e-02,-1.700000092387199402e-02
9.923692568999999963e+00,1.050999999046325684e+00,-6.389999985694885254e-01,-1.222099971771240234e+01,3.000000026077032089e-03,-7.000000029802322388e-02,1.030000001192092896e-01
9.935882402000000724e+00,1.050999999046325684e+00,-6.389999985694885254e-01,-1.222099971771240234e+01,3.000000026077032089e-03,-7.000000029802322388e-02,1.030000001192092896e-01
9.944474383000001083e+00,1.353000044822692871e+00,-9.700000286102294922e-01,-1.042099952697753906e+01,-2.300000004470348358e-02,1.999999955296516418e-02,1.389999985694885254e-01
9.957109568999999993e+00,1.353000044822692871e+00,-9.700000286102294922e-01,-1.042099952697753906e+01,-2.300000004470348358e-02,1.999999955296516418e-02,1.389999985694885254e-01
9.966060754000000799e+00,9.890000224113464355e-01,3.610000014305114746e-01,-9.572999954223632812e+00,-2.199999988079071045e-02,-6.100000068545341492e-02,7.800000160932540894e-02
9.974944069000001079e+00,9.890000224113464355e-01,3.610000014305114746e-01,-9.572999954223632812e+00,-2.199999988079071045e-02,-6.100000068545341492e-02,7.800000160932540894e-02
9.984561383000000845e+00,3.076999902725219727e+00,4.620000123977661133e-01,-9.319000244140625000e+00,5.299999937415122986e-02,-7.400000095367431641e-02,-1.899999938905239105e-02
1.000121784600000119e+01,3.076999902725219727e+00,4.620000123977661133e-01,-9.319000244140625000e+00,5.299999937415122986e-02,-7.400000095367431641e-02,-1.899999938905239105e-02
1.000448518000000142e+01,-2.114000082015991211e+00,-6.499999761581420898e-02,-6.881999969482421875e+00,8.000000379979610443e-03,-3.200000151991844177e-02,-1.220000013709068298e-01
1.001422088300000013e+01,-2.114000082015991211e+00,-6.499999761581420898e-02,-6.881999969482421875e+00,8.000000379979610443e-03,-3.200000151991844177e-02,-1.220000013709068298e-01
1.002459212399999977e+01,-2.114000082015991211e+00,-6.499999761581420898e-02,-6.881999969482421875e+00,8.000000379979610443e-03,-3.200000151991844177e-02,-1.220000013709068298e-01
1.003452056900000144e+01,-2.114000082015991211e+00,-6.499999761581420898e-02,-6.881999969482421875e+00,8.000000379979610443e-03,-3.200000151991844177e-02,-1.220000013709068298e-01
1.004403760599999984e+01,-1.600000075995922089e-02,-8.550000190734863281e-01,-9.189999580383300781e+00,3.400000184774398804e-02,-2.899999916553497314e-02,-3.000000026077032089e-03
1.005421484600000070e+01,-1.600000075995922089e-02,-8.550000190734863281e-01,-9.189999580383300781e+00,3.400000184774398804e-02,-2.899999916553497314e-02,-3.000000026077032089e-03
1.006507064300000032e+01,4.429999887943267822e-01,1.396000027656555176e+00,-9.845999717712402344e+00,-2.199999988079071045e-02,7.000000216066837311e-03,-6.899999827146530151e-02
1.007479810600000114e+01,4.429999887943267822e-01,1.396000027656555176e+00,-9.845999717712402344e+00,-2.199999988079071045e-02,7.000000216066837311e-03,-6.899999827146530151e-02
1.008412442000000020e+01,-8.880000114440917969e-01,-3.619999885559082031e-01,-1.053100013732910156e+01,-3.999999910593032837e-02,1.799999922513961792e-02,-1.180000007152557373e-01
1.010083445700000127e+01,-8.880000114440917969e-01,-3.619999885559082031e-01,-1.053100013732910156e+01,-3.999999910593032837e-02,1.799999922513961792e-02,-1.180000007152557373e-01
1.010510866100000094e+01,-8.880000114440917969e-01,-3.619999885559082031e-01,-1.053100013732910156e+01,-3.999999910593032837e-02,1.799999922513961792e-02,-1.180000007152557373e-01
1.012133266100000029e+01,-4.140000045299530029e-01,4.480000138282775879e-01,-8.404999732971191406e+00,3.500000014901161194e-02,4.399999976158142090e-02,3.000000026077032089e-03
1.012669668000000023e+01,-4.140000045299530029e-01,4.480000138282775879e-01,-8.404999732971191406e+00,3.500000014901161194e-02,4.399999976158142090e-02,3.000000026077032089e-03
1.013401784600000077e+01,-5.000000074505805969e-02,-1.098999977111816406e+00,-1.002299976348876953e+01,-1.099999994039535522e-02,3.099999949336051941e-02,1.819999963045120239e-01
1.014360242000000056e+01,-5.000000074505805969e-02,-1.098999977111816406e+00,-1.002299976348876953e+01,-1.099999994039535522e-02,3.099999949336051941e-02,1.819999963045120239e-01
1.015691856800000004e+01,1.050999999046325684e+00,3.330000042915344238e-01,-8.534000396728515625e+00,-4.999999888241291046e-03,3.500000014901161194e-02,-1.000000047497451305e-03
1.016698768000000008e+01,1.050999999046325684e+00,3.330000042915344238e-01,-8.534000396728515625e+00,-4.999999888241291046e-03,3.500000014901161194e-02,-1.000000047497451305e-03
1.017452851300000027e+01,1.391000032424926758e+00,4.620000123977661133e-01,-8.385999679565429688e+00,-2.700000070035457611e-02,3.299999982118606567e-02,2.409999966621398926e-01
1.018380482800000131e+01,1.391000032424926758e+00,4.620000123977661133e-01,-8.385999679565429688e+00,-2.700000070035457611e-02,3.299999982118606567e-02,2.409999966621398926e-01
1.019386929100000039e+01,1.391000032424926758e+00,4.620000123977661133e-01,-8.385999679565429688e+00,-2.700000070035457611e-02,3.299999982118606567e-02,2.409999966621398926e-01
1.020860647599999993e+01,1.391000032424926758e+00,4.620000123977661133e-01,-8.385999679565429688e+00,-2.700000070035457611e-02,3.299999982118606567e-02,2.409999966621398926e-01
1.021618779100000118e+01,6.439999938011169434e-01,6.200000047683715820e-01,-7.844999790191650391e+00,-3.200000151991844177e-02,-8.000000379979610443e-03,2.829999923706054688e-01
1.023000169800000059e+01,6.439999938011169434e-01,6.200000047683715820e-01,-7.844999790191650391e+00,-3.200000151991844177e-02,-8.000000379979610443e-03,2.829999923706054688e-01
1.023377927200000137e+01,1.270000040531158447e-01,-4.100000113248825073e-02,-1.156999969482421875e+01,-2.099999971687793732e-02,-3.599999845027923584e-02,1.490000039339065552e-01
1.024557901300000040e+01,3.519999980926513672e-01,-1.650000065565109253e-01,-1.137899971008300781e+01,-4.999999888241291046e-03,-2.400000020861625671e-02,2.000000094994902611e-03
1.025689456799999988e+01,3.519999980926513672e-01,-1.650000065565109253e-01,-1.137899971008300781e+01,-4.999999888241291046e-03,-2.400000020861625671e-02,2.000000094994902611e-03
1.026814105000000055e+01,3.519999980926513672e-01,-1.650000065565109253e-01,-1.137899971008300781e+01,-4.999999888241291046e-03,-2.400000020861625671e-02,2.000000094994902611e-03
1.027387686500000008e+01,3.519999980926513672e-01,-1.650000065565109253e-01,-1.137899971008300781e+01,-4.999999888241291046e-03,-2.400000020861625671e-02,2.000000094994902611e-03
1.028487219800000041e+01,-2.898999929428100586e+00,-1.271000027656555176e+00,-8.260999679565429688e+00,-3.599999845027923584e-02,-1.049999967217445374e-01,1.570000052452087402e-01
1.029585247600000031e+01,-2.898999929428100586e+00,-1.271000027656555176e+00,-8.260999679565429688e+00,-3.599999845027923584e-02,-1.049999967217445374e-01,1.570000052452087402e-01
1.030469484600000030e+01,-4.620000123977661133e-01,-1.985000014305114746e+00,-4.335000038146972656e+00,-1.200000010430812836e-02,3.999999910593032837e-02,5.090000033378601074e-01
1.031681212400000014e+01,-4.620000123977661133e-01,-1.985000014305114746e+00,-4.335000038146972656e+00,-1.200000010430812836e-02,3.999999910593032837e-02,5.090000033378601074e-01
1.032386760500000022e+01,-1.284999966621398926e+00,3.573999881744384766e+00,-1.079399967193603516e+01,-4.600000008940696716e-02,1.899999976158142090e-01,2.509999871253967285e-01
1.033840216100000120e+01,-1.284999966621398926e+00,3.573999881744384766e+00,-1.079399967193603516e+01,-4.600000008940696716e-02,1.899999976158142090e-01,2.509999871253967285e-01
1.034713495700000152e+01,-6.919999718666076660e-01,9.649999737739562988e-01,-8.873999595642089844e+00,-1.000000047497451305e-03,-1.299999952316284180e-01,4.500000178813934326e-02
1.035376010500000099e+01,-6.919999718666076660e-01,9.649999737739562988e-01,-8.873999595642089844e+00,-1.000000047497451305e-03,-1.299999952316284180e-01,4.500000178813934326e-02
1.036508749400000085e+01,-1.649000048637390137e+00,-3.519999980926513672e-01,-5.469999790191650391e+00,7.000000216066837311e-03,-2.199999988079071045e-02,-7.400000095367431641e-02
1.037489925300000060e+01,-1.649000048637390137e+00,-3.519999980926513672e-01,-5.469999790191650391e+00,7.000000216066837311e-03,-2.199999988079071045e-02,-7.400000095367431641e-02
1.038526736500000069e+01,-1.940000057220458984e-01,-2.750000059604644775e-01,-9.807999610900878906e+00,9.999999776482582092e-03,-6.199999898672103882e-02,-1.049999967217445374e-01
1.039683479099999985e+01,-1.940000057220458984e-01,-2.750000059604644775e-01,-9.807999610900878906e+00,9.999999776482582092e-03,-6.199999898672103882e-02,-1.049999967217445374e-01
1.040367921600000045e+01,-1.940000057220458984e-01,-2.750000059604644775e-01,-9.807999610900878906e+00,9.999999776482582092e-03,-6.199999898672103882e-02,-1.049999967217445374e-01
1.041383780900000033e+01,-1.940000057220458984e-01,-2.750000059604644775e-01,-9.807999610900878906e+00,9.999999776482582092e-03,-6.199999898672103882e-02,-1.049999967217445374e-01
1.042566280900000031e+01,1.220000013709068298e-01,3.330000042915344238e-01,-9.663999557495117188e+00,4.000000189989805222e-03,-8.100000023841857910e-02,1.019999980926513672e-01
1.043375256800000095e+01,1.220000013709068298e-01,3.330000042915344238e-01,-9.663999557495117188e+00,4.000000189989805222e-03,-8.100000023841857910e-02,1.019999980926513672e-01
1.044759888300000128e+01,1.042000055313110352e+00,-1.018000006675720215e+00,-9.529999732971191406e+00,8.000000379979610443e-03,3.599999845027923584e-02,3.700000047683715820e-02
1.045468471600000093e+01,1.042000055313110352e+00,-1.018000006675720215e+00,-9.529999732971191406e+00,8.000000379979610443e-03,3.599999845027923584e-02,3.700000047683715820e-02
1.046523562399999996e+01,4.530000090599060059e-01,1.343000054359436035e+00,-8.284999847412109375e+00,-3.000000026077032089e-03,-3.299999982118606567e-02,1.220000013709068298e-01
1.047589273500000040e+01,4.530000090599060059e-01,1.343000054359436035e+00,-8.284999847412109375e+00,-3.000000026077032089e-03,-3.299999982118606567e-02,1.220000013709068298e-01
1.048512808700000143e+01,1.291000008583068848e+00,1.940000057220458984e-01,-1.001399993896484375e+01,-3.099999949336051941e-02,-2.400000020861625671e-02,1.800000071525573730e-01
1.049480725300000117e+01,1.291000008583068848e+00,1.940000057220458984e-01,-1.001399993896484375e+01,-3.099999949336051941e-02,-2.400000020861625671e-02,1.800000071525573730e-01
1.050443229000000045e+01,1.960999965667724609e+00,6.579999923706054688e-01,-9.208999633789062500e+00,-4.600000008940696716e-02,3.200000151991844177e-02,2.319999933242797852e-01
1.051714805000000119e+01,1.960999965667724609e+00,6.579999923706054688e-01,-9.208999633789062500e+00,-4.600000008940696716e-02,3.200000151991844177e-02,2.319999933242797852e-01
1.052674240200000000e+01,1.960999965667724609e+00,6.579999923706054688e-01,-9.208999633789062500e+00,-4.600000008940696716e-02,3.200000151991844177e-02,2.319999933242797852e-01
1.053420756800000113e+01,1.960999965667724609e+00,6.579999923706054688e-01,-9.208999633789062500e+00,-4.600000008940696716e-02,3.200000151991844177e-02,2.319999933242797852e-01
1.054527634600000141e+01,-1.299999952316284180e+00,5.999999865889549255e-02,-8.711000442504882812e+00,-2.899999916553497314e-02,-7.100000232458114624e-02,1.529999971389770508e-01
1.055409790200000053e+01,-1.299999952316284180e+00,5.999999865889549255e-02,-8.711000442504882812e+00,-2.899999916553497314e-02,-7.100000232458114624e-02,1.529999971389770508e-01
1.056553710500000065e+01,5.490000247955322266e-01,-4.860000014305114746e-01,-1.204899978637695312e+01,6.000000052154064178e-03,2.999999932944774628e-02,-2.700000070035457611e-02
1.057525801300000090e+01,5.490000247955322266e-01,-4.860000014305114746e-01,-1.204899978637695312e+01,6.000000052154064178e-03,2.999999932944774628e-02,-2.700000070035457611e-02
1.058424669800000117e+01,-2.319999933242797852e+00,-1.567999958992004395e+00,-9.703000068664550781e+00,-1.799999922513961792e-02,-4.999999888241291046e-03,-6.000000052154064178e-03
1.059695921600000013e+01,-2.319999933242797852e+00,-1.567999958992004395e+00,-9.703000068664550781e+00,-1.799999922513961792e-02,-4.999999888241291046e-03,-6.000000052154064178e-03
1.060451282700000064e+01,-4.040000140666961670e-01,-8.399999886751174927e-02,-1.737800025939941406e+01,-1.899999938905239105e-02,-1.110000014305114746e-01,3.420000076293945312e-01
1.061503106800000040e+01,-4.040000140666961670e-01,-8.399999886751174927e-02,-1.737800025939941406e+01,-1.899999938905239105e-02,-1.110000014305114746e-01,3.420000076293945312e-01
1.062384234599999999e+01,-2.405999898910522461e+00,-9.799999743700027466e-02,-1.431900024414062500e+01,-8.100000023841857910e-02,-1.000000047497451305e-03,2.610000073909759521e-01
1.063421901300000094e+01,-2.405999898910522461e+00,-9.799999743700027466e-02,-1.431900024414062500e+01,-8.100000023841857910e-02,-1.000000047497451305e-03,2.610000073909759521e-01
1.064447836400000114e+01,-2.927999973297119141e+00,1.822000026702880859e+00,-1.354300022125244141e+01,-7.000000216066837311e-03,1.300000026822090149e-02,2.639999985694885254e-01
1.065639114200000037e+01,-2.927999973297119141e+00,1.822000026702880859e+00,-1.354300022125244141e+01,-7.000000216066837311e-03,1.300000026822090149e-02,2.639999985694885254e-01
1.066427166100000079e+01,-8.209999799728393555e-01,1.289999961853027344e+00,-8.864999771118164062e+00,-1.300000026822090149e-02,1.169999986886978149e-01,4.999999888241291046e-03
1.067368482700000065e+01,-8.209999799728393555e-01,1.289999961853027344e+00,-8.864999771118164062e+00,-1.300000026822090149e-02,1.169999986886978149e-01,4.999999888241291046e-03
1.068477164200000118e+01,1.151999950408935547e+00,3.519999980926513672e-01,-1.248499965667724609e+01,3.000000026077032089e-03,5.400000140070915222e-02,-1.010000035166740417e-01
1.069593625300000106e+01,1.151999950408935547e+00,3.519999980926513672e-01,-1.248499965667724609e+01,3.000000026077032089e-03,5.400000140070915222e-02,-1.010000035166740417e-01
1.070357230900000012e+01,1.639999985694885254e+00,-1.904000043869018555e+00,-9.907999992370605469e+00,3.700000047683715820e-02,-2.500000037252902985e-02,-1.010000035166740417e-01
1.071600840099999985e+01,6.349999904632568359e-01,1.021999955177307129e+00,-8.687000274658203125e+00,4.000000189989805222e-03,-3.000000026077032089e-03,3.599999845027923584e-02
1.072494905000000109e+01,6.349999904632568359e-01,1.021999955177307129e+00,-8.687000274658203125e+00,4.000000189989805222e-03,-3.000000026077032089e-03,3.599999845027923584e-02
1.073479184600000025e+01,6.349999904632568359e-01,1.021999955177307129e+00,-8.687000274658203125e+00,4.000000189989805222e-03,-3.000000026077032089e-03,3.599999845027923584e-02
1.074515717900000134e+01,6.349999904632568359e-01,1.021999955177307129e+00,-8.687000274658203125e+00,4.000000189989805222e-03,-3.000000026077032089e-03,3.599999845027923584e-02
1.075518521600000099e+01,6.349999904632568359e-01,1.021999955177307129e+00,-8.687000274658203125e+00,4.000000189989805222e-03,-3.000000026077032089e-03,3.599999845027923584e-02
1.076749019800000085e+01,4.670000076293945312e-01,-3.000000026077032089e-03,-8.970000267028808594e+00,-3.000000026077032089e-03,2.199999988079071045e-02,1.140000000596046448e-01
1.077475688300000023e+01,4.670000076293945312e-01,-3.000000026077032089e-03,-8.970000267028808594e+00,-3.000000026077032089e-03,2.199999988079071045e-02,1.140000000596046448e-01
1.078577612399999985e+01,6.060000061988830566e-01,1.990000009536743164e-01,-9.840999603271484375e+00,-1.400000043213367462e-02,-2.000000094994902611e-03,6.899999827146530151e-02
1.079430336400000101e+01,6.060000061988830566e-01,1.990000009536743164e-01,-9.840999603271484375e+00,-1.400000043213367462e-02,-2.000000094994902611e-03,6.899999827146530151e-02
1.080589693800000006e+01,1.544999957084655762e+00,-9.990000128746032715e-01,-1.109599971771240234e+01,-2.700000070035457611e-02,-1.000000047497451305e-03,4.500000178813934326e-02
1.081756905000000124e+01,1.544999957084655762e+00,-9.990000128746032715e-01,-1.109599971771240234e+01,-2.700000070035457611e-02,-1.000000047497451305e-03,4.500000178813934326e-02
1.082699271600000124e+01,2.370000034570693970e-01,4.429999887943267822e-01,-7.500000000000000000e+00,-9.999999776482582092e-03,1.799999922513961792e-02,1.209999993443489075e-01
1.083536873500000119e+01,2.370000034570693970e-01,4.429999887943267822e-01,-7.500000000000000000e+00,-9.999999776482582092e-03,1.799999922513961792e-02,1.209999993443489075e-01
1.084493201200000101e+01,3.599999845027923584e-02,-4.329999983310699463e-01,-8.538999557495117188e+00,4.999999888241291046e-03,-6.800000369548797607e-02,8.200000226497650146e-02
1.086695721600000120e+01,3.599999845027923584e-02,-4.329999983310699463e-01,-8.538999557495117188e+00,4.999999888241291046e-03,-6.800000369548797607e-02,8.200000226497650146e-02
1.087612453100000032e+01,3.599999845027923584e-02,-4.329999983310699463e-01,-8.538999557495117188e+00,4.999999888241291046e-03,-6.800000369548797607e-02,8.200000226497650146e-02
1.088404023500000051e+01,1.118000030517578125e+00,-4.600000008940696716e-02,-1.038700008392333984e+01,8.999999612569808960e-03,3.799999877810478210e-02,5.000000074505805969e-02
1.089731673500000042e+01,1.118000030517578125e+00,-4.600000008940696716e-02,-1.038700008392333984e+01,8.999999612569808960e-03,3.799999877810478210e-02,5.000000074505805969e-02
1.090469192000000120e+01,-5.619999766349792480e-01,8.119999766349792480e-01,-1.110099983215332031e+01,-3.000000026077032089e-03,-1.200000010430812836e-02,8.100000023841857910e-02
1.092202795700000095e+01,-5.619999766349792480e-01,8.119999766349792480e-01,-1.110099983215332031e+01,-3.000000026077032089e-03,-1.200000010430812836e-02,8.100000023841857910e-02
1.092651610500000103e+01,1.468000054359436035e+00,-4.239999949932098389e-01,-1.292000007629394531e+01,-1.000000047497451305e-03,9.399999678134918213e-02,4.600000008940696716e-02
1.094101342000000088e+01,1.468000054359436035e+00,-4.239999949932098389e-01,-1.292000007629394531e+01,-1.000000047497451305e-03,9.399999678134918213e-02,4.600000008940696716e-02
1.094520154900000009e+01,8.360000252723693848e-01,1.088999986648559570e+00,-1.143599987030029297e+01,-1.200000010430812836e-02,2.500000037252902985e-02,6.700000166893005371e-02
1.095501353100000053e+01,8.360000252723693848e-01,1.088999986648559570e+00,-1.143599987030029297e+01,-1.200000010430812836e-02,2.500000037252902985e-02,6.700000166893005371e-02
1.096535838299999988e+01,3.379999995231628418e-01,-7.400000095367431641e-02,-1.403600025177001953e+01,-2.600000053644180298e-02,-6.800000369548797607e-02,7.999999821186065674e-02
1.097554523500000023e+01,3.379999995231628418e-01,-7.400000095367431641e-02,-1.403600025177001953e+01,-2.600000053644180298e-02,-6.800000369548797607e-02,7.999999821186065674e-02
1.098543104900000067e+01,-2.003999948501586914e+00,-2.861000061035156250e+00,-5.861999988555908203e+00,-2.000000094994902611e-03,-1.400000005960464478e-01,1.550000011920928955e-01
1.099999154900000065e+01,-2.003999948501586914e+00,-2.861000061035156250e+00,-5.861999988555908203e+00,-2.000000094994902611e-03,-1.400000005960464478e-01,1.550000011920928955e-01
1.100493325300000080e+01,-1.131999969482421875e+00,1.171000003814697266e+00,-9.956000328063964844e+00,-2.600000053644180298e-02,5.200000107288360596e-02,1.729999929666519165e-01
1.101812895700000006e+01,-1.131999969482421875e+00,1.171000003814697266e+00,-9.956000328063964844e+00,-2.600000053644180298e-02,5.200000107288360596e-02,1.729999929666519165e-01
1.102605973500000047e+01,6.439999938011169434e-01,-3.659999966621398926e-01,-1.042599964141845703e+01,-1.099999994039535522e-02,0.000000000000000000e+00,4.999999888241291046e-03
1.103368871600000034e+01,6.439999938011169434e-01,-3.659999966621398926e-01,-1.042599964141845703e+01,-1.099999994039535522e-02,0.000000000000000000e+00,4.999999888241291046e-03
1.104554236400000100e+01,7.350000143051147461e-01,-1.315000057220458984e+00,-1.015699958801269531e+01,8.999999612569808960e-03,3.500000014901161194e-02,-6.000000052154064178e-03
1.105382104900000151e+01,7.350000143051147461e-01,-1.315000057220458984e+00,-1.015699958801269531e+01,8.999999612569808960e-03,3.500000014901161194e-02,-6.000000052154064178e-03
1.106496423500000148e+01,2.610000073909759521e-01,3.810000121593475342e-01,-5.665999889373779297e+00,-9.999999776482582092e-03,-5.499999970197677612e-02,1.070000007748603821e-01
1.107596460500000113e+01,2.610000073909759521e-01,3.810000121593475342e-01,-5.665999889373779297e+00,-9.999999776482582092e-03,-5.499999970197677612e-02,1.070000007748603821e-01
1.108697290100000110e+01,-1.459999978542327881e-01,-9.219999909400939941e-01,-1.281000041961669922e+01,-2.400000020861625671e-02,-4.000000189989805222e-03,1.270000040531158447e-01
1.109500171600000051e+01,-1.459999978542327881e-01,-9.219999909400939941e-01,-1.281000041961669922e+01,-2.400000020861625671e-02,-4.000000189989805222e-03,1.270000040531158447e-01
1.111024553100000034e+01,-1.459999978542327881e-01,-9.219999909400939941e-01,-1.281000041961669922e+01,-2.400000020861625671e-02,-4.000000189989805222e-03,1.270000040531158447e-01
1.111490166000000102e+01,-1.459999978542327881e-01,-9.219999909400939941e-01,-1.281000041961669922e+01,-2.400000020861625671e-02,-4.000000189989805222e-03,1.270000040531158447e-01
1.112558464200000152e+01,-2.933000087738037109e+00,7.300000190734863281e-01,-4.166999816894531250e+00,-4.399999976158142090e-02,-5.099999904632568359e-02,1.299999952316284180e-01
1.113430369700000000e+01,-2.933000087738037109e+00,7.300000190734863281e-01,-4.166999816894531250e+00,-4.399999976158142090e-02,-5.099999904632568359e-02,1.299999952316284180e-01
1.114562280900000069e+01,-1.519999980926513672e+00,-7.689999938011169434e-01,-6.283999919891357422e+00,1.700000092387199402e-02,2.700000070035457611e-02,3.580000102519989014e-01
1.115414090099999989e+01,-1.519999980926513672e+00,-7.689999938011169434e-01,-6.283999919891357422e+00,1.700000092387199402e-02,2.700000070035457611e-02,3.580000102519989014e-01
1.117038236399999995e+01,4.429999887943267822e-01,2.161999940872192383e+00,-9.333999633789062500e+00,-2.999999932944774628e-02,1.389999985694885254e-01,1.019999980926513672e-01
1.117400832700000102e+01,4.429999887943267822e-01,2.161999940872192383e+00,-9.333999633789062500e+00,-2.999999932944774628e-02,1.389999985694885254e-01,1.019999980926513672e-01
1.118433086400000143e+01,1.559000015258789062e+00,-9.509999752044677734e-01,-1.347599983215332031e+01,-5.099999904632568359e-02,1.239999979734420776e-01,-0.000000000000000000e+00
1.119796079000000155e+01,1.559000015258789062e+00,-9.509999752044677734e-01,-1.347599983215332031e+01,-5.099999904632568359e-02,1.239999979734420776e-01,-0.000000000000000000e+00
1.120527764200000043e+01,7.779999971389770508e-01,-2.600000053644180298e-02,-9.711999893188476562e+00,-1.999999955296516418e-02,-8.500000089406967163e-02,2.600000053644180298e-02
1.121400321600000005e+01,7.779999971389770508e-01,-2.600000053644180298e-02,-9.711999893188476562e+00,-1.999999955296516418e-02,-8.500000089406967163e-02,2.600000053644180298e-02
1.122402173400000081e+01,1.315000057220458984e+00,7.900000363588333130e-02,-1.037800025939941406e+01,-2.099999971687793732e-02,3.999999910593032837e-02,9.000000357627868652e-02
1.123399054900000138e+01,1.315000057220458984e+00,7.900000363588333130e-02,-1.037800025939941406e+01,-2.099999971687793732e-02,3.999999910593032837e-02,9.000000357627868652e-02
1.124817579000000123e+01,4.860000014305114746e-01,-3.759999871253967285e-01,-9.003000259399414062e+00,-3.500000014901161194e-02,-6.400000303983688354e-02,1.059999987483024597e-01
1.125427782700000101e+01,4.860000014305114746e-01,-3.759999871253967285e-01,-9.003000259399414062e+00,-3.500000014901161194e-02,-6.400000303983688354e-02,1.059999987483024597e-01
1.126384501200000088e+01,4.860000014305114746e-01,-3.759999871253967285e-01,-9.003000259399414062e+00,-3.500000014901161194e-02,-6.400000303983688354e-02,1.059999987483024597e-01
1.127667225300000098e+01,4.860000014305114746e-01,-3.759999871253967285e-01,-9.003000259399414062e+00,-3.500000014901161194e-02,-6.400000303983688354e-02,1.059999987483024597e-01
1.128481238300000022e+01,8.550000190734863281e-01,1.720999956130981445e+00,-8.461999893188476562e+00,4.999999888241291046e-03,-3.700000047683715820e-02,2.849999964237213135e-01
1.129803938300000077e+01,8.550000190734863281e-01,1.720999956130981445e+00,-8.461999893188476562e+00,4.999999888241291046e-03,-3.700000047683715820e-02,2.849999964237213135e-01
1.131005625300000084e+01,1.802999973297119141e+00,-6.499999761581420898e-02,-9.166000366210937500e+00,1.400000043213367462e-02,8.900000154972076416e-02,6.199999898672103882e-02
1.132182147500000013e+01,1.802999973297119141e+00,-6.499999761581420898e-02,-9.166000366210937500e+00,1.400000043213367462e-02,8.900000154972076416e-02,6.199999898672103882e-02
1.133498695699999992e+01,9.459999799728393555e-01,-5.099999904632568359e-01,-8.510000228881835938e+00,1.000000047497451305e-03,-8.900000154972076416e-02,-3.000000026077032089e-03
1.134392362300000023e+01,6.679999828338623047e-01,4.860000014305114746e-01,-1.092800045013427734e+01,-4.000000189989805222e-03,-2.000000094994902611e-03,2.800000086426734924e-02
1.135676230800000042e+01,6.679999828338623047e-01,4.860000014305114746e-01,-1.092800045013427734e+01,-4.000000189989805222e-03,-2.000000094994902611e-03,2.800000086426734924e-02
1.137027192000000042e+01,-1.650000065565109253e-01,-6.150000095367431641e-01,-9.017999649047851562e+00,-2.899999916553497314e-02,-2.000000094994902611e-03,9.200000017881393433e-02
1.138383269700000078e+01,8.840000033378601074e-01,4.429999887943267822e-01,-1.072299957275390625e+01,-4.999999888241291046e-03,-5.400000140070915222e-02,1.630000025033950806e-01
1.138427566000000013e+01,8.840000033378601074e-01,4.429999887943267822e-01,-1.072299957275390625e+01,-4.999999888241291046e-03,-5.400000140070915222e-02,1.630000025033950806e-01
1.139422690100000146e+01,8.840000033378601074e-01,4.429999887943267822e-01,-1.072299957275390625e+01,-4.999999888241291046e-03,-5.400000140070915222e-02,1.630000025033950806e-01
1.140545151200000085e+01,6.489999890327453613e-01,4.569999873638153076e-01,-8.467000007629394531e+00,-9.999999776482582092e-03,5.099999904632568359e-02,2.199999988079071045e-02
1.141644654900000155e+01,6.489999890327453613e-01,4.569999873638153076e-01,-8.467000007629394531e+00,-9.999999776482582092e-03,5.099999904632568359e-02,2.199999988079071045e-02
1.142373458600000014e+01,-6.959999799728393555e-01,-5.920000076293945312e-01,-7.480999946594238281e+00,-9.999999776482582092e-03,9.999999776482582092e-03,3.799999877810478210e-02
1.143427453100000157e+01,-6.959999799728393555e-01,-5.920000076293945312e-01,-7.480999946594238281e+00,-9.999999776482582092e-03,9.999999776482582092e-03,3.799999877810478210e-02
1.144576847500000127e+01,-6.959999799728393555e-01,-5.920000076293945312e-01,-7.480999946594238281e+00,-9.999999776482582092e-03,9.999999776482582092e-03,3.799999877810478210e-02
1.145442858600000058e+01,-6.959999799728393555e-01,-5.920000076293945312e-01,-7.480999946594238281e+00,-9.999999776482582092e-03,9.999999776482582092e-03,3.799999877810478210e-02
1.146404525300000010e+01,-1.093999981880187988e+00,-6.679999828338623047e-01,-9.381999969482421875e+00,-2.600000053644180298e-02,-2.099999971687793732e-02,1.230000033974647522e-01
1.147716958600000048e+01,-1.093999981880187988e+00,-6.679999828338623047e-01,-9.381999969482421875e+00,-2.600000053644180298e-02,-2.099999971687793732e-02,1.230000033974647522e-01
1.149005217900000098e+01,1.138000011444091797e+00,-2.305999994277954102e+00,-1.417500019073486328e+01,3.200000151991844177e-02,-1.040000021457672119e-01,2.809999883174896240e-01
1.149644491899999998e+01,1.138000011444091797e+00,-2.305999994277954102e+00,-1.417500019073486328e+01,3.200000151991844177e-02,-1.040000021457672119e-01,2.809999883174896240e-01
1.150543879000000125e+01,-4.329999983310699463e-01,8.590000271797180176e-01,-1.345199966430664062e+01,-1.799999922513961792e-02,9.700000286102294922e-02,3.499999940395355225e-01
1.151614688200000103e+01,-4.329999983310699463e-01,8.590000271797180176e-01,-1.345199966430664062e+01,-1.799999922513961792e-02,9.700000286102294922e-02,3.499999940395355225e-01
1.152463914199999984e+01,6.629999876022338867e-01,1.707000017166137695e+00,-1.037300014495849609e+01,-1.700000092387199402e-02,1.799999922513961792e-02,1.990000009536743164e-01
1.153542923400000042e+01,6.629999876022338867e-01,1.707000017166137695e+00,-1.037300014495849609e+01,-1.700000092387199402e-02,1.799999922513961792e-02,1.990000009536743164e-01
1.154540284499999991e+01,-1.083999991416931152e+00,4.329999983310699463e-01,-6.618999958038330078e+00,-7.000000216066837311e-03,1.499999966472387314e-02,4.600000008940696716e-02
1.156048177100000096e+01,-1.083999991416931152e+00,4.329999983310699463e-01,-6.618999958038330078e+00,-7.000000216066837311e-03,1.499999966472387314e-02,4.600000008940696716e-02
1.157062354900000045e+01,4.480000138282775879e-01,1.128000020980834961e+00,-1.463000011444091797e+01,-3.000000026077032089e-03,-6.599999964237213135e-02,-1.529999971389770508e-01
1.157438686400000094e+01,4.480000138282775879e-01,1.128000020980834961e+00,-1.463000011444091797e+01,-3.000000026077032089e-03,-6.599999964237213135e-02,-1.529999971389770508e-01
1.158620738200000133e+01,-2.516000032424926758e+00,2.610000073909759521e-01,-5.426000118255615234e+00,-1.200000010430812836e-02,-1.059999987483024597e-01,5.499999970197677612e-02
1.160142638200000142e+01,-2.516000032424926758e+00,2.610000073909759521e-01,-5.426000118255615234e+00,-1.200000010430812836e-02,-1.059999987483024597e-01,5.499999970197677612e-02
1.160407740100000140e+01,-7.000000216066837311e-03,-1.439000010490417480e+00,-1.176200008392333984e+01,2.199999988079071045e-02,1.159999966621398926e-01,1.589999943971633911e-01
1.161711684499999997e+01,-7.000000216066837311e-03,-1.439000010490417480e+00,-1.176200008392333984e+01,2.199999988079071045e-02,1.159999966621398926e-01,1.589999943971633911e-01
1.162510673400000094e+01,7.879999876022338867e-01,8.500000238418579102e-01,-1.211600017547607422e+01,1.400000043213367462e-02,5.400000140070915222e-02,5.799999833106994629e-02
1.163455673400000023e+01,7.879999876022338867e-01,8.500000238418579102e-01,-1.211600017547607422e+01,1.400000043213367462e-02,5.400000140070915222e-02,5.799999833106994629e-02
1.164461679000000061e+01,1.955999970436096191e+00,3.659999966621398926e-01,-9.564000129699707031e+00,1.099999994039535522e-02,3.299999982118606567e-02,-4.800000041723251343e-02
1.165749864200000019e+01,1.955999970436096191e+00,3.659999966621398926e-01,-9.564000129699707031e+00,1.099999994039535522e-02,3.299999982118606567e-02,-4.800000041723251343e-02
1.166398732700000096e+01,2.469999939203262329e-01,-1.609999984502792358e-01,-9.237999916076660156e+00,-1.200000010430812836e-02,-2.700000070035457611e-02,-1.400000043213367462e-02
1.168223791900000030e+01,2.469999939203262329e-01,-1.609999984502792358e-01,-9.237999916076660156e+00,-1.200000010430812836e-02,-2.700000070035457611e-02,-1.400000043213367462e-02
1.168675282700000118e+01,9.509999752044677734e-01,1.650000065565109253e-01,-9.956000328063964844e+00,-3.599999845027923584e-02,-4.699999839067459106e-02,8.600000292062759399e-02
1.169653143800000095e+01,9.509999752044677734e-01,1.650000065565109253e-01,-9.956000328063964844e+00,-3.599999845027923584e-02,-4.699999839067459106e-02,8.600000292062759399e-02
1.170632106800000116e+01,2.329999953508377075e-01,3.140000104904174805e-01,-9.175999641418457031e+00,-4.100000113248825073e-02,2.099999971687793732e-02,1.539999991655349731e-01
1.171502797499999993e+01,2.329999953508377075e-01,3.140000104904174805e-01,-9.175999641418457031e+00,-4.100000113248825073e-02,2.099999971687793732e-02,1.539999991655349731e-01
1.173060130800000067e+01,5.529999732971191406e-01,1.120000034570693970e-01,-9.659000396728515625e+00,1.899999938905239105e-02,-3.799999877810478210e-02,1.500000059604644775e-01
1.173415904900000051e+01,5.529999732971191406e-01,1.120000034570693970e-01,-9.659000396728515625e+00,1.899999938905239105e-02,-3.799999877810478210e-02,1.500000059604644775e-01
1.174523034500000129e+01,1.070999979972839355e+00,9.799999743700027466e-02,-1.062699985504150391e+01,1.099999994039535522e-02,7.500000298023223877e-02,3.900000080466270447e-02
1.175697477100000121e+01,1.070999979972839355e+00,9.799999743700027466e-02,-1.062699985504150391e+01,1.099999994039535522e-02,7.500000298023223877e-02,3.900000080466270447e-02
1.176367951200000128e+01,-8.309999704360961914e-01,-1.146999955177307129e+00,-8.352000236511230469e+00,-3.700000047683715820e-02,-3.999999910593032837e-02,7.400000095367431641e-02
1.177389388200000120e+01,-8.309999704360961914e-01,-1.146999955177307129e+00,-8.352000236511230469e+00,-3.700000047683715820e-02,-3.999999910593032837e-02,7.400000095367431641e-02
1.178432810400000008e+01,-9.549999833106994629e-01,-2.052000045776367188e+00,-1.004300022125244141e+01,-2.999999932944774628e-02,-1.999999955296516418e-02,2.140000015497207642e-01
1.179560614200000046e+01,-9.549999833106994629e-01,-2.052000045776367188e+00,-1.004300022125244141e+01,-2.999999932944774628e-02,-1.999999955296516418e-02,2.140000015497207642e-01
1.180399651200000122e+01,-1.865000009536743164e+00,3.899999856948852539e-01,-1.100000000000000000e+01,-4.600000008940696716e-02,4.100000113248825073e-02,2.160000056028366089e-01
1.181596291900000040e+01,-1.865000009536743164e+00,3.899999856948852539e-01,-1.100000000000000000e+01,-4.600000008940696716e-02,4.100000113248825073e-02,2.160000056028366089e-01
1.182428338200000084e+01,-1.865000009536743164e+00,3.899999856948852539e-01,-1.100000000000000000e+01,-4.600000008940696716e-02,4.100000113248825073e-02,2.160000056028366089e-01
1.183392221600000127e+01,-1.970000028610229492e+00,9.300000220537185669e-02,-5.814000129699707031e+00,-3.700000047683715820e-02,5.999999865889549255e-02,4.500000178813934326e-02
1.184403329000000049e+01,-1.970000028610229492e+00,9.300000220537185669e-02,-5.814000129699707031e+00,-3.700000047683715820e-02,5.999999865889549255e-02,4.500000178813934326e-02
1.185698003000000078e+01,-1.970000028610229492e+00,9.300000220537185669e-02,-5.814000129699707031e+00,-3.700000047683715820e-02,5.999999865889549255e-02,4.500000178813934326e-02
1.186584653000000067e+01,-8.309999704360961914e-01,4.329999983310699463e-01,-6.815000057220458984e+00,-2.000000094994902611e-03,0.000000000000000000e+00,1.729999929666519165e-01
1.187516153000000152e+01,-8.309999704360961914e-01,4.329999983310699463e-01,-6.815000057220458984e+00,-2.000000094994902611e-03,0.000000000000000000e+00,1.729999929666519165e-01
1.188431734500000125e+01,8.169999718666076660e-01,1.870000004768371582e+00,-1.370100021362304688e+01,2.000000094994902611e-03,9.000000357627868652e-02,7.500000298023223877e-02
1.189740136400000026e+01,8.169999718666076660e-01,1.870000004768371582e+00,-1.370100021362304688e+01,2.000000094994902611e-03,9.000000357627868652e-02,7.500000298023223877e-02
1.190380408600000095e+01,1.103999972343444824e+00,-2.849999964237213135e-01,-8.496000289916992188e+00,-1.300000026822090149e-02,-1.600000075995922089e-02,-2.700000070035457611e-02
1.191499777100000124e+01,1.103999972343444824e+00,-2.849999964237213135e-01,-8.496000289916992188e+00,-1.300000026822090149e-02,-1.600000075995922089e-02,-2.700000070035457611e-02
1.192597801200000163e+01,5.049999952316284180e-01,1.083999991416931152e+00,-1.017700004577636719e+01,-1.099999994039535522e-02,-1.099999994039535522e-02,9.899999946355819702e-02
1.193661025300000134e+01,5.049999952316284180e-01,1.083999991416931152e+00,-1.017700004577636719e+01,-1.099999994039535522e-02,-1.099999994039535522e-02,9.899999946355819702e-02
1.194528595600000109e+01,1.218999981880187988e+00,-1.169999986886978149e-01,-1.092399978637695312e+01,-1.300000026822090149e-02,1.300000026822090149e-02,1.070000007748603821e-01
1.195564204900000149e+01,-1.889999955892562866e-01,-2.179999947547912598e-01,-9.798000335693359375e+00,-1.700000092387199402e-02,-5.299999937415122986e-02,8.900000154972076416e-02
1.196525158600000083e+01,-1.889999955892562866e-01,-2.179999947547912598e-01,-9.798000335693359375e+00,-1.700000092387199402e-02,-5.299999937415122986e-02,8.900000154972076416e-02
1.197899566000000071e+01,-1.889999955892562866e-01,-2.179999947547912598e-01,-9.798000335693359375e+00,-1.700000092387199402e-02,-5.299999937415122986e-02,8.900000154972076416e-02
1.198458275300000153e+01,-1.889999955892562866e-01,-2.179999947547912598e-01,-9.798000335693359375e+00,-1.700000092387199402e-02,-5.299999937415122986e-02,8.900000154972076416e-02
1.199529204900000146e+01,8.650000095367431641e-01,-5.920000076293945312e-01,-1.000399971008300781e+01,-7.000000216066837311e-03,1.300000026822090149e-02,1.140000000596046448e-01
1.200629604900000125e+01,-3.799999952316284180e-01,-4.239999949932098389e-01,-8.251999855041503906e+00,-3.200000151991844177e-02,6.400000303983688354e-02,8.200000226497650146e-02
1.201611538200000062e+01,-3.799999952316284180e-01,-4.239999949932098389e-01,-8.251999855041503906e+00,-3.200000151991844177e-02,6.400000303983688354e-02,8.200000226497650146e-02
1.203141954900000066e+01,7.979999780654907227e-01,1.200000010430812836e-02,-1.007600021362304688e+01,4.999999888241291046e-03,-3.900000080466270447e-02,1.469999998807907104e-01
1.203424821500000164e+01,7.979999780654907227e-01,1.200000010430812836e-02,-1.007600021362304688e+01,4.999999888241291046e-03,-3.900000080466270447e-02,1.469999998807907104e-01
1.204530388200000068e+01,7.979999780654907227e-01,1.200000010430812836e-02,-1.007600021362304688e+01,4.999999888241291046e-03,-3.900000080466270447e-02,1.469999998807907104e-01
1.205401090100000161e+01,7.979999780654907227e-01,1.200000010430812836e-02,-1.007600021362304688e+01,4.999999888241291046e-03,-3.900000080466270447e-02,1.469999998807907104e-01
1.206502180800000090e+01,-2.444000005722045898e+00,-1.429000020027160645e+00,-8.711000442504882812e+00,-4.100000113248825073e-02,-8.799999952316284180e-02,8.100000023841857910e-02
1.207635514100000051e+01,-2.444000005722045898e+00,-1.429000020027160645e+00,-8.711000442504882812e+00,-4.100000113248825073e-02,-8.799999952316284180e-02,8.100000023841857910e-02
1.208446110400000073e+01,-1.960999965667724609e+00,-6.389999985694885254e-01,-5.388000011444091797e+00,3.700000047683715820e-02,-3.000000026077032089e-03,3.880000114440917969e-01
1.209717923400000039e+01,-1.960999965667724609e+00,-6.389999985694885254e-01,-5.388000011444091797e+00,3.700000047683715820e-02,-3.000000026077032089e-03,3.880000114440917969e-01
1.210403812300000048e+01,1.195000052452087402e+00,-3.766000032424926758e+00,-8.376000404357910156e+00,-8.000000379979610443e-03,3.500000014901161194e-02,3.210000097751617432e-01
1.211366599300000146e+01,1.195000052452087402e+00,-3.766000032424926758e+00,-8.376000404357910156e+00,-8.000000379979610443e-03,3.500000014901161194e-02,3.210000097751617432e-01
1.212650204900000084e+01,-1.600000075995922089e-02,-9.459999799728393555e-01,-1.430900001525878906e+01,-8.999999612569808960e-03,8.000000379979610443e-03,3.059999942779541016e-01
1.213593960400000071e+01,-1.600000075995922089e-02,-9.459999799728393555e-01,-1.430900001525878906e+01,-8.999999612569808960e-03,8.000000379979610443e-03,3.059999942779541016e-01
1.214424762300000005e+01,1.840999960899353027e+00,-4.569999873638153076e-01,-1.272900009155273438e+01,8.000000379979610443e-03,7.000000029802322388e-02,8.600000292062759399e-02
1.215516849300000146e+01,1.840999960899353027e+00,-4.569999873638153076e-01,-1.272900009155273438e+01,8.000000379979610443e-03,7.000000029802322388e-02,8.600000292062759399e-02
1.216656314100000102e+01,1.840999960899353027e+00,-4.569999873638153076e-01,-1.272900009155273438e+01,8.000000379979610443e-03,7.000000029802322388e-02,8.600000292062759399e-02
1.218055278900000005e+01,1.840999960899353027e+00,-4.569999873638153076e-01,-1.272900009155273438e+01,8.000000379979610443e-03,7.000000029802322388e-02,8.600000292062759399e-02
1.218414988200000160e+01,3.089999854564666748e-01,7.210000157356262207e-01,-9.128000259399414062e+00,-1.099999994039535522e-02,-2.500000037252902985e-02,5.200000107288360596e-02
1.219486060400000049e+01,3.089999854564666748e-01,7.210000157356262207e-01,-9.128000259399414062e+00,-1.099999994039535522e-02,-2.500000037252902985e-02,5.200000107288360596e-02
1.220503717800000132e+01,7.350000143051147461e-01,-1.030000001192092896e-01,-1.026799964904785156e+01,-3.400000184774398804e-02,4.899999871850013733e-02,1.140000000596046448e-01
1.221755151200000000e+01,7.350000143051147461e-01,-1.030000001192092896e-01,-1.026799964904785156e+01,-3.400000184774398804e-02,4.899999871850013733e-02,1.140000000596046448e-01
1.222631275200000012e+01,-3.370000123977661133e-01,-6.299999952316284180e-01,-9.984999656677246094e+00,-2.600000053644180298e-02,-9.600000083446502686e-02,1.159999966621398926e-01
1.223531271500000095e+01,-3.370000123977661133e-01,-6.299999952316284180e-01,-9.984999656677246094e+00,-2.600000053644180298e-02,-9.600000083446502686e-02,1.159999966621398926e-01
1.224544817800000018e+01,1.463000059127807617e+00,3.659999966621398926e-01,-1.220199966430664062e+01,-3.900000080466270447e-02,-1.000000047497451305e-03,1.019999980926513672e-01
1.225618349299999998e+01,1.463000059127807617e+00,3.659999966621398926e-01,-1.220199966430664062e+01,-3.900000080466270447e-02,-1.000000047497451305e-03,1.019999980926513672e-01
1.226753595600000146e+01,4.819999933242797852e-01,1.195000052452087402e+00,-7.280000209808349609e+00,-4.000000189989805222e-03,2.400000020861625671e-02,1.089999973773956299e-01
1.227467143800000038e+01,4.819999933242797852e-01,1.195000052452087402e+00,-7.280000209808349609e+00,-4.000000189989805222e-03,2.400000020861625671e-02,1.089999973773956299e-01
1.229037271500000017e+01,5.680000185966491699e-01,-2.520000040531158447e-01,-1.089000034332275391e+01,4.999999888241291046e-03,-2.400000020861625671e-02,7.100000232458114624e-02
1.229751575200000069e+01,5.680000185966491699e-01,-2.520000040531158447e-01,-1.089000034332275391e+01,4.999999888241291046e-03,-2.400000020861625671e-02,7.100000232458114624e-02
1.230565056700000071e+01,8.690000176429748535e-01,-4.600000008940696716e-02,-9.942000389099121094e+00,-8.999999612569808960e-03,3.500000014901161194e-02,8.600000292062759399e-02
1.231680671500000024e+01,8.690000176429748535e-01,-4.600000008940696716e-02,-9.942000389099121094e+00,-8.999999612569808960e-03,3.500000014901161194e-02,8.600000292062759399e-02
1.232499906700000025e+01,8.889999985694885254e-01,-3.950000107288360596e-01,-1.005200004577636719e+01,9.999999776482582092e-03,2.899999916553497314e-02,1.099999994039535522e-02
1.233757188200000066e+01,8.889999985694885254e-01,-3.950000107288360596e-01,-1.005200004577636719e+01,9.999999776482582092e-03,2.899999916553497314e-02,1.099999994039535522e-02
1.234754414100000020e+01,8.889999985694885254e-01,-3.950000107288360596e-01,-1.005200004577636719e+01,9.999999776482582092e-03,2.899999916553497314e-02,1.099999994039535522e-02
1.235407132600000146e+01,8.889999985694885254e-01,-3.950000107288360596e-01,-1.005200004577636719e+01,9.999999776482582092e-03,2.899999916553497314e-02,1.099999994039535522e-02
1.236542745600000082e+01,6.439999938011169434e-01,-4.480000138282775879e-01,-1.043000030517578125e+01,-7.000000216066837311e-03,-5.700000002980232239e-02,6.199999898672103882e-02
1.237452967800000003e+01,6.439999938011169434e-01,-4.480000138282775879e-01,-1.043000030517578125e+01,-7.000000216066837311e-03,-5.700000002980232239e-02,6.199999898672103882e-02
1.238448934500000043e+01,3.140000104904174805e-01,-1.774000048637390137e+00,-1.269099998474121094e+01,-2.800000086426734924e-02,-8.299999684095382690e-02,1.340000033378601074e-01
1.239492793700000028e+01,3.140000104904174805e-01,-1.774000048637390137e+00,-1.269099998474121094e+01,-2.800000086426734924e-02,-8.299999684095382690e-02,1.340000033378601074e-01
1.240503582600000065e+01,-2.032000064849853516e+00,-1.610999941825866699e+00,-5.995999813079833984e+00,-2.099999971687793732e-02,-1.700000092387199402e-02,1.739999949932098389e-01
1.242485864100000015e+01,-2.939999997615814209e-01,8.740000128746032715e-01,-9.381999969482421875e+00,-2.300000004470348358e-02,1.389999985694885254e-01,8.799999952316284180e-02
1.243490327100000137e+01,-2.939999997615814209e-01,8.740000128746032715e-01,-9.381999969482421875e+00,-2.300000004470348358e-02,1.389999985694885254e-01,8.799999952316284180e-02
1.243514082600000137e+01,-2.939999997615814209e-01,8.740000128746032715e-01,-9.381999969482421875e+00,-2.300000004470348358e-02,1.389999985694885254e-01,8.799999952316284180e-02
1.244408521500000120e+01,-1.070000007748603821e-01,5.529999732971191406e-01,-1.144999980926513672e+01,-5.000000074505805969e-02,8.500000089406967163e-02,-9.999999776482582092e-03
1.245491253000000142e+01,-1.070000007748603821e-01,5.529999732971191406e-01,-1.144999980926513672e+01,-5.000000074505805969e-02,8.500000089406967163e-02,-9.999999776482582092e-03
1.246561317799999991e+01,3.089999854564666748e-01,-7.639999985694885254e-01,-6.690999984741210938e+00,-2.500000037252902985e-02,-7.699999958276748657e-02,1.299999952316284180e-01
1.247624369700000102e+01,3.089999854564666748e-01,-7.639999985694885254e-01,-6.690999984741210938e+00,-2.500000037252902985e-02,-7.699999958276748657e-02,1.299999952316284180e-01
1.248442560400000012e+01,-9.499999880790710449e-01,-5.529999732971191406e-01,-1.300699996948242188e+01,3.000000026077032089e-03,-2.000000094994902611e-03,1.909999996423721313e-01
1.249476080800000055e+01,-5.379999876022338867e-01,1.030000001192092896e-01,-1.131599998474121094e+01,4.000000189989805222e-03,9.999999776482582092e-03,1.700000092387199402e-02
1.250499869700000133e+01,-5.379999876022338867e-01,1.030000001192092896e-01,-1.131599998474121094e+01,4.000000189989805222e-03,9.999999776482582092e-03,1.700000092387199402e-02
1.251572373400000160e+01,-5.379999876022338867e-01,1.030000001192092896e-01,-1.131599998474121094e+01,4.000000189989805222e-03,9.999999776482582092e-03,1.700000092387199402e-02
1.252525125200000033e+01,-9.359999895095825195e-01,-2.230000048875808716e-01,-9.434000015258789062e+00,4.999999888241291046e-03,-1.300000026822090149e-02,2.400000020861625671e-02
1.253421490000000027e+01,-9.359999895095825195e-01,-2.230000048875808716e-01,-9.434000015258789062e+00,4.999999888241291046e-03,-1.300000026822090149e-02,2.400000020861625671e-02
1.254776945600000104e+01,9.359999895095825195e-01,-1.875000000000000000e+00,-1.026299953460693359e+01,-3.099999949336051941e-02,5.600000172853469849e-02,5.099999904632568359e-02
1.256184082600000096e+01,9.359999895095825195e-01,-1.875000000000000000e+00,-1.026299953460693359e+01,-3.099999949336051941e-02,5.600000172853469849e-02,5.099999904632568359e-02
1.256981767800000149e+01,9.359999895095825195e-01,-1.875000000000000000e+00,-1.026299953460693359e+01,-3.099999949336051941e-02,5.600000172853469849e-02,5.099999904632568359e-02
1.257821593700000129e+01,9.359999895095825195e-01,-1.875000000000000000e+00,-1.026299953460693359e+01,-3.099999949336051941e-02,5.600000172853469849e-02,5.099999904632568359e-02
1.258642395600000086e+01,1.549000024795532227e+00,-1.459999978542327881e-01,-8.654000282287597656e+00,-1.700000092387199402e-02,-5.499999970197677612e-02,1.250000000000000000e-01
1.259824440000000045e+01,1.549000024795532227e+00,-1.459999978542327881e-01,-8.654000282287597656e+00,-1.700000092387199402e-02,-5.499999970197677612e-02,1.250000000000000000e-01
1.260549566000000077e+01,-3.659999966621398926e-01,-1.276000022888183594e+00,-9.626000404357910156e+00,-1.099999994039535522e-02,-2.500000037252902985e-02,9.200000017881393433e-02
1.262608754800000099e+01,-3.659999966621398926e-01,-1.276000022888183594e+00,-9.626000404357910156e+00,-1.099999994039535522e-02,-2.500000037252902985e-02,9.200000017881393433e-02
1.262927191900000068e+01,3.379999995231628418e-01,8.830000162124633789e-01,-1.052600002288818359e+01,-2.500000037252902985e-02,-2.099999971687793732e-02,1.620000004768371582e-01
1.263750947400000157e+01,1.013000011444091797e+00,-1.129999980330467224e-01,-7.854000091552734375e+00,3.000000026077032089e-03,3.200000151991844177e-02,5.600000172853469849e-02
1.265095584500000037e+01,1.013000011444091797e+00,-1.129999980330467224e-01,-7.854000091552734375e+00,3.000000026077032089e-03,3.200000151991844177e-02,5.600000172853469849e-02
1.266077814100000154e+01,1.013000011444091797e+00,-1.129999980330467224e-01,-7.854000091552734375e+00,3.000000026077032089e-03,3.200000151991844177e-02,5.600000172853469849e-02
1.266374197400000057e+01,2.469999939203262329e-01,-1.800000071525573730e-01,-6.806000232696533203e+00,1.200000010430812836e-02,1.999999955296516418e-02,5.999999865889549255e-02
1.267707915999999990e+01,2.469999939203262329e-01,-1.800000071525573730e-01,-6.806000232696533203e+00,1.200000010430812836e-02,1.999999955296516418e-02,5.999999865889549255e-02
1.268596486300000059e+01,-2.509999871253967285e-01,1.266000032424926758e+00,-1.071300029754638672e+01,-2.400000020861625671e-02,-1.999999955296516418e-02,1.630000025033950806e-01
1.269795430799999991e+01,-2.509999871253967285e-01,1.266000032424926758e+00,-1.071300029754638672e+01,-2.400000020861625671e-02,-1.999999955296516418e-02,1.630000025033950806e-01
1.270681812200000138e+01,4.959999918937683105e-01,2.939999997615814209e-01,-8.682999610900878906e+00,8.000000379979610443e-03,4.300000146031379700e-02,2.249999940395355225e-01
1.271714804800000032e+01,4.959999918937683105e-01,2.939999997615814209e-01,-8.682999610900878906e+00,8.000000379979610443e-03,4.300000146031379700e-02,2.249999940395355225e-01
1.272967151100000116e+01,4.959999918937683105e-01,2.939999997615814209e-01,-8.682999610900878906e+00,8.000000379979610443e-03,4.300000146031379700e-02,2.249999940395355225e-01
1.273999156700000057e+01,4.959999918937683105e-01,2.939999997615814209e-01,-8.682999610900878906e+00,8.000000379979610443e-03,4.300000146031379700e-02,2.249999940395355225e-01
1.275316758499999992e+01,2.199999988079071045e-02,-5.999999865889549255e-02,-1.013799953460693359e+01,1.999999955296516418e-02,-1.209999993443489075e-01,1.309999972581863403e-01
1.275721628900000049e+01,-1.146999955177307129e+00,8.399999886751174927e-02,-6.876999855041503906e+00,-3.000000026077032089e-03,4.800000041723251343e-02,4.300000146031379700e-02
1.276935369700000145e+01,-1.146999955177307129e+00,8.399999886751174927e-02,-6.876999855041503906e+00,-3.000000026077032089e-03,4.800000041723251343e-02,4.300000146031379700e-02
1.277876480800000003e+01,-1.146999955177307129e+00,8.399999886751174927e-02,-6.876999855041503906e+00,-3.000000026077032089e-03,4.800000041723251343e-02,4.300000146031379700e-02
1.278628825200000030e+01,1.261999964714050293e+00,-1.511000037193298340e+00,-9.654999732971191406e+00,-1.000000047497451305e-03,1.700000092387199402e-02,1.630000025033950806e-01
1.279776393700000092e+01,1.261999964714050293e+00,-1.511000037193298340e+00,-9.654999732971191406e+00,-1.000000047497451305e-03,1.700000092387199402e-02,1.630000025033950806e-01
1.281143019600000166e+01,1.195000052452087402e+00,-1.161000013351440430e+00,-1.116800022125244141e+01,-2.000000094994902611e-03,5.900000035762786865e-02,4.399999976158142090e-02
1.283473160400000168e+01,5.490000247955322266e-01,4.050000011920928955e-01,-8.687000274658203125e+00,-1.499999966472387314e-02,-3.500000014901161194e-02,7.400000095367431641e-02
1.283701453000000114e+01,5.490000247955322266e-01,4.050000011920928955e-01,-8.687000274658203125e+00,-1.499999966472387314e-02,-3.500000014901161194e-02,7.400000095367431641e-02
1.285057382600000153e+01,5.490000247955322266e-01,4.050000011920928955e-01,-8.687000274658203125e+00,-1.499999966472387314e-02,-3.500000014901161194e-02,7.400000095367431641e-02
1.285830375200000120e+01,5.490000247955322266e-01,4.050000011920928955e-01,-8.687000274658203125e+00,-1.499999966472387314e-02,-3.500000014901161194e-02,7.400000095367431641e-02
1.287077830800000022e+01,-1.509999990463256836e+00,1.360000073909759521e-01,-6.355000019073486328e+00,-5.999999865889549255e-02,-1.140000000596046448e-01,3.000000119209289551e-01
1.287612182600000033e+01,-1.509999990463256836e+00,1.360000073909759521e-01,-6.355000019073486328e+00,-5.999999865889549255e-02,-1.140000000596046448e-01,3.000000119209289551e-01
1.288677288200000071e+01,-1.509999990463256836e+00,1.360000073909759521e-01,-6.355000019073486328e+00,-5.999999865889549255e-02,-1.140000000596046448e-01,3.000000119209289551e-01
1.290255441900000122e+01,-1.509999990463256836e+00,1.360000073909759521e-01,-6.355000019073486328e+00,-5.999999865889549255e-02,-1.140000000596046448e-01,3.000000119209289551e-01
1.290621356700000000e+01,2.180999994277954102e+00,9.789999723434448242e-01,-1.252299976348876953e+01,1.400000043213367462e-02,7.299999892711639404e-02,1.790000051259994507e-01
1.291345580800000015e+01,2.180999994277954102e+00,9.789999723434448242e-01,-1.252299976348876953e+01,1.400000043213367462e-02,7.299999892711639404e-02,1.790000051259994507e-01
1.292611330800000147e+01,-4.500000178813934326e-02,-2.124000072479248047e+00,-9.031999588012695312e+00,1.099999994039535522e-02,-8.799999952316284180e-02,-4.199999943375587463e-02
1.293518075200000084e+01,-4.500000178813934326e-02,-2.124000072479248047e+00,-9.031999588012695312e+00,1.099999994039535522e-02,-8.799999952316284180e-02,-4.199999943375587463e-02
1.294562671500000128e+01,3.280000090599060059e-01,1.131999969482421875e+00,-8.017000198364257812e+00,-9.999999776482582092e-03,9.999999776482582092e-03,-1.000000047497451305e-03
1.296028523300000046e+01,3.280000090599060059e-01,1.131999969482421875e+00,-8.017000198364257812e+00,-9.999999776482582092e-03,9.999999776482582092e-03,-1.000000047497451305e-03
1.297096771500000045e+01,-2.118999958038330078e+00,-7.500000000000000000e-01,-8.788000106811523438e+00,-2.199999988079071045e-02,-3.400000184774398804e-02,9.799999743700027466e-02
1.298267740000000003e+01,-2.118999958038330078e+00,-7.500000000000000000e-01,-8.788000106811523438e+00,-2.199999988079071045e-02,-3.400000184774398804e-02,9.799999743700027466e-02
1.298425815900000124e+01,1.560000032186508179e-01,-4.720000028610229492e-01,-1.124899959564208984e+01,6.000000052154064178e-03,3.200000151991844177e-02,2.949999868869781494e-01
1.300198160400000091e+01,1.560000032186508179e-01,-4.720000028610229492e-01,-1.124899959564208984e+01,6.000000052154064178e-03,3.200000151991844177e-02,2.949999868869781494e-01
1.302113460400000022e+01,1.917999982833862305e+00,1.030000001192092896e-01,-9.267000198364257812e+00,2.300000004470348358e-02,6.100000068545341492e-02,1.360000073909759521e-01
1.302225464099999996e+01,1.917999982833862305e+00,1.030000001192092896e-01,-9.267000198364257812e+00,2.300000004470348358e-02,6.100000068545341492e-02,1.360000073909759521e-01
1.302603667800000053e+01,1.917999982833862305e+00,1.030000001192092896e-01,-9.267000198364257812e+00,2.300000004470348358e-02,6.100000068545341492e-02,1.360000073909759521e-01
1.303439099300000059e+01,1.917999982833862305e+00,1.030000001192092896e-01,-9.267000198364257812e+00,2.300000004470348358e-02,6.100000068545341492e-02,1.360000073909759521e-01
1.304665777000000126e+01,-1.779000043869018555e+00,-2.253000020980834961e+00,-9.640000343322753906e+00,-4.500000178813934326e-02,-7.800000160932540894e-02,2.060000002384185791e-01
1.305606971500000135e+01,-1.779000043869018555e+00,-2.253000020980834961e+00,-9.640000343322753906e+00,-4.500000178813934326e-02,-7.800000160932540894e-02,2.060000002384185791e-01
1.306519012200000063e+01,-3.659999966621398926e-01,-3.470000028610229492e-01,-1.250899982452392578e+01,1.099999994039535522e-02,-3.200000151991844177e-02,3.280000090599060059e-01
1.307651588200000070e+01,-3.659999966621398926e-01,-3.470000028610229492e-01,-1.250899982452392578e+01,1.099999994039535522e-02,-3.200000151991844177e-02,3.280000090599060059e-01
1.309042891900000072e+01,4.860000014305114746e-01,-1.030000001192092896e-01,-9.784000396728515625e+00,-5.499999970197677612e-02,3.200000151991844177e-02,7.699999958276748657e-02
1.309587656700000124e+01,4.860000014305114746e-01,-1.030000001192092896e-01,-9.784000396728515625e+00,-5.499999970197677612e-02,3.200000151991844177e-02,7.699999958276748657e-02
1.310461032600000131e+01,3.140000104904174805e-01,8.830000162124633789e-01,-1.430900001525878906e+01,-5.700000002980232239e-02,-3.599999845027923584e-02,3.100000023841857910e-01
1.311440378900000070e+01,3.140000104904174805e-01,8.830000162124633789e-01,-1.430900001525878906e+01,-5.700000002980232239e-02,-3.599999845027923584e-02,3.100000023841857910e-01
1.312606128900000080e+01,-1.940000057220458984e-01,4.480000138282775879e-01,-1.098600006103515625e+01,-4.500000178813934326e-02,-1.000000047497451305e-03,2.509999871253967285e-01
1.313518782600000101e+01,-1.940000057220458984e-01,4.480000138282775879e-01,-1.098600006103515625e+01,-4.500000178813934326e-02,-1.000000047497451305e-03,2.509999871253967285e-01
1.314501225200000079e+01,-1.940000057220458984e-01,4.480000138282775879e-01,-1.098600006103515625e+01,-4.500000178813934326e-02,-1.000000047497451305e-03,2.509999871253967285e-01
1.315429149300000056e+01,-1.940000057220458984e-01,4.480000138282775879e-01,-1.098600006103515625e+01,-4.500000178813934326e-02,-1.000000047497451305e-03,2.509999871253967285e-01
1.316600280700000170e+01,5.920000076293945312e-01,-6.819999814033508301e-01,-9.069999694824218750e+00,-1.700000092387199402e-02,-3.500000014901161194e-02,1.999999955296516418e-02
1.317511445600000108e+01,5.920000076293945312e-01,-6.819999814033508301e-01,-9.069999694824218750e+00,-1.700000092387199402e-02,-3.500000014901161194e-02,1.999999955296516418e-02
1.318376438100000136e+01,1.650000065565109253e-01,-5.000000074505805969e-02,-1.135900020599365234e+01,-1.099999994039535522e-02,-6.000000052154064178e-03,2.800000086426734924e-02
1.319491362200000140e+01,1.650000065565109253e-01,-5.000000074505805969e-02,-1.135900020599365234e+01,-1.099999994039535522e-02,-6.000000052154064178e-03,2.800000086426734924e-02
1.321135001100000039e+01,-1.557999968528747559e+00,-4.620000123977661133e-01,-6.316999912261962891e+00,-5.900000035762786865e-02,-6.899999827146530151e-02,2.020000070333480835e-01
1.322700491800000044e+01,-1.233000040054321289e+00,-1.060999989509582520e+00,-8.927000045776367188e+00,-1.200000010430812836e-02,3.999999910593032837e-02,4.350000023841857910e-01
1.324008736300000066e+01,1.855999946594238281e+00,1.041000008583068848e+00,-7.888000011444091797e+00,-8.000000379979610443e-03,1.049999967217445374e-01,2.500000000000000000e-01
1.324607684400000096e+01,1.855999946594238281e+00,1.041000008583068848e+00,-7.888000011444091797e+00,-8.000000379979610443e-03,1.049999967217445374e-01,2.500000000000000000e-01
1.326520821500000125e+01,1.151999950408935547e+00,6.299999952316284180e-01,-8.232999801635742188e+00,-1.999999955296516418e-02,-4.800000041723251343e-02,1.499999966472387314e-02
1.326733003000000011e+01,1.151999950408935547e+00,6.299999952316284180e-01,-8.232999801635742188e+00,-1.999999955296516418e-02,-4.800000041723251343e-02,1.499999966472387314e-02
1.327437580700000019e+01,1.151999950408935547e+00,6.299999952316284180e-01,-8.232999801635742188e+00,-1.999999955296516418e-02,-4.800000041723251343e-02,1.499999966472387314e-02
1.328446258499999999e+01,3.349999904632568359e+00,-1.013000011444091797e+00,-8.461999893188476562e+00,2.000000094994902611e-03,4.000000189989805222e-03,7.100000232458114624e-02
1.329381214100000008e+01,3.349999904632568359e+00,-1.013000011444091797e+00,-8.461999893188476562e+00,2.000000094994902611e-03,4.000000189989805222e-03,7.100000232458114624e-02
1.330454793700000060e+01,2.282000064849853516e+00,1.050999999046325684e+00,-9.998999595642089844e+00,-3.999999910593032837e-02,5.900000035762786865e-02,4.519999921321868896e-01
1.331627104800000083e+01,5.389999747276306152e-01,2.419999986886978149e-01,-8.956000328063964844e+00,-6.100000068545341492e-02,-1.000000014901161194e-01,5.440000295639038086e-01
1.332384730700000119e+01,5.389999747276306152e-01,2.419999986886978149e-01,-8.956000328063964844e+00,-6.100000068545341492e-02,-1.000000014901161194e-01,5.440000295639038086e-01
1.333440782600000141e+01,5.389999747276306152e-01,2.419999986886978149e-01,-8.956000328063964844e+00,-6.100000068545341492e-02,-1.000000014901161194e-01,5.440000295639038086e-01
1.334389825200000068e+01,-1.041000008583068848e+00,-9.309999942779541016e-01,-9.779000282287597656e+00,-3.700000047683715820e-02,-8.100000023841857910e-02,2.689999938011169434e-01
1.335507778900000098e+01,-1.041000008583068848e+00,-9.309999942779541016e-01,-9.779000282287597656e+00,-3.700000047683715820e-02,-8.100000023841857910e-02,2.689999938011169434e-01
1.336350771500000079e+01,-1.041000008583068848e+00,-9.309999942779541016e-01,-9.779000282287597656e+00,-3.700000047683715820e-02,-8.100000023841857910e-02,2.689999938011169434e-01
1.337511375200000074e+01,-1.041000008583068848e+00,-9.309999942779541016e-01,-9.779000282287597656e+00,-3.700000047683715820e-02,-8.100000023841857910e-02,2.689999938011169434e-01
1.339425321500000088e+01,-7.490000128746032715e-01,6.299999952316284180e-01,-1.074600028991699219e+01,-1.499999966472387314e-02,-2.000000094994902611e-03,5.999999865889549255e-02
1.340036527000000000e+01,-7.490000128746032715e-01,6.299999952316284180e-01,-1.074600028991699219e+01,-1.499999966472387314e-02,-2.000000094994902611e-03,5.999999865889549255e-02
1.341441040000000129e+01,-8.980000019073486328e-01,-5.049999952316284180e-01,-9.204999923706054688e+00,-1.200000010430812836e-02,-7.299999892711639404e-02,3.470000028610229492e-01
1.342414349200000068e+01,-8.980000019073486328e-01,-5.049999952316284180e-01,-9.204999923706054688e+00,-1.200000010430812836e-02,-7.299999892711639404e-02,3.470000028610229492e-01
1.343564477000000146e+01,2.483000040054321289e+00,1.554000020027160645e+00,-1.351399993896484375e+01,-1.999999955296516418e-02,1.720000058412551880e-01,2.010000050067901611e-01
1.343578038100000072e+01,2.483000040054321289e+00,1.554000020027160645e+00,-1.351399993896484375e+01,-1.999999955296516418e-02,1.720000058412551880e-01,2.010000050067901611e-01
1.344502908500000160e+01,1.090000033378601074e+00,-7.059999704360961914e-01,-7.705999851226806641e+00,4.000000189989805222e-03,-1.099999994039535522e-02,-5.400000140070915222e-02
1.345839927000000102e+01,1.090000033378601074e+00,-7.059999704360961914e-01,-7.705999851226806641e+00,4.000000189989805222e-03,-1.099999994039535522e-02,-5.400000140070915222e-02
1.346467878900000059e+01,-2.371999979019165039e+00,-6.150000095367431641e-01,-7.031000137329101562e+00,-1.999999955296516418e-02,-1.490000039339065552e-01,7.999999821186065674e-02
1.347460982600000001e+01,-2.371999979019165039e+00,-6.150000095367431641e-01,-7.031000137329101562e+00,-1.999999955296516418e-02,-1.490000039339065552e-01,7.999999821186065674e-02
1.348470051100000155e+01,1.080000042915344238e+00,1.452999949455261230e+00,-8.970000267028808594e+00,-8.999999612569808960e-03,1.299999952316284180e-01,1.539999991655349731e-01
1.349904160300000022e+01,1.080000042915344238e+00,1.452999949455261230e+00,-8.970000267028808594e+00,-8.999999612569808960e-03,1.299999952316284180e-01,1.539999991655349731e-01
1.350487717800000098e+01,1.233000040054321289e+00,-2.214999914169311523e+00,-9.812999725341796875e+00,6.000000052154064178e-03,2.199999988079071045e-02,-6.800000369548797607e-02
1.352011256600000166e+01,1.700000017881393433e-01,1.151999950408935547e+00,-9.994999885559082031e+00,-1.999999955296516418e-02,-1.040000021457672119e-01,1.150000020861625671e-01
1.352898345500000055e+01,1.700000017881393433e-01,1.151999950408935547e+00,-9.994999885559082031e+00,-1.999999955296516418e-02,-1.040000021457672119e-01,1.150000020861625671e-01
1.353578141800000090e+01,-1.758999943733215332e+00,-3.216000080108642578e+00,-9.765000343322753906e+00,-4.100000113248825073e-02,-1.040000021457672119e-01,1.780000030994415283e-01
1.354443828900000035e+01,-1.758999943733215332e+00,-3.216000080108642578e+00,-9.765000343322753906e+00,-4.100000113248825073e-02,-1.040000021457672119e-01,1.780000030994415283e-01
1.355644101100000043e+01,-9.890000224113464355e-01,-2.463999986648559570e+00,-6.982999801635742188e+00,-3.700000047683715820e-02,-3.700000047683715820e-02,5.590000152587890625e-01
1.356454201100000034e+01,-9.890000224113464355e-01,-2.463999986648559570e+00,-6.982999801635742188e+00,-3.700000047683715820e-02,-3.700000047683715820e-02,5.590000152587890625e-01
1.357611075200000172e+01,1.927999973297119141e+00,2.717000007629394531e+00,-1.486900043487548828e+01,-4.800000041723251343e-02,1.519999951124191284e-01,5.109999775886535645e-01
1.358760169600000012e+01,1.927999973297119141e+00,2.717000007629394531e+00,-1.486900043487548828e+01,-4.800000041723251343e-02,1.519999951124191284e-01,5.109999775886535645e-01
1.359353052900000058e+01,1.927999973297119141e+00,2.717000007629394531e+00,-1.486900043487548828e+01,-4.800000041723251343e-02,1.519999951124191284e-01,5.109999775886535645e-01
1.361188049200000094e+01,2.019000053405761719e+00,1.286000013351440430e+00,-9.904000282287597656e+00,-3.700000047683715820e-02,-1.000000047497451305e-03,2.529999911785125732e-01
1.363460860300000022e+01,3.470000028610229492e-01,5.529999732971191406e-01,-8.041000366210937500e+00,-2.899999916553497314e-02,8.000000379979610443e-03,4.899999871850013733e-02
1.364395282600000137e+01,8.980000019073486328e-01,-8.880000114440917969e-01,-9.055999755859375000e+00,-7.000000216066837311e-03,-3.299999982118606567e-02,-2.600000053644180298e-02
1.365870741800000054e+01,8.980000019073486328e-01,-8.880000114440917969e-01,-9.055999755859375000e+00,-7.000000216066837311e-03,-3.299999982118606567e-02,-2.600000053644180298e-02
1.366483928900000144e+01,8.980000019073486328e-01,-8.880000114440917969e-01,-9.055999755859375000e+00,-7.000000216066837311e-03,-3.299999982118606567e-02,-2.600000053644180298e-02
1.367549354800000039e+01,8.980000019073486328e-01,-8.880000114440917969e-01,-9.055999755859375000e+00,-7.000000216066837311e-03,-3.299999982118606567e-02,-2.600000053644180298e-02
1.368743932600000157e+01,-1.975000023841857910e+00,-9.990000128746032715e-01,-1.095199966430664062e+01,-2.899999916553497314e-02,-1.350000053644180298e-01,2.540000081062316895e-01
1.369846508500000049e+01,-1.975000023841857910e+00,-9.990000128746032715e-01,-1.095199966430664062e+01,-2.899999916553497314e-02,-1.350000053644180298e-01,2.540000081062316895e-01
1.370533673300000110e+01,1.353000044822692871e+00,2.989999949932098389e-01,-1.061699962615966797e+01,-1.300000026822090149e-02,7.000000029802322388e-02,1.550000011920928955e-01
1.371645434400000063e+01,1.353000044822692871e+00,2.989999949932098389e-01,-1.061699962615966797e+01,-1.300000026822090149e-02,7.000000029802322388e-02,1.550000011920928955e-01
1.372771947400000059e+01,2.832999944686889648e+00,2.573999881744384766e+00,-1.034399986267089844e+01,-3.400000184774398804e-02,7.500000298023223877e-02,1.270000040531158447e-01
1.373394873300000008e+01,2.832999944686889648e+00,2.573999881744384766e+00,-1.034399986267089844e+01,-3.400000184774398804e-02,7.500000298023223877e-02,1.270000040531158447e-01
1.374495230700000015e+01,5.049999952316284180e-01,4.950000047683715820e-01,-7.020999908447265625e+00,-4.800000041723251343e-02,-3.099999949336051941e-02,2.899999916553497314e-01
1.376466064000000067e+01,4.959999918937683105e-01,2.419999986886978149e-01,-9.194999694824218750e+00,-3.500000014901161194e-02,4.999999888241291046e-03,1.469999998807907104e-01
1.376484388100000089e+01,4.959999918937683105e-01,2.419999986886978149e-01,-9.194999694824218750e+00,-3.500000014901161194e-02,4.999999888241291046e-03,1.469999998807907104e-01
1.378241519600000053e+01,4.959999918937683105e-01,2.419999986886978149e-01,-9.194999694824218750e+00,-3.500000014901161194e-02,4.999999888241291046e-03,1.469999998807907104e-01
1.379286991800000095e+01,4.959999918937683105e-01,2.419999986886978149e-01,-9.194999694824218750e+00,-3.500000014901161194e-02,4.999999888241291046e-03,1.469999998807907104e-01
1.379547093700000104e+01,4.959999918937683105e-01,2.419999986886978149e-01,-9.194999694824218750e+00,-3.500000014901161194e-02,4.999999888241291046e-03,1.469999998807907104e-01
1.380627795500000055e+01,-9.739999771118164062e-01,-1.190000057220458984e+00,-5.671000003814697266e+00,-6.700000166893005371e-02,3.999999910593032837e-02,5.820000171661376953e-01
1.381837112200000028e+01,-9.739999771118164062e-01,-1.190000057220458984e+00,-5.671000003814697266e+00,-6.700000166893005371e-02,3.999999910593032837e-02,5.820000171661376953e-01
1.383157269600000028e+01,-6.579999923706054688e-01,-6.200000047683715820e-01,-9.864999771118164062e+00,-3.799999877810478210e-02,1.200000010430812836e-02,4.250000119209289551e-01
1.383875814000000126e+01,-6.579999923706054688e-01,-6.200000047683715820e-01,-9.864999771118164062e+00,-3.799999877810478210e-02,1.200000010430812836e-02,4.250000119209289551e-01
1.384727419600000076e+01,-4.329999983310699463e-01,3.378000020980834961e+00,-1.001399993896484375e+01,2.099999971687793732e-02,-4.000000189989805222e-03,4.000000189989805222e-03
1.385610821400000070e+01,-4.329999983310699463e-01,3.378000020980834961e+00,-1.001399993896484375e+01,2.099999971687793732e-02,-4.000000189989805222e-03,4.000000189989805222e-03
1.386373349200000149e+01,-3.659999966621398926e-01,-3.200999975204467773e+00,-1.244600009918212891e+01,-2.000000094994902611e-03,-4.000000189989805222e-03,-3.199999928474426270e-01
1.387483482500000065e+01,-3.659999966621398926e-01,-3.200999975204467773e+00,-1.244600009918212891e+01,-2.000000094994902611e-03,-4.000000189989805222e-03,-3.199999928474426270e-01
1.389106777000000115e+01,-6.150000095367431641e-01,-5.440000295639038086e-01,-9.376999855041503906e+00,-8.000000379979610443e-03,-4.699999839067459106e-02,2.070000022649765015e-01
1.389510130700000090e+01,-6.150000095367431641e-01,-5.440000295639038086e-01,-9.376999855041503906e+00,-8.000000379979610443e-03,-4.699999839067459106e-02,2.070000022649765015e-01
1.390492604800000009e+01,2.560000121593475342e-01,2.899999916553497314e-01,-8.185000419616699219e+00,-2.099999971687793732e-02,9.000000357627868652e-02,2.450000047683715820e-01
1.391551490000000157e+01,-4.670000076293945312e-01,-1.850999951362609863e+00,-7.701000213623046875e+00,-3.900000080466270447e-02,-3.299999982118606567e-02,8.399999886751174927e-02
1.392698471400000138e+01,-4.670000076293945312e-01,-1.850999951362609863e+00,-7.701000213623046875e+00,-3.900000080466270447e-02,-3.299999982118606567e-02,8.399999886751174927e-02
1.393432515900000013e+01,-4.670000076293945312e-01,-1.850999951362609863e+00,-7.701000213623046875e+00,-3.900000080466270447e-02,-3.299999982118606567e-02,8.399999886751174927e-02
1.395296469600000044e+01,-5.139999985694885254e-01,3.599999845027923584e-02,-1.178100013732910156e+01,-2.500000037252902985e-02,-6.499999761581420898e-02,4.600000083446502686e-01
1.396411752900000103e+01,3.099999949336051941e-02,-6.299999952316284180e-01,-1.134000015258789062e+01,-4.000000189989805222e-03,3.999999910593032837e-02,2.450000047683715820e-01
1.396748023300000163e+01,3.099999949336051941e-02,-6.299999952316284180e-01,-1.134000015258789062e+01,-4.000000189989805222e-03,3.999999910593032837e-02,2.450000047683715820e-01
1.397726495500000077e+01,3.099999949336051941e-02,-6.299999952316284180e-01,-1.134000015258789062e+01,-4.000000189989805222e-03,3.999999910593032837e-02,2.450000047683715820e-01
1.398384739900000007e+01,-6.290000081062316895e-01,1.567999958992004395e+00,-6.206999778747558594e+00,-2.700000070035457611e-02,4.399999976158142090e-02,3.179999887943267822e-01
1.399439810300000175e+01,-6.290000081062316895e-01,1.567999958992004395e+00,-6.206999778747558594e+00,-2.700000070035457611e-02,4.399999976158142090e-02,3.179999887943267822e-01
1.400633997400000119e+01,-6.290000081062316895e-01,1.567999958992004395e+00,-6.206999778747558594e+00,-2.700000070035457611e-02,4.399999976158142090e-02,3.179999887943267822e-01
1.401490256600000173e+01,2.179999947547912598e-01,-1.511000037193298340e+00,-9.807999610900878906e+00,2.899999916553497314e-02,1.099999994039535522e-02,-3.299999982118606567e-02
1.403495888100000144e+01,2.179999947547912598e-01,-1.511000037193298340e+00,-9.807999610900878906e+00,2.899999916553497314e-02,1.099999994039535522e-02,-3.299999982118606567e-02
1.403509797400000103e+01,2.179999947547912598e-01,-1.511000037193298340e+00,-9.807999610900878906e+00,2.899999916553497314e-02,1.099999994039535522e-02,-3.299999982118606567e-02
1.404584167700000030e+01,1.481999993324279785e+00,-2.419999986886978149e-01,-9.937000274658203125e+00,1.099999994039535522e-02,-1.300000026822090149e-02,-8.999999612569808960e-03
1.405484888100000163e+01,1.481999993324279785e+00,-2.419999986886978149e-01,-9.937000274658203125e+00,1.099999994039535522e-02,-1.300000026822090149e-02,-8.999999612569808960e-03
1.406431497400000019e+01,1.564000010490417480e+00,-5.499999970197677612e-02,-1.262800025939941406e+01,-1.099999994039535522e-02,3.299999982118606567e-02,4.899999871850013733e-02
1.407521536200000156e+01,1.564000010490417480e+00,-5.499999970197677612e-02,-1.262800025939941406e+01,-1.099999994039535522e-02,3.299999982118606567e-02,4.899999871850013733e-02
1.408802658500000149e+01,5.440000295639038086e-01,-5.389999747276306152e-01,-1.078999996185302734e+01,-3.799999877810478210e-02,-7.400000095367431641e-02,2.240000069141387939e-01
1.409466310300000025e+01,5.440000295639038086e-01,-5.389999747276306152e-01,-1.078999996185302734e+01,-3.799999877810478210e-02,-7.400000095367431641e-02,2.240000069141387939e-01
1.410429812200000121e+01,-8.399999886751174927e-02,1.650000065565109253e-01,-8.328000068664550781e+00,-1.899999938905239105e-02,-3.099999949336051941e-02,3.959999978542327881e-01
1.411443584400000084e+01,-8.399999886751174927e-02,1.650000065565109253e-01,-8.328000068664550781e+00,-1.899999938905239105e-02,-3.099999949336051941e-02,3.959999978542327881e-01
1.412417869600000131e+01,9.800000190734863281e-01,1.060999989509582520e+00,-8.975000381469726562e+00,-2.600000053644180298e-02,7.599999755620956421e-02,1.389999985694885254e-01
1.413670969600000049e+01,8.399999886751174927e-02,-1.654999971389770508e+00,-8.343000411987304688e+00,4.999999888241291046e-03,-7.100000232458114624e-02,4.300000146031379700e-02
1.414440939900000060e+01,8.399999886751174927e-02,-1.654999971389770508e+00,-8.343000411987304688e+00,4.999999888241291046e-03,-7.100000232458114624e-02,4.300000146031379700e-02
1.415481127000000150e+01,8.399999886751174927e-02,-1.654999971389770508e+00,-8.343000411987304688e+00,4.999999888241291046e-03,-7.100000232458114624e-02,4.300000146031379700e-02
1.416362056600000052e+01,-1.486999988555908203e+00,-1.725999951362609863e+00,-7.245999813079833984e+00,-5.900000035762786865e-02,-1.499999966472387314e-02,1.509999930858612061e-01
1.417575421400000124e+01,-1.486999988555908203e+00,-1.725999951362609863e+00,-7.245999813079833984e+00,-5.900000035762786865e-02,-1.499999966472387314e-02,1.509999930858612061e-01
1.418549291800000134e+01,-1.855000019073486328e+00,-2.584000110626220703e+00,-8.979999542236328125e+00,-8.999999612569808960e-03,-1.809999942779541016e-01,4.370000064373016357e-01
1.419641028800000093e+01,-1.855000019073486328e+00,-2.584000110626220703e+00,-8.979999542236328125e+00,-8.999999612569808960e-03,-1.809999942779541016e-01,4.370000064373016357e-01
1.420776280700000171e+01,-3.062000036239624023e+00,1.554000020027160645e+00,-7.184000015258789062e+00,-4.600000008940696716e-02,1.089999973773956299e-01,5.090000033378601074e-01
1.421626123300000089e+01,-3.062000036239624023e+00,1.554000020027160645e+00,-7.184000015258789062e+00,-4.600000008940696716e-02,1.089999973773956299e-01,5.090000033378601074e-01
1.422501408500000153e+01,-9.499999880790710449e-01,-1.889999955892562866e-01,-4.032999992370605469e+00,-4.399999976158142090e-02,-1.200000010430812836e-02,5.839999914169311523e-01
1.423956923300000099e+01,-9.499999880790710449e-01,-1.889999955892562866e-01,-4.032999992370605469e+00,-4.399999976158142090e-02,-1.200000010430812836e-02,5.839999914169311523e-01
1.424573604700000118e+01,-4.500000178813934326e-02,2.104000091552734375e+00,-1.022900009155273438e+01,-4.399999976158142090e-02,1.330000013113021851e-01,3.910000026226043701e-01
1.425375975100000048e+01,-4.500000178813934326e-02,2.104000091552734375e+00,-1.022900009155273438e+01,-4.399999976158142090e-02,1.330000013113021851e-01,3.910000026226043701e-01
1.426385852900000017e+01,1.065999984741210938e+00,1.304999947547912598e+00,-9.831999778747558594e+00,-3.599999845027923584e-02,-6.100000068545341492e-02,3.339999914169311523e-01
1.427581875100000097e+01,1.065999984741210938e+00,1.304999947547912598e+00,-9.831999778747558594e+00,-3.599999845027923584e-02,-6.100000068545341492e-02,3.339999914169311523e-01
1.428368893600000078e+01,1.031999945640563965e+00,3.950000107288360596e-01,-8.208999633789062500e+00,1.200000010430812836e-02,7.400000095367431641e-02,4.199999943375587463e-02
1.430335141800000009e+01,1.031999945640563965e+00,3.950000107288360596e-01,-8.208999633789062500e+00,1.200000010430812836e-02,7.400000095367431641e-02,4.199999943375587463e-02
1.430582817700000042e+01,-1.712000012397766113e+00,-4.140000045299530029e-01,-3.243000030517578125e+00,-8.000000379979610443e-03,-9.799999743700027466e-02,-6.899999827146530151e-02
1.431582615900000022e+01,-1.712000012397766113e+00,-4.140000045299530029e-01,-3.243000030517578125e+00,-8.000000379979610443e-03,-9.799999743700027466e-02,-6.899999827146530151e-02
1.432606241800000113e+01,-1.712000012397766113e+00,-4.140000045299530029e-01,-3.243000030517578125e+00,-8.000000379979610443e-03,-9.799999743700027466e-02,-6.899999827146530151e-02
1.433508078800000085e+01,-1.712000012397766113e+00,-4.140000045299530029e-01,-3.243000030517578125e+00,-8.000000379979610443e-03,-9.799999743700027466e-02,-6.899999827146530151e-02
1.434412023300000172e+01,-1.366999983787536621e+00,-4.044000148773193359e+00,-1.675600051879882812e+01,-1.700000092387199402e-02,3.299999982118606567e-02,-1.199999973177909851e-01
1.435574299200000148e+01,-1.366999983787536621e+00,-4.044000148773193359e+00,-1.675600051879882812e+01,-1.700000092387199402e-02,3.299999982118606567e-02,-1.199999973177909851e-01
1.436438893600000100e+01,-2.138000011444091797e+00,-8.500000238418579102e-01,-1.095699977874755859e+01,-4.800000041723251343e-02,-1.870000064373016357e-01,4.169999957084655762e-01
1.437599597300000021e+01,1.601999998092651367e+00,2.424999952316284180e+00,-8.199000358581542969e+00,1.799999922513961792e-02,1.720000058412551880e-01,3.670000135898590088e-01
1.438543880700000166e+01,1.601999998092651367e+00,2.424999952316284180e+00,-8.199000358581542969e+00,1.799999922513961792e-02,1.720000058412551880e-01,3.670000135898590088e-01
1.439709882500000049e+01,1.601999998092651367e+00,2.424999952316284180e+00,-8.199000358581542969e+00,1.799999922513961792e-02,1.720000058412551880e-01,3.670000135898590088e-01
1.440478395500000097e+01,1.453999996185302734e+00,-2.280000001192092896e-01,-9.956000328063964844e+00,9.999999776482582092e-03,7.999999821186065674e-02,-3.700000047683715820e-02
1.441576315800000074e+01,1.453999996185302734e+00,-2.280000001192092896e-01,-9.956000328063964844e+00,9.999999776482582092e-03,7.999999821186065674e-02,-3.700000047683715820e-02
1.442685699200000116e+01,1.420000046491622925e-01,-1.529999971389770508e+00,-7.557000160217285156e+00,-8.999999612569808960e-03,-1.280000060796737671e-01,-3.799999877810478210e-02
1.443461206600000146e+01,1.420000046491622925e-01,-1.529999971389770508e+00,-7.557000160217285156e+00,-8.999999612569808960e-03,-1.280000060796737671e-01,-3.799999877810478210e-02
1.445023706600000146e+01,2.473999977111816406e+00,1.246999979019165039e+00,-1.169499969482421875e+01,9.999999776482582092e-03,1.129999980330467224e-01,6.700000166893005371e-02
1.445479997300000008e+01,2.473999977111816406e+00,1.246999979019165039e+00,-1.169499969482421875e+01,9.999999776482582092e-03,1.129999980330467224e-01,6.700000166893005371e-02
1.446904808400000064e+01,-4.469999969005584717e-01,-3.230000138282775879e-01,-8.175000190734863281e+00,-4.100000113248825073e-02,-4.800000041723251343e-02,4.300000146031379700e-02
1.447570582500000036e+01,-4.469999969005584717e-01,-3.230000138282775879e-01,-8.175000190734863281e+00,-4.100000113248825073e-02,-4.800000041723251343e-02,4.300000146031379700e-02
1.448693984400000012e+01,-4.329999983310699463e-01,3.849999904632568359e-01,-1.224499988555908203e+01,-2.000000094994902611e-03,-4.899999871850013733e-02,2.460000067949295044e-01
1.449421330700000077e+01,-4.329999983310699463e-01,3.849999904632568359e-01,-1.224499988555908203e+01,-2.000000094994902611e-03,-4.899999871850013733e-02,2.460000067949295044e-01
1.450358956600000049e+01,-1.016999959945678711e+00,-4.100000113248825073e-02,-1.093299961090087891e+01,-3.500000014901161194e-02,-1.099999994039535522e-02,1.309999972581863403e-01
1.451566723300000028e+01,-1.016999959945678711e+00,-4.100000113248825073e-02,-1.093299961090087891e+01,-3.500000014901161194e-02,-1.099999994039535522e-02,1.309999972581863403e-01
1.452428043600000152e+01,2.849999964237213135e-01,-1.572999954223632812e+00,-1.192899990081787109e+01,3.000000026077032089e-03,-3.799999877810478210e-02,1.059999987483024597e-01
1.453396702900000115e+01,2.849999964237213135e-01,-1.572999954223632812e+00,-1.192899990081787109e+01,3.000000026077032089e-03,-3.799999877810478210e-02,1.059999987483024597e-01
1.454598780700000127e+01,1.008000016212463379e+00,2.880000114440917969e+00,-9.003000259399414062e+00,-3.200000151991844177e-02,3.000000026077032089e-03,3.420000076293945312e-01
1.455382071400000044e+01,1.008000016212463379e+00,2.880000114440917969e+00,-9.003000259399414062e+00,-3.200000151991844177e-02,3.000000026077032089e-03,3.420000076293945312e-01
1.456371084400000093e+01,-1.156000018119812012e+00,-2.114000082015991211e+00,-8.064999580383300781e+00,-9.700000286102294922e-02,-5.000000074505805969e-02,4.679999947547912598e-01
1.457385402900000138e+01,2.253000020980834961e+00,9.929999709129333496e-01,-9.880000114440917969e+00,3.400000184774398804e-02,1.180000007152557373e-01,4.580000042915344238e-01
1.458398897300000030e+01,2.253000020980834961e+00,9.929999709129333496e-01,-9.880000114440917969e+00,3.400000184774398804e-02,1.180000007152557373e-01,4.580000042915344238e-01
1.459511851000000071e+01,2.253000020980834961e+00,9.929999709129333496e-01,-9.880000114440917969e+00,3.400000184774398804e-02,1.180000007152557373e-01,4.580000042915344238e-01
1.460975489900000035e+01,-7.829999923706054688e-01,-1.840000003576278687e-01,-6.910999774932861328e+00,-1.099999994039535522e-02,4.699999839067459106e-02,1.080000028014183044e-01
1.461422464000000154e+01,-7.829999923706054688e-01,-1.840000003576278687e-01,-6.910999774932861328e+00,-1.099999994039535522e-02,4.699999839067459106e-02,1.080000028014183044e-01
1.462377408400000078e+01,-7.829999923706054688e-01,-1.840000003576278687e-01,-6.910999774932861328e+00,-1.099999994039535522e-02,4.699999839067459106e-02,1.080000028014183044e-01
1.463655365800000041e+01,-7.829999923706054688e-01,-1.840000003576278687e-01,-6.910999774932861328e+00,-1.099999994039535522e-02,4.699999839067459106e-02,1.080000028014183044e-01
1.465043667700000007e+01,-1.361999988555908203e+00,-1.391000032424926758e+00,-1.007100009918212891e+01,-2.199999988079071045e-02,-2.400000020861625671e-02,-1.209999993443489075e-01
1.465660141800000105e+01,-1.361999988555908203e+00,-1.391000032424926758e+00,-1.007100009918212891e+01,-2.199999988079071045e-02,-2.400000020861625671e-02,-1.209999993443489075e-01
1.466745573200000052e+01,-1.361999988555908203e+00,-1.391000032424926758e+00,-1.007100009918212891e+01,-2.199999988079071045e-02,-2.400000020861625671e-02,-1.209999993443489075e-01
1.468261093600000144e+01,-2.438999891281127930e+00,-1.702000021934509277e+00,-8.682999610900878906e+00,-3.500000014901161194e-02,-2.049999982118606567e-01,2.300000041723251343e-01
1.468524704700000072e+01,-2.438999891281127930e+00,-1.702000021934509277e+00,-8.682999610900878906e+00,-3.500000014901161194e-02,-2.049999982118606567e-01,2.300000041723251343e-01
1.470160167700000109e+01,3.565000057220458984e+00,-1.759999990463256836e+00,-1.162800025939941406e+01,4.600000008940696716e-02,8.399999886751174927e-02,-2.569999992847442627e-01
1.471453276900000162e+01,3.565000057220458984e+00,-1.759999990463256836e+00,-1.162800025939941406e+01,4.600000008940696716e-02,8.399999886751174927e-02,-2.569999992847442627e-01
1.472155560300000054e+01,2.660000026226043701e-01,1.459999978542327881e-01,-9.501000404357910156e+00,-2.500000037252902985e-02,-1.330000013113021851e-01,-2.319999933242797852e-01
1.473069017700000138e+01,2.660000026226043701e-01,1.459999978542327881e-01,-9.501000404357910156e+00,-2.500000037252902985e-02,-1.330000013113021851e-01,-2.319999933242797852e-01
1.473820019500000100e+01,-6.719999909400939941e-01,7.730000019073486328e-01,-9.199999809265136719e+00,4.000000189989805222e-03,-3.099999949336051941e-02,7.299999892711639404e-02
1.474548464000000081e+01,-6.719999909400939941e-01,7.730000019073486328e-01,-9.199999809265136719e+00,4.000000189989805222e-03,-3.099999949336051941e-02,7.299999892711639404e-02
1.475532464000000132e+01,-6.719999909400939941e-01,7.730000019073486328e-01,-9.199999809265136719e+00,4.000000189989805222e-03,-3.099999949336051941e-02,7.299999892711639404e-02
1.476620508400000098e+01,-7.440000176429748535e-01,2.989999949932098389e-01,-7.724999904632568359e+00,-3.799999877810478210e-02,3.099999949336051941e-02,3.269999921321868896e-01
1.477477067700000113e+01,-7.440000176429748535e-01,2.989999949932098389e-01,-7.724999904632568359e+00,-3.799999877810478210e-02,3.099999949336051941e-02,3.269999921321868896e-01
1.478375739900000063e+01,-5.770000219345092773e-01,-8.259999752044677734e-01,-7.610000133514404297e+00,4.000000189989805222e-03,-3.400000184774398804e-02,-1.200000010430812836e-02
1.479414802900000048e+01,-5.770000219345092773e-01,-8.259999752044677734e-01,-7.610000133514404297e+00,4.000000189989805222e-03,-3.400000184774398804e-02,-1.200000010430812836e-02
1.480421171400000091e+01,-6.769999861717224121e-01,-3.619999885559082031e-01,-9.894000053405761719e+00,-3.000000026077032089e-03,-2.099999971687793732e-02,-1.770000010728836060e-01
1.481594106600000060e+01,-3.540999889373779297e+00,-1.722000002861022949e+00,-9.501000404357910156e+00,2.500000037252902985e-02,-9.000000357627868652e-02,-4.800000041723251343e-02
1.482386999200000055e+01,-3.540999889373779297e+00,-1.722000002861022949e+00,-9.501000404357910156e+00,2.500000037252902985e-02,-9.000000357627868652e-02,-4.800000041723251343e-02
1.483373854700000116e+01,-3.540999889373779297e+00,-1.722000002861022949e+00,-9.501000404357910156e+00,2.500000037252902985e-02,-9.000000357627868652e-02,-4.800000041723251343e-02
1.484398404700000107e+01,3.950000107288360596e-01,1.174999952316284180e+00,-1.272399997711181641e+01,4.999999888241291046e-03,1.070000007748603821e-01,1.729999929666519165e-01
1.485546310300000172e+01,3.950000107288360596e-01,1.174999952316284180e+00,-1.272399997711181641e+01,4.999999888241291046e-03,1.070000007748603821e-01,1.729999929666519165e-01
1.486620043600000152e+01,1.884999990463256836e+00,-2.319999933242797852e-01,-1.002799987792968750e+01,1.799999922513961792e-02,3.400000184774398804e-02,-1.600000075995922089e-02
1.487421536200000105e+01,1.884999990463256836e+00,-2.319999933242797852e-01,-1.002799987792968750e+01,1.799999922513961792e-02,3.400000184774398804e-02,-1.600000075995922089e-02
1.488456578800000152e+01,1.366999983787536621e+00,-1.098999977111816406e+00,-8.965000152587890625e+00,1.400000043213367462e-02,1.799999922513961792e-02,-1.209999993443489075e-01
1.489387067700000067e+01,1.366999983787536621e+00,-1.098999977111816406e+00,-8.965000152587890625e+00,1.400000043213367462e-02,1.799999922513961792e-02,-1.209999993443489075e-01
1.490543506600000079e+01,1.366999983787536621e+00,-1.098999977111816406e+00,-8.965000152587890625e+00,1.400000043213367462e-02,1.799999922513961792e-02,-1.209999993443489075e-01
1.491501414000000025e+01,5.440000295639038086e-01,-8.690000176429748535e-01,-9.314999580383300781e+00,-1.499999966472387314e-02,4.999999888241291046e-03,1.350000053644180298e-01
1.492343565800000071e+01,5.440000295639038086e-01,-8.690000176429748535e-01,-9.314999580383300781e+00,-1.499999966472387314e-02,4.999999888241291046e-03,1.350000053644180298e-01
1.493359441700000012e+01,5.440000295639038086e-01,-8.690000176429748535e-01,-9.314999580383300781e+00,-1.499999966472387314e-02,4.999999888241291046e-03,1.350000053644180298e-01
1.494477165800000051e+01,-9.689999818801879883e-01,-1.200000047683715820e+00,-8.232999801635742188e+00,-2.400000020861625671e-02,-3.999999910593032837e-02,6.800000369548797607e-02
1.495503995400000008e+01,-9.689999818801879883e-01,-1.200000047683715820e+00,-8.232999801635742188e+00,-2.400000020861625671e-02,-3.999999910593032837e-02,6.800000369548797607e-02
1.496532939900000159e+01,-2.483000040054321289e+00,5.999999865889549255e-02,-9.612000465393066406e+00,-6.400000303983688354e-02,-1.260000020265579224e-01,2.619999945163726807e-01
1.497341060300000137e+01,-2.483000040054321289e+00,5.999999865889549255e-02,-9.612000465393066406e+00,-6.400000303983688354e-02,-1.260000020265579224e-01,2.619999945163726807e-01
1.498360356600000109e+01,-2.842000007629394531e+00,4.480000138282775879e-01,-8.314000129699707031e+00,-2.400000020861625671e-02,-1.129999980330467224e-01,3.540000021457672119e-01
1.499385149100000092e+01,-2.842000007629394531e+00,4.480000138282775879e-01,-8.314000129699707031e+00,-2.400000020861625671e-02,-1.129999980330467224e-01,3.540000021457672119e-01
1.500882426900000155e+01,-1.447999954223632812e+00,4.335999965667724609e+00,-1.072299957275390625e+01,-3.200000151991844177e-02,1.000000014901161194e-01,4.099999964237213135e-01
1.501555469500000051e+01,-1.447999954223632812e+00,4.335999965667724609e+00,-1.072299957275390625e+01,-3.200000151991844177e-02,1.000000014901161194e-01,4.099999964237213135e-01
1.502346126900000023e+01,-5.429999828338623047e-01,5.189999938011169434e-01,-8.595999717712402344e+00,-4.600000008940696716e-02,4.999999888241291046e-03,4.480000138282775879e-01
1.503380945400000179e+01,-5.429999828338623047e-01,5.189999938011169434e-01,-8.595999717712402344e+00,-4.600000008940696716e-02,4.999999888241291046e-03,4.480000138282775879e-01
1.504362182500000067e+01,-2.600000053644180298e-02,5.910000205039978027e-01,-6.862999916076660156e+00,-2.300000004470348358e-02,-1.099999994039535522e-02,4.650000035762786865e-01
1.505547102800000125e+01,-2.600000053644180298e-02,5.910000205039978027e-01,-6.862999916076660156e+00,-2.300000004470348358e-02,-1.099999994039535522e-02,4.650000035762786865e-01
1.506749465800000110e+01,1.970999956130981445e+00,9.739999771118164062e-01,-9.850999832153320312e+00,2.099999971687793732e-02,1.190000027418136597e-01,1.650000065565109253e-01
1.507342573200000047e+01,1.970999956130981445e+00,9.739999771118164062e-01,-9.850999832153320312e+00,2.099999971687793732e-02,1.190000027418136597e-01,1.650000065565109253e-01
1.508404447300000051e+01,4.189999997615814209e-01,-7.110000252723693848e-01,-9.524999618530273438e+00,1.899999938905239105e-02,-1.400000043213367462e-02,-4.000000189989805222e-03
1.509356467700000159e+01,4.189999997615814209e-01,-7.110000252723693848e-01,-9.524999618530273438e+00,1.899999938905239105e-02,-1.400000043213367462e-02,-4.000000189989805222e-03
1.510604419500000084e+01,-3.899999856948852539e-01,-1.937000036239624023e+00,-9.682999610900878906e+00,-1.099999994039535522e-02,-3.599999845027923584e-02,-1.209999993443489075e-01
1.511571780600000103e+01,-3.899999856948852539e-01,-1.937000036239624023e+00,-9.682999610900878906e+00,-1.099999994039535522e-02,-3.599999845027923584e-02,-1.209999993443489075e-01
1.512354143600000178e+01,2.148000001907348633e+00,2.370000034570693970e-01,-1.026799964904785156e+01,1.899999938905239105e-02,6.300000101327896118e-02,4.500000178813934326e-02
1.513354089900000155e+01,2.148000001907348633e+00,2.370000034570693970e-01,-1.026799964904785156e+01,1.899999938905239105e-02,6.300000101327896118e-02,4.500000178813934326e-02
1.514362717700000083e+01,1.679000020027160645e+00,-1.889999955892562866e-01,-9.572999954223632812e+00,8.999999612569808960e-03,9.999999776482582092e-03,5.299999937415122986e-02
1.515744839900000152e+01,1.679000020027160645e+00,-1.889999955892562866e-01,-9.572999954223632812e+00,8.999999612569808960e-03,9.999999776482582092e-03,5.299999937415122986e-02
1.516343252800000130e+01,5.820000171661376953e-01,-7.639999985694885254e-01,-8.461999893188476562e+00,-1.000000047497451305e-03,-1.600000075995922089e-02,-6.599999964237213135e-02
1.517500223200000065e+01,5.820000171661376953e-01,-7.639999985694885254e-01,-8.461999893188476562e+00,-1.000000047497451305e-03,-1.600000075995922089e-02,-6.599999964237213135e-02
1.518357704700000177e+01,5.820000171661376953e-01,-7.639999985694885254e-01,-8.461999893188476562e+00,-1.000000047497451305e-03,-1.600000075995922089e-02,-6.599999964237213135e-02
1.519417064000000117e+01,-2.732000112533569336e+00,2.108999967575073242e+00,-4.578999996185302734e+00,5.000000074505805969e-02,-1.389999985694885254e-01,1.430000066757202148e-01
1.520461745400000098e+01,-2.732000112533569336e+00,2.108999967575073242e+00,-4.578999996185302734e+00,5.000000074505805969e-02,-1.389999985694885254e-01,1.430000066757202148e-01
1.521517497300000166e+01,-2.732000112533569336e+00,2.108999967575073242e+00,-4.578999996185302734e+00,5.000000074505805969e-02,-1.389999985694885254e-01,1.430000066757202148e-01
1.522341549100000080e+01,-2.732000112533569336e+00,2.108999967575073242e+00,-4.578999996185302734e+00,5.000000074505805969e-02,-1.389999985694885254e-01,1.430000066757202148e-01
1.523355780600000031e+01,-3.627000093460083008e+00,-1.855999946594238281e+00,-7.408999919891357422e+00,-3.200000151991844177e-02,1.000000047497451305e-03,-2.709999978542327881e-01
1.524358465800000140e+01,-3.599999845027923584e-02,1.463000059127807617e+00,-1.595199966430664062e+01,3.400000184774398804e-02,1.030000001192092896e-01,3.670000135898590088e-01
1.525586356500000029e+01,-3.599999845027923584e-02,1.463000059127807617e+00,-1.595199966430664062e+01,3.400000184774398804e-02,1.030000001192092896e-01,3.670000135898590088e-01
1.526364419500000125e+01,6.489999890327453613e-01,-9.269999861717224121e-01,-8.883999824523925781e+00,-7.500000298023223877e-02,-2.999999932944774628e-02,4.650000035762786865e-01
1.527365476900000019e+01,6.489999890327453613e-01,-9.269999861717224121e-01,-8.883999824523925781e+00,-7.500000298023223877e-02,-2.999999932944774628e-02,4.650000035762786865e-01
1.528455028800000015e+01,9.219999909400939941e-01,2.036999940872192383e+00,-8.557999610900878906e+00,-1.000000047497451305e-03,3.700000047683715820e-02,2.300000041723251343e-01
1.529528639900000009e+01,9.219999909400939941e-01,2.036999940872192383e+00,-8.557999610900878906e+00,-1.000000047497451305e-03,3.700000047683715820e-02,2.300000041723251343e-01
1.530441882500000084e+01,7.900000363588333130e-02,3.140000104904174805e-01,-6.785999774932861328e+00,6.599999964237213135e-02,-1.099999994039535522e-02,-2.220000028610229492e-01
1.531358278800000150e+01,7.900000363588333130e-02,3.140000104904174805e-01,-6.785999774932861328e+00,6.599999964237213135e-02,-1.099999994039535522e-02,-2.220000028610229492e-01
1.532367038000000115e+01,1.141999959945678711e+00,-7.210000157356262207e-01,-1.105300045013427734e+01,4.000000189989805222e-03,-1.600000075995922089e-02,-1.879999935626983643e-01
1.533353425100000145e+01,1.141999959945678711e+00,-7.210000157356262207e-01,-1.105300045013427734e+01,4.000000189989805222e-03,-1.600000075995922089e-02,-1.879999935626983643e-01
1.534388726900000144e+01,1.687999963760375977e+00,-9.799999743700027466e-02,-9.180999755859375000e+00,1.000000047497451305e-03,3.299999982118606567e-02,7.500000298023223877e-02
1.535619408400000019e+01,1.687999963760375977e+00,-9.799999743700027466e-02,-9.180999755859375000e+00,1.000000047497451305e-03,3.299999982118606567e-02,7.500000298023223877e-02
1.536355445400000086e+01,5.099999904632568359e-01,2.600000053644180298e-02,-6.311999797821044922e+00,-2.899999916553497314e-02,1.999999955296516418e-02,1.480000019073486328e-01
1.537459082500000029e+01,5.099999904632568359e-01,2.600000053644180298e-02,-6.311999797821044922e+00,-2.899999916553497314e-02,1.999999955296516418e-02,1.480000019073486328e-01
1.538377591700000124e+01,5.580000281333923340e-01,2.000000094994902611e-03,-1.036800003051757812e+01,-1.000000047497451305e-03,-5.499999970197677612e-02,8.500000089406967163e-02
1.539458302800000133e+01,5.580000281333923340e-01,2.000000094994902611e-03,-1.036800003051757812e+01,-1.000000047497451305e-03,-5.499999970197677612e-02,8.500000089406967163e-02
1.540468547300000068e+01,4.959999918937683105e-01,1.700000092387199402e-02,-9.185000419616699219e+00,8.999999612569808960e-03,2.400000020861625671e-02,-4.899999871850013733e-02
1.541429371300000106e+01,4.959999918937683105e-01,1.700000092387199402e-02,-9.185000419616699219e+00,8.999999612569808960e-03,2.400000020861625671e-02,-4.899999871850013733e-02
1.542346415800000159e+01,7.639999985694885254e-01,-5.049999952316284180e-01,-9.114000320434570312e+00,1.700000092387199402e-02,-1.400000043213367462e-02,-9.200000017881393433e-02
1.543409651000000160e+01,7.639999985694885254e-01,-5.049999952316284180e-01,-9.114000320434570312e+00,1.700000092387199402e-02,-1.400000043213367462e-02,-9.200000017881393433e-02
1.544378339900000086e+01,3.330000042915344238e-01,9.789999723434448242e-01,-9.286000251770019531e+00,-1.999999955296516418e-02,-3.500000014901161194e-02,2.060000002384185791e-01
1.545437947300000125e+01,3.330000042915344238e-01,9.789999723434448242e-01,-9.286000251770019531e+00,-1.999999955296516418e-02,-3.500000014901161194e-02,2.060000002384185791e-01
1.546383152800000182e+01,3.330000042915344238e-01,9.789999723434448242e-01,-9.286000251770019531e+00,-1.999999955296516418e-02,-3.500000014901161194e-02,2.060000002384185791e-01
1.548071780600000125e+01,3.330000042915344238e-01,9.789999723434448242e-01,-9.286000251770019531e+00,-1.999999955296516418e-02,-3.500000014901161194e-02,2.060000002384185791e-01
1.548806988000000118e+01,1.396000027656555176e+00,4.720000028610229492e-01,-9.175999641418457031e+00,-2.099999971687793732e-02,-2.400000020861625671e-02,1.909999996423721313e-01
1.549767152800000147e+01,-7.250000238418579102e-01,-1.501000046730041504e+00,-7.835000038146972656e+00,-1.799999922513961792e-02,2.500000037252902985e-02,4.399999976158142090e-02
1.550468867600000067e+01,-7.250000238418579102e-01,-1.501000046730041504e+00,-7.835000038146972656e+00,-1.799999922513961792e-02,2.500000037252902985e-02,4.399999976158142090e-02
1.551477745400000074e+01,-7.250000238418579102e-01,-1.501000046730041504e+00,-7.835000038146972656e+00,-1.799999922513961792e-02,2.500000037252902985e-02,4.399999976158142090e-02
1.552392556500000076e+01,-2.098999977111816406e+00,-1.631000041961669922e+00,-7.973999977111816406e+00,-1.010000035166740417e-01,-2.099999934434890747e-01,2.980000078678131104e-01
1.553474278700000077e+01,-2.098999977111816406e+00,-1.631000041961669922e+00,-7.973999977111816406e+00,-1.010000035166740417e-01,-2.099999934434890747e-01,2.980000078678131104e-01
1.554513188000000135e+01,-2.818000078201293945e+00,-2.315000057220458984e+00,-6.552000045776367188e+00,-4.600000008940696716e-02,-7.999999821186065674e-02,6.710000038146972656e-01
1.555387699100000098e+01,-2.818000078201293945e+00,-2.315000057220458984e+00,-6.552000045776367188e+00,-4.600000008940696716e-02,-7.999999821186065674e-02,6.710000038146972656e-01
1.556563276900000048e+01,2.370000034570693970e-01,2.645999908447265625e+00,-1.055000019073486328e+01,-4.699999839067459106e-02,5.799999833106994629e-02,6.729999780654907227e-01
1.557481423200000137e+01,2.370000034570693970e-01,2.645999908447265625e+00,-1.055000019073486328e+01,-4.699999839067459106e-02,5.799999833106994629e-02,6.729999780654907227e-01
1.558627458400000165e+01,-1.550000011920928955e-01,3.134000062942504883e+00,-8.079000473022460938e+00,-5.299999937415122986e-02,2.800000086426734924e-02,3.790000081062316895e-01
1.559937908400000062e+01,-1.550000011920928955e-01,3.134000062942504883e+00,-8.079000473022460938e+00,-5.299999937415122986e-02,2.800000086426734924e-02,3.790000081062316895e-01
1.560532832400000025e+01,-3.330000042915344238e-01,-7.450000047683715820e-01,-6.857999801635742188e+00,-6.000000052154064178e-03,1.999999955296516418e-02,1.749999970197677612e-01
1.561447110200000132e+01,-3.330000042915344238e-01,-7.450000047683715820e-01,-6.857999801635742188e+00,-6.000000052154064178e-03,1.999999955296516418e-02,1.749999970197677612e-01
1.563052158400000025e+01,1.797999978065490723e+00,2.509999871253967285e-01,-9.864999771118164062e+00,1.700000092387199402e-02,7.500000298023223877e-02,3.599999845027923584e-02
1.563783882400000103e+01,1.797999978065490723e+00,2.509999871253967285e-01,-9.864999771118164062e+00,1.700000092387199402e-02,7.500000298023223877e-02,3.599999845027923584e-02
1.564592465800000021e+01,2.109999895095825195e+00,1.990000009536743164e-01,-9.635999679565429688e+00,1.799999922513961792e-02,3.000000026077032089e-03,-1.700000017881393433e-01
1.565399636100000080e+01,2.109999895095825195e+00,1.990000009536743164e-01,-9.635999679565429688e+00,1.799999922513961792e-02,3.000000026077032089e-03,-1.700000017881393433e-01
1.566613808400000174e+01,1.093999981880187988e+00,-9.169999957084655762e-01,-1.114400005340576172e+01,2.899999916553497314e-02,3.700000047683715820e-02,-3.100000023841857910e-01
1.567745973200000087e+01,1.093999981880187988e+00,-9.169999957084655762e-01,-1.114400005340576172e+01,2.899999916553497314e-02,3.700000047683715820e-02,-3.100000023841857910e-01
1.568370978700000151e+01,6.250000000000000000e-01,2.750000059604644775e-01,-1.057900047302246094e+01,-6.000000052154064178e-03,-6.800000369548797607e-02,7.299999892711639404e-02
1.569756993600000072e+01,6.250000000000000000e-01,2.750000059604644775e-01,-1.057900047302246094e+01,-6.000000052154064178e-03,-6.800000369548797607e-02,7.299999892711639404e-02
1.570504076900000179e+01,-1.840000003576278687e-01,2.129999995231628418e-01,-8.907999992370605469e+00,-1.499999966472387314e-02,3.299999982118606567e-02,1.410000026226043701e-01
1.571590102800000111e+01,-1.840000003576278687e-01,2.129999995231628418e-01,-8.907999992370605469e+00,-1.499999966472387314e-02,3.299999982118606567e-02,1.410000026226043701e-01
1.572832165800000048e+01,2.469999939203262329e-01,-1.459999978542327881e-01,-9.090000152587890625e+00,-4.000000189989805222e-03,-3.299999982118606567e-02,-3.900000080466270447e-02
1.573796410200000118e+01,2.469999939203262329e-01,-1.459999978542327881e-01,-9.090000152587890625e+00,-4.000000189989805222e-03,-3.299999982118606567e-02,-3.900000080466270447e-02
1.574358193500000169e+01,4.600000008940696716e-02,1.220000013709068298e-01,-1.039200019836425781e+01,4.999999888241291046e-03,1.300000026822090149e-02,-1.099999994039535522e-02
1.575619495400000147e+01,4.600000008940696716e-02,1.220000013709068298e-01,-1.039200019836425781e+01,4.999999888241291046e-03,1.300000026822090149e-02,-1.099999994039535522e-02
1.576432680600000147e+01,-1.739999949932098389e-01,-3.429999947547912598e-01,-9.161000251770019531e+00,-1.000000047497451305e-03,-2.199999988079071045e-02,8.000000379979610443e-03
1.578272419500000012e+01,-1.739999949932098389e-01,-3.429999947547912598e-01,-9.161000251770019531e+00,-1.000000047497451305e-03,-2.199999988079071045e-02,8.000000379979610443e-03
1.578411786100000036e+01,-1.739999949932098389e-01,-3.429999947547912598e-01,-9.161000251770019531e+00,-1.000000047497451305e-03,-2.199999988079071045e-02,8.000000379979610443e-03
1.579385245400000137e+01,-1.739999949932098389e-01,-3.429999947547912598e-01,-9.161000251770019531e+00,-1.000000047497451305e-03,-2.199999988079071045e-02,8.000000379979610443e-03
1.580409165800000082e+01,1.889999955892562866e-01,-7.000000216066837311e-03,-9.592000007629394531e+00,-1.000000047497451305e-03,0.000000000000000000e+00,1.099999994039535522e-02
1.581620084300000073e+01,1.889999955892562866e-01,-7.000000216066837311e-03,-9.592000007629394531e+00,-1.000000047497451305e-03,0.000000000000000000e+00,1.099999994039535522e-02
1.582563971300000105e+01,8.900000154972076416e-02,4.100000113248825073e-02,-9.621000289916992188e+00,-2.000000094994902611e-03,-2.000000094994902611e-03,1.200000010430812836e-02
1.583495997200000183e+01,8.900000154972076416e-02,4.100000113248825073e-02,-9.621000289916992188e+00,-2.000000094994902611e-03,-2.000000094994902611e-03,1.200000010430812836e-02
1.584373019500000090e+01,-7.900000363588333130e-02,4.500000178813934326e-02,-9.420000076293945312e+00,-1.000000047497451305e-03,-4.000000189989805222e-03,2.000000094994902611e-03
1.585386947200000129e+01,-7.900000363588333130e-02,4.500000178813934326e-02,-9.420000076293945312e+00,-1.000000047497451305e-03,-4.000000189989805222e-03,2.000000094994902611e-03
1.586487145400000109e+01,-3.599999845027923584e-02,-9.799999743700027466e-02,-9.817000389099121094e+00,1.000000047497451305e-03,-3.000000026077032089e-03,8.000000379979610443e-03
1.587453050900000129e+01,-3.599999845027923584e-02,-9.799999743700027466e-02,-9.817000389099121094e+00,1.000000047497451305e-03,-3.000000026077032089e-03,8.000000379979610443e-03
1.588382073200000022e+01,8.900000154972076416e-02,1.200000010430812836e-02,-9.559000015258789062e+00,-3.000000026077032089e-03,0.000000000000000000e+00,6.000000052154064178e-03
1.589377910200000166e+01,8.900000154972076416e-02,1.200000010430812836e-02,-9.559000015258789062e+00,-3.000000026077032089e-03,0.000000000000000000e+00,6.000000052154064178e-03
1.590555408400000026e+01,9.799999743700027466e-02,-3.000000026077032089e-03,-9.812999725341796875e+00,-1.000000047497451305e-03,-3.000000026077032089e-03,6.000000052154064178e-03
1.591701845400000082e+01,9.799999743700027466e-02,-3.000000026077032089e-03,-9.812999725341796875e+00,-1.000000047497451305e-03,-3.000000026077032089e-03,6.000000052154064178e-03
1.592392438000000077e+01,-8.799999952316284180e-02,1.700000092387199402e-02,-9.501000404357910156e+00,-1.000000047497451305e-03,-4.000000189989805222e-03,6.000000052154064178e-03
1.593818367600000130e+01,-4.077000141143798828e+00,1.156000018119812012e+00,-1.858999967575073242e+00,-7.000000029802322388e-02,-1.019999980926513672e-01,1.710000038146972656e-01
1.594616900900000012e+01,-4.077000141143798828e+00,1.156000018119812012e+00,-1.858999967575073242e+00,-7.000000029802322388e-02,-1.019999980926513672e-01,1.710000038146972656e-01
1.595378825000000056e+01,-4.077000141143798828e+00,1.156000018119812012e+00,-1.858999967575073242e+00,-7.000000029802322388e-02,-1.019999980926513672e-01,1.710000038146972656e-01
1.596955352800000050e+01,-4.077000141143798828e+00,1.156000018119812012e+00,-1.858999967575073242e+00,-7.000000029802322388e-02,-1.019999980926513672e-01,1.710000038146972656e-01
1.597511056500000137e+01,-4.077000141143798828e+00,1.156000018119812012e+00,-1.858999967575073242e+00,-7.000000029802322388e-02,-1.019999980926513672e-01,1.710000038146972656e-01
1.598422843500000035e+01,-1.447999954223632812e+00,8.349999785423278809e-01,-1.472999954223632812e+01,-1.000000047497451305e-03,3.500000014901161194e-02,1.059999987483024597e-01
1.599426756500000124e+01,-1.447999954223632812e+00,8.349999785423278809e-01,-1.472999954223632812e+01,-1.000000047497451305e-03,3.500000014901161194e-02,1.059999987483024597e-01
1.600373665800000111e+01,4.429999887943267822e-01,1.174999952316284180e+00,-1.108199977874755859e+01,2.000000094994902611e-03,-2.700000070035457611e-02,2.500000000000000000e-01
1.601392115800000226e+01,4.429999887943267822e-01,1.174999952316284180e+00,-1.108199977874755859e+01,2.000000094994902611e-03,-2.700000070035457611e-02,2.500000000000000000e-01
1.602480363900000171e+01,1.679000020027160645e+00,2.660000026226043701e-01,-6.158999919891357422e+00,-1.099999994039535522e-02,1.420000046491622925e-01,-4.000000189989805222e-03
1.603503141700000256e+01,1.679000020027160645e+00,2.660000026226043701e-01,-6.158999919891357422e+00,-1.099999994039535522e-02,1.420000046491622925e-01,-4.000000189989805222e-03
1.604472288000000191e+01,1.156999945640563965e+00,-1.200000047683715820e+00,-6.967999935150146484e+00,4.000000189989805222e-03,-8.100000023841857910e-02,-5.400000140070915222e-02
1.605387206500000019e+01,1.156999945640563965e+00,-1.200000047683715820e+00,-6.967999935150146484e+00,4.000000189989805222e-03,-8.100000023841857910e-02,-5.400000140070915222e-02
1.606471782400000237e+01,-2.179999947547912598e-01,8.399999886751174927e-02,-7.652999877929687500e+00,-9.999999776482582092e-03,-5.400000140070915222e-02,-7.000000216066837311e-03
1.607794650900000022e+01,-6.629999876022338867e-01,-4.289999902248382568e-01,-9.918000221252441406e+00,3.000000026077032089e-03,-8.999999612569808960e-03,-7.699999958276748657e-02
1.608387238000000252e+01,-6.629999876022338867e-01,-4.289999902248382568e-01,-9.918000221252441406e+00,3.000000026077032089e-03,-8.999999612569808960e-03,-7.699999958276748657e-02
1.609357397200000150e+01,-6.629999876022338867e-01,-4.289999902248382568e-01,-9.918000221252441406e+00,3.000000026077032089e-03,-8.999999612569808960e-03,-7.699999958276748657e-02
1.610381617600000226e+01,-1.016999959945678711e+00,1.360000073909759521e-01,-9.031999588012695312e+00,-3.000000026077032089e-03,0.000000000000000000e+00,-5.400000140070915222e-02
1.611476834300000149e+01,-1.016999959945678711e+00,1.360000073909759521e-01,-9.031999588012695312e+00,-3.000000026077032089e-03,0.000000000000000000e+00,-5.400000140070915222e-02
1.612673193500000224e+01,-1.016999959945678711e+00,1.360000073909759521e-01,-9.031999588012695312e+00,-3.000000026077032089e-03,0.000000000000000000e+00,-5.400000140070915222e-02
1.613444221299999981e+01,-1.016999959945678711e+00,1.360000073909759521e-01,-9.031999588012695312e+00,-3.000000026077032089e-03,0.000000000000000000e+00,-5.400000140070915222e-02
1.614353532400000191e+01,1.700000017881393433e-01,-1.299999952316284180e+00,-8.812000274658203125e+00,-3.400000184774398804e-02,-2.199999988079071045e-02,3.109999895095825195e-01
1.615448636100000002e+01,1.700000017881393433e-01,-1.299999952316284180e+00,-8.812000274658203125e+00,-3.400000184774398804e-02,-2.199999988079071045e-02,3.109999895095825195e-01
1.616392799100000133e+01,-1.621000051498413086e+00,2.214999914169311523e+00,-7.859000205993652344e+00,-6.400000303983688354e-02,-6.400000303983688354e-02,3.810000121593475342e-01
1.617494437999999946e+01,-1.621000051498413086e+00,2.214999914169311523e+00,-7.859000205993652344e+00,-6.400000303983688354e-02,-6.400000303983688354e-02,3.810000121593475342e-01
1.618392339800000101e+01,-1.621000051498413086e+00,2.214999914169311523e+00,-7.859000205993652344e+00,-6.400000303983688354e-02,-6.400000303983688354e-02,3.810000121593475342e-01
1.619485021300000227e+01,-1.621000051498413086e+00,2.214999914169311523e+00,-7.859000205993652344e+00,-6.400000303983688354e-02,-6.400000303983688354e-02,3.810000121593475342e-01
1.620556745400000054e+01,6.729999780654907227e-01,1.875000000000000000e+00,-1.576500034332275391e+01,-3.099999949336051941e-02,2.010000050067901611e-01,5.780000090599060059e-01
1.621672023100000004e+01,-3.950000107288360596e-01,-3.089999854564666748e-01,-1.274800014495849609e+01,-2.199999988079071045e-02,-8.299999684095382690e-02,4.600000083446502686e-01
1.622386886099999970e+01,-3.950000107288360596e-01,-3.089999854564666748e-01,-1.274800014495849609e+01,-2.199999988079071045e-02,-8.299999684095382690e-02,4.600000083446502686e-01
1.623374130600000242e+01,-3.950000107288360596e-01,-3.089999854564666748e-01,-1.274800014495849609e+01,-2.199999988079071045e-02,-8.299999684095382690e-02,4.600000083446502686e-01
1.624368047200000120e+01,-1.238000035285949707e+00,2.065999984741210938e+00,-9.300000190734863281e+00,-5.900000035762786865e-02,3.200000151991844177e-02,5.220000147819519043e-01
1.625706956500000189e+01,2.038000106811523438e+00,2.783999919891357422e+00,-1.083300018310546875e+01,1.300000026822090149e-02,1.120000034570693970e-01,2.930000126361846924e-01
1.626597506500000279e+01,2.038000106811523438e+00,2.783999919891357422e+00,-1.083300018310546875e+01,1.300000026822090149e-02,1.120000034570693970e-01,2.930000126361846924e-01
1.627647112000000007e+01,2.038000106811523438e+00,2.783999919891357422e+00,-1.083300018310546875e+01,1.300000026822090149e-02,1.120000034570693970e-01,2.930000126361846924e-01
1.628721965700000140e+01,1.424999952316284180e+00,-3.619999885559082031e-01,-7.528999805450439453e+00,-2.899999916553497314e-02,1.899999938905239105e-02,-7.299999892711639404e-02
1.629431915700000033e+01,1.424999952316284180e+00,-3.619999885559082031e-01,-7.528999805450439453e+00,-2.899999916553497314e-02,1.899999938905239105e-02,-7.299999892711639404e-02
1.630363741700000091e+01,-9.210000038146972656e-01,-6.629999876022338867e-01,-9.621000289916992188e+00,-1.499999966472387314e-02,-1.129999980330467224e-01,-4.500000178813934326e-02
1.631459165700000113e+01,-9.210000038146972656e-01,-6.629999876022338867e-01,-9.621000289916992188e+00,-1.499999966472387314e-02,-1.129999980330467224e-01,-4.500000178813934326e-02
1.632343813900000029e+01,5.440000295639038086e-01,4.519999921321868896e-01,-1.029599952697753906e+01,8.000000379979610443e-03,9.300000220537185669e-02,-3.299999982118606567e-02
1.633647847199999958e+01,5.440000295639038086e-01,4.519999921321868896e-01,-1.029599952697753906e+01,8.000000379979610443e-03,9.300000220537185669e-02,-3.299999982118606567e-02
1.634398854600000206e+01,-2.219000101089477539e+00,-1.218999981880187988e+00,-1.007100009918212891e+01,-1.400000043213367462e-02,-3.999999910593032837e-02,-3.200000151991844177e-02
1.635376767600000036e+01,-2.219000101089477539e+00,-1.218999981880187988e+00,-1.007100009918212891e+01,-1.400000043213367462e-02,-3.999999910593032837e-02,-3.200000151991844177e-02
1.636362660200000008e+01,1.837000012397766113e+00,1.228000044822692871e+00,-9.137999534606933594e+00,2.099999971687793732e-02,8.999999612569808960e-03,2.489999979734420776e-01
1.637629621299999982e+01,1.837000012397766113e+00,1.228000044822692871e+00,-9.137999534606933594e+00,2.099999971687793732e-02,8.999999612569808960e-03,2.489999979734420776e-01
1.638386891700000092e+01,1.184999942779541016e+00,6.499999761581420898e-02,-8.543999671936035156e+00,2.000000094994902611e-03,1.220000013709068298e-01,-3.200000151991844177e-02
1.639406950900000126e+01,1.184999942779541016e+00,6.499999761581420898e-02,-8.543999671936035156e+00,2.000000094994902611e-03,1.220000013709068298e-01,-3.200000151991844177e-02
1.640401584199999974e+01,1.980000019073486328e+00,5.529999732971191406e-01,-1.278199958801269531e+01,-3.400000184774398804e-02,-1.340000033378601074e-01,3.339999914169311523e-01
1.641358039800000057e+01,1.980000019073486328e+00,5.529999732971191406e-01,-1.278199958801269531e+01,-3.400000184774398804e-02,-1.340000033378601074e-01,3.339999914169311523e-01
1.642580743499999940e+01,2.315999984741210938e+00,1.702000021934509277e+00,-1.149300003051757812e+01,-1.700000092387199402e-02,1.159999966621398926e-01,1.870000064373016357e-01
1.643415665700000261e+01,2.315999984741210938e+00,1.702000021934509277e+00,-1.149300003051757812e+01,-1.700000092387199402e-02,1.159999966621398926e-01,1.870000064373016357e-01
1.644364449100000058e+01,-2.128000020980834961e+00,-2.099999904632568359e+00,-6.718999862670898438e+00,-6.599999964237213135e-02,-1.809999942779541016e-01,1.049999967217445374e-01
1.645429545400000038e+01,-2.128000020980834961e+00,-2.099999904632568359e+00,-6.718999862670898438e+00,-6.599999964237213135e-02,-1.809999942779541016e-01,1.049999967217445374e-01
1.646494225000000000e+01,1.749999970197677612e-01,-7.160000205039978027e-01,-1.500300025939941406e+01,1.200000010430812836e-02,-3.599999845027923584e-02,4.970000088214874268e-01
1.647417187900000002e+01,1.749999970197677612e-01,-7.160000205039978027e-01,-1.500300025939941406e+01,1.200000010430812836e-02,-3.599999845027923584e-02,4.970000088214874268e-01
1.648497980500000182e+01,1.840999960899353027e+00,1.171000003814697266e+00,-1.303100013732910156e+01,-3.000000026077032089e-03,1.899999976158142090e-01,5.499999970197677612e-02
1.649376217600000061e+01,1.840999960899353027e+00,1.171000003814697266e+00,-1.303100013732910156e+01,-3.000000026077032089e-03,1.899999976158142090e-01,5.499999970197677612e-02
1.650417669400000165e+01,-2.994999885559082031e+00,1.128000020980834961e+00,-2.447999954223632812e+00,-7.999999821186065674e-02,-1.430000066757202148e-01,1.220000013709068298e-01
1.651395117600000262e+01,-2.994999885559082031e+00,1.128000020980834961e+00,-2.447999954223632812e+00,-7.999999821186065674e-02,-1.430000066757202148e-01,1.220000013709068298e-01
1.652638447200000016e+01,4.239999949932098389e-01,4.000000059604644775e-01,-6.217000007629394531e+00,2.000000094994902611e-03,1.999999955296516418e-02,3.939999938011169434e-01
1.653411876800000258e+01,4.239999949932098389e-01,4.000000059604644775e-01,-6.217000007629394531e+00,2.000000094994902611e-03,1.999999955296516418e-02,3.939999938011169434e-01
1.654396878700000073e+01,6.200000047683715820e-01,5.239999890327453613e-01,-1.289200019836425781e+01,-1.099999994039535522e-02,-6.000000052154064178e-03,2.689999938011169434e-01
1.655396208300000183e+01,6.200000047683715820e-01,5.239999890327453613e-01,-1.289200019836425781e+01,-1.099999994039535522e-02,-6.000000052154064178e-03,2.689999938011169434e-01
1.656559471299999942e+01,6.200000047683715820e-01,5.239999890327453613e-01,-1.289200019836425781e+01,-1.099999994039535522e-02,-6.000000052154064178e-03,2.689999938011169434e-01
1.657389569400000084e+01,6.200000047683715820e-01,5.239999890327453613e-01,-1.289200019836425781e+01,-1.099999994039535522e-02,-6.000000052154064178e-03,2.689999938011169434e-01
1.658507141600000168e+01,5.820000171661376953e-01,-1.509999930858612061e-01,-7.964000225067138672e+00,1.700000092387199402e-02,1.999999955296516418e-02,-5.900000035762786865e-02
1.659412213899999955e+01,5.820000171661376953e-01,-1.509999930858612061e-01,-7.964000225067138672e+00,1.700000092387199402e-02,1.999999955296516418e-02,-5.900000035762786865e-02
1.660499208300000262e+01,-6.010000109672546387e-01,1.075000047683715820e+00,-9.420000076293945312e+00,-4.000000189989805222e-03,-1.200000010430812836e-02,1.879999935626983643e-01
1.661442678699999931e+01,-6.010000109672546387e-01,1.075000047683715820e+00,-9.420000076293945312e+00,-4.000000189989805222e-03,-1.200000010430812836e-02,1.879999935626983643e-01
1.662365826799999979e+01,-1.251999974250793457e+00,-1.200000010430812836e-02,-1.105300045013427734e+01,-1.099999994039535522e-02,-1.200000010430812836e-02,3.700000047683715820e-02
1.663414710200000002e+01,-1.251999974250793457e+00,-1.200000010430812836e-02,-1.105300045013427734e+01,-1.099999994039535522e-02,-1.200000010430812836e-02,3.700000047683715820e-02
1.664423078700000147e+01,-4.709999859333038330e-01,1.220000013709068298e-01,-8.956000328063964844e+00,4.000000189989805222e-03,-8.000000379979610443e-03,1.780000030994415283e-01
1.665443699000000066e+01,-4.709999859333038330e-01,1.220000013709068298e-01,-8.956000328063964844e+00,4.000000189989805222e-03,-8.000000379979610443e-03,1.780000030994415283e-01
1.666416775000000072e+01,1.238000035285949707e+00,5.860000252723693848e-01,-1.065100002288818359e+01,3.700000047683715820e-02,1.120000034570693970e-01,2.400000020861625671e-02
1.667397719400000256e+01,1.238000035285949707e+00,5.860000252723693848e-01,-1.065100002288818359e+01,3.700000047683715820e-02,1.120000034570693970e-01,2.400000020861625671e-02
1.668392052800000158e+01,-1.083999991416931152e+00,-2.496999979019165039e+00,-1.044999980926513672e+01,4.999999888241291046e-03,-2.700000070035457611e-02,-1.309999972581863403e-01
1.669410991600000216e+01,-1.083999991416931152e+00,-2.496999979019165039e+00,-1.044999980926513672e+01,4.999999888241291046e-03,-2.700000070035457611e-02,-1.309999972581863403e-01
1.670413754600000189e+01,1.113999962806701660e+00,7.000000216066837311e-03,-1.127299976348876953e+01,1.300000026822090149e-02,8.999999612569808960e-03,1.560000032186508179e-01
1.671538252700000271e+01,1.113999962806701660e+00,7.000000216066837311e-03,-1.127299976348876953e+01,1.300000026822090149e-02,8.999999612569808960e-03,1.560000032186508179e-01
1.672396821300000269e+01,5.149999856948852539e-01,-1.200000047683715820e+00,-1.016699981689453125e+01,1.300000026822090149e-02,8.999999612569808960e-03,-1.200000010430812836e-02
1.673620182400000189e+01,5.149999856948852539e-01,-1.200000047683715820e+00,-1.016699981689453125e+01,1.300000026822090149e-02,8.999999612569808960e-03,-1.200000010430812836e-02
1.675369358300000044e+01,1.463000059127807617e+00,-1.319999992847442627e-01,-8.758999824523925781e+00,-1.700000092387199402e-02,-1.400000043213367462e-02,5.400000140070915222e-02
1.675436565700000102e+01,1.463000059127807617e+00,-1.319999992847442627e-01,-8.758999824523925781e+00,-1.700000092387199402e-02,-1.400000043213367462e-02,5.400000140070915222e-02
1.676445543500000213e+01,6.970000267028808594e-01,1.171000003814697266e+00,-1.086100006103515625e+01,-1.099999994039535522e-02,4.600000008940696716e-02,1.469999998807907104e-01
1.677744504600000042e+01,6.970000267028808594e-01,1.171000003814697266e+00,-1.086100006103515625e+01,-1.099999994039535522e-02,4.600000008940696716e-02,1.469999998807907104e-01
1.678443467600000005e+01,8.069999814033508301e-01,-3.259000062942504883e+00,-1.812500000000000000e+01,5.799999833106994629e-02,-1.030000001192092896e-01,-1.080000028014183044e-01
1.679366862000000182e+01,8.069999814033508301e-01,-3.259000062942504883e+00,-1.812500000000000000e+01,5.799999833106994629e-02,-1.030000001192092896e-01,-1.080000028014183044e-01
1.680356545300000093e+01,-2.492000102996826172e+00,2.750000059604644775e-01,-1.504999995231628418e+00,1.700000092387199402e-02,-7.299999892711639404e-02,-5.059999823570251465e-01
1.681478441600000195e+01,-2.492000102996826172e+00,2.750000059604644775e-01,-1.504999995231628418e+00,1.700000092387199402e-02,-7.299999892711639404e-02,-5.059999823570251465e-01
1.682344750900000108e+01,1.042000055313110352e+00,-1.501000046730041504e+00,-9.114000320434570312e+00,1.099999994039535522e-02,1.330000013113021851e-01,-3.999999910593032837e-02
1.683402021300000229e+01,1.042000055313110352e+00,-1.501000046730041504e+00,-9.114000320434570312e+00,1.099999994039535522e-02,1.330000013113021851e-01,-3.999999910593032837e-02
1.684375958300000065e+01,4.189999997615814209e-01,5.020999908447265625e+00,-1.080399990081787109e+01,-1.899999938905239105e-02,-3.000000026077032089e-03,1.909999996423721313e-01
1.685709402700000226e+01,4.189999997615814209e-01,5.020999908447265625e+00,-1.080399990081787109e+01,-1.899999938905239105e-02,-3.000000026077032089e-03,1.909999996423721313e-01
1.686355626799999996e+01,-2.559000015258789062e+00,5.429999828338623047e-01,-9.717000007629394531e+00,4.600000008940696716e-02,-1.209999993443489075e-01,-3.079999983310699463e-01
1.687609226800000073e+01,-2.046999931335449219e+00,-2.469999939203262329e-01,-8.619999885559082031e+00,4.199999943375587463e-02,2.099999971687793732e-02,-4.790000021457672119e-01
1.688478295300000198e+01,-2.046999931335449219e+00,-2.469999939203262329e-01,-8.619999885559082031e+00,4.199999943375587463e-02,2.099999971687793732e-02,-4.790000021457672119e-01
1.689373073100000155e+01,-2.046999931335449219e+00,-2.469999939203262329e-01,-8.619999885559082031e+00,4.199999943375587463e-02,2.099999971687793732e-02,-4.790000021457672119e-01
1.690369504599999928e+01,-2.046999931335449219e+00,-2.469999939203262329e-01,-8.619999885559082031e+00,4.199999943375587463e-02,2.099999971687793732e-02,-4.790000021457672119e-01
1.691466480500000102e+01,-2.046999931335449219e+00,-2.469999939203262329e-01,-8.619999885559082031e+00,4.199999943375587463e-02,2.099999971687793732e-02,-4.790000021457672119e-01
1.692760712000000112e+01,1.195000052452087402e+00,-8.840000033378601074e-01,-7.298999786376953125e+00,-2.000000094994902611e-03,2.899999916553497314e-02,-2.339999973773956299e-01
1.693643167600000154e+01,1.195000052452087402e+00,-8.840000033378601074e-01,-7.298999786376953125e+00,-2.000000094994902611e-03,2.899999916553497314e-02,-2.339999973773956299e-01
1.695036202700000061e+01,1.047000050544738770e+00,-5.920000076293945312e-01,-1.060299968719482422e+01,-3.799999877810478210e-02,5.600000172853469849e-02,9.499999880790710449e-02
1.695668923100000214e+01,1.047000050544738770e+00,-5.920000076293945312e-01,-1.060299968719482422e+01,-3.799999877810478210e-02,5.600000172853469849e-02,9.499999880790710449e-02
1.696435000900000034e+01,6.200000047683715820e-01,4.280000030994415283e-01,-1.039700031280517578e+01,-9.999999776482582092e-03,-3.799999877810478210e-02,1.870000064373016357e-01
1.697629339800000281e+01,6.200000047683715820e-01,4.280000030994415283e-01,-1.039700031280517578e+01,-9.999999776482582092e-03,-3.799999877810478210e-02,1.870000064373016357e-01
1.698495258300000188e+01,1.865000009536743164e+00,-1.008000016212463379e+00,-1.054100036621093750e+01,-9.999999776482582092e-03,5.099999904632568359e-02,2.199999988079071045e-02
1.699615028700000252e+01,1.865000009536743164e+00,-1.008000016212463379e+00,-1.054100036621093750e+01,-9.999999776482582092e-03,5.099999904632568359e-02,2.199999988079071045e-02
1.700527730499999990e+01,1.865000009536743164e+00,-1.008000016212463379e+00,-1.054100036621093750e+01,-9.999999776482582092e-03,5.099999904632568359e-02,2.199999988079071045e-02
1.701801487900000254e+01,1.865000009536743164e+00,-1.008000016212463379e+00,-1.054100036621093750e+01,-9.999999776482582092e-03,5.099999904632568359e-02,2.199999988079071045e-02
1.702520108300000246e+01,-6.010000109672546387e-01,-1.564000010490417480e+00,-8.322999954223632812e+00,-8.000000379979610443e-03,1.300000026822090149e-02,1.710000038146972656e-01
1.703485965700000193e+01,-6.010000109672546387e-01,-1.564000010490417480e+00,-8.322999954223632812e+00,-8.000000379979610443e-03,1.300000026822090149e-02,1.710000038146972656e-01
1.704356902700000020e+01,7.020000219345092773e-01,1.276000022888183594e+00,-1.083699989318847656e+01,-1.400000043213367462e-02,-6.700000166893005371e-02,1.909999996423721313e-01
1.705436491600000082e+01,7.020000219345092773e-01,1.276000022888183594e+00,-1.083699989318847656e+01,-1.400000043213367462e-02,-6.700000166893005371e-02,1.909999996423721313e-01
1.706433128700000168e+01,-1.486999988555908203e+00,-1.195000052452087402e+00,-1.039200019836425781e+01,-1.400000043213367462e-02,-8.000000379979610443e-03,-0.000000000000000000e+00
1.707398504600000066e+01,-1.486999988555908203e+00,-1.195000052452087402e+00,-1.039200019836425781e+01,-1.400000043213367462e-02,-8.000000379979610443e-03,-0.000000000000000000e+00
1.708381924900000115e+01,-1.486999988555908203e+00,-1.195000052452087402e+00,-1.039200019836425781e+01,-1.400000043213367462e-02,-8.000000379979610443e-03,-0.000000000000000000e+00
1.709357241600000066e+01,4.580000042915344238e-01,5.960000157356262207e-01,-8.112999916076660156e+00,7.000000216066837311e-03,2.600000053644180298e-02,1.270000040531158447e-01
1.710431495299999938e+01,4.580000042915344238e-01,5.960000157356262207e-01,-8.112999916076660156e+00,7.000000216066837311e-03,2.600000053644180298e-02,1.270000040531158447e-01
1.711393826800000184e+01,-2.875000000000000000e+00,-5.630000233650207520e-01,-8.289999961853027344e+00,-2.700000070035457611e-02,-2.400000020861625671e-02,-8.000000379979610443e-03
1.712522330500000223e+01,-2.875000000000000000e+00,-5.630000233650207520e-01,-8.289999961853027344e+00,-2.700000070035457611e-02,-2.400000020861625671e-02,-8.000000379979610443e-03
1.713397850900000208e+01,2.062000036239624023e+00,2.459000110626220703e+00,-1.201099967956542969e+01,3.000000026077032089e-03,1.870000064373016357e-01,2.399999946355819702e-01
1.714375608299999953e+01,2.062000036239624023e+00,2.459000110626220703e+00,-1.201099967956542969e+01,3.000000026077032089e-03,1.870000064373016357e-01,2.399999946355819702e-01
1.715522043500000038e+01,2.220000028610229492e+00,7.110000252723693848e-01,-1.449100017547607422e+01,-1.999999955296516418e-02,7.299999892711639404e-02,4.899999871850013733e-02
1.716397367500000115e+01,2.220000028610229492e+00,7.110000252723693848e-01,-1.449100017547607422e+01,-1.999999955296516418e-02,7.299999892711639404e-02,4.899999871850013733e-02
1.717389315700000196e+01,2.220000028610229492e+00,7.110000252723693848e-01,-1.449100017547607422e+01,-1.999999955296516418e-02,7.299999892711639404e-02,4.899999871850013733e-02
1.718430915700000128e+01,1.644999980926513672e+00,-6.439999938011169434e-01,-8.472000122070312500e+00,-4.199999943375587463e-02,-6.400000303983688354e-02,1.180000007152557373e-01
1.719368726800000147e+01,1.644999980926513672e+00,-6.439999938011169434e-01,-8.472000122070312500e+00,-4.199999943375587463e-02,-6.400000303983688354e-02,1.180000007152557373e-01
1.720460865700000141e+01,1.644999980926513672e+00,-6.439999938011169434e-01,-8.472000122070312500e+00,-4.199999943375587463e-02,-6.400000303983688354e-02,1.180000007152557373e-01
1.721387110100000228e+01,1.789000034332275391e+00,-8.399999886751174927e-02,-1.063599967956542969e+01,2.000000094994902611e-03,3.599999845027923584e-02,6.899999827146530151e-02
1.722446704600000089e+01,1.789000034332275391e+00,-8.399999886751174927e-02,-1.063599967956542969e+01,2.000000094994902611e-03,3.599999845027923584e-02,6.899999827146530151e-02
1.723372121200000251e+01,1.789000034332275391e+00,-8.399999886751174927e-02,-1.063599967956542969e+01,2.000000094994902611e-03,3.599999845027923584e-02,6.899999827146530151e-02
1.724388952700000033e+01,2.280000001192092896e-01,-7.059999704360961914e-01,-9.727000236511230469e+00,2.099999971687793732e-02,-2.999999932944774628e-02,-9.499999880790710449e-02
1.725398430499999947e+01,2.280000001192092896e-01,-7.059999704360961914e-01,-9.727000236511230469e+00,2.099999971687793732e-02,-2.999999932944774628e-02,-9.499999880790710449e-02
1.726380986000000206e+01,5.009999871253967285e-01,-1.220000013709068298e-01,-9.272000312805175781e+00,4.000000189989805222e-03,1.999999955296516418e-02,-9.799999743700027466e-02
1.727359995300000151e+01,5.009999871253967285e-01,-1.220000013709068298e-01,-9.272000312805175781e+00,4.000000189989805222e-03,1.999999955296516418e-02,-9.799999743700027466e-02
1.728409004599999932e+01,8.600000143051147461e-01,5.000000000000000000e-01,-1.010999965667724609e+01,-6.000000052154064178e-03,-2.000000094994902611e-03,5.299999937415122986e-02
1.729576191600000001e+01,8.600000143051147461e-01,5.000000000000000000e-01,-1.010999965667724609e+01,-6.000000052154064178e-03,-2.000000094994902611e-03,5.299999937415122986e-02
1.730396013800000077e+01,-2.611999988555908203e+00,-5.529999732971191406e-01,-9.529999732971191406e+00,-5.299999937415122986e-02,-8.100000023841857910e-02,2.109999954700469971e-01
1.731460443499999968e+01,-2.611999988555908203e+00,-5.529999732971191406e-01,-9.529999732971191406e+00,-5.299999937415122986e-02,-8.100000023841857910e-02,2.109999954700469971e-01
1.732471174900000221e+01,-1.324000000953674316e+00,-1.386000037193298340e+00,-1.059300041198730469e+01,-1.000000047497451305e-03,-3.200000151991844177e-02,3.849999904632568359e-01
1.733398465700000202e+01,-1.324000000953674316e+00,-1.386000037193298340e+00,-1.059300041198730469e+01,-1.000000047497451305e-03,-3.200000151991844177e-02,3.849999904632568359e-01
1.734432980500000099e+01,1.270000040531158447e-01,3.052999973297119141e+00,-9.597000122070312500e+00,-3.900000080466270447e-02,6.100000068545341492e-02,3.350000083446502686e-01
1.735552112000000236e+01,1.270000040531158447e-01,3.052999973297119141e+00,-9.597000122070312500e+00,-3.900000080466270447e-02,6.100000068545341492e-02,3.350000083446502686e-01
1.736485300900000084e+01,3.039999902248382568e-01,-9.120000004768371582e-01,-5.914999961853027344e+00,-1.499999966472387314e-02,-5.299999937415122986e-02,4.050000011920928955e-01
1.737409482300000008e+01,3.039999902248382568e-01,-9.120000004768371582e-01,-5.914999961853027344e+00,-1.499999966472387314e-02,-5.299999937415122986e-02,4.050000011920928955e-01
1.738510702700000010e+01,2.292000055313110352e+00,4.086999893188476562e+00,-8.300000190734863281e+00,1.000000047497451305e-03,1.800000071525573730e-01,3.199999928474426270e-01
1.739591876800000136e+01,2.292000055313110352e+00,4.086999893188476562e+00,-8.300000190734863281e+00,1.000000047497451305e-03,1.800000071525573730e-01,3.199999928474426270e-01
1.740457649000000018e+01,-3.519999980926513672e-01,1.065000057220458984e+00,-3.888999938964843750e+00,-5.400000140070915222e-02,-9.499999880790710449e-02,1.759999990463256836e-01
1.741440967500000170e+01,-3.519999980926513672e-01,1.065000057220458984e+00,-3.888999938964843750e+00,-5.400000140070915222e-02,-9.499999880790710449e-02,1.759999990463256836e-01
1.742644074900000106e+01,4.860000014305114746e-01,3.759999871253967285e-01,-1.051700019836425781e+01,2.000000094994902611e-03,-2.300000004470348358e-02,2.540000081062316895e-01
1.743652023099999937e+01,4.860000014305114746e-01,3.759999871253967285e-01,-1.051700019836425781e+01,2.000000094994902611e-03,-2.300000004470348358e-02,2.540000081062316895e-01
1.744372774900000067e+01,-2.220000028610229492e-01,5.099999904632568359e-01,-9.085000038146972656e+00,8.000000379979610443e-03,1.499999966472387314e-02,-1.369999945163726807e-01
1.745407123100000035e+01,-2.220000028610229492e-01,5.099999904632568359e-01,-9.085000038146972656e+00,8.000000379979610443e-03,1.499999966472387314e-02,-1.369999945163726807e-01
1.747078578600000043e+01,-1.200000010430812836e-02,3.519999980926513672e-01,-9.477999687194824219e+00,1.400000043213367462e-02,-2.999999932944774628e-02,-1.220000013709068298e-01
1.747342921200000276e+01,-1.200000010430812836e-02,3.519999980926513672e-01,-9.477999687194824219e+00,1.400000043213367462e-02,-2.999999932944774628e-02,-1.220000013709068298e-01
1.748571532300000086e+01,-9.980000257492065430e-01,1.103999972343444824e+00,-1.019600009918212891e+01,-2.500000037252902985e-02,-1.799999922513961792e-02,9.700000286102294922e-02
1.749359226800000044e+01,-9.980000257492065430e-01,1.103999972343444824e+00,-1.019600009918212891e+01,-2.500000037252902985e-02,-1.799999922513961792e-02,9.700000286102294922e-02
1.750412556400000241e+01,-2.516000032424926758e+00,-1.036999940872192383e+00,-1.060299968719482422e+01,-2.300000004470348358e-02,-6.700000166893005371e-02,3.199999928474426270e-01
1.751377469400000209e+01,-2.516000032424926758e+00,-1.036999940872192383e+00,-1.060299968719482422e+01,-2.300000004470348358e-02,-6.700000166893005371e-02,3.199999928474426270e-01
1.752510137900000231e+01,-2.516000032424926758e+00,-1.036999940872192383e+00,-1.060299968719482422e+01,-2.300000004470348358e-02,-6.700000166893005371e-02,3.199999928474426270e-01
1.753391645299999979e+01,7.020000219345092773e-01,-9.219999909400939941e-01,-1.171399974822998047e+01,-3.400000184774398804e-02,1.019999980926513672e-01,4.280000030994415283e-01
1.754456897100000035e+01,9.399999678134918213e-02,7.590000033378601074e-01,-1.084200000762939453e+01,-3.700000047683715820e-02,1.999999955296516418e-02,4.269999861717224121e-01
1.755367113800000212e+01,9.399999678134918213e-02,7.590000033378601074e-01,-1.084200000762939453e+01,-3.700000047683715820e-02,1.999999955296516418e-02,4.269999861717224121e-01
1.756463908299999943e+01,-7.969999909400939941e-01,-1.026999950408935547e+00,-1.110099983215332031e+01,-4.500000178813934326e-02,-7.100000232458114624e-02,4.300000071525573730e-01
1.757342047100000215e+01,-7.969999909400939941e-01,-1.026999950408935547e+00,-1.110099983215332031e+01,-4.500000178813934326e-02,-7.100000232458114624e-02,4.300000071525573730e-01
1.758509285999999960e+01,1.291000008583068848e+00,1.860000014305114746e+00,-9.564000129699707031e+00,-2.400000020861625671e-02,1.260000020265579224e-01,3.359999954700469971e-01
1.759419573100000278e+01,1.291000008583068848e+00,1.860000014305114746e+00,-9.564000129699707031e+00,-2.400000020861625671e-02,1.260000020265579224e-01,3.359999954700469971e-01
1.760350449000000239e+01,9.800000190734863281e-01,1.486999988555908203e+00,-8.840999603271484375e+00,-2.099999971687793732e-02,2.899999916553497314e-02,3.900000080466270447e-02
1.761414928599999996e+01,9.800000190734863281e-01,1.486999988555908203e+00,-8.840999603271484375e+00,-2.099999971687793732e-02,2.899999916553497314e-02,3.900000080466270447e-02
1.762460167500000097e+01,-3.129999935626983643e-01,-1.875000000000000000e+00,-8.864999771118164062e+00,6.000000052154064178e-03,-4.899999871850013733e-02,-4.699999839067459106e-02
1.763501806400000049e+01,-3.129999935626983643e-01,-1.875000000000000000e+00,-8.864999771118164062e+00,6.000000052154064178e-03,-4.899999871850013733e-02,-4.699999839067459106e-02
1.764356936000000076e+01,6.299999952316284180e-01,3.849999904632568359e-01,-1.017199993133544922e+01,-3.400000184774398804e-02,5.900000035762786865e-02,7.299999892711639404e-02
1.765426271200000130e+01,6.299999952316284180e-01,3.849999904632568359e-01,-1.017199993133544922e+01,-3.400000184774398804e-02,5.900000035762786865e-02,7.299999892711639404e-02
1.766531141600000154e+01,-2.129999995231628418e-01,1.990000009536743164e-01,-1.037300014495849609e+01,-3.200000151991844177e-02,-7.400000095367431641e-02,3.950000107288360596e-01
1.767354149000000163e+01,-2.129999995231628418e-01,1.990000009536743164e-01,-1.037300014495849609e+01,-3.200000151991844177e-02,-7.400000095367431641e-02,3.950000107288360596e-01
1.768512102700000099e+01,6.729999780654907227e-01,3.810000121593475342e-01,-1.151299953460693359e+01,-4.399999976158142090e-02,3.700000047683715820e-02,4.350000023841857910e-01
1.769410989700000059e+01,6.729999780654907227e-01,3.810000121593475342e-01,-1.151299953460693359e+01,-4.399999976158142090e-02,3.700000047683715820e-02,4.350000023841857910e-01
1.770362604500000003e+01,3.190000057220458984e-01,6.200000047683715820e-01,-7.973999977111816406e+00,-2.800000086426734924e-02,2.000000094994902611e-03,2.370000034570693970e-01
1.771565611900000192e+01,3.190000057220458984e-01,6.200000047683715820e-01,-7.973999977111816406e+00,-2.800000086426734924e-02,2.000000094994902611e-03,2.370000034570693970e-01
1.772347682300000216e+01,7.879999876022338867e-01,-7.639999985694885254e-01,-1.037800025939941406e+01,-1.700000092387199402e-02,-1.400000043213367462e-02,1.439999938011169434e-01
1.773481995300000236e+01,-7.900000363588333130e-02,-7.969999909400939941e-01,-8.118000030517578125e+00,-1.200000010430812836e-02,-1.099999994039535522e-02,2.129999995231628418e-01
1.774398939700000000e+01,-7.900000363588333130e-02,-7.969999909400939941e-01,-8.118000030517578125e+00,-1.200000010430812836e-02,-1.099999994039535522e-02,2.129999995231628418e-01
1.775455599000000007e+01,-7.900000363588333130e-02,-7.969999909400939941e-01,-8.118000030517578125e+00,-1.200000010430812836e-02,-1.099999994039535522e-02,2.129999995231628418e-01
1.776459947100000036e+01,-4.090000092983245850e-01,-2.124000072479248047e+00,-9.961000442504882812e+00,-3.700000047683715820e-02,-4.399999976158142090e-02,4.769999980926513672e-01
1.777603974900000239e+01,-4.090000092983245850e-01,-2.124000072479248047e+00,-9.961000442504882812e+00,-3.700000047683715820e-02,-4.399999976158142090e-02,4.769999980926513672e-01
1.778534521200000285e+01,5.920000076293945312e-01,-4.810000061988830566e-01,-4.276999950408935547e+00,-6.199999898672103882e-02,9.899999946355819702e-02,6.359999775886535645e-01
1.780060832300000229e+01,5.920000076293945312e-01,-4.810000061988830566e-01,-4.276999950408935547e+00,-6.199999898672103882e-02,9.899999946355819702e-02,6.359999775886535645e-01
1.780366571200000081e+01,1.559000015258789062e+00,-7.900000363588333130e-02,-1.482600021362304688e+01,-4.800000041723251343e-02,-4.399999976158142090e-02,5.500000119209289551e-01
1.781453021200000109e+01,1.559000015258789062e+00,-7.900000363588333130e-02,-1.482600021362304688e+01,-4.800000041723251343e-02,-4.399999976158142090e-02,5.500000119209289551e-01
1.782342439700000014e+01,1.381999969482421875e+00,1.932000041007995605e+00,-1.143099975585937500e+01,-2.700000070035457611e-02,-1.300000026822090149e-02,2.870000004768371582e-01
1.783559843400000133e+01,1.381999969482421875e+00,1.932000041007995605e+00,-1.143099975585937500e+01,-2.700000070035457611e-02,-1.300000026822090149e-02,2.870000004768371582e-01
1.784367493400000271e+01,9.799999743700027466e-02,2.325000047683715820e+00,-8.237000465393066406e+00,-1.499999966472387314e-02,-2.999999932944774628e-02,8.799999952316284180e-02
1.785449984200000273e+01,9.799999743700027466e-02,2.325000047683715820e+00,-8.237000465393066406e+00,-1.499999966472387314e-02,-2.999999932944774628e-02,8.799999952316284180e-02
1.786525776800000287e+01,9.799999743700027466e-02,2.325000047683715820e+00,-8.237000465393066406e+00,-1.499999966472387314e-02,-2.999999932944774628e-02,8.799999952316284180e-02
1.787805410100000003e+01,9.799999743700027466e-02,2.325000047683715820e+00,-8.237000465393066406e+00,-1.499999966472387314e-02,-2.999999932944774628e-02,8.799999952316284180e-02
1.788476454499999946e+01,1.080000028014183044e-01,5.149999856948852539e-01,-1.030099964141845703e+01,-3.000000026077032089e-03,8.000000379979610443e-03,-8.999999612569808960e-03
1.789396423000000169e+01,1.080000028014183044e-01,5.149999856948852539e-01,-1.030099964141845703e+01,-3.000000026077032089e-03,8.000000379979610443e-03,-8.999999612569808960e-03
1.790392387900000060e+01,1.031999945640563965e+00,1.391000032424926758e+00,-9.616000175476074219e+00,6.000000052154064178e-03,3.000000026077032089e-03,-4.000000189989805222e-03
1.791417726799999954e+01,1.031999945640563965e+00,1.391000032424926758e+00,-9.616000175476074219e+00,6.000000052154064178e-03,3.000000026077032089e-03,-4.000000189989805222e-03
1.792350524900000153e+01,1.103999972343444824e+00,9.409999847412109375e-01,-6.618999958038330078e+00,2.000000094994902611e-03,4.500000178813934326e-02,-1.120000034570693970e-01
1.793768780499999949e+01,1.103999972343444824e+00,9.409999847412109375e-01,-6.618999958038330078e+00,2.000000094994902611e-03,4.500000178813934326e-02,-1.120000034570693970e-01
1.794355273000000039e+01,5.389999747276306152e-01,5.289999842643737793e-01,-1.014299964904785156e+01,8.999999612569808960e-03,-3.500000014901161194e-02,-1.700000017881393433e-01
1.795464391600000198e+01,5.389999747276306152e-01,5.289999842643737793e-01,-1.014299964904785156e+01,8.999999612569808960e-03,-3.500000014901161194e-02,-1.700000017881393433e-01
1.796425645300000085e+01,-1.200000010430812836e-02,-4.050000011920928955e-01,-9.333999633789062500e+00,4.999999888241291046e-03,-3.099999949336051941e-02,-3.999999910593032837e-02
1.797354078600000094e+01,-1.200000010430812836e-02,-4.050000011920928955e-01,-9.333999633789062500e+00,4.999999888241291046e-03,-3.099999949336051941e-02,-3.999999910593032837e-02
1.798681810100000078e+01,-3.220000028610229492e+00,-2.989999949932098389e-01,-6.493999958038330078e+00,-2.300000004470348358e-02,-9.300000220537185669e-02,1.840000003576278687e-01
1.799428191600000204e+01,-3.220000028610229492e+00,-2.989999949932098389e-01,-6.493999958038330078e+00,-2.300000004470348358e-02,-9.300000220537185669e-02,1.840000003576278687e-01
1.800546647100000186e+01,6.869999766349792480e-01,-1.449000000953674316e+00,-7.945000171661376953e+00,-6.000000052154064178e-03,-4.899999871850013733e-02,1.959999948740005493e-01
1.801708187900000269e+01,6.869999766349792480e-01,-1.449000000953674316e+00,-7.945000171661376953e+00,-6.000000052154064178e-03,-4.899999871850013733e-02,1.959999948740005493e-01
1.802511674900000216e+01,1.560000032186508179e-01,2.625999927520751953e+00,1.929000020027160645e+00,-6.000000052154064178e-03,1.209999993443489075e-01,3.050000071525573730e-01
1.803535947099999959e+01,1.560000032186508179e-01,2.625999927520751953e+00,1.929000020027160645e+00,-6.000000052154064178e-03,1.209999993443489075e-01,3.050000071525573730e-01
1.804357697100000024e+01,6.060000061988830566e-01,2.391999959945678711e+00,-1.264999985694885254e+00,-4.999999888241291046e-03,3.500000014901161194e-02,1.879999935626983643e-01
1.805366602700000200e+01,6.060000061988830566e-01,2.391999959945678711e+00,-1.264999985694885254e+00,-4.999999888241291046e-03,3.500000014901161194e-02,1.879999935626983643e-01
1.806620123000000078e+01,1.965999960899353027e+00,-2.039999961853027344e-01,-1.069400024414062500e+01,-8.699999749660491943e-02,5.200000107288360596e-02,4.210000038146972656e-01
1.807353602699999939e+01,1.965999960899353027e+00,-2.039999961853027344e-01,-1.069400024414062500e+01,-8.699999749660491943e-02,5.200000107288360596e-02,4.210000038146972656e-01
1.808638137900000231e+01,-1.161000013351440430e+00,-1.133000016212463379e+00,-8.821000099182128906e+00,-3.099999949336051941e-02,-2.569999992847442627e-01,3.050000071525573730e-01
1.809409493400000102e+01,-1.161000013351440430e+00,-1.133000016212463379e+00,-8.821000099182128906e+00,-3.099999949336051941e-02,-2.569999992847442627e-01,3.050000071525573730e-01
1.810360174900000274e+01,-1.735999941825866699e+00,1.046000003814697266e+00,-1.190999984741210938e+01,-7.000000216066837311e-03,-1.700000092387199402e-02,-3.700000047683715820e-02
1.811510804499999949e+01,-1.735999941825866699e+00,1.046000003814697266e+00,-1.190999984741210938e+01,-7.000000216066837311e-03,-1.700000092387199402e-02,-3.700000047683715820e-02
1.812627091600000284e+01,-1.534000039100646973e+00,1.599999964237213135e-01,-9.578000068664550781e+00,6.000000052154064178e-03,1.099999994039535522e-02,3.000000026077032089e-03
1.813366397100000071e+01,-1.534000039100646973e+00,1.599999964237213135e-01,-9.578000068664550781e+00,6.000000052154064178e-03,1.099999994039535522e-02,3.000000026077032089e-03
1.814354806400000086e+01,1.800000071525573730e-01,-2.890000104904174805e+00,-1.151700019836425781e+01,-8.000000379979610443e-03,5.799999833106994629e-02,1.630000025033950806e-01
1.815470900800000109e+01,1.800000071525573730e-01,-2.890000104904174805e+00,-1.151700019836425781e+01,-8.000000379979610443e-03,5.799999833106994629e-02,1.630000025033950806e-01
1.816388026699999969e+01,1.800000071525573730e-01,-2.890000104904174805e+00,-1.151700019836425781e+01,-8.000000379979610443e-03,5.799999833106994629e-02,1.630000025033950806e-01
1.817505150800000280e+01,-1.889999955892562866e-01,1.717000007629394531e+00,-1.008100032806396484e+01,-3.500000014901161194e-02,6.100000068545341492e-02,2.409999966621398926e-01
1.818375043400000024e+01,-1.889999955892562866e-01,1.717000007629394531e+00,-1.008100032806396484e+01,-3.500000014901161194e-02,6.100000068545341492e-02,2.409999966621398926e-01
1.819384484100000066e+01,-2.147000074386596680e+00,-3.009999990463256836e+00,-8.956000328063964844e+00,-2.199999988079071045e-02,-1.430000066757202148e-01,1.969999969005584717e-01
1.820387230400000078e+01,-2.147000074386596680e+00,-3.009999990463256836e+00,-8.956000328063964844e+00,-2.199999988079071045e-02,-1.430000066757202148e-01,1.969999969005584717e-01
1.821882236000000077e+01,6.679999828338623047e-01,7.969999909400939941e-01,-8.788000106811523438e+00,-4.999999888241291046e-03,1.209999993443489075e-01,5.370000004768371582e-01
1.822520417500000178e+01,3.210999965667724609e+00,1.599999964237213135e-01,-9.262000083923339844e+00,-3.799999877810478210e-02,1.700000092387199402e-02,6.349999904632568359e-01
1.823433756400000050e+01,3.210999965667724609e+00,1.599999964237213135e-01,-9.262000083923339844e+00,-3.799999877810478210e-02,1.700000092387199402e-02,6.349999904632568359e-01
1.824362008199999963e+01,-2.994999885559082031e+00,-9.789999723434448242e-01,-5.770999908447265625e+00,-3.599999845027923584e-02,-1.369999945163726807e-01,2.240000069141387939e-01
1.825489243400000205e+01,-2.994999885559082031e+00,-9.789999723434448242e-01,-5.770999908447265625e+00,-3.599999845027923584e-02,-1.369999945163726807e-01,2.240000069141387939e-01
1.826432195199999953e+01,-2.994999885559082031e+00,-9.789999723434448242e-01,-5.770999908447265625e+00,-3.599999845027923584e-02,-1.369999945163726807e-01,2.240000069141387939e-01
1.827370682300000126e+01,-6.819999814033508301e-01,2.032999992370605469e+00,-1.097599983215332031e+01,-5.099999904632568359e-02,-7.000000216066837311e-03,2.779999971389770508e-01
1.828371095199999985e+01,-1.169999957084655762e+00,4.033999919891357422e+00,-7.370999813079833984e+00,-5.900000035762786865e-02,5.400000140070915222e-02,4.160000085830688477e-01
1.829363047100000017e+01,-1.169999957084655762e+00,4.033999919891357422e+00,-7.370999813079833984e+00,-5.900000035762786865e-02,5.400000140070915222e-02,4.160000085830688477e-01
1.830385817500000201e+01,4.140000045299530029e-01,1.659000039100646973e+00,-7.380000114440917969e+00,-3.400000184774398804e-02,5.400000140070915222e-02,1.389999985694885254e-01
1.831477213800000214e+01,4.140000045299530029e-01,1.659000039100646973e+00,-7.380000114440917969e+00,-3.400000184774398804e-02,5.400000140070915222e-02,1.389999985694885254e-01
1.832385732300000214e+01,-1.599999964237213135e-01,-1.304999947547912598e+00,-1.109599971771240234e+01,-1.300000026822090149e-02,-1.340000033378601074e-01,2.720000147819519043e-01
1.833363223000000275e+01,-1.599999964237213135e-01,-1.304999947547912598e+00,-1.109599971771240234e+01,-1.300000026822090149e-02,-1.340000033378601074e-01,2.720000147819519043e-01
1.834462648899999948e+01,2.426000118255615234e+00,1.266000032424926758e+00,-1.140200042724609375e+01,-2.000000094994902611e-03,1.439999938011169434e-01,6.000000052154064178e-03
1.835849674900000039e+01,2.426000118255615234e+00,1.266000032424926758e+00,-1.140200042724609375e+01,-2.000000094994902611e-03,1.439999938011169434e-01,6.000000052154064178e-03
1.836624719299999953e+01,-5.529999732971191406e-01,-2.884999990463256836e+00,-1.237899971008300781e+01,-1.200000010430812836e-02,-9.600000083446502686e-02,-1.260000020265579224e-01
1.837360998900000197e+01,-5.529999732971191406e-01,-2.884999990463256836e+00,-1.237899971008300781e+01,-1.200000010430812836e-02,-9.600000083446502686e-02,-1.260000020265579224e-01
1.838389348900000186e+01,1.453999996185302734e+00,3.950000107288360596e-01,-9.534999847412109375e+00,1.700000092387199402e-02,-1.999999955296516418e-02,2.399999946355819702e-01
1.839382011900000080e+01,1.453999996185302734e+00,3.950000107288360596e-01,-9.534999847412109375e+00,1.700000092387199402e-02,-1.999999955296516418e-02,2.399999946355819702e-01
1.840553132300000172e+01,1.453999996185302734e+00,3.950000107288360596e-01,-9.534999847412109375e+00,1.700000092387199402e-02,-1.999999955296516418e-02,2.399999946355819702e-01
1.841701808200000201e+01,1.453999996185302734e+00,3.950000107288360596e-01,-9.534999847412109375e+00,1.700000092387199402e-02,-1.999999955296516418e-02,2.399999946355819702e-01
1.842496502600000241e+01,-9.799999743700027466e-02,-2.171999931335449219e+00,-7.821000099182128906e+00,-7.000000216066837311e-03,-9.700000286102294922e-02,-3.000000026077032089e-03
1.843650823000000116e+01,7.000000216066837311e-03,1.190000057220458984e+00,-1.378199958801269531e+01,-6.000000052154064178e-03,9.999999776482582092e-03,2.540000081062316895e-01
1.844406548899999976e+01,7.000000216066837311e-03,1.190000057220458984e+00,-1.378199958801269531e+01,-6.000000052154064178e-03,9.999999776482582092e-03,2.540000081062316895e-01
1.845370515600000161e+01,7.000000216066837311e-03,1.190000057220458984e+00,-1.378199958801269531e+01,-6.000000052154064178e-03,9.999999776482582092e-03,2.540000081062316895e-01
1.846627121200000232e+01,-1.146999955177307129e+00,1.550000011920928955e-01,-1.214500045776367188e+01,-2.500000037252902985e-02,-8.299999684095382690e-02,4.500000178813934326e-02
1.847393332300000068e+01,-1.146999955177307129e+00,1.550000011920928955e-01,-1.214500045776367188e+01,-2.500000037252902985e-02,-8.299999684095382690e-02,4.500000178813934326e-02
1.848392391500000187e+01,1.396000027656555176e+00,-1.018000006675720215e+00,-6.767000198364257812e+00,1.799999922513961792e-02,7.400000095367431641e-02,-2.899999916553497314e-02
1.849369380399999940e+01,1.396000027656555176e+00,-1.018000006675720215e+00,-6.767000198364257812e+00,1.799999922513961792e-02,7.400000095367431641e-02,-2.899999916553497314e-02
1.850364724900000013e+01,2.947999954223632812e+00,7.210000157356262207e-01,-1.188599967956542969e+01,-3.500000014901161194e-02,1.770000010728836060e-01,3.860000073909759521e-01
1.851447263800000087e+01,2.947999954223632812e+00,7.210000157356262207e-01,-1.188599967956542969e+01,-3.500000014901161194e-02,1.770000010728836060e-01,3.860000073909759521e-01
1.852344745200000276e+01,7.214000225067138672e+00,4.810000061988830566e-01,-2.000699996948242188e+01,-3.099999949336051941e-02,-9.000000357627868652e-02,2.090000063180923462e-01
1.853718506300000257e+01,7.214000225067138672e+00,4.810000061988830566e-01,-2.000699996948242188e+01,-3.099999949336051941e-02,-9.000000357627868652e-02,2.090000063180923462e-01
1.854428363799999957e+01,7.214000225067138672e+00,4.810000061988830566e-01,-2.000699996948242188e+01,-3.099999949336051941e-02,-9.000000357627868652e-02,2.090000063180923462e-01
1.855466580400000254e+01,-2.560000121593475342e-01,-1.243000030517578125e+00,-7.236000061035156250e+00,-2.300000004470348358e-02,-4.399999976158142090e-02,3.899999856948852539e-01
1.856463204499999975e+01,-2.560000121593475342e-01,-1.243000030517578125e+00,-7.236000061035156250e+00,-2.300000004470348358e-02,-4.399999976158142090e-02,3.899999856948852539e-01
1.857517041500000232e+01,-2.560000121593475342e-01,-1.243000030517578125e+00,-7.236000061035156250e+00,-2.300000004470348358e-02,-4.399999976158142090e-02,3.899999856948852539e-01
1.858379248900000036e+01,-1.059999942779541016e+00,-1.243000030517578125e+00,-9.147000312805175781e+00,-2.300000004470348358e-02,-9.799999743700027466e-02,3.359999954700469971e-01
1.859360473000000269e+01,-1.059999942779541016e+00,-1.243000030517578125e+00,-9.147000312805175781e+00,-2.300000004470348358e-02,-9.799999743700027466e-02,3.359999954700469971e-01
1.860352817500000100e+01,-7.919999957084655762e-01,-1.358000040054321289e+00,-1.118700027465820312e+01,-4.800000041723251343e-02,-2.700000070035457611e-02,6.909999847412109375e-01
1.861378945200000246e+01,-7.919999957084655762e-01,-1.358000040054321289e+00,-1.118700027465820312e+01,-4.800000041723251343e-02,-2.700000070035457611e-02,6.909999847412109375e-01
1.862536215600000133e+01,-7.919999957084655762e-01,-1.358000040054321289e+00,-1.118700027465820312e+01,-4.800000041723251343e-02,-2.700000070035457611e-02,6.909999847412109375e-01
1.863550191500000253e+01,-1.822000026702880859e+00,1.878999948501586914e+00,-9.885000228881835938e+00,-1.169999986886978149e-01,-6.700000166893005371e-02,9.570000171661376953e-01
1.864363254500000266e+01,-2.266999959945678711e+00,-1.560000032186508179e-01,-6.488999843597412109e+00,-9.899999946355819702e-02,-1.319999992847442627e-01,8.799999952316284180e-01
1.865393472999999958e+01,-2.266999959945678711e+00,-1.560000032186508179e-01,-6.488999843597412109e+00,-9.899999946355819702e-02,-1.319999992847442627e-01,8.799999952316284180e-01
1.866377324900000190e+01,1.213999986648559570e+00,6.625000000000000000e+00,-1.173299980163574219e+01,-5.400000140070915222e-02,2.160000056028366089e-01,6.499999761581420898e-01
1.867469689700000046e+01,1.213999986648559570e+00,6.625000000000000000e+00,-1.173299980163574219e+01,-5.400000140070915222e-02,2.160000056028366089e-01,6.499999761581420898e-01
1.868440860000000114e+01,1.453999996185302734e+00,-1.228000044822692871e+00,-1.071300029754638672e+01,-1.200000010430812836e-02,-4.399999976158142090e-02,1.040000021457672119e-01
1.869373991500000187e+01,1.453999996185302734e+00,-1.228000044822692871e+00,-1.071300029754638672e+01,-1.200000010430812836e-02,-4.399999976158142090e-02,1.040000021457672119e-01
1.870386826700000071e+01,1.453999996185302734e+00,-1.228000044822692871e+00,-1.071300029754638672e+01,-1.200000010430812836e-02,-4.399999976158142090e-02,1.040000021457672119e-01
1.871516017400000109e+01,-3.703999996185302734e+00,-1.036999940872192383e+00,-8.309000015258789062e+00,-4.600000008940696716e-02,-1.340000033378601074e-01,4.899999871850013733e-02
1.872434428600000089e+01,-3.703999996185302734e+00,-1.036999940872192383e+00,-8.309000015258789062e+00,-4.600000008940696716e-02,-1.340000033378601074e-01,4.899999871850013733e-02
1.873371113700000024e+01,2.263000011444091797e+00,2.631000041961669922e+00,-1.269999980926513672e+01,3.099999949336051941e-02,1.150000020861625671e-01,1.969999969005584717e-01
1.874427898900000145e+01,1.529999971389770508e+00,-7.730000019073486328e-01,-6.704999923706054688e+00,-2.000000094994902611e-03,1.669999957084655762e-01,-1.299999952316284180e-01
1.875505434100000102e+01,1.529999971389770508e+00,-7.730000019073486328e-01,-6.704999923706054688e+00,-2.000000094994902611e-03,1.669999957084655762e-01,-1.299999952316284180e-01
1.876996856300000260e+01,-6.340000033378601074e-01,1.246999979019165039e+00,-6.192999839782714844e+00,-2.099999971687793732e-02,-1.739999949932098389e-01,9.300000220537185669e-02
1.877363750800000020e+01,-6.340000033378601074e-01,1.246999979019165039e+00,-6.192999839782714844e+00,-2.099999971687793732e-02,-1.739999949932098389e-01,9.300000220537185669e-02
1.878386871100000022e+01,-2.052000045776367188e+00,1.093999981880187988e+00,-8.501000404357910156e+00,-8.000000379979610443e-03,2.600000053644180298e-02,1.360000073909759521e-01
1.879346210000000283e+01,-2.052000045776367188e+00,1.093999981880187988e+00,-8.501000404357910156e+00,-8.000000379979610443e-03,2.600000053644180298e-02,1.360000073909759521e-01
1.880444793400000236e+01,-7.829999923706054688e-01,5.389999747276306152e-01,-8.142000198364257812e+00,9.999999776482582092e-03,-6.700000166893005371e-02,-1.250000000000000000e-01
1.881454663699999941e+01,-7.829999923706054688e-01,5.389999747276306152e-01,-8.142000198364257812e+00,9.999999776482582092e-03,-6.700000166893005371e-02,-1.250000000000000000e-01
1.882561580400000167e+01,6.679999828338623047e-01,-5.720000267028808594e-01,-1.105300045013427734e+01,1.999999955296516418e-02,9.399999678134918213e-02,-1.560000032186508179e-01
1.883358221099999952e+01,-1.889999955892562866e-01,-2.039999961853027344e-01,-9.668999671936035156e+00,-3.000000026077032089e-03,-7.999999821186065674e-02,-2.899999916553497314e-02
1.884466387800000220e+01,-1.889999955892562866e-01,-2.039999961853027344e-01,-9.668999671936035156e+00,-3.000000026077032089e-03,-7.999999821186065674e-02,-2.899999916553497314e-02
1.885411702600000083e+01,-1.889999955892562866e-01,-2.039999961853027344e-01,-9.668999671936035156e+00,-3.000000026077032089e-03,-7.999999821186065674e-02,-2.899999916553497314e-02
1.886505565600000267e+01,-2.939999997615814209e-01,-9.399999678134918213e-02,-8.975000381469726562e+00,3.000000026077032089e-03,3.999999910593032837e-02,4.800000041723251343e-02
1.887402669300000113e+01,-2.939999997615814209e-01,-9.399999678134918213e-02,-8.975000381469726562e+00,3.000000026077032089e-03,3.999999910593032837e-02,4.800000041723251343e-02
1.888615598900000236e+01,-1.459999978542327881e-01,-1.609999984502792358e-01,-9.875000000000000000e+00,-4.000000189989805222e-03,-1.999999955296516418e-02,-1.499999966472387314e-02
1.889379936000000271e+01,-1.459999978542327881e-01,-1.609999984502792358e-01,-9.875000000000000000e+00,-4.000000189989805222e-03,-1.999999955296516418e-02,-1.499999966472387314e-02
1.890389143400000194e+01,-1.459999978542327881e-01,-1.609999984502792358e-01,-9.875000000000000000e+00,-4.000000189989805222e-03,-1.999999955296516418e-02,-1.499999966472387314e-02
1.891446724800000112e+01,-1.459999978542327881e-01,-1.609999984502792358e-01,-9.875000000000000000e+00,-4.000000189989805222e-03,-1.999999955296516418e-02,-1.499999966472387314e-02
1.892716630400000000e+01,1.080000042915344238e+00,-4.099999964237213135e-01,-3.596999883651733398e+00,-2.300000004470348358e-02,-5.299999937415122986e-02,1.899999976158142090e-01
1.893383080399999940e+01,1.080000042915344238e+00,-4.099999964237213135e-01,-3.596999883651733398e+00,-2.300000004470348358e-02,-5.299999937415122986e-02,1.899999976158142090e-01
1.894343904500000164e+01,-1.720999956130981445e+00,-6.389999985694885254e-01,-9.079999923706054688e+00,-1.700000092387199402e-02,-3.500000014901161194e-02,6.700000166893005371e-02
1.895503274800000071e+01,-1.720999956130981445e+00,-6.389999985694885254e-01,-9.079999923706054688e+00,-1.700000092387199402e-02,-3.500000014901161194e-02,6.700000166893005371e-02
1.896420997100000250e+01,-1.860000014305114746e+00,-1.990000009536743164e-01,-5.776000022888183594e+00,2.000000094994902611e-03,-8.299999684095382690e-02,-1.169999986886978149e-01
1.897378773000000152e+01,-1.860000014305114746e+00,-1.990000009536743164e-01,-5.776000022888183594e+00,2.000000094994902611e-03,-8.299999684095382690e-02,-1.169999986886978149e-01
1.898381635900000219e+01,-2.219000101089477539e+00,9.459999799728393555e-01,-8.817000389099121094e+00,2.199999988079071045e-02,-4.100000113248825073e-02,-3.269999921321868896e-01
1.899515513700000113e+01,-2.219000101089477539e+00,9.459999799728393555e-01,-8.817000389099121094e+00,2.199999988079071045e-02,-4.100000113248825073e-02,-3.269999921321868896e-01
1.900374769300000111e+01,-5.000000000000000000e-01,-2.405999898910522461e+00,-8.204000473022460938e+00,-3.000000026077032089e-03,1.049999967217445374e-01,2.199999988079071045e-02
1.901737350800000215e+01,-5.000000000000000000e-01,-2.405999898910522461e+00,-8.204000473022460938e+00,-3.000000026077032089e-03,1.049999967217445374e-01,2.199999988079071045e-02
1.902340641500000018e+01,1.692999958992004395e+00,1.539000034332275391e+00,-1.059799957275390625e+01,-3.900000080466270447e-02,5.900000035762786865e-02,3.249999880790710449e-01
1.903628082200000193e+01,1.692999958992004395e+00,1.539000034332275391e+00,-1.059799957275390625e+01,-3.900000080466270447e-02,5.900000035762786865e-02,3.249999880790710449e-01
1.904354080400000271e+01,1.238000035285949707e+00,-4.140000045299530029e-01,-1.645899963378906250e+01,-2.600000053644180298e-02,-2.099999971687793732e-02,3.799999877810478210e-02
1.905377889600000074e+01,1.238000035285949707e+00,-4.140000045299530029e-01,-1.645899963378906250e+01,-2.600000053644180298e-02,-2.099999971687793732e-02,3.799999877810478210e-02
1.906389524800000146e+01,9.799999743700027466e-02,3.039999902248382568e-01,-7.629000186920166016e+00,-3.000000026077032089e-03,4.000000189989805222e-03,1.099999994039535522e-01
1.907621823000000205e+01,9.799999743700027466e-02,3.039999902248382568e-01,-7.629000186920166016e+00,-3.000000026077032089e-03,4.000000189989805222e-03,1.099999994039535522e-01
1.908444195200000237e+01,-1.754999995231628418e+00,-1.735999941825866699e+00,-1.156999969482421875e+01,-2.500000037252902985e-02,9.999999776482582092e-03,-1.620000004768371582e-01
1.909378084100000095e+01,-1.754999995231628418e+00,-1.735999941825866699e+00,-1.156999969482421875e+01,-2.500000037252902985e-02,9.999999776482582092e-03,-1.620000004768371582e-01
1.910375808200000236e+01,-1.754999995231628418e+00,-1.735999941825866699e+00,-1.156999969482421875e+01,-2.500000037252902985e-02,9.999999776482582092e-03,-1.620000004768371582e-01
1.911413174800000192e+01,-3.230000138282775879e-01,-1.609999984502792358e-01,-9.295999526977539062e+00,-2.099999971687793732e-02,-1.159999966621398926e-01,2.569999992847442627e-01
1.912612885900000137e+01,-3.230000138282775879e-01,-1.609999984502792358e-01,-9.295999526977539062e+00,-2.099999971687793732e-02,-1.159999966621398926e-01,2.569999992847442627e-01
1.913566830400000285e+01,2.809000015258789062e+00,-4.769999980926513672e-01,-9.376999855041503906e+00,6.000000052154064178e-03,2.029999941587448120e-01,-6.800000369548797607e-02
1.914356852600000281e+01,1.065999984741210938e+00,-5.870000123977661133e-01,-9.237999916076660156e+00,-1.000000047497451305e-03,-5.999999865889549255e-02,-3.900000080466270447e-02
1.915387623000000161e+01,1.065999984741210938e+00,-5.870000123977661133e-01,-9.237999916076660156e+00,-1.000000047497451305e-03,-5.999999865889549255e-02,-3.900000080466270447e-02
1.916498400800000113e+01,1.065999984741210938e+00,-5.870000123977661133e-01,-9.237999916076660156e+00,-1.000000047497451305e-03,-5.999999865889549255e-02,-3.900000080466270447e-02
1.917472278500000016e+01,-4.355000019073486328e+00,3.179999887943267822e-01,5.453000068664550781e+00,5.999999865889549255e-02,-1.140000000596046448e-01,-1.319999992847442627e-01
1.918394958200000033e+01,-1.509999990463256836e+00,1.171000003814697266e+00,-1.155099964141845703e+01,3.099999949336051941e-02,4.000000189989805222e-03,-4.799999892711639404e-01
1.919466324800000123e+01,-1.509999990463256836e+00,1.171000003814697266e+00,-1.155099964141845703e+01,3.099999949336051941e-02,4.000000189989805222e-03,-4.799999892711639404e-01
1.920446476700000105e+01,-9.449999928474426270e-01,2.269999980926513672e-01,-1.075100040435791016e+01,3.500000014901161194e-02,-2.199999988079071045e-02,-4.819999933242797852e-01
1.921693152599999976e+01,-9.449999928474426270e-01,2.269999980926513672e-01,-1.075100040435791016e+01,3.500000014901161194e-02,-2.199999988079071045e-02,-4.819999933242797852e-01
1.922410908200000179e+01,-6.250000000000000000e-01,-1.195000052452087402e+00,-7.686999797821044922e+00,-2.999999932944774628e-02,8.500000089406967163e-02,-1.400000005960464478e-01
1.923569191500000031e+01,-6.250000000000000000e-01,-1.195000052452087402e+00,-7.686999797821044922e+00,-2.999999932944774628e-02,8.500000089406967163e-02,-1.400000005960464478e-01
1.924452519300000120e+01,1.534999966621398926e+00,9.169999957084655762e-01,-8.145999908447265625e+00,-1.700000092387199402e-02,9.899999946355819702e-02,2.680000066757202148e-01
1.925353789600000098e+01,1.534999966621398926e+00,9.169999957084655762e-01,-8.145999908447265625e+00,-1.700000092387199402e-02,9.899999946355819702e-02,2.680000066757202148e-01
1.926366447000000193e+01,-2.649999856948852539e-01,-7.879999876022338867e-01,-8.418999671936035156e+00,-8.000000379979610443e-03,-3.999999910593032837e-02,-5.499999970197677612e-02
1.927545858200000239e+01,-2.649999856948852539e-01,-7.879999876022338867e-01,-8.418999671936035156e+00,-8.000000379979610443e-03,-3.999999910593032837e-02,-5.499999970197677612e-02
1.928425889600000076e+01,2.865999937057495117e+00,-7.689999938011169434e-01,-1.143599987030029297e+01,-1.499999966472387314e-02,7.800000160932540894e-02,8.500000089406967163e-02
1.929368663700000042e+01,2.865999937057495117e+00,-7.689999938011169434e-01,-1.143599987030029297e+01,-1.499999966472387314e-02,7.800000160932540894e-02,8.500000089406967163e-02
1.930361363700000155e+01,7.879999876022338867e-01,5.669999718666076660e-01,-1.150300025939941406e+01,-5.799999833106994629e-02,-2.300000004470348358e-02,3.109999895095825195e-01
1.931373171100000263e+01,7.879999876022338867e-01,5.669999718666076660e-01,-1.150300025939941406e+01,-5.799999833106994629e-02,-2.300000004470348358e-02,3.109999895095825195e-01
1.932357895200000186e+01,-1.587000012397766113e+00,-2.056999921798706055e+00,-1.430900001525878906e+01,-5.999999865889549255e-02,-8.299999684095382690e-02,2.770000100135803223e-01
1.933534480400000177e+01,-1.343000054359436035e+00,3.599999845027923584e-02,-4.478000164031982422e+00,4.000000189989805222e-03,-4.199999943375587463e-02,2.240000069141387939e-01
1.934353745199999963e+01,-1.343000054359436035e+00,3.599999845027923584e-02,-4.478000164031982422e+00,4.000000189989805222e-03,-4.199999943375587463e-02,2.240000069141387939e-01
1.935368806299999989e+01,-1.343000054359436035e+00,3.599999845027923584e-02,-4.478000164031982422e+00,4.000000189989805222e-03,-4.199999943375587463e-02,2.240000069141387939e-01
1.936663876700000131e+01,-1.343000054359436035e+00,3.599999845027923584e-02,-4.478000164031982422e+00,4.000000189989805222e-03,-4.199999943375587463e-02,2.240000069141387939e-01
1.937545295199999984e+01,-1.343000054359436035e+00,3.599999845027923584e-02,-4.478000164031982422e+00,4.000000189989805222e-03,-4.199999943375587463e-02,2.240000069141387939e-01
1.938417987800000120e+01,-1.878999948501586914e+00,-2.419999986886978149e-01,-8.673000335693359375e+00,-3.999999910593032837e-02,-9.499999880790710449e-02,3.140000104904174805e-01
1.939362552600000100e+01,-1.878999948501586914e+00,-2.419999986886978149e-01,-8.673000335693359375e+00,-3.999999910593032837e-02,-9.499999880790710449e-02,3.140000104904174805e-01
1.940410095200000029e+01,2.688999891281127930e+00,1.161000013351440430e+00,-1.265699958801269531e+01,-1.000000047497451305e-03,8.900000154972076416e-02,2.639999985694885254e-01
1.941376773000000000e+01,2.688999891281127930e+00,1.161000013351440430e+00,-1.265699958801269531e+01,-1.000000047497451305e-03,8.900000154972076416e-02,2.639999985694885254e-01
1.942444774800000218e+01,3.197000026702880859e+00,-3.619999885559082031e-01,-1.135000038146972656e+01,1.899999938905239105e-02,9.200000017881393433e-02,-1.300000026822090149e-02
1.943440154399999997e+01,3.197000026702880859e+00,-3.619999885559082031e-01,-1.135000038146972656e+01,1.899999938905239105e-02,9.200000017881393433e-02,-1.300000026822090149e-02
1.944372426700000034e+01,-1.730999946594238281e+00,-3.860000073909759521e-01,-9.663999557495117188e+00,-9.099999815225601196e-02,-2.210000008344650269e-01,1.930000036954879761e-01
1.945409210000000044e+01,-1.730999946594238281e+00,-3.860000073909759521e-01,-9.663999557495117188e+00,-9.099999815225601196e-02,-2.210000008344650269e-01,1.930000036954879761e-01
1.946589978500000129e+01,-1.730999946594238281e+00,-3.860000073909759521e-01,-9.663999557495117188e+00,-9.099999815225601196e-02,-2.210000008344650269e-01,1.930000036954879761e-01
1.947411887800000230e+01,-1.730999946594238281e+00,-3.860000073909759521e-01,-9.663999557495117188e+00,-9.099999815225601196e-02,-2.210000008344650269e-01,1.930000036954879761e-01
1.948450395200000074e+01,5.009999871253967285e-01,-1.008000016212463379e+00,-7.921000003814697266e+00,1.400000043213367462e-02,3.700000047683715820e-02,-5.900000035762786865e-02
1.949369080399999987e+01,5.009999871253967285e-01,-1.008000016212463379e+00,-7.921000003814697266e+00,1.400000043213367462e-02,3.700000047683715820e-02,-5.900000035762786865e-02
1.950380598899999995e+01,3.950000107288360596e-01,-1.491999983787536621e+00,-1.062699985504150391e+01,-8.000000379979610443e-03,-7.800000160932540894e-02,-1.239999979734420776e-01
1.951629202600000212e+01,3.950000107288360596e-01,-1.491999983787536621e+00,-1.062699985504150391e+01,-8.000000379979610443e-03,-7.800000160932540894e-02,-1.239999979734420776e-01
1.952344437800000065e+01,1.444000005722045898e+00,1.749999970197677612e-01,-1.129199981689453125e+01,1.099999994039535522e-02,2.600000053644180298e-02,-3.099999949336051941e-02
1.953394932200000156e+01,1.444000005722045898e+00,1.749999970197677612e-01,-1.129199981689453125e+01,1.099999994039535522e-02,2.600000053644180298e-02,-3.099999949336051941e-02
1.954364752600000088e+01,-1.070000007748603821e-01,-2.989999949932098389e-01,-8.265999794006347656e+00,-2.300000004470348358e-02,-4.800000041723251343e-02,7.400000095367431641e-02
1.955554060000000050e+01,-1.070000007748603821e-01,-2.989999949932098389e-01,-8.265999794006347656e+00,-2.300000004470348358e-02,-4.800000041723251343e-02,7.400000095367431641e-02
1.956461000700000241e+01,-1.046000003814697266e+00,5.289999842643737793e-01,-1.027700042724609375e+01,-4.999999888241291046e-03,-3.900000080466270447e-02,-3.799999877810478210e-02
1.957354871100000082e+01,-1.046000003814697266e+00,5.289999842643737793e-01,-1.027700042724609375e+01,-4.999999888241291046e-03,-3.900000080466270447e-02,-3.799999877810478210e-02
1.958445528500000066e+01,-1.046000003814697266e+00,5.289999842643737793e-01,-1.027700042724609375e+01,-4.999999888241291046e-03,-3.900000080466270447e-02,-3.799999877810478210e-02
1.959390269200000034e+01,-3.263000011444091797e+00,-1.042000055313110352e+00,-8.668000221252441406e+00,7.800000160932540894e-02,-7.000000216066837311e-03,-1.289999932050704956e-01
1.960522165500000114e+01,-3.263000011444091797e+00,-1.042000055313110352e+00,-8.668000221252441406e+00,7.800000160932540894e-02,-7.000000216066837311e-03,-1.289999932050704956e-01
1.961370989599999959e+01,-1.889999955892562866e-01,2.233999967575073242e+00,-8.477000236511230469e+00,2.600000053644180298e-02,5.999999865889549255e-02,-4.399999976158142090e-01
1.962356022900000241e+01,-1.889999955892562866e-01,2.233999967575073242e+00,-8.477000236511230469e+00,2.600000053644180298e-02,5.999999865889549255e-02,-4.399999976158142090e-01
1.963382145200000295e+01,-1.889999955892562866e-01,2.233999967575073242e+00,-8.477000236511230469e+00,2.600000053644180298e-02,5.999999865889549255e-02,-4.399999976158142090e-01
1.964356809999999953e+01,-1.889999955892562866e-01,2.233999967575073242e+00,-8.477000236511230469e+00,2.600000053644180298e-02,5.999999865889549255e-02,-4.399999976158142090e-01
1.965451067400000085e+01,1.735999941825866699e+00,-2.108999967575073242e+00,-1.040200042724609375e+01,-7.000000216066837311e-03,5.999999865889549255e-02,-7.900000363588333130e-02
1.966406230400000155e+01,1.735999941825866699e+00,-2.108999967575073242e+00,-1.040200042724609375e+01,-7.000000216066837311e-03,5.999999865889549255e-02,-7.900000363588333130e-02
1.967632706300000223e+01,1.735999941825866699e+00,-2.108999967575073242e+00,-1.040200042724609375e+01,-7.000000216066837311e-03,5.999999865889549255e-02,-7.900000363588333130e-02
1.968382926600000005e+01,-2.296000003814697266e+00,-2.142999887466430664e+00,-3.184999942779541016e+00,-2.600000053644180298e-02,-4.500000178813934326e-02,1.250000000000000000e-01
1.969384369200000151e+01,-2.296000003814697266e+00,-2.142999887466430664e+00,-3.184999942779541016e+00,-2.600000053644180298e-02,-4.500000178813934326e-02,1.250000000000000000e-01
1.970469865500000139e+01,-2.296000003814697266e+00,-2.142999887466430664e+00,-3.184999942779541016e+00,-2.600000053644180298e-02,-4.500000178813934326e-02,1.250000000000000000e-01
1.971423091500000169e+01,-2.296000003814697266e+00,-2.142999887466430664e+00,-3.184999942779541016e+00,-2.600000053644180298e-02,-4.500000178813934326e-02,1.250000000000000000e-01
1.972346426600000058e+01,1.098999977111816406e+00,4.620000123977661133e-01,-8.567999839782714844e+00,2.300000004470348358e-02,3.299999982118606567e-02,7.699999958276748657e-02
1.973366617399999967e+01,1.822000026702880859e+00,-1.621000051498413086e+00,-9.564000129699707031e+00,1.099999994039535522e-02,1.899999938905239105e-02,-1.309999972581863403e-01
1.974358628500000279e+01,1.822000026702880859e+00,-1.621000051498413086e+00,-9.564000129699707031e+00,1.099999994039535522e-02,1.899999938905239105e-02,-1.309999972581863403e-01
1.975518463700000282e+01,1.822000026702880859e+00,-1.621000051498413086e+00,-9.564000129699707031e+00,1.099999994039535522e-02,1.899999938905239105e-02,-1.309999972581863403e-01
1.976494058100000117e+01,1.822000026702880859e+00,-1.621000051498413086e+00,-9.564000129699707031e+00,1.099999994039535522e-02,1.899999938905239105e-02,-1.309999972581863403e-01
1.977640891500000109e+01,9.319999814033508301e-01,6.439999938011169434e-01,-9.074999809265136719e+00,-4.999999888241291046e-03,-3.099999949336051941e-02,-4.999999888241291046e-03
1.978363097000000081e+01,3.000000119209289551e-01,-5.870000123977661133e-01,-1.009000015258789062e+01,-1.000000047497451305e-03,-1.300000026822090149e-02,-1.899999938905239105e-02
1.979446574800000036e+01,3.000000119209289551e-01,-5.870000123977661133e-01,-1.009000015258789062e+01,-1.000000047497451305e-03,-1.300000026822090149e-02,-1.899999938905239105e-02
1.980377224800000135e+01,5.490000247955322266e-01,2.419999986886978149e-01,-1.005200004577636719e+01,-2.000000094994902611e-03,1.600000075995922089e-02,4.000000189989805222e-03
1.981520804400000202e+01,5.490000247955322266e-01,2.419999986886978149e-01,-1.005200004577636719e+01,-2.000000094994902611e-03,1.600000075995922089e-02,4.000000189989805222e-03
1.982516158099999970e+01,1.220000013709068298e-01,-8.399999886751174927e-02,-1.134000015258789062e+01,4.999999888241291046e-03,-2.099999971687793732e-02,-4.000000189989805222e-03
1.983380639599999995e+01,1.220000013709068298e-01,-8.399999886751174927e-02,-1.134000015258789062e+01,4.999999888241291046e-03,-2.099999971687793732e-02,-4.000000189989805222e-03
1.984353930300000002e+01,1.220000013709068298e-01,-8.399999886751174927e-02,-1.134000015258789062e+01,4.999999888241291046e-03,-2.099999971687793732e-02,-4.000000189989805222e-03
1.985392963700000024e+01,-6.869999766349792480e-01,-8.019999861717224121e-01,-7.366000175476074219e+00,4.999999888241291046e-03,-3.200000151991844177e-02,-7.900000363588333130e-02
1.986459676600000179e+01,-6.869999766349792480e-01,-8.019999861717224121e-01,-7.366000175476074219e+00,4.999999888241291046e-03,-3.200000151991844177e-02,-7.900000363588333130e-02
1.987532069200000251e+01,-1.639999985694885254e+00,-1.200000010430812836e-02,-3.319999933242797852e+00,5.099999904632568359e-02,1.799999922513961792e-02,-7.100000232458114624e-02
1.988699471099999982e+01,1.940000057220458984e-01,-2.694000005722045898e+00,-9.065999984741210938e+00,2.600000053644180298e-02,-6.199999898672103882e-02,-3.600000143051147461e-01
1.989348956300000282e+01,1.940000057220458984e-01,-2.694000005722045898e+00,-9.065999984741210938e+00,2.600000053644180298e-02,-6.199999898672103882e-02,-3.600000143051147461e-01
1.990397472900000153e+01,2.726999998092651367e+00,-2.970999956130981445e+00,-1.457199954986572266e+01,1.200000010430812836e-02,1.400000005960464478e-01,-2.099999971687793732e-02
1.991584972900000139e+01,2.726999998092651367e+00,-2.970999956130981445e+00,-1.457199954986572266e+01,1.200000010430812836e-02,1.400000005960464478e-01,-2.099999971687793732e-02
1.992381235900000291e+01,-8.500000238418579102e-01,1.797999978065490723e+00,-8.423999786376953125e+00,-1.799999922513961792e-02,-3.200000151991844177e-02,3.759999871253967285e-01
1.993428724800000040e+01,-8.500000238418579102e-01,1.797999978065490723e+00,-8.423999786376953125e+00,-1.799999922513961792e-02,-3.200000151991844177e-02,3.759999871253967285e-01
1.994395100700000256e+01,-8.500000238418579102e-01,1.797999978065490723e+00,-8.423999786376953125e+00,-1.799999922513961792e-02,-3.200000151991844177e-02,3.759999871253967285e-01
1.995495228500000096e+01,-8.500000238418579102e-01,1.797999978065490723e+00,-8.423999786376953125e+00,-1.799999922513961792e-02,-3.200000151991844177e-02,3.759999871253967285e-01
1.996699404399999977e+01,1.366999983787536621e+00,-4.140000045299530029e-01,-6.729000091552734375e+00,-1.799999922513961792e-02,4.500000178813934326e-02,-2.689999938011169434e-01
1.997482122899999979e+01,1.366999983787536621e+00,-4.140000045299530029e-01,-6.729000091552734375e+00,-1.799999922513961792e-02,4.500000178813934326e-02,-2.689999938011169434e-01
1.998361230300000102e+01,2.871000051498413086e+00,1.942000031471252441e+00,-1.187699985504150391e+01,-4.000000189989805222e-03,7.500000298023223877e-02,2.960000038146972656e-01
1.999397084000000291e+01,2.871000051498413086e+00,1.942000031471252441e+00,-1.187699985504150391e+01,-4.000000189989805222e-03,7.500000298023223877e-02,2.960000038146972656e-01
2.000467069200000125e+01,1.884999990463256836e+00,3.610000014305114746e-01,-1.338000011444091797e+01,-3.999999910593032837e-02,0.000000000000000000e+00,1.140000000596046448e-01
2.001516415500000079e+01,1.884999990463256836e+00,3.610000014305114746e-01,-1.338000011444091797e+01,-3.999999910593032837e-02,0.000000000000000000e+00,1.140000000596046448e-01
2.002359960000000072e+01,-1.557999968528747559e+00,-1.200000010430812836e-02,-6.910999774932861328e+00,-1.400000043213367462e-02,-1.420000046491622925e-01,-4.899999871850013733e-02
2.003366954400000211e+01,-1.557999968528747559e+00,-1.200000010430812836e-02,-6.910999774932861328e+00,-1.400000043213367462e-02,-1.420000046491622925e-01,-4.899999871850013733e-02
2.004360150700000176e+01,-1.840999960899353027e+00,6.100000143051147461e-01,-8.946000099182128906e+00,-4.999999888241291046e-03,-1.700000092387199402e-02,-4.500000178813934326e-02
2.005475960000000057e+01,-1.840999960899353027e+00,6.100000143051147461e-01,-8.946000099182128906e+00,-4.999999888241291046e-03,-1.700000092387199402e-02,-4.500000178813934326e-02
2.006451704400000224e+01,-2.800000011920928955e-01,3.599999845027923584e-02,-1.045400047302246094e+01,1.300000026822090149e-02,3.599999845027923584e-02,9.999999776482582092e-03
2.007357808100000085e+01,-2.800000011920928955e-01,3.599999845027923584e-02,-1.045400047302246094e+01,1.300000026822090149e-02,3.599999845027923584e-02,9.999999776482582092e-03
2.008672108100000031e+01,3.039999902248382568e-01,-3.619999885559082031e-01,-8.380999565124511719e+00,1.499999966472387314e-02,8.000000379979610443e-03,-1.000000047497451305e-03
2.009376748800000101e+01,3.039999902248382568e-01,-3.619999885559082031e-01,-8.380999565124511719e+00,1.499999966472387314e-02,8.000000379979610443e-03,-1.000000047497451305e-03
2.010431478499999969e+01,-4.379999935626983643e-01,-2.280000001192092896e-01,-8.300000190734863281e+00,-3.599999845027923584e-02,-1.799999922513961792e-02,2.249999940395355225e-01
2.011542478500000186e+01,-4.379999935626983643e-01,-2.280000001192092896e-01,-8.300000190734863281e+00,-3.599999845027923584e-02,-1.799999922513961792e-02,2.249999940395355225e-01
2.012378161800000242e+01,-4.379999935626983643e-01,-2.280000001192092896e-01,-8.300000190734863281e+00,-3.599999845027923584e-02,-1.799999922513961792e-02,2.249999940395355225e-01
2.013363511800000083e+01,-4.379999935626983643e-01,-2.280000001192092896e-01,-8.300000190734863281e+00,-3.599999845027923584e-02,-1.799999922513961792e-02,2.249999940395355225e-01
2.014439106200000040e+01,-3.709999918937683105e-01,-7.260000109672546387e-01,-9.352999687194824219e+00,-4.399999976158142090e-02,7.699999958276748657e-02,1.250000000000000000e-01
2.015584491400000289e+01,-3.709999918937683105e-01,-7.260000109672546387e-01,-9.352999687194824219e+00,-4.399999976158142090e-02,7.699999958276748657e-02,1.250000000000000000e-01
2.016649904400000182e+01,-1.434000015258789062e+00,4.429999887943267822e-01,-1.228400039672851562e+01,-5.000000074505805969e-02,-1.879999935626983643e-01,2.360000014305114746e-01
2.017667047000000125e+01,-1.434000015258789062e+00,4.429999887943267822e-01,-1.228400039672851562e+01,-5.000000074505805969e-02,-1.879999935626983643e-01,2.360000014305114746e-01
2.018607311799999948e+01,-3.759999871253967285e-01,5.630000233650207520e-01,-1.031000018119812012e+00,2.000000094994902611e-03,1.799999922513961792e-02,3.170000016689300537e-01
2.019834561800000117e+01,-3.759999871253967285e-01,5.630000233650207520e-01,-1.031000018119812012e+00,2.000000094994902611e-03,1.799999922513961792e-02,3.170000016689300537e-01
2.020654748800000178e+01,2.469999939203262329e-01,-4.140000045299530029e-01,-1.237500000000000000e+01,3.099999949336051941e-02,6.700000166893005371e-02,-1.030000001192092896e-01
2.021651000700000012e+01,2.469999939203262329e-01,-4.140000045299530029e-01,-1.237500000000000000e+01,3.099999949336051941e-02,6.700000166893005371e-02,-1.030000001192092896e-01
2.022408141400000048e+01,2.469999939203262329e-01,-4.140000045299530029e-01,-1.237500000000000000e+01,3.099999949336051941e-02,6.700000166893005371e-02,-1.030000001192092896e-01
2.023669176599999986e+01,2.469999939203262329e-01,-4.140000045299530029e-01,-1.237500000000000000e+01,3.099999949336051941e-02,6.700000166893005371e-02,-1.030000001192092896e-01
2.024918763600000204e+01,-2.553999900817871094e+00,9.169999957084655762e-01,-1.291100025177001953e+01,-5.000000074505805969e-02,-6.400000303983688354e-02,9.499999880790710449e-02
2.025433489599999959e+01,-2.553999900817871094e+00,9.169999957084655762e-01,-1.291100025177001953e+01,-5.000000074505805969e-02,-6.400000303983688354e-02,9.499999880790710449e-02
2.026654582200000121e+01,-7.490000128746032715e-01,1.161000013351440430e+00,-9.545000076293945312e+00,6.000000052154064178e-03,-6.000000052154064178e-03,3.109999895095825195e-01
2.027796959900000218e+01,-7.490000128746032715e-01,1.161000013351440430e+00,-9.545000076293945312e+00,6.000000052154064178e-03,-6.000000052154064178e-03,3.109999895095825195e-01
2.028384552500000026e+01,1.544999957084655762e+00,2.052000045776367188e+00,-1.520899963378906250e+01,1.099999994039535522e-02,9.000000357627868652e-02,1.439999938011169434e-01
2.029452291400000163e+01,1.544999957084655762e+00,2.052000045776367188e+00,-1.520899963378906250e+01,1.099999994039535522e-02,9.000000357627868652e-02,1.439999938011169434e-01
2.031276613600000047e+01,2.871000051498413086e+00,-2.042000055313110352e+00,-1.016699981689453125e+01,-2.199999988079071045e-02,4.999999888241291046e-03,1.330000013113021851e-01
2.031694072900000236e+01,2.871000051498413086e+00,-2.042000055313110352e+00,-1.016699981689453125e+01,-2.199999988079071045e-02,4.999999888241291046e-03,1.330000013113021851e-01
2.032376609900000020e+01,2.502000093460083008e+00,4.569999873638153076e-01,-9.951999664306640625e+00,2.500000037252902985e-02,1.439999938011169434e-01,1.589999943971633911e-01
2.033616465500000103e+01,2.502000093460083008e+00,4.569999873638153076e-01,-9.951999664306640625e+00,2.500000037252902985e-02,1.439999938011169434e-01,1.589999943971633911e-01
2.034554085899999976e+01,-2.098999977111816406e+00,1.550000011920928955e-01,-3.299999952316284180e+00,-8.900000154972076416e-02,-1.529999971389770508e-01,1.169999986886978149e-01
2.035621328500000260e+01,-2.098999977111816406e+00,1.550000011920928955e-01,-3.299999952316284180e+00,-8.900000154972076416e-02,-1.529999971389770508e-01,1.169999986886978149e-01
2.036391376599999958e+01,-6.529999971389770508e-01,1.702000021934509277e+00,-7.111999988555908203e+00,8.999999612569808960e-03,-8.999999612569808960e-03,1.899999976158142090e-01
2.037600174800000019e+01,-6.529999971389770508e-01,1.702000021934509277e+00,-7.111999988555908203e+00,8.999999612569808960e-03,-8.999999612569808960e-03,1.899999976158142090e-01
2.038490117300000293e+01,-9.929999709129333496e-01,-2.800000011920928955e-01,-9.425000190734863281e+00,-1.700000092387199402e-02,-2.199999988079071045e-02,-1.729999929666519165e-01
2.039601976600000199e+01,-9.929999709129333496e-01,-2.800000011920928955e-01,-9.425000190734863281e+00,-1.700000092387199402e-02,-2.199999988079071045e-02,-1.729999929666519165e-01
2.040481924800000257e+01,-4.860000014305114746e-01,8.159999847412109375e-01,-1.193900012969970703e+01,1.099999994039535522e-02,-3.700000047683715820e-02,-7.199999690055847168e-02
2.041607334000000051e+01,-4.860000014305114746e-01,8.159999847412109375e-01,-1.193900012969970703e+01,1.099999994039535522e-02,-3.700000047683715820e-02,-7.199999690055847168e-02
2.042421358100000006e+01,-4.860000014305114746e-01,8.159999847412109375e-01,-1.193900012969970703e+01,1.099999994039535522e-02,-3.700000047683715820e-02,-7.199999690055847168e-02
2.043384256200000237e+01,-4.860000014305114746e-01,8.159999847412109375e-01,-1.193900012969970703e+01,1.099999994039535522e-02,-3.700000047683715820e-02,-7.199999690055847168e-02
2.044408889600000023e+01,8.259999752044677734e-01,-7.000000029802322388e-02,-1.170400047302246094e+01,-2.000000094994902611e-03,-3.599999845027923584e-02,1.899999976158142090e-01
2.045636745100000198e+01,8.259999752044677734e-01,-7.000000029802322388e-02,-1.170400047302246094e+01,-2.000000094994902611e-03,-3.599999845027923584e-02,1.899999976158142090e-01
2.046500647000000228e+01,-1.790000051259994507e-01,2.740999937057495117e+00,-1.195800018310546875e+01,-5.400000140070915222e-02,-3.400000184774398804e-02,2.339999973773956299e-01
2.047363084000000200e+01,-1.790000051259994507e-01,2.740999937057495117e+00,-1.195800018310546875e+01,-5.400000140070915222e-02,-3.400000184774398804e-02,2.339999973773956299e-01
2.048413441399999968e+01,-2.707999944686889648e+00,-7.540000081062316895e-01,-3.789000034332275391e+00,-1.000000047497451305e-03,-8.200000226497650146e-02,1.990000009536743164e-01
2.049372200700000235e+01,-2.707999944686889648e+00,-7.540000081062316895e-01,-3.789000034332275391e+00,-1.000000047497451305e-03,-8.200000226497650146e-02,1.990000009536743164e-01
2.050386821000000026e+01,1.560000032186508179e-01,1.319000005722045898e+00,-1.045400047302246094e+01,2.999999932944774628e-02,1.019999980926513672e-01,-5.700000002980232239e-02
2.051353609899999952e+01,1.560000032186508179e-01,1.319000005722045898e+00,-1.045400047302246094e+01,2.999999932944774628e-02,1.019999980926513672e-01,-5.700000002980232239e-02
2.052368343300000220e+01,1.184999942779541016e+00,-9.750000238418579102e-01,-8.902999877929687500e+00,2.600000053644180298e-02,-1.899999938905239105e-02,-2.000000029802322388e-01
2.053359795100000085e+01,1.184999942779541016e+00,-9.750000238418579102e-01,-8.902999877929687500e+00,2.600000053644180298e-02,-1.899999938905239105e-02,-2.000000029802322388e-01
2.054459778400000047e+01,8.600000143051147461e-01,8.399999737739562988e-01,-9.975999832153320312e+00,-3.000000026077032089e-03,7.699999958276748657e-02,-1.600000075995922089e-02
2.055410063600000115e+01,8.600000143051147461e-01,8.399999737739562988e-01,-9.975999832153320312e+00,-3.000000026077032089e-03,7.699999958276748657e-02,-1.600000075995922089e-02
2.056395032100000009e+01,-1.937000036239624023e+00,-6.970000267028808594e-01,-5.995999813079833984e+00,-1.799999922513961792e-02,-7.699999958276748657e-02,6.700000166893005371e-02
2.057466358100000292e+01,-1.937000036239624023e+00,-6.970000267028808594e-01,-5.995999813079833984e+00,-1.799999922513961792e-02,-7.699999958276748657e-02,6.700000166893005371e-02
2.058399552500000240e+01,-1.937000036239624023e+00,-6.970000267028808594e-01,-5.995999813079833984e+00,-1.799999922513961792e-02,-7.699999958276748657e-02,6.700000166893005371e-02
2.059419417300000177e+01,-1.937000036239624023e+00,-6.970000267028808594e-01,-5.995999813079833984e+00,-1.799999922513961792e-02,-7.699999958276748657e-02,6.700000166893005371e-02
2.060380182100000113e+01,2.329999953508377075e-01,1.745000004768371582e+00,-9.923000335693359375e+00,-5.000000074505805969e-02,0.000000000000000000e+00,1.040000021457672119e-01
2.061415811800000242e+01,2.329999953508377075e-01,1.745000004768371582e+00,-9.923000335693359375e+00,-5.000000074505805969e-02,0.000000000000000000e+00,1.040000021457672119e-01
2.062465809900000124e+01,-1.894000053405761719e+00,-4.289999902248382568e-01,-5.263999938964843750e+00,-1.400000043213367462e-02,-1.350000053644180298e-01,1.150000020861625671e-01
2.063372513600000246e+01,-1.894000053405761719e+00,-4.289999902248382568e-01,-5.263999938964843750e+00,-1.400000043213367462e-02,-1.350000053644180298e-01,1.150000020861625671e-01
2.064360037700000206e+01,-1.894000053405761719e+00,-4.289999902248382568e-01,-5.263999938964843750e+00,-1.400000043213367462e-02,-1.350000053644180298e-01,1.150000020861625671e-01
2.065617924700000074e+01,9.029999971389770508e-01,-5.339999794960021973e-01,-9.998999595642089844e+00,1.899999938905239105e-02,1.150000020861625671e-01,1.899999938905239105e-02
2.066350728400000136e+01,2.190999984741210938e+00,-7.110000252723693848e-01,-1.314500045776367188e+01,3.200000151991844177e-02,1.200000010430812836e-02,-1.840000003576278687e-01
2.067425684000000174e+01,2.190999984741210938e+00,-7.110000252723693848e-01,-1.314500045776367188e+01,3.200000151991844177e-02,1.200000010430812836e-02,-1.840000003576278687e-01
2.068442709900000054e+01,2.134000062942504883e+00,1.199000000953674316e+00,-8.654000282287597656e+00,-2.300000004470348358e-02,9.999999776482582092e-03,-4.699999839067459106e-02
2.069508304400000043e+01,2.134000062942504883e+00,1.199000000953674316e+00,-8.654000282287597656e+00,-2.300000004470348358e-02,9.999999776482582092e-03,-4.699999839067459106e-02
2.070472039500000250e+01,9.990000128746032715e-01,3.286999940872192383e+00,-2.123800086975097656e+01,4.999999888241291046e-03,-1.999999955296516418e-02,-8.900000154972076416e-02
2.071403815500000078e+01,9.990000128746032715e-01,3.286999940872192383e+00,-2.123800086975097656e+01,4.999999888241291046e-03,-1.999999955296516418e-02,-8.900000154972076416e-02
2.072392185800000064e+01,-4.379000186920166016e+00,2.282000064849853516e+00,4.352000236511230469e+00,-8.999999612569808960e-03,-1.169999986886978149e-01,2.630000114440917969e-01
2.073374674700000142e+01,-4.379000186920166016e+00,2.282000064849853516e+00,4.352000236511230469e+00,-8.999999612569808960e-03,-1.169999986886978149e-01,2.630000114440917969e-01
2.074367815500000134e+01,-1.927000045776367188e+00,6.150000095367431641e-01,-6.072999954223632812e+00,-5.400000140070915222e-02,-1.600000075995922089e-02,2.560000121593475342e-01
2.075361784000000043e+01,-1.927000045776367188e+00,6.150000095367431641e-01,-6.072999954223632812e+00,-5.400000140070915222e-02,-1.600000075995922089e-02,2.560000121593475342e-01
2.076364606200000296e+01,-2.800000011920928955e-01,2.849999964237213135e-01,-1.363399982452392578e+01,3.500000014901161194e-02,4.699999839067459106e-02,1.299999952316284180e-01
2.077403322900000049e+01,-2.800000011920928955e-01,2.849999964237213135e-01,-1.363399982452392578e+01,3.500000014901161194e-02,4.699999839067459106e-02,1.299999952316284180e-01
2.078355380300000022e+01,-2.800000011920928955e-01,2.849999964237213135e-01,-1.363399982452392578e+01,3.500000014901161194e-02,4.699999839067459106e-02,1.299999952316284180e-01
2.079519078400000254e+01,-2.800000011920928955e-01,2.849999964237213135e-01,-1.363399982452392578e+01,3.500000014901161194e-02,4.699999839067459106e-02,1.299999952316284180e-01
2.080514332100000274e+01,-2.970999956130981445e+00,8.980000019073486328e-01,-4.881000041961669922e+00,2.199999988079071045e-02,-1.000000047497451305e-03,3.039999902248382568e-01
2.081375691400000250e+01,-2.970999956130981445e+00,8.980000019073486328e-01,-4.881000041961669922e+00,2.199999988079071045e-02,-1.000000047497451305e-03,3.039999902248382568e-01
2.082363828400000116e+01,2.927999973297119141e+00,1.476999998092651367e+00,-9.553999900817871094e+00,-2.099999971687793732e-02,1.749999970197677612e-01,1.350000053644180298e-01
2.083466511800000021e+01,2.927999973297119141e+00,1.476999998092651367e+00,-9.553999900817871094e+00,-2.099999971687793732e-02,1.749999970197677612e-01,1.350000053644180298e-01
2.084368602500000023e+01,1.213999986648559570e+00,-5.009999871253967285e-01,-7.217000007629394531e+00,-2.800000086426734924e-02,-8.000000379979610443e-03,2.269999980926513672e-01
2.085510604400000290e+01,1.213999986648559570e+00,-5.009999871253967285e-01,-7.217000007629394531e+00,-2.800000086426734924e-02,-8.000000379979610443e-03,2.269999980926513672e-01
2.086404554399999967e+01,1.609999984502792358e-01,-1.476999998092651367e+00,-1.129199981689453125e+01,-5.900000035762786865e-02,-9.399999678134918213e-02,2.779999971389770508e-01
2.087422341400000292e+01,1.609999984502792358e-01,-1.476999998092651367e+00,-1.129199981689453125e+01,-5.900000035762786865e-02,-9.399999678134918213e-02,2.779999971389770508e-01
2.088361358100000231e+01,1.907999992370605469e+00,-4.909999966621398926e-01,-1.031099987030029297e+01,-8.999999612569808960e-03,3.400000184774398804e-02,1.920000016689300537e-01
2.089502450600000216e+01,1.907999992370605469e+00,-4.909999966621398926e-01,-1.031099987030029297e+01,-8.999999612569808960e-03,3.400000184774398804e-02,1.920000016689300537e-01
2.090435741399999969e+01,7.310000061988830566e-01,9.359999895095825195e-01,-1.052600002288818359e+01,1.700000092387199402e-02,1.600000075995922089e-02,-6.199999898672103882e-02
2.091363791400000238e+01,7.310000061988830566e-01,9.359999895095825195e-01,-1.052600002288818359e+01,1.700000092387199402e-02,1.600000075995922089e-02,-6.199999898672103882e-02
2.092617245100000289e+01,-5.000000074505805969e-02,-1.228000044822692871e+00,-8.505000114440917969e+00,-3.400000184774398804e-02,-1.040000021457672119e-01,-1.289999932050704956e-01
2.093393396900000170e+01,-5.000000074505805969e-02,-1.228000044822692871e+00,-8.505000114440917969e+00,-3.400000184774398804e-02,-1.040000021457672119e-01,-1.289999932050704956e-01
2.094388463599999994e+01,5.099999904632568359e-01,5.000000000000000000e-01,-9.390999794006347656e+00,-4.000000189989805222e-03,7.299999892711639404e-02,3.700000047683715820e-02
2.095400691400000071e+01,5.099999904632568359e-01,5.000000000000000000e-01,-9.390999794006347656e+00,-4.000000189989805222e-03,7.299999892711639404e-02,3.700000047683715820e-02
2.096373532100000148e+01,5.099999904632568359e-01,5.000000000000000000e-01,-9.390999794006347656e+00,-4.000000189989805222e-03,7.299999892711639404e-02,3.700000047683715820e-02
2.097433015500000053e+01,5.099999904632568359e-01,5.000000000000000000e-01,-9.390999794006347656e+00,-4.000000189989805222e-03,7.299999892711639404e-02,3.700000047683715820e-02
2.098355695100000062e+01,-2.890000045299530029e-01,-1.013000011444091797e+00,-1.247000026702880859e+01,-7.000000029802322388e-02,-8.699999749660491943e-02,4.679999947547912598e-01
2.099599811800000282e+01,-2.890000045299530029e-01,-1.013000011444091797e+00,-1.247000026702880859e+01,-7.000000029802322388e-02,-8.699999749660491943e-02,4.679999947547912598e-01
2.100426456200000302e+01,-8.980000019073486328e-01,-2.732000112533569336e+00,-1.511400032043457031e+01,-1.899999938905239105e-02,2.899999916553497314e-02,4.050000011920928955e-01
2.101353908000000104e+01,-8.980000019073486328e-01,-2.732000112533569336e+00,-1.511400032043457031e+01,-1.899999938905239105e-02,2.899999916553497314e-02,4.050000011920928955e-01
2.102416398800000152e+01,-1.366999983787536621e+00,2.046999931335449219e+00,-2.108000040054321289e+00,-1.700000092387199402e-02,6.400000303983688354e-02,2.060000002384185791e-01
2.103371876599999979e+01,-1.366999983787536621e+00,2.046999931335449219e+00,-2.108000040054321289e+00,-1.700000092387199402e-02,6.400000303983688354e-02,2.060000002384185791e-01
2.104646411700000286e+01,-7.440000176429748535e-01,-1.610999941825866699e+00,-7.629000186920166016e+00,-2.300000004470348358e-02,-7.199999690055847168e-02,1.430000066757202148e-01
2.105506998799999963e+01,-7.440000176429748535e-01,-1.610999941825866699e+00,-7.629000186920166016e+00,-2.300000004470348358e-02,-7.199999690055847168e-02,1.430000066757202148e-01
2.106361224700000179e+01,1.712000012397766113e+00,1.664000034332275391e+00,-1.463500022888183594e+01,-1.000000047497451305e-03,1.129999980330467224e-01,1.150000020861625671e-01
2.107364663600000299e+01,1.712000012397766113e+00,1.664000034332275391e+00,-1.463500022888183594e+01,-1.000000047497451305e-03,1.129999980330467224e-01,1.150000020861625671e-01
2.108367185800000243e+01,-1.241999983787536621e+00,-2.368000030517578125e+00,-6.139999866485595703e+00,-3.099999949336051941e-02,-1.230000033974647522e-01,2.150000035762786865e-01
2.109424800600000083e+01,-1.241999983787536621e+00,-2.368000030517578125e+00,-6.139999866485595703e+00,-3.099999949336051941e-02,-1.230000033974647522e-01,2.150000035762786865e-01
2.110721895100000012e+01,-1.328999996185302734e+00,-3.379999995231628418e-01,-1.108600044250488281e+01,-4.199999943375587463e-02,4.699999839067459106e-02,7.020000219345092773e-01
2.111510108000000230e+01,-1.328999996185302734e+00,-3.379999995231628418e-01,-1.108600044250488281e+01,-4.199999943375587463e-02,4.699999839067459106e-02,7.020000219345092773e-01
2.112453311700000214e+01,-1.677999973297119141e+00,-5.000000074505805969e-02,-1.062699985504150391e+01,-7.500000298023223877e-02,-4.999999888241291046e-03,6.769999861717224121e-01
2.113377308000000099e+01,-1.677999973297119141e+00,-5.000000074505805969e-02,-1.062699985504150391e+01,-7.500000298023223877e-02,-4.999999888241291046e-03,6.769999861717224121e-01
2.114565828399999958e+01,-5.669999718666076660e-01,1.093999981880187988e+00,-9.937000274658203125e+00,-5.000000074505805969e-02,3.999999910593032837e-02,6.000000238418579102e-01
2.115573674700000240e+01,-5.669999718666076660e-01,1.093999981880187988e+00,-9.937000274658203125e+00,-5.000000074505805969e-02,3.999999910593032837e-02,6.000000238418579102e-01
2.116359800600000085e+01,-1.360000073909759521e-01,2.440000057220458984e+00,-2.410000085830688477e+00,-6.800000369548797607e-02,5.999999865889549255e-02,7.089999914169311523e-01
2.117418789500000287e+01,-1.360000073909759521e-01,2.440000057220458984e+00,-2.410000085830688477e+00,-6.800000369548797607e-02,5.999999865889549255e-02,7.089999914169311523e-01
2.118370728400000047e+01,-2.649999856948852539e-01,2.750000059604644775e-01,-7.820000052452087402e-01,-7.900000363588333130e-02,2.700000070035457611e-02,5.070000290870666504e-01
2.119569150600000285e+01,-2.649999856948852539e-01,2.750000059604644775e-01,-7.820000052452087402e-01,-7.900000363588333130e-02,2.700000070035457611e-02,5.070000290870666504e-01
2.120664046899999988e+01,6.729999780654907227e-01,-8.740000128746032715e-01,-1.035900020599365234e+01,-5.900000035762786865e-02,-1.499999966472387314e-02,2.849999964237213135e-01
2.121363828400000173e+01,6.729999780654907227e-01,-8.740000128746032715e-01,-1.035900020599365234e+01,-5.900000035762786865e-02,-1.499999966472387314e-02,2.849999964237213135e-01
2.122421059900000273e+01,1.875000000000000000e+00,-9.269999861717224121e-01,-1.303499984741210938e+01,-2.700000070035457611e-02,8.999999612569808960e-03,3.260000050067901611e-01
2.123352987700000227e+01,1.875000000000000000e+00,-9.269999861717224121e-01,-1.303499984741210938e+01,-2.700000070035457611e-02,8.999999612569808960e-03,3.260000050067901611e-01
2.124393082100000285e+01,1.875000000000000000e+00,-9.269999861717224121e-01,-1.303499984741210938e+01,-2.700000070035457611e-02,8.999999612569808960e-03,3.260000050067901611e-01
2.125716621000000117e+01,1.875000000000000000e+00,-9.269999861717224121e-01,-1.303499984741210938e+01,-2.700000070035457611e-02,8.999999612569808960e-03,3.260000050067901611e-01
2.126358972800000302e+01,-6.919999718666076660e-01,-9.219999909400939941e-01,-8.907999992370605469e+00,-5.099999904632568359e-02,-6.100000068545341492e-02,2.199999988079071045e-01
2.127380061700000269e+01,-6.919999718666076660e-01,-9.219999909400939941e-01,-8.907999992370605469e+00,-5.099999904632568359e-02,-6.100000068545341492e-02,2.199999988079071045e-01
2.128369102500000309e+01,-6.919999718666076660e-01,-2.405999898910522461e+00,-1.080399990081787109e+01,-3.999999910593032837e-02,-4.699999839067459106e-02,3.510000109672546387e-01
2.129364559900000131e+01,-6.919999718666076660e-01,-2.405999898910522461e+00,-1.080399990081787109e+01,-3.999999910593032837e-02,-4.699999839067459106e-02,3.510000109672546387e-01
2.130364259899999979e+01,-6.919999718666076660e-01,-2.405999898910522461e+00,-1.080399990081787109e+01,-3.999999910593032837e-02,-4.699999839067459106e-02,3.510000109672546387e-01
2.131360228400000167e+01,-6.919999718666076660e-01,-2.405999898910522461e+00,-1.080399990081787109e+01,-3.999999910593032837e-02,-4.699999839067459106e-02,3.510000109672546387e-01
2.132355606200000153e+01,-1.251999974250793457e+00,7.059999704360961914e-01,-1.009500026702880859e+01,-4.699999839067459106e-02,-3.500000014901161194e-02,4.329999983310699463e-01
2.133357793200000074e+01,-1.251999974250793457e+00,7.059999704360961914e-01,-1.009500026702880859e+01,-4.699999839067459106e-02,-3.500000014901161194e-02,4.329999983310699463e-01
2.134400280300000219e+01,-1.447999954223632812e+00,-1.519999980926513672e+00,-9.295999526977539062e+00,-5.600000172853469849e-02,-6.100000068545341492e-02,4.569999873638153076e-01
2.135401372800000175e+01,-1.447999954223632812e+00,-1.519999980926513672e+00,-9.295999526977539062e+00,-5.600000172853469849e-02,-6.100000068545341492e-02,4.569999873638153076e-01
2.136386193200000250e+01,1.779000043869018555e+00,1.750000000000000000e+00,-1.188599967956542969e+01,4.000000189989805222e-03,9.200000017881393433e-02,3.269999921321868896e-01
2.137583009900000164e+01,1.779000043869018555e+00,1.750000000000000000e+00,-1.188599967956542969e+01,4.000000189989805222e-03,9.200000017881393433e-02,3.269999921321868896e-01
2.138384013599999989e+01,1.080000042915344238e+00,1.396000027656555176e+00,-9.109000205993652344e+00,-4.000000189989805222e-03,-7.000000216066837311e-03,5.099999904632568359e-02
2.139384956199999976e+01,1.080000042915344238e+00,1.396000027656555176e+00,-9.109000205993652344e+00,-4.000000189989805222e-03,-7.000000216066837311e-03,5.099999904632568359e-02
2.140525785800000236e+01,-1.544000029563903809e+00,-1.506000041961669922e+00,-8.161000251770019531e+00,-3.799999877810478210e-02,-1.169999986886978149e-01,1.000000047497451305e-03
2.141347035800000143e+01,-1.544000029563903809e+00,-1.506000041961669922e+00,-8.161000251770019531e+00,-3.799999877810478210e-02,-1.169999986886978149e-01,1.000000047497451305e-03
2.142358376500000006e+01,-1.544000029563903809e+00,-1.506000041961669922e+00,-8.161000251770019531e+00,-3.799999877810478210e-02,-1.169999986886978149e-01,1.000000047497451305e-03
2.143623465399999972e+01,-1.544000029563903809e+00,-1.506000041961669922e+00,-8.161000251770019531e+00,-3.799999877810478210e-02,-1.169999986886978149e-01,1.000000047497451305e-03
2.144363635800000267e+01,1.735999941825866699e+00,-5.499999970197677612e-02,-1.109099960327148438e+01,6.000000052154064178e-03,-4.899999871850013733e-02,5.900000035762786865e-02
2.145419195100000209e+01,1.735999941825866699e+00,-5.499999970197677612e-02,-1.109099960327148438e+01,6.000000052154064178e-03,-4.899999871850013733e-02,5.900000035762786865e-02
2.146383259899999985e+01,-1.190000057220458984e+00,2.029999941587448120e-01,-9.961000442504882812e+00,-3.999999910593032837e-02,-2.700000070035457611e-02,-4.999999888241291046e-03
2.147361898800000191e+01,-1.190000057220458984e+00,2.029999941587448120e-01,-9.961000442504882812e+00,-3.999999910593032837e-02,-2.700000070035457611e-02,-4.999999888241291046e-03
2.148379178400000100e+01,-1.190000057220458984e+00,2.029999941587448120e-01,-9.961000442504882812e+00,-3.999999910593032837e-02,-2.700000070035457611e-02,-4.999999888241291046e-03
2.149405498800000203e+01,-1.190000057220458984e+00,2.029999941587448120e-01,-9.961000442504882812e+00,-3.999999910593032837e-02,-2.700000070035457611e-02,-4.999999888241291046e-03
2.150365098800000041e+01,-9.210000038146972656e-01,1.932000041007995605e+00,-1.335099983215332031e+01,-2.199999988079071045e-02,1.300000026822090149e-02,2.669999897480010986e-01
2.151426322800000079e+01,-9.210000038146972656e-01,1.932000041007995605e+00,-1.335099983215332031e+01,-2.199999988079071045e-02,1.300000026822090149e-02,2.669999897480010986e-01
2.152410904300000283e+01,8.980000019073486328e-01,-2.444999933242797852e+00,-1.018599987030029297e+01,-1.899999938905239105e-02,-2.000000094994902611e-03,3.610000014305114746e-01
2.153499837600000077e+01,8.980000019073486328e-01,-2.444999933242797852e+00,-1.018599987030029297e+01,-1.899999938905239105e-02,-2.000000094994902611e-03,3.610000014305114746e-01
2.154379939500000063e+01,1.611999988555908203e+00,1.912999987602233887e+00,-9.612000465393066406e+00,7.000000216066837311e-03,1.019999980926513672e-01,8.299999684095382690e-02
2.155650511700000038e+01,1.611999988555908203e+00,1.912999987602233887e+00,-9.612000465393066406e+00,7.000000216066837311e-03,1.019999980926513672e-01,8.299999684095382690e-02
2.156414469100000275e+01,-8.640000224113464355e-01,-1.008000016212463379e+00,-1.230700016021728516e+01,-2.999999932944774628e-02,-1.529999971389770508e-01,8.999999612569808960e-03
2.157441567300000074e+01,-8.640000224113464355e-01,-1.008000016212463379e+00,-1.230700016021728516e+01,-2.999999932944774628e-02,-1.529999971389770508e-01,8.999999612569808960e-03
2.158389465400000162e+01,-1.599999964237213135e-01,4.050000011920928955e-01,-8.145999908447265625e+00,1.899999938905239105e-02,2.099999971687793732e-02,-4.999999888241291046e-03
2.159346937600000160e+01,-1.599999964237213135e-01,4.050000011920928955e-01,-8.145999908447265625e+00,1.899999938905239105e-02,2.099999971687793732e-02,-4.999999888241291046e-03
2.160728709900000055e+01,5.529999732971191406e-01,5.339999794960021973e-01,-1.324100017547607422e+01,-3.000000026077032089e-03,3.599999845027923584e-02,6.499999761581420898e-02
2.161433324700000114e+01,5.529999732971191406e-01,5.339999794960021973e-01,-1.324100017547607422e+01,-3.000000026077032089e-03,3.599999845027923584e-02,6.499999761581420898e-02
2.162494393200000076e+01,9.359999895095825195e-01,-8.600000143051147461e-01,-7.050000190734863281e+00,-6.000000052154064178e-03,-2.099999971687793732e-02,2.230000048875808716e-01
2.163379722800000238e+01,9.359999895095825195e-01,-8.600000143051147461e-01,-7.050000190734863281e+00,-6.000000052154064178e-03,-2.099999971687793732e-02,2.230000048875808716e-01
2.164446635800000251e+01,1.414999961853027344e+00,-6.679999828338623047e-01,-1.150300025939941406e+01,-3.500000014901161194e-02,9.799999743700027466e-02,1.729999929666519165e-01
2.165392915400000007e+01,1.414999961853027344e+00,-6.679999828338623047e-01,-1.150300025939941406e+01,-3.500000014901161194e-02,9.799999743700027466e-02,1.729999929666519165e-01
2.166360526500000105e+01,1.304999947547912598e+00,6.010000109672546387e-01,-1.236999988555908203e+01,-4.399999976158142090e-02,-7.299999892711639404e-02,3.589999973773956299e-01
2.167458871000000187e+01,1.304999947547912598e+00,6.010000109672546387e-01,-1.236999988555908203e+01,-4.399999976158142090e-02,-7.299999892711639404e-02,3.589999973773956299e-01
2.168377015400000118e+01,-4.860000014305114746e-01,-8.790000081062316895e-01,-7.192999839782714844e+00,-3.500000014901161194e-02,5.700000002980232239e-02,3.639999926090240479e-01
2.169400521000000026e+01,-4.860000014305114746e-01,-8.790000081062316895e-01,-7.192999839782714844e+00,-3.500000014901161194e-02,5.700000002980232239e-02,3.639999926090240479e-01
2.170417365400000165e+01,-5.860000252723693848e-01,-1.506000041961669922e+00,-1.113899993896484375e+01,-2.999999932944774628e-02,-9.499999880790710449e-02,5.350000262260437012e-01
2.171614737600000211e+01,-5.860000252723693848e-01,-1.506000041961669922e+00,-1.113899993896484375e+01,-2.999999932944774628e-02,-9.499999880790710449e-02,5.350000262260437012e-01
2.172413709900000001e+01,-5.860000252723693848e-01,-1.506000041961669922e+00,-1.113899993896484375e+01,-2.999999932944774628e-02,-9.499999880790710449e-02,5.350000262260437012e-01
2.173633211699999990e+01,-5.860000252723693848e-01,-1.506000041961669922e+00,-1.113899993896484375e+01,-2.999999932944774628e-02,-9.499999880790710449e-02,5.350000262260437012e-01
2.174373941300000013e+01,2.370000034570693970e-01,3.599999845027923584e-02,-1.018599987030029297e+01,-6.000000052154064178e-03,-5.400000140070915222e-02,-5.799999833106994629e-02
2.175564285800000164e+01,2.370000034570693970e-01,3.599999845027923584e-02,-1.018599987030029297e+01,-6.000000052154064178e-03,-5.400000140070915222e-02,-5.799999833106994629e-02
2.176371959900000164e+01,-6.439999938011169434e-01,2.539999961853027344e+00,-1.279100036621093750e+01,8.999999612569808960e-03,-8.900000154972076416e-02,4.500000178813934326e-02
2.177499330200000216e+01,-6.439999938011169434e-01,2.539999961853027344e+00,-1.279100036621093750e+01,8.999999612569808960e-03,-8.900000154972076416e-02,4.500000178813934326e-02
2.178442167300000065e+01,8.259999752044677734e-01,-3.659999966621398926e-01,-8.300000190734863281e+00,-1.000000047497451305e-03,6.700000166893005371e-02,-8.900000154972076416e-02
2.179453369100000160e+01,8.259999752044677734e-01,-3.659999966621398926e-01,-8.300000190734863281e+00,-1.000000047497451305e-03,6.700000166893005371e-02,-8.900000154972076416e-02
2.180452191300000209e+01,2.230000048875808716e-01,9.309999942779541016e-01,-1.090900039672851562e+01,-1.000000047497451305e-03,-3.999999910593032837e-02,6.599999964237213135e-02
2.181355408000000295e+01,5.339999794960021973e-01,-9.269999861717224121e-01,-9.387000083923339844e+00,-1.200000010430812836e-02,3.500000014901161194e-02,1.700000092387199402e-02
2.182380274700000200e+01,5.339999794960021973e-01,-9.269999861717224121e-01,-9.387000083923339844e+00,-1.200000010430812836e-02,3.500000014901161194e-02,1.700000092387199402e-02
2.183375269100000082e+01,5.339999794960021973e-01,-9.269999861717224121e-01,-9.387000083923339844e+00,-1.200000010430812836e-02,3.500000014901161194e-02,1.700000092387199402e-02
2.184512004300000143e+01,-9.799999743700027466e-02,1.120000034570693970e-01,-1.084200000762939453e+01,-3.200000151991844177e-02,-4.899999871850013733e-02,2.700000107288360596e-01
2.185504256100000120e+01,-9.799999743700027466e-02,1.120000034570693970e-01,-1.084200000762939453e+01,-3.200000151991844177e-02,-4.899999871850013733e-02,2.700000107288360596e-01
2.186502802400000078e+01,-5.189999938011169434e-01,-1.060999989509582520e+00,-8.921999931335449219e+00,-3.799999877810478210e-02,-6.000000052154064178e-03,3.210000097751617432e-01
2.187426635799999985e+01,-5.189999938011169434e-01,-1.060999989509582520e+00,-8.921999931335449219e+00,-3.799999877810478210e-02,-6.000000052154064178e-03,3.210000097751617432e-01
2.188371289500000216e+01,8.410000205039978027e-01,3.610000014305114746e-01,-1.222599983215332031e+01,-1.200000010430812836e-02,4.300000146031379700e-02,2.269999980926513672e-01
2.189359839500000149e+01,8.410000205039978027e-01,3.610000014305114746e-01,-1.222599983215332031e+01,-1.200000010430812836e-02,4.300000146031379700e-02,2.269999980926513672e-01
2.190515039499999972e+01,8.410000205039978027e-01,3.610000014305114746e-01,-1.222599983215332031e+01,-1.200000010430812836e-02,4.300000146031379700e-02,2.269999980926513672e-01
2.191360504300000045e+01,8.410000205039978027e-01,3.610000014305114746e-01,-1.222599983215332031e+01,-1.200000010430812836e-02,4.300000146031379700e-02,2.269999980926513672e-01
2.192435835800000277e+01,-4.280000030994415283e-01,-5.389999747276306152e-01,-8.276000022888183594e+00,-1.999999955296516418e-02,-4.800000041723251343e-02,2.129999995231628418e-01
2.193669896900000182e+01,1.348000049591064453e+00,2.678999900817871094e+00,-1.017700004577636719e+01,1.499999966472387314e-02,6.100000068545341492e-02,1.159999966621398926e-01
2.194464869100000115e+01,1.348000049591064453e+00,2.678999900817871094e+00,-1.017700004577636719e+01,1.499999966472387314e-02,6.100000068545341492e-02,1.159999966621398926e-01
2.195355237600000109e+01,1.348000049591064453e+00,2.678999900817871094e+00,-1.017700004577636719e+01,1.499999966472387314e-02,6.100000068545341492e-02,1.159999966621398926e-01
2.196364396899999960e+01,1.333999991416931152e+00,3.330000042915344238e-01,-7.893000125885009766e+00,-8.000000379979610443e-03,7.699999958276748657e-02,-8.100000023841857910e-02
2.197586156100000210e+01,1.333999991416931152e+00,3.330000042915344238e-01,-7.893000125885009766e+00,-8.000000379979610443e-03,7.699999958276748657e-02,-8.100000023841857910e-02
2.198352754300000100e+01,2.949999868869781494e-01,-4.379999935626983643e-01,-9.630999565124511719e+00,1.000000047497451305e-03,-7.000000029802322388e-02,-8.900000154972076416e-02
2.199382969100000196e+01,2.949999868869781494e-01,-4.379999935626983643e-01,-9.630999565124511719e+00,1.000000047497451305e-03,-7.000000029802322388e-02,-8.900000154972076416e-02
2.200602756099999979e+01,-1.055999994277954102e+00,4.720000028610229492e-01,-9.123000144958496094e+00,-1.799999922513961792e-02,4.000000189989805222e-03,2.800000086426734924e-02
2.201366041300000020e+01,-1.055999994277954102e+00,4.720000028610229492e-01,-9.123000144958496094e+00,-1.799999922513961792e-02,4.000000189989805222e-03,2.800000086426734924e-02
2.202509526500000092e+01,2.179999947547912598e-01,-1.609999984502792358e-01,-8.284999847412109375e+00,-2.000000094994902611e-03,3.400000184774398804e-02,9.200000017881393433e-02
2.203378428400000288e+01,2.179999947547912598e-01,-1.609999984502792358e-01,-8.284999847412109375e+00,-2.000000094994902611e-03,3.400000184774398804e-02,9.200000017881393433e-02
2.204387715400000047e+01,1.636000037193298340e+00,1.041000008583068848e+00,-1.154100036621093750e+01,-1.799999922513961792e-02,6.300000101327896118e-02,1.049999967217445374e-01
2.205411513499999998e+01,1.636000037193298340e+00,1.041000008583068848e+00,-1.154100036621093750e+01,-1.799999922513961792e-02,6.300000101327896118e-02,1.049999967217445374e-01
2.206393776500000214e+01,8.360000252723693848e-01,-5.820000171661376953e-01,-8.802000045776367188e+00,-1.099999994039535522e-02,7.000000216066837311e-03,1.720000058412551880e-01
2.207425770900000117e+01,8.360000252723693848e-01,-5.820000171661376953e-01,-8.802000045776367188e+00,-1.099999994039535522e-02,7.000000216066837311e-03,1.720000058412551880e-01
2.208425633900000307e+01,-1.792999982833862305e+00,8.690000176429748535e-01,-1.353299999237060547e+01,-3.200000151991844177e-02,-1.230000033974647522e-01,1.809999942779541016e-01
2.209367141300000270e+01,-1.792999982833862305e+00,8.690000176429748535e-01,-1.353299999237060547e+01,-3.200000151991844177e-02,-1.230000033974647522e-01,1.809999942779541016e-01
2.210411743200000245e+01,-1.123000025749206543e+00,-1.840000003576278687e-01,-8.208999633789062500e+00,-3.599999845027923584e-02,-7.400000095367431641e-02,3.600000143051147461e-01
2.211342017200000143e+01,-1.123000025749206543e+00,-1.840000003576278687e-01,-8.208999633789062500e+00,-3.599999845027923584e-02,-7.400000095367431641e-02,3.600000143051147461e-01
2.212433920900000217e+01,5.499999970197677612e-02,4.810000061988830566e-01,-8.399999618530273438e+00,-4.699999839067459106e-02,1.609999984502792358e-01,3.589999973773956299e-01
2.213348850600000262e+01,5.499999970197677612e-02,4.810000061988830566e-01,-8.399999618530273438e+00,-4.699999839067459106e-02,1.609999984502792358e-01,3.589999973773956299e-01
2.214654274600000150e+01,4.140000045299530029e-01,4.329999983310699463e-01,-9.899000167846679688e+00,-6.400000303983688354e-02,-2.700000070035457611e-02,5.860000252723693848e-01
2.215433604300000070e+01,4.140000045299530029e-01,4.329999983310699463e-01,-9.899000167846679688e+00,-6.400000303983688354e-02,-2.700000070035457611e-02,5.860000252723693848e-01
2.216519202400000310e+01,1.223999977111816406e+00,2.908999919891357422e+00,-1.160400009155273438e+01,-7.000000029802322388e-02,8.399999886751174927e-02,5.180000066757202148e-01
2.217478845000000121e+01,1.223999977111816406e+00,2.908999919891357422e+00,-1.160400009155273438e+01,-7.000000029802322388e-02,8.399999886751174927e-02,5.180000066757202148e-01
2.218404726500000024e+01,2.138000011444091797e+00,7.590000033378601074e-01,-1.271500015258789062e+01,-2.199999988079071045e-02,-3.200000151991844177e-02,1.909999996423721313e-01
2.219463324600000220e+01,2.138000011444091797e+00,7.590000033378601074e-01,-1.271500015258789062e+01,-2.199999988079071045e-02,-3.200000151991844177e-02,1.909999996423721313e-01
2.220415187600000095e+01,-6.529999971389770508e-01,5.339999794960021973e-01,-9.008000373840332031e+00,-3.900000080466270447e-02,-1.000000047497451305e-03,5.799999833106994629e-02
2.221721524600000208e+01,-2.013000011444091797e+00,-6.629999876022338867e-01,-1.015699958801269531e+01,-8.000000379979610443e-03,-1.089999973773956299e-01,2.399999946355819702e-01
2.222362474600000226e+01,-2.013000011444091797e+00,-6.629999876022338867e-01,-1.015699958801269531e+01,-8.000000379979610443e-03,-1.089999973773956299e-01,2.399999946355819702e-01
2.223393004300000086e+01,-2.013000011444091797e+00,-6.629999876022338867e-01,-1.015699958801269531e+01,-8.000000379979610443e-03,-1.089999973773956299e-01,2.399999946355819702e-01
2.224410632000000021e+01,-2.013000011444091797e+00,-6.629999876022338867e-01,-1.015699958801269531e+01,-8.000000379979610443e-03,-1.089999973773956299e-01,2.399999946355819702e-01
2.225406880200000259e+01,-2.013000011444091797e+00,-6.629999876022338867e-01,-1.015699958801269531e+01,-8.000000379979610443e-03,-1.089999973773956299e-01,2.399999946355819702e-01
2.226343808000000024e+01,1.837000012397766113e+00,-5.499999970197677612e-02,-9.692999839782714844e+00,2.000000094994902611e-03,7.000000216066837311e-03,-6.000000052154064178e-03
2.227384228300000046e+01,1.837000012397766113e+00,-5.499999970197677612e-02,-9.692999839782714844e+00,2.000000094994902611e-03,7.000000216066837311e-03,-6.000000052154064178e-03
2.228396313500000048e+01,-1.351999998092651367e+00,-8.069999814033508301e-01,-9.248000144958496094e+00,-1.400000043213367462e-02,-1.099999994039535522e-01,-1.000000047497451305e-03
2.229456306100000162e+01,-1.351999998092651367e+00,-8.069999814033508301e-01,-9.248000144958496094e+00,-1.400000043213367462e-02,-1.099999994039535522e-01,-1.000000047497451305e-03
2.230507735700000183e+01,-1.324000000953674316e+00,-4.769999980926513672e-01,-6.604000091552734375e+00,-3.799999877810478210e-02,8.000000379979610443e-03,2.169999927282333374e-01
2.231354759800000309e+01,-1.324000000953674316e+00,-4.769999980926513672e-01,-6.604000091552734375e+00,-3.799999877810478210e-02,8.000000379979610443e-03,2.169999927282333374e-01
2.232387793200000203e+01,-1.922000050544738770e+00,-1.381999969482421875e+00,-1.051700019836425781e+01,-7.500000298023223877e-02,-1.010000035166740417e-01,4.850000143051147461e-01
2.233361704300000028e+01,-1.922000050544738770e+00,-1.381999969482421875e+00,-1.051700019836425781e+01,-7.500000298023223877e-02,-1.010000035166740417e-01,4.850000143051147461e-01
2.234403482000000096e+01,-6.529999971389770508e-01,5.720000267028808594e-01,-1.299199962615966797e+01,-7.100000232458114624e-02,3.500000014901161194e-02,6.380000114440917969e-01
2.235594428300000303e+01,-6.529999971389770508e-01,5.720000267028808594e-01,-1.299199962615966797e+01,-7.100000232458114624e-02,3.500000014901161194e-02,6.380000114440917969e-01
2.236474561700000052e+01,1.998999953269958496e+00,2.253000020980834961e+00,-1.364299964904785156e+01,-5.999999865889549255e-02,8.600000292062759399e-02,6.890000104904174805e-01
2.237809219100000035e+01,1.481999993324279785e+00,1.875000000000000000e+00,-1.085200023651123047e+01,-5.600000172853469849e-02,7.000000216066837311e-03,5.239999890327453613e-01
2.238379408000000126e+01,1.481999993324279785e+00,1.875000000000000000e+00,-1.085200023651123047e+01,-5.600000172853469849e-02,7.000000216066837311e-03,5.239999890327453613e-01
2.239369032000000104e+01,1.481999993324279785e+00,1.875000000000000000e+00,-1.085200023651123047e+01,-5.600000172853469849e-02,7.000000216066837311e-03,5.239999890327453613e-01
2.240476341300000129e+01,1.299999952316284180e+00,1.850999951362609863e+00,-1.217800045013427734e+01,-8.000000379979610443e-03,1.799999922513961792e-02,1.239999979734420776e-01
2.241439680200000240e+01,1.299999952316284180e+00,1.850999951362609863e+00,-1.217800045013427734e+01,-8.000000379979610443e-03,1.799999922513961792e-02,1.239999979734420776e-01
2.242397615400000177e+01,1.299999952316284180e+00,1.850999951362609863e+00,-1.217800045013427734e+01,-8.000000379979610443e-03,1.799999922513961792e-02,1.239999979734420776e-01
2.243397167200000197e+01,1.299999952316284180e+00,1.850999951362609863e+00,-1.217800045013427734e+01,-8.000000379979610443e-03,1.799999922513961792e-02,1.239999979734420776e-01
2.244420241300000285e+01,4.100000113248825073e-02,-1.228000044822692871e+00,-1.290600013732910156e+01,1.400000043213367462e-02,6.199999898672103882e-02,2.800000086426734924e-02
2.245489494999999991e+01,4.100000113248825073e-02,-1.228000044822692871e+00,-1.290600013732910156e+01,1.400000043213367462e-02,6.199999898672103882e-02,2.800000086426734924e-02
2.246340678299999993e+01,-1.241999983787536621e+00,9.980000257492065430e-01,-7.414000034332275391e+00,-1.400000043213367462e-02,-7.900000363588333130e-02,1.089999973773956299e-01
2.247415811700000177e+01,-1.241999983787536621e+00,9.980000257492065430e-01,-7.414000034332275391e+00,-1.400000043213367462e-02,-7.900000363588333130e-02,1.089999973773956299e-01
2.248419220899999971e+01,1.003000020980834961e+00,4.519999921321868896e-01,-9.477999687194824219e+00,9.999999776482582092e-03,8.200000226497650146e-02,1.369999945163726807e-01
2.249465124600000010e+01,1.003000020980834961e+00,4.519999921321868896e-01,-9.477999687194824219e+00,9.999999776482582092e-03,8.200000226497650146e-02,1.369999945163726807e-01
2.250415230200000138e+01,1.509999930858612061e-01,-6.539999842643737793e-01,-9.439000129699707031e+00,-1.200000010430812836e-02,1.300000026822090149e-02,-2.199999988079071045e-02
2.251540595000000167e+01,1.509999930858612061e-01,-6.539999842643737793e-01,-9.439000129699707031e+00,-1.200000010430812836e-02,1.300000026822090149e-02,-2.199999988079071045e-02
2.252373704300000057e+01,-2.080000042915344238e-01,2.099999971687793732e-02,-8.654000282287597656e+00,1.799999922513961792e-02,-5.600000172853469849e-02,1.230000033974647522e-01
2.253386709800000176e+01,-2.080000042915344238e-01,2.099999971687793732e-02,-8.654000282287597656e+00,1.799999922513961792e-02,-5.600000172853469849e-02,1.230000033974647522e-01
2.254396541300000223e+01,-7.300000190734863281e-01,-1.281000018119812012e+00,-9.597000122070312500e+00,-3.000000026077032089e-03,1.110000014305114746e-01,-6.899999827146530151e-02
2.255626232000000186e+01,-7.300000190734863281e-01,-1.281000018119812012e+00,-9.597000122070312500e+00,-3.000000026077032089e-03,1.110000014305114746e-01,-6.899999827146530151e-02
2.256373261700000299e+01,-1.822000026702880859e+00,-5.440000295639038086e-01,-7.317999839782714844e+00,-2.700000070035457611e-02,-1.159999966621398926e-01,2.809999883174896240e-01
2.257367608000000203e+01,-1.822000026702880859e+00,-5.440000295639038086e-01,-7.317999839782714844e+00,-2.700000070035457611e-02,-1.159999966621398926e-01,2.809999883174896240e-01
2.258356093100000095e+01,1.453999996185302734e+00,6.200000047683715820e-01,-1.154100036621093750e+01,-2.000000094994902611e-03,1.749999970197677612e-01,2.479999959468841553e-01
2.259382611700000254e+01,1.453999996185302734e+00,6.200000047683715820e-01,-1.154100036621093750e+01,-2.000000094994902611e-03,1.749999970197677612e-01,2.479999959468841553e-01
2.260485902400000313e+01,1.453999996185302734e+00,6.200000047683715820e-01,-1.154100036621093750e+01,-2.000000094994902611e-03,1.749999970197677612e-01,2.479999959468841553e-01
2.261555489400000241e+01,1.453999996185302734e+00,6.200000047683715820e-01,-1.154100036621093750e+01,-2.000000094994902611e-03,1.749999970197677612e-01,2.479999959468841553e-01
2.262364537600000247e+01,-1.271000027656555176e+00,-1.026999950408935547e+00,-1.104300022125244141e+01,4.999999888241291046e-03,-8.600000292062759399e-02,5.299999937415122986e-02
2.263404570900000223e+01,-1.271000027656555176e+00,-1.026999950408935547e+00,-1.104300022125244141e+01,4.999999888241291046e-03,-8.600000292062759399e-02,5.299999937415122986e-02
2.264608754200000007e+01,1.286000013351440430e+00,-3.519999980926513672e-01,-9.663999557495117188e+00,1.499999966472387314e-02,7.999999821186065674e-02,-1.010000035166740417e-01
2.265671511700000096e+01,1.286000013351440430e+00,-3.519999980926513672e-01,-9.663999557495117188e+00,1.499999966472387314e-02,7.999999821186065674e-02,-1.010000035166740417e-01
2.266347270900000055e+01,-2.822999954223632812e+00,-1.175999999046325684e+00,-8.916999816894531250e+00,-6.100000068545341492e-02,-7.199999690055847168e-02,2.500000037252902985e-02
2.267633396800000156e+01,7.879999876022338867e-01,5.499999970197677612e-02,-1.326000022888183594e+01,1.499999966472387314e-02,-8.900000154972076416e-02,4.749999940395355225e-01
2.268361556099999987e+01,7.879999876022338867e-01,5.499999970197677612e-02,-1.326000022888183594e+01,1.499999966472387314e-02,-8.900000154972076416e-02,4.749999940395355225e-01
2.269420852400000044e+01,7.879999876022338867e-01,5.499999970197677612e-02,-1.326000022888183594e+01,1.499999966472387314e-02,-8.900000154972076416e-02,4.749999940395355225e-01
2.270393285700000163e+01,2.180999994277954102e+00,2.904000043869018555e+00,-1.239799976348876953e+01,-6.400000303983688354e-02,1.909999996423721313e-01,3.030000030994415283e-01
2.271341806100000227e+01,2.180999994277954102e+00,2.904000043869018555e+00,-1.239799976348876953e+01,-6.400000303983688354e-02,1.909999996423721313e-01,3.030000030994415283e-01
2.272438557899999978e+01,-8.980000019073486328e-01,-5.680000185966491699e-01,-6.887000083923339844e+00,-2.600000053644180298e-02,-3.999999910593032837e-02,8.399999886751174927e-02
2.273372598699999969e+01,-8.980000019073486328e-01,-5.680000185966491699e-01,-6.887000083923339844e+00,-2.600000053644180298e-02,-3.999999910593032837e-02,8.399999886751174927e-02
2.274612256099999996e+01,-8.980000019073486328e-01,-5.680000185966491699e-01,-6.887000083923339844e+00,-2.600000053644180298e-02,-3.999999910593032837e-02,8.399999886751174927e-02
2.275553289400000168e+01,1.560000032186508179e-01,-6.150000095367431641e-01,-1.018099975585937500e+01,1.899999938905239105e-02,-6.800000369548797607e-02,6.499999761581420898e-02
2.276388217200000241e+01,1.560000032186508179e-01,-6.150000095367431641e-01,-1.018099975585937500e+01,1.899999938905239105e-02,-6.800000369548797607e-02,6.499999761581420898e-02
2.277560785700000068e+01,1.560000032186508179e-01,-6.150000095367431641e-01,-1.018099975585937500e+01,1.899999938905239105e-02,-6.800000369548797607e-02,6.499999761581420898e-02
2.278363902400000285e+01,1.468000054359436035e+00,4.909999966621398926e-01,-9.845999717712402344e+00,-3.000000026077032089e-03,3.400000184774398804e-02,7.000000029802322388e-02
2.279532411599999975e+01,1.113999962806701660e+00,-4.670000076293945312e-01,-1.036800003051757812e+01,2.099999971687793732e-02,-4.600000008940696716e-02,-7.100000232458114624e-02
2.280383796799999985e+01,1.113999962806701660e+00,-4.670000076293945312e-01,-1.036800003051757812e+01,2.099999971687793732e-02,-4.600000008940696716e-02,-7.100000232458114624e-02
2.281352193100000036e+01,1.113999962806701660e+00,-4.670000076293945312e-01,-1.036800003051757812e+01,2.099999971687793732e-02,-4.600000008940696716e-02,-7.100000232458114624e-02
2.282584915300000006e+01,-5.000000074505805969e-02,2.370000034570693970e-01,-9.390999794006347656e+00,-8.999999612569808960e-03,-2.099999971687793732e-02,-6.100000068545341492e-02
2.283432469100000262e+01,-5.000000074505805969e-02,2.370000034570693970e-01,-9.390999794006347656e+00,-8.999999612569808960e-03,-2.099999971687793732e-02,-6.100000068545341492e-02
2.284366563500000069e+01,3.670000135898590088e-01,1.200000010430812836e-02,-9.840999603271484375e+00,-2.000000094994902611e-03,4.999999888241291046e-03,1.499999966472387314e-02
2.285495783900000077e+01,3.670000135898590088e-01,1.200000010430812836e-02,-9.840999603271484375e+00,-2.000000094994902611e-03,4.999999888241291046e-03,1.499999966472387314e-02
2.286494067200000302e+01,1.008000016212463379e+00,-1.554000020027160645e+00,-1.098099994659423828e+01,-6.000000052154064178e-03,1.600000075995922089e-02,4.199999943375587463e-02
2.287650928300000075e+01,1.008000016212463379e+00,-1.554000020027160645e+00,-1.098099994659423828e+01,-6.000000052154064178e-03,1.600000075995922089e-02,4.199999943375587463e-02
2.288360759800000110e+01,-1.597000002861022949e+00,1.041000008583068848e+00,-4.938000202178955078e+00,-4.600000008940696716e-02,-4.800000041723251343e-02,1.959999948740005493e-01
2.289451267200000117e+01,-1.597000002861022949e+00,1.041000008583068848e+00,-4.938000202178955078e+00,-4.600000008940696716e-02,-4.800000041723251343e-02,1.959999948740005493e-01
2.290787726499999977e+01,4.050000011920928955e-01,-2.319999933242797852e-01,-6.274000167846679688e+00,2.700000070035457611e-02,-5.299999937415122986e-02,3.009999990463256836e-01
2.291397093100000149e+01,4.050000011920928955e-01,-2.319999933242797852e-01,-6.274000167846679688e+00,2.700000070035457611e-02,-5.299999937415122986e-02,3.009999990463256836e-01
2.292446730200000005e+01,1.085000038146972656e+00,2.381999969482421875e+00,-7.921000003814697266e+00,-3.599999845027923584e-02,1.800000071525573730e-01,9.899999946355819702e-02
2.293623263500000320e+01,1.085000038146972656e+00,2.381999969482421875e+00,-7.921000003814697266e+00,-3.599999845027923584e-02,1.800000071525573730e-01,9.899999946355819702e-02
2.294362328300000087e+01,8.360000252723693848e-01,-1.291000008583068848e+00,-9.765000343322753906e+00,-1.000000047497451305e-03,-8.600000292062759399e-02,4.100000113248825073e-02
2.295496504200000132e+01,8.360000252723693848e-01,-1.291000008583068848e+00,-9.765000343322753906e+00,-1.000000047497451305e-03,-8.600000292062759399e-02,4.100000113248825073e-02
2.296450317200000057e+01,-1.735999941825866699e+00,-3.584000110626220703e+00,-1.259000015258789062e+01,-3.400000184774398804e-02,-8.299999684095382690e-02,-1.899999938905239105e-02
2.297384280200000006e+01,-1.735999941825866699e+00,-3.584000110626220703e+00,-1.259000015258789062e+01,-3.400000184774398804e-02,-8.299999684095382690e-02,-1.899999938905239105e-02
2.298947152400000249e+01,-1.822000026702880859e+00,-3.099999949336051941e-02,-6.848999977111816406e+00,-5.999999865889549255e-02,-2.199999988079071045e-02,3.659999966621398926e-01
2.299572704200000217e+01,-1.822000026702880859e+00,-3.099999949336051941e-02,-6.848999977111816406e+00,-5.999999865889549255e-02,-2.199999988079071045e-02,3.659999966621398926e-01
2.300371461599999989e+01,-1.822000026702880859e+00,-3.099999949336051941e-02,-6.848999977111816406e+00,-5.999999865889549255e-02,-2.199999988079071045e-02,3.659999966621398926e-01
2.301382826400000070e+01,-1.822000026702880859e+00,-3.099999949336051941e-02,-6.848999977111816406e+00,-5.999999865889549255e-02,-2.199999988079071045e-02,3.659999966621398926e-01
2.302369030200000211e+01,-1.309000015258789062e+00,1.026999950408935547e+00,-3.296000003814697266e+00,-1.260000020265579224e-01,9.999999776482582092e-03,1.034999966621398926e+00
2.303351263500000101e+01,-1.309000015258789062e+00,1.026999950408935547e+00,-3.296000003814697266e+00,-1.260000020265579224e-01,9.999999776482582092e-03,1.034999966621398926e+00
2.304458796800000187e+01,1.233000040054321289e+00,5.183000087738037109e+00,-7.730000019073486328e+00,-9.899999946355819702e-02,1.350000053644180298e-01,7.179999947547912598e-01
2.305451089399999987e+01,1.233000040054321289e+00,5.183000087738037109e+00,-7.730000019073486328e+00,-9.899999946355819702e-02,1.350000053644180298e-01,7.179999947547912598e-01
2.306352752400000128e+01,-1.281000018119812012e+00,1.700000017881393433e-01,-6.943999767303466797e+00,-4.399999976158142090e-02,-1.110000014305114746e-01,3.490000069141387939e-01
2.307403437600000018e+01,-1.281000018119812012e+00,1.700000017881393433e-01,-6.943999767303466797e+00,-4.399999976158142090e-02,-1.110000014305114746e-01,3.490000069141387939e-01
2.308352372700000288e+01,-9.169999957084655762e-01,2.296000003814697266e+00,-1.004699993133544922e+01,-2.099999971687793732e-02,-4.899999871850013733e-02,2.000000029802322388e-01
2.309371639400000120e+01,-9.169999957084655762e-01,2.296000003814697266e+00,-1.004699993133544922e+01,-2.099999971687793732e-02,-4.899999871850013733e-02,2.000000029802322388e-01
2.310721174600000083e+01,-1.238000035285949707e+00,2.506999969482421875e+00,-1.016199970245361328e+01,-9.999999776482582092e-03,1.019999980926513672e-01,-3.900000080466270447e-02
2.311340352400000242e+01,-1.238000035285949707e+00,2.506999969482421875e+00,-1.016199970245361328e+01,-9.999999776482582092e-03,1.019999980926513672e-01,-3.900000080466270447e-02
2.312779413500000203e+01,-1.238000035285949707e+00,2.506999969482421875e+00,-1.016199970245361328e+01,-9.999999776482582092e-03,1.019999980926513672e-01,-3.900000080466270447e-02
2.313357339400000257e+01,-1.238000035285949707e+00,2.506999969482421875e+00,-1.016199970245361328e+01,-9.999999776482582092e-03,1.019999980926513672e-01,-3.900000080466270447e-02
2.314371843099999992e+01,-1.055999994277954102e+00,-1.907999992370605469e+00,-1.127299976348876953e+01,-3.799999877810478210e-02,6.800000369548797607e-02,2.820000052452087402e-01
2.315569435700000156e+01,-1.055999994277954102e+00,-1.907999992370605469e+00,-1.127299976348876953e+01,-3.799999877810478210e-02,6.800000369548797607e-02,2.820000052452087402e-01
2.316397691300000261e+01,-1.739999949932098389e-01,-9.309999942779541016e-01,-9.472999572753906250e+00,-4.199999943375587463e-02,-2.099999971687793732e-02,3.970000147819519043e-01
2.317773119000000293e+01,-1.739999949932098389e-01,-9.309999942779541016e-01,-9.472999572753906250e+00,-4.199999943375587463e-02,-2.099999971687793732e-02,3.970000147819519043e-01
2.318355043100000046e+01,-1.739999949932098389e-01,-9.309999942779541016e-01,-9.472999572753906250e+00,-4.199999943375587463e-02,-2.099999971687793732e-02,3.970000147819519043e-01
2.319363095000000285e+01,-1.739999949932098389e-01,-9.309999942779541016e-01,-9.472999572753906250e+00,-4.199999943375587463e-02,-2.099999971687793732e-02,3.970000147819519043e-01
2.320414904200000095e+01,1.363000035285949707e+00,1.899000048637390137e+00,-1.355200004577636719e+01,-6.000000052154064178e-03,5.999999865889549255e-02,3.849999904632568359e-01
2.321551946800000010e+01,1.363000035285949707e+00,1.899000048637390137e+00,-1.355200004577636719e+01,-6.000000052154064178e-03,5.999999865889549255e-02,3.849999904632568359e-01
2.322413670899999971e+01,-4.909999966621398926e-01,-6.250000000000000000e-01,-6.006000041961669922e+00,-3.200000151991844177e-02,-8.699999749660491943e-02,2.419999986886978149e-01
2.323407461600000090e+01,-4.909999966621398926e-01,-6.250000000000000000e-01,-6.006000041961669922e+00,-3.200000151991844177e-02,-8.699999749660491943e-02,2.419999986886978149e-01
2.324420404199999979e+01,2.775000095367431641e+00,2.560000121593475342e-01,-1.283399963378906250e+01,1.000000047497451305e-03,9.399999678134918213e-02,1.070000007748603821e-01
2.325393104200000138e+01,2.775000095367431641e+00,2.560000121593475342e-01,-1.283399963378906250e+01,1.000000047497451305e-03,9.399999678134918213e-02,1.070000007748603821e-01
2.326361839400000164e+01,-5.860000252723693848e-01,-1.008000016212463379e+00,-4.742000102996826172e+00,-2.400000020861625671e-02,-5.499999970197677612e-02,2.899999916553497314e-02
2.327413267200000035e+01,-5.860000252723693848e-01,-1.008000016212463379e+00,-4.742000102996826172e+00,-2.400000020861625671e-02,-5.499999970197677612e-02,2.899999916553497314e-02
2.328356357900000262e+01,5.630000233650207520e-01,-5.529999732971191406e-01,-1.343799972534179688e+01,6.000000052154064178e-03,-3.500000014901161194e-02,2.090000063180923462e-01
2.329714833800000306e+01,5.630000233650207520e-01,-5.529999732971191406e-01,-1.343799972534179688e+01,6.000000052154064178e-03,-3.500000014901161194e-02,2.090000063180923462e-01
2.330447180100000182e+01,1.281000018119812012e+00,-3.280000090599060059e-01,-1.013399982452392578e+01,1.000000047497451305e-03,6.899999827146530151e-02,-6.499999761581420898e-02
2.331343994900000283e+01,1.281000018119812012e+00,-3.280000090599060059e-01,-1.013399982452392578e+01,1.000000047497451305e-03,6.899999827146530151e-02,-6.499999761581420898e-02
2.332373909800000078e+01,-1.271000027656555176e+00,-2.430000066757202148e+00,-8.237000465393066406e+00,-1.099999994039535522e-02,-8.100000023841857910e-02,-9.999999776482582092e-03
2.333357369000000148e+01,-1.271000027656555176e+00,-2.430000066757202148e+00,-8.237000465393066406e+00,-1.099999994039535522e-02,-8.100000023841857910e-02,-9.999999776482582092e-03
2.334415604200000161e+01,-2.861000061035156250e+00,-8.980000019073486328e-01,-8.185000419616699219e+00,-2.700000070035457611e-02,-1.150000020861625671e-01,3.260000050067901611e-01
2.335658178300000287e+01,-2.861000061035156250e+00,-8.980000019073486328e-01,-8.185000419616699219e+00,-2.700000070035457611e-02,-1.150000020861625671e-01,3.260000050067901611e-01
2.336344587500000003e+01,-3.364000082015991211e+00,-2.023000001907348633e+00,-6.006000041961669922e+00,-5.700000002980232239e-02,-1.600000075995922089e-02,4.370000064373016357e-01
2.337742878300000271e+01,-3.364000082015991211e+00,-2.023000001907348633e+00,-6.006000041961669922e+00,-5.700000002980232239e-02,-1.600000075995922089e-02,4.370000064373016357e-01
2.338391570900000005e+01,2.520000040531158447e-01,2.000000094994902611e-03,-7.987999916076660156e+00,-4.800000041723251343e-02,5.799999833106994629e-02,6.380000114440917969e-01
2.339699852400000069e+01,2.520000040531158447e-01,2.000000094994902611e-03,-7.987999916076660156e+00,-4.800000041723251343e-02,5.799999833106994629e-02,6.380000114440917969e-01
2.340376480100000123e+01,1.789000034332275391e+00,3.838000059127807617e+00,-1.081799983978271484e+01,-6.199999898672103882e-02,1.080000028014183044e-01,5.260000228881835938e-01
2.341422089400000317e+01,1.789000034332275391e+00,3.838000059127807617e+00,-1.081799983978271484e+01,-6.199999898672103882e-02,1.080000028014183044e-01,5.260000228881835938e-01
2.342376193100000137e+01,1.409999966621398926e+00,-2.849999964237213135e-01,-9.468000411987304688e+00,-2.800000086426734924e-02,-4.000000189989805222e-03,1.459999978542327881e-01
2.343394985700000177e+01,1.409999966621398926e+00,-2.849999964237213135e-01,-9.468000411987304688e+00,-2.800000086426734924e-02,-4.000000189989805222e-03,1.459999978542327881e-01
2.344399209800000250e+01,1.429999947547912598e+00,7.440000176429748535e-01,-1.078499984741210938e+01,2.700000070035457611e-02,-8.000000379979610443e-03,-8.699999749660491943e-02
2.345562793100000221e+01,1.429999947547912598e+00,7.440000176429748535e-01,-1.078499984741210938e+01,2.700000070035457611e-02,-8.000000379979610443e-03,-8.699999749660491943e-02
2.346365650500000299e+01,3.089999854564666748e-01,-5.289999842643737793e-01,-1.054100036621093750e+01,3.000000026077032089e-03,-4.399999976158142090e-02,-1.500000059604644775e-01
2.347452522700000088e+01,3.089999854564666748e-01,-5.289999842643737793e-01,-1.054100036621093750e+01,3.000000026077032089e-03,-4.399999976158142090e-02,-1.500000059604644775e-01
2.348373163500000160e+01,5.960000157356262207e-01,-4.239999949932098389e-01,-9.366999626159667969e+00,6.000000052154064178e-03,2.899999916553497314e-02,4.100000113248825073e-02
2.349844482000000312e+01,5.960000157356262207e-01,-4.239999949932098389e-01,-9.366999626159667969e+00,6.000000052154064178e-03,2.899999916553497314e-02,4.100000113248825073e-02
2.350418306000000257e+01,9.359999895095825195e-01,2.660000026226043701e-01,-9.232999801635742188e+00,1.000000047497451305e-03,-1.700000092387199402e-02,7.000000216066837311e-03
2.351348033800000081e+01,9.359999895095825195e-01,2.660000026226043701e-01,-9.232999801635742188e+00,1.000000047497451305e-03,-1.700000092387199402e-02,7.000000216066837311e-03
2.352463604200000091e+01,9.359999895095825195e-01,2.660000026226043701e-01,-9.232999801635742188e+00,1.000000047497451305e-03,-1.700000092387199402e-02,7.000000216066837311e-03
2.353382809700000067e+01,9.359999895095825195e-01,2.660000026226043701e-01,-9.232999801635742188e+00,1.000000047497451305e-03,-1.700000092387199402e-02,7.000000216066837311e-03
2.354387296800000229e+01,-1.650000065565109253e-01,1.902999997138977051e+00,-5.570000171661376953e+00,-1.400000043213367462e-02,1.000000047497451305e-03,6.399999856948852539e-01
2.355567605999999969e+01,-1.650000065565109253e-01,1.902999997138977051e+00,-5.570000171661376953e+00,-1.400000043213367462e-02,1.000000047497451305e-03,6.399999856948852539e-01
2.356349213500000062e+01,7.070000171661376953e-01,4.168000221252441406e+00,-9.381999969482421875e+00,-1.010000035166740417e-01,5.799999833106994629e-02,5.310000181198120117e-01
2.357382620899999992e+01,7.070000171661376953e-01,4.168000221252441406e+00,-9.381999969482421875e+00,-1.010000035166740417e-01,5.799999833106994629e-02,5.310000181198120117e-01
2.358363437500000259e+01,3.810000121593475342e-01,1.199000000953674316e+00,-7.355999946594238281e+00,-5.299999937415122986e-02,-2.099999971687793732e-02,2.829999923706054688e-01
2.359458274600000038e+01,3.810000121593475342e-01,1.199000000953674316e+00,-7.355999946594238281e+00,-5.299999937415122986e-02,-2.099999971687793732e-02,2.829999923706054688e-01
2.360395644900000178e+01,-3.039999902248382568e-01,-1.093999981880187988e+00,-9.626000404357910156e+00,-1.499999966472387314e-02,-2.899999916553497314e-02,1.560000032186508179e-01
2.361455376400000006e+01,-3.039999902248382568e-01,-1.093999981880187988e+00,-9.626000404357910156e+00,-1.499999966472387314e-02,-2.899999916553497314e-02,1.560000032186508179e-01
2.362414478300000198e+01,-9.359999895095825195e-01,-4.959999918937683105e-01,-1.519499969482421875e+01,-2.999999932944774628e-02,-6.400000303983688354e-02,3.420000076293945312e-01
2.363384678300000274e+01,-9.359999895095825195e-01,-4.959999918937683105e-01,-1.519499969482421875e+01,-2.999999932944774628e-02,-6.400000303983688354e-02,3.420000076293945312e-01
2.364399061599999996e+01,-1.169999986886978149e-01,5.049999952316284180e-01,-9.185000419616699219e+00,-3.000000026077032089e-03,6.199999898672103882e-02,1.220000013709068298e-01
2.365528087500000254e+01,-1.169999986886978149e-01,5.049999952316284180e-01,-9.185000419616699219e+00,-3.000000026077032089e-03,6.199999898672103882e-02,1.220000013709068298e-01
2.366399302299999974e+01,3.910000026226043701e-01,7.440000176429748535e-01,-8.385999679565429688e+00,-1.400000043213367462e-02,2.700000070035457611e-02,1.620000004768371582e-01
2.367493807900000036e+01,3.910000026226043701e-01,7.440000176429748535e-01,-8.385999679565429688e+00,-1.400000043213367462e-02,2.700000070035457611e-02,1.620000004768371582e-01
2.368402159700000098e+01,-1.550000011920928955e-01,1.509999930858612061e-01,-7.782000064849853516e+00,-1.799999922513961792e-02,-4.399999976158142090e-02,1.260000020265579224e-01
2.369456452300000038e+01,-1.550000011920928955e-01,1.509999930858612061e-01,-7.782000064849853516e+00,-1.799999922513961792e-02,-4.399999976158142090e-02,1.260000020265579224e-01
2.370537154200000174e+01,-3.370000123977661133e-01,-1.582999944686889648e+00,-1.107699966430664062e+01,-4.000000189989805222e-03,-1.299999952316284180e-01,9.399999678134918213e-02
2.371396354200000189e+01,-3.370000123977661133e-01,-1.582999944686889648e+00,-1.107699966430664062e+01,-4.000000189989805222e-03,-1.299999952316284180e-01,9.399999678134918213e-02
2.372365096800000117e+01,2.759999930858612061e-01,7.879999876022338867e-01,-6.432000160217285156e+00,-6.700000166893005371e-02,1.469999998807907104e-01,2.910000085830688477e-01
2.373372228300000231e+01,2.759999930858612061e-01,7.879999876022338867e-01,-6.432000160217285156e+00,-6.700000166893005371e-02,1.469999998807907104e-01,2.910000085830688477e-01
2.374380704200000025e+01,2.759999930858612061e-01,7.879999876022338867e-01,-6.432000160217285156e+00,-6.700000166893005371e-02,1.469999998807907104e-01,2.910000085830688477e-01
2.375664520800000190e+01,2.759999930858612061e-01,7.879999876022338867e-01,-6.432000160217285156e+00,-6.700000166893005371e-02,1.469999998807907104e-01,2.910000085830688477e-01
2.376342763400000280e+01,-6.769999861717224121e-01,-2.469000101089477539e+00,-9.060999870300292969e+00,1.300000026822090149e-02,-8.799999952316284180e-02,-2.020000070333480835e-01
2.377383848600000249e+01,-6.769999861717224121e-01,-2.469000101089477539e+00,-9.060999870300292969e+00,1.300000026822090149e-02,-8.799999952316284180e-02,-2.020000070333480835e-01
2.378513150500000251e+01,-2.253000020980834961e+00,1.468000054359436035e+00,-1.181400012969970703e+01,-8.000000379979610443e-03,-1.000000047497451305e-03,-1.209999993443489075e-01
2.379807052299999981e+01,-2.253000020980834961e+00,1.468000054359436035e+00,-1.181400012969970703e+01,-8.000000379979610443e-03,-1.000000047497451305e-03,-1.209999993443489075e-01
2.380582294900000306e+01,-9.599999785423278809e-01,-1.220000013709068298e-01,-5.856999874114990234e+00,4.500000178813934326e-02,-9.799999743700027466e-02,-2.070000022649765015e-01
2.381487448600000079e+01,-9.599999785423278809e-01,-1.220000013709068298e-01,-5.856999874114990234e+00,4.500000178813934326e-02,-9.799999743700027466e-02,-2.070000022649765015e-01
2.382562817100000174e+01,-1.126999974250793457e+00,-1.792999982833862305e+00,-1.146500015258789062e+01,3.999999910593032837e-02,1.169999986886978149e-01,-7.299999892711639404e-02
2.383367052300000211e+01,-1.126999974250793457e+00,-1.792999982833862305e+00,-1.146500015258789062e+01,3.999999910593032837e-02,1.169999986886978149e-01,-7.299999892711639404e-02
2.384360041200000069e+01,-1.151000022888183594e+00,-8.309999704360961914e-01,-8.434000015258789062e+00,1.999999955296516418e-02,-1.159999966621398926e-01,-2.540000081062316895e-01
2.385394372700000076e+01,-1.151000022888183594e+00,-8.309999704360961914e-01,-8.434000015258789062e+00,1.999999955296516418e-02,-1.159999966621398926e-01,-2.540000081062316895e-01
2.386519793100000086e+01,1.060999989509582520e+00,-9.359999895095825195e-01,-1.820700073242187500e+01,-3.400000184774398804e-02,6.400000303983688354e-02,-1.509999930858612061e-01
2.387402674500000188e+01,1.060999989509582520e+00,-9.359999895095825195e-01,-1.820700073242187500e+01,-3.400000184774398804e-02,6.400000303983688354e-02,-1.509999930858612061e-01
2.388481370800000292e+01,1.180000007152557373e-01,-2.660000085830688477e+00,-5.446000099182128906e+00,-2.800000086426734924e-02,4.199999943375587463e-02,3.589999973773956299e-01
2.389933413400000006e+01,1.180000007152557373e-01,-2.660000085830688477e+00,-5.446000099182128906e+00,-2.800000086426734924e-02,4.199999943375587463e-02,3.589999973773956299e-01
2.390563956000000090e+01,1.707000017166137695e+00,1.281000018119812012e+00,-7.145999908447265625e+00,-4.100000113248825073e-02,1.330000013113021851e-01,3.869999945163726807e-01
2.391375354200000203e+01,1.707000017166137695e+00,1.281000018119812012e+00,-7.145999908447265625e+00,-4.100000113248825073e-02,1.330000013113021851e-01,3.869999945163726807e-01
2.392404793100000049e+01,1.592000007629394531e+00,4.760000109672546387e-01,-9.463000297546386719e+00,1.000000047497451305e-03,-9.099999815225601196e-02,6.599999964237213135e-02
2.393370317100000122e+01,1.592000007629394531e+00,4.760000109672546387e-01,-9.463000297546386719e+00,1.000000047497451305e-03,-9.099999815225601196e-02,6.599999964237213135e-02
2.394397633800000236e+01,4.620000123977661133e-01,-4.569999873638153076e-01,-1.029599952697753906e+01,1.000000047497451305e-03,8.000000379979610443e-03,-1.120000034570693970e-01
2.395522580100000098e+01,4.620000123977661133e-01,-4.569999873638153076e-01,-1.029599952697753906e+01,1.000000047497451305e-03,8.000000379979610443e-03,-1.120000034570693970e-01
2.396357443100000140e+01,4.600000008940696716e-02,-1.889999955892562866e-01,-8.265999794006347656e+00,1.700000092387199402e-02,-2.300000004470348358e-02,-5.000000074505805969e-02
2.397410131900000252e+01,4.600000008940696716e-02,-1.889999955892562866e-01,-8.265999794006347656e+00,1.700000092387199402e-02,-2.300000004470348358e-02,-5.000000074505805969e-02
2.398399080100000091e+01,8.119999766349792480e-01,-4.100000113248825073e-02,-1.035400009155273438e+01,9.999999776482582092e-03,1.899999938905239105e-02,-6.199999898672103882e-02
2.399497252300000127e+01,8.119999766349792480e-01,-4.100000113248825073e-02,-1.035400009155273438e+01,9.999999776482582092e-03,1.899999938905239105e-02,-6.199999898672103882e-02
2.400410470799999985e+01,9.649999737739562988e-01,-4.000000059604644775e-01,-9.310000419616699219e+00,-1.200000010430812836e-02,4.000000189989805222e-03,6.899999827146530151e-02
2.401353011600000187e+01,9.649999737739562988e-01,-4.000000059604644775e-01,-9.310000419616699219e+00,-1.200000010430812836e-02,4.000000189989805222e-03,6.899999827146530151e-02
2.402393791200000095e+01,9.649999737739562988e-01,-4.000000059604644775e-01,-9.310000419616699219e+00,-1.200000010430812836e-02,4.000000189989805222e-03,6.899999827146530151e-02
2.403370689300000151e+01,-2.290999889373779297e+00,-7.260000109672546387e-01,-1.164200019836425781e+01,-3.200000151991844177e-02,-5.799999833106994629e-02,2.450000047683715820e-01
2.404445106000000010e+01,-2.290999889373779297e+00,-7.260000109672546387e-01,-1.164200019836425781e+01,-3.200000151991844177e-02,-5.799999833106994629e-02,2.450000047683715820e-01
2.405576207900000085e+01,-2.290999889373779297e+00,-7.260000109672546387e-01,-1.164200019836425781e+01,-3.200000151991844177e-02,-5.799999833106994629e-02,2.450000047683715820e-01
2.406358713400000227e+01,4.530000090599060059e-01,1.083999991416931152e+00,-1.036800003051757812e+01,-4.199999943375587463e-02,1.030000001192092896e-01,3.070000112056732178e-01
2.407415594900000144e+01,4.530000090599060059e-01,1.083999991416931152e+00,-1.036800003051757812e+01,-4.199999943375587463e-02,1.030000001192092896e-01,3.070000112056732178e-01
2.408359643100000014e+01,1.218999981880187988e+00,-7.160000205039978027e-01,-9.166000366210937500e+00,-1.400000043213367462e-02,-9.600000083446502686e-02,3.510000109672546387e-01
2.409569398600000056e+01,1.218999981880187988e+00,-7.160000205039978027e-01,-9.166000366210937500e+00,-1.400000043213367462e-02,-9.600000083446502686e-02,3.510000109672546387e-01
2.410492687500000031e+01,2.426000118255615234e+00,2.344000101089477539e+00,-1.012899971008300781e+01,-5.999999865889549255e-02,1.899999976158142090e-01,3.930000066757202148e-01
2.411345181900000156e+01,2.426000118255615234e+00,2.344000101089477539e+00,-1.012899971008300781e+01,-5.999999865889549255e-02,1.899999976158142090e-01,3.930000066757202148e-01
2.412376694900000018e+01,-4.096000194549560547e+00,6.499999761581420898e-02,-9.276000022888183594e+00,7.000000216066837311e-03,-1.870000064373016357e-01,8.100000023841857910e-02
2.413353263400000159e+01,-4.096000194549560547e+00,6.499999761581420898e-02,-9.276000022888183594e+00,7.000000216066837311e-03,-1.870000064373016357e-01,8.100000023841857910e-02
2.414403500500000277e+01,-4.096000194549560547e+00,6.499999761581420898e-02,-9.276000022888183594e+00,7.000000216066837311e-03,-1.870000064373016357e-01,8.100000023841857910e-02
2.415651270800000106e+01,-4.096000194549560547e+00,6.499999761581420898e-02,-9.276000022888183594e+00,7.000000216066837311e-03,-1.870000064373016357e-01,8.100000023841857910e-02
2.416345306000000193e+01,3.089999854564666748e-01,-3.401999950408935547e+00,-4.822999954223632812e+00,-1.539999991655349731e-01,2.619999945163726807e-01,-1.180000007152557373e-01
2.417401194900000050e+01,3.089999854564666748e-01,-3.401999950408935547e+00,-4.822999954223632812e+00,-1.539999991655349731e-01,2.619999945163726807e-01,-1.180000007152557373e-01
2.418399031900000296e+01,3.540999889373779297e+00,1.261999964714050293e+00,-1.122500038146972656e+01,3.000000026077032089e-03,2.389999926090240479e-01,2.039999961853027344e-01
2.419694709700000246e+01,3.540999889373779297e+00,1.261999964714050293e+00,-1.122500038146972656e+01,3.000000026077032089e-03,2.389999926090240479e-01,2.039999961853027344e-01
2.420669385600000112e+01,-1.549000024795532227e+00,1.749999970197677612e-01,-8.300000190734863281e+00,2.300000004470348358e-02,-2.119999974966049194e-01,1.499999966472387314e-02
2.421398831900000204e+01,-1.549000024795532227e+00,1.749999970197677612e-01,-8.300000190734863281e+00,2.300000004470348358e-02,-2.119999974966049194e-01,1.499999966472387314e-02
2.422378072700000118e+01,-1.169999986886978149e-01,-6.299999952316284180e-01,-7.347000122070312500e+00,1.099999994039535522e-02,3.200000151991844177e-02,-1.969999969005584717e-01
2.423443196700000257e+01,-1.169999986886978149e-01,-6.299999952316284180e-01,-7.347000122070312500e+00,1.099999994039535522e-02,3.200000151991844177e-02,-1.969999969005584717e-01
2.424430224500000008e+01,-1.169999986886978149e-01,-6.299999952316284180e-01,-7.347000122070312500e+00,1.099999994039535522e-02,3.200000151991844177e-02,-1.969999969005584717e-01
2.425429144900000011e+01,-1.169999986886978149e-01,-6.299999952316284180e-01,-7.347000122070312500e+00,1.099999994039535522e-02,3.200000151991844177e-02,-1.969999969005584717e-01
2.426346326400000208e+01,9.509999752044677734e-01,-2.319999933242797852e-01,-1.238899993896484375e+01,1.000000047497451305e-03,1.400000043213367462e-02,1.239999979734420776e-01
2.427364513400000234e+01,9.509999752044677734e-01,-2.319999933242797852e-01,-1.238899993896484375e+01,1.000000047497451305e-03,1.400000043213367462e-02,1.239999979734420776e-01
2.428437191200000100e+01,-7.969999909400939941e-01,-1.516000032424926758e+00,-7.754000186920166016e+00,-2.500000037252902985e-02,-4.600000008940696716e-02,5.799999833106994629e-02
2.429610867100000249e+01,-7.969999909400939941e-01,-1.516000032424926758e+00,-7.754000186920166016e+00,-2.500000037252902985e-02,-4.600000008940696716e-02,5.799999833106994629e-02
2.430432469000000140e+01,-7.540000081062316895e-01,9.300000220537185669e-02,-1.077499961853027344e+01,6.000000052154064178e-03,4.199999943375587463e-02,1.369999945163726807e-01
2.431374100400000060e+01,-7.540000081062316895e-01,9.300000220537185669e-02,-1.077499961853027344e+01,6.000000052154064178e-03,4.199999943375587463e-02,1.369999945163726807e-01
2.432397706000000071e+01,-3.062000036239624023e+00,-1.424999952316284180e+00,-1.180000019073486328e+01,-6.100000068545341492e-02,-1.770000010728836060e-01,2.540000081062316895e-01
2.433537991200000050e+01,-3.062000036239624023e+00,-1.424999952316284180e+00,-1.180000019073486328e+01,-6.100000068545341492e-02,-1.770000010728836060e-01,2.540000081062316895e-01
2.434461331900000047e+01,-2.256999969482421875e+00,-1.439000010490417480e+00,-7.408999919891357422e+00,-6.300000101327896118e-02,5.999999865889549255e-02,6.190000176429748535e-01
2.435417102300000280e+01,-2.256999969482421875e+00,-1.439000010490417480e+00,-7.408999919891357422e+00,-6.300000101327896118e-02,5.999999865889549255e-02,6.190000176429748535e-01
2.436362872700000182e+01,-4.040000140666961670e-01,7.142000198364257812e+00,-9.401000022888183594e+00,-5.600000172853469849e-02,1.500000059604644775e-01,6.119999885559082031e-01
2.437537591200000264e+01,-4.040000140666961670e-01,7.142000198364257812e+00,-9.401000022888183594e+00,-5.600000172853469849e-02,1.500000059604644775e-01,6.119999885559082031e-01
2.438372272700000210e+01,-4.163000106811523438e+00,-1.195000052452087402e+00,-1.126799964904785156e+01,-3.400000184774398804e-02,-6.599999964237213135e-02,2.400000020861625671e-02
2.439399526400000084e+01,-4.163000106811523438e+00,-1.195000052452087402e+00,-1.126799964904785156e+01,-3.400000184774398804e-02,-6.599999964237213135e-02,2.400000020861625671e-02
2.440353657800000065e+01,1.879999995231628418e+00,3.569999933242797852e-01,-1.599499988555908203e+01,1.099999994039535522e-02,7.199999690055847168e-02,-4.169999957084655762e-01
2.441363863400000156e+01,1.879999995231628418e+00,3.569999933242797852e-01,-1.599499988555908203e+01,1.099999994039535522e-02,7.199999690055847168e-02,-4.169999957084655762e-01
2.442370150400000028e+01,3.039999902248382568e-01,1.404999971389770508e+00,-7.164999961853027344e+00,-1.200000010430812836e-02,6.499999761581420898e-02,1.110000014305114746e-01
2.443355637500000199e+01,3.039999902248382568e-01,1.404999971389770508e+00,-7.164999961853027344e+00,-1.200000010430812836e-02,6.499999761581420898e-02,1.110000014305114746e-01
2.444478487499999986e+01,3.039999902248382568e-01,1.404999971389770508e+00,-7.164999961853027344e+00,-1.200000010430812836e-02,6.499999761581420898e-02,1.110000014305114746e-01
2.445504387500000121e+01,3.039999902248382568e-01,1.404999971389770508e+00,-7.164999961853027344e+00,-1.200000010430812836e-02,6.499999761581420898e-02,1.110000014305114746e-01
2.446343848600000115e+01,1.296000003814697266e+00,-1.376999974250793457e+00,-1.185700035095214844e+01,6.000000052154064178e-03,2.500000037252902985e-02,-8.500000089406967163e-02
2.447417056000000102e+01,1.296000003814697266e+00,-1.376999974250793457e+00,-1.185700035095214844e+01,6.000000052154064178e-03,2.500000037252902985e-02,-8.500000089406967163e-02
2.448371417100000258e+01,1.420000046491622925e-01,-2.800000011920928955e-01,-7.931000232696533203e+00,1.700000092387199402e-02,-8.299999684095382690e-02,-1.080000028014183044e-01
2.449436111500000024e+01,1.420000046491622925e-01,-2.800000011920928955e-01,-7.931000232696533203e+00,1.700000092387199402e-02,-8.299999684095382690e-02,-1.080000028014183044e-01
2.450618780100000293e+01,-5.999999865889549255e-02,1.509999930858612061e-01,-9.692999839782714844e+00,-1.700000092387199402e-02,4.500000178813934326e-02,8.299999684095382690e-02
2.451364163400000251e+01,-5.999999865889549255e-02,1.509999930858612061e-01,-9.692999839782714844e+00,-1.700000092387199402e-02,4.500000178813934326e-02,8.299999684095382690e-02
2.452363018900000213e+01,-3.599999845027923584e-02,-1.840000003576278687e-01,-9.616000175476074219e+00,-4.000000189989805222e-03,-3.500000014901161194e-02,1.539999991655349731e-01
2.453395128200000030e+01,-3.599999845027923584e-02,-1.840000003576278687e-01,-9.616000175476074219e+00,-4.000000189989805222e-03,-3.500000014901161194e-02,1.539999991655349731e-01
2.454376391200000285e+01,-7.400000095367431641e-02,-8.399999886751174927e-02,-1.077000045776367188e+01,-1.999999955296516418e-02,1.999999955296516418e-02,1.209999993443489075e-01
2.455664644900000226e+01,-7.400000095367431641e-02,-8.399999886751174927e-02,-1.077000045776367188e+01,-1.999999955296516418e-02,1.999999955296516418e-02,1.209999993443489075e-01
2.456341207800000248e+01,3.089999854564666748e-01,5.289999842643737793e-01,-8.050999641418457031e+00,-7.000000216066837311e-03,1.700000092387199402e-02,1.710000038146972656e-01
2.457419211500000245e+01,3.089999854564666748e-01,5.289999842643737793e-01,-8.050999641418457031e+00,-7.000000216066837311e-03,1.700000092387199402e-02,1.710000038146972656e-01
2.458363435600000102e+01,-1.582000017166137695e+00,-7.350000143051147461e-01,-9.697999954223632812e+00,-2.099999971687793732e-02,-6.300000101327896118e-02,8.399999886751174927e-02
2.459815280100000123e+01,6.729999780654907227e-01,-3.039999902248382568e-01,-1.011900043487548828e+01,-6.000000052154064178e-03,2.400000020861625671e-02,2.829999923706054688e-01
2.460499641200000198e+01,6.729999780654907227e-01,-3.039999902248382568e-01,-1.011900043487548828e+01,-6.000000052154064178e-03,2.400000020861625671e-02,2.829999923706054688e-01
2.461373015200000225e+01,6.729999780654907227e-01,-3.039999902248382568e-01,-1.011900043487548828e+01,-6.000000052154064178e-03,2.400000020861625671e-02,2.829999923706054688e-01
2.462365354100000303e+01,1.075000047683715820e+00,2.325000047683715820e+00,-1.067899990081787109e+01,-4.699999839067459106e-02,7.299999892711639404e-02,2.500000000000000000e-01
2.463374931900000320e+01,1.075000047683715820e+00,2.325000047683715820e+00,-1.067899990081787109e+01,-4.699999839067459106e-02,7.299999892711639404e-02,2.500000000000000000e-01
2.464523968900000028e+01,2.530999898910522461e+00,1.572999954223632812e+00,-1.069900035858154297e+01,-1.200000010430812836e-02,-4.600000008940696716e-02,1.529999971389770508e-01
2.465741724500000132e+01,-1.213999986648559570e+00,-6.679999828338623047e-01,-1.144099998474121094e+01,8.000000379979610443e-03,-3.999999910593032837e-02,3.000000026077032089e-03
2.466344872600000215e+01,-1.213999986648559570e+00,-6.679999828338623047e-01,-1.144099998474121094e+01,8.000000379979610443e-03,-3.999999910593032837e-02,3.000000026077032089e-03
2.467613413400000155e+01,-1.213999986648559570e+00,-6.679999828338623047e-01,-1.144099998474121094e+01,8.000000379979610443e-03,-3.999999910593032837e-02,3.000000026077032089e-03
2.468353298600000301e+01,-1.213999986648559570e+00,-6.679999828338623047e-01,-1.144099998474121094e+01,8.000000379979610443e-03,-3.999999910593032837e-02,3.000000026077032089e-03
2.469371356000000262e+01,-1.213999986648559570e+00,-6.679999828338623047e-01,-1.144099998474121094e+01,8.000000379979610443e-03,-3.999999910593032837e-02,3.000000026077032089e-03
2.470466985600000243e+01,-1.960999965667724609e+00,6.539999842643737793e-01,-5.291999816894531250e+00,9.999999776482582092e-03,-6.000000052154064178e-03,-1.420000046491622925e-01
2.471342248600000246e+01,-1.960999965667724609e+00,6.539999842643737793e-01,-5.291999816894531250e+00,9.999999776482582092e-03,-6.000000052154064178e-03,-1.420000046491622925e-01
2.472717978200000033e+01,3.429999947547912598e-01,-3.230000138282775879e-01,-9.564000129699707031e+00,-2.400000020861625671e-02,6.400000303983688354e-02,5.700000002980232239e-02
2.473415502300000313e+01,3.429999947547912598e-01,-3.230000138282775879e-01,-9.564000129699707031e+00,-2.400000020861625671e-02,6.400000303983688354e-02,5.700000002980232239e-02
2.474374309700000296e+01,1.371999979019165039e+00,1.013000011444091797e+00,-1.144600009918212891e+01,-7.000000216066837311e-03,3.099999949336051941e-02,5.299999937415122986e-02
2.475456394900000134e+01,1.371999979019165039e+00,1.013000011444091797e+00,-1.144600009918212891e+01,-7.000000216066837311e-03,3.099999949336051941e-02,5.299999937415122986e-02
2.476402931900000226e+01,-9.499999880790710449e-01,-1.682999968528747559e+00,-6.006000041961669922e+00,-8.999999612569808960e-03,-4.800000041723251343e-02,-4.800000041723251343e-02
2.477357683700000024e+01,-9.499999880790710449e-01,-1.682999968528747559e+00,-6.006000041961669922e+00,-8.999999612569808960e-03,-4.800000041723251343e-02,-4.800000041723251343e-02
2.478671378200000319e+01,2.635999917984008789e+00,8.259999752044677734e-01,-1.061699962615966797e+01,-1.999999955296516418e-02,9.600000083446502686e-02,2.800000011920928955e-01
2.479603741200000044e+01,2.635999917984008789e+00,8.259999752044677734e-01,-1.061699962615966797e+01,-1.999999955296516418e-02,9.600000083446502686e-02,2.800000011920928955e-01
2.480498880000000028e+01,-1.840999960899353027e+00,-2.046999931335449219e+00,-9.434000015258789062e+00,-4.999999888241291046e-03,-6.899999827146530151e-02,5.600000172853469849e-02
2.481355917100000141e+01,-1.840999960899353027e+00,-2.046999931335449219e+00,-9.434000015258789062e+00,-4.999999888241291046e-03,-6.899999827146530151e-02,5.600000172853469849e-02
2.482370970800000265e+01,-3.023999929428100586e+00,-3.000000026077032089e-03,-1.144600009918212891e+01,-7.000000216066837311e-03,-1.400000005960464478e-01,1.239999979734420776e-01
2.483523467100000204e+01,-3.023999929428100586e+00,-3.000000026077032089e-03,-1.144600009918212891e+01,-7.000000216066837311e-03,-1.400000005960464478e-01,1.239999979734420776e-01
2.484868467100000089e+01,-8.349999785423278809e-01,-1.156999945640563965e+00,-6.729000091552734375e+00,-5.200000107288360596e-02,7.500000298023223877e-02,3.280000090599060059e-01
2.485657589300000225e+01,-8.349999785423278809e-01,-1.156999945640563965e+00,-6.729000091552734375e+00,-5.200000107288360596e-02,7.500000298023223877e-02,3.280000090599060059e-01
2.486364631900000077e+01,-1.088999986648559570e+00,-2.223999977111816406e+00,-1.027700042724609375e+01,-3.799999877810478210e-02,-7.699999958276748657e-02,5.699999928474426270e-01
2.487385511500000135e+01,-1.088999986648559570e+00,-2.223999977111816406e+00,-1.027700042724609375e+01,-3.799999877810478210e-02,-7.699999958276748657e-02,5.699999928474426270e-01
2.488529365200000143e+01,-1.088999986648559570e+00,-2.223999977111816406e+00,-1.027700042724609375e+01,-3.799999877810478210e-02,-7.699999958276748657e-02,5.699999928474426270e-01
2.489383365200000142e+01,-1.088999986648559570e+00,-2.223999977111816406e+00,-1.027700042724609375e+01,-3.799999877810478210e-02,-7.699999958276748657e-02,5.699999928474426270e-01
2.490678394900000114e+01,1.850999951362609863e+00,2.229000091552734375e+00,-9.213999748229980469e+00,-3.799999877810478210e-02,-2.000000094994902611e-03,3.319999873638153076e-01
2.491371528200000185e+01,1.850999951362609863e+00,2.229000091552734375e+00,-9.213999748229980469e+00,-3.799999877810478210e-02,-2.000000094994902611e-03,3.319999873638153076e-01
2.492675122600000037e+01,-1.840000003576278687e-01,-2.865999937057495117e+00,-8.437999725341796875e+00,-2.199999988079071045e-02,-5.700000002980232239e-02,1.089999973773956299e-01
2.493363781900000120e+01,-1.840000003576278687e-01,-2.865999937057495117e+00,-8.437999725341796875e+00,-2.199999988079071045e-02,-5.700000002980232239e-02,1.089999973773956299e-01
2.494356787400000286e+01,1.151999950408935547e+00,1.582000017166137695e+00,-1.056000041961669922e+01,-4.000000189989805222e-03,2.199999988079071045e-02,1.300000026822090149e-02
2.495750287400000289e+01,1.151999950408935547e+00,1.582000017166137695e+00,-1.056000041961669922e+01,-4.000000189989805222e-03,2.199999988079071045e-02,1.300000026822090149e-02
2.496441768900000113e+01,-6.529999971389770508e-01,7.900000363588333130e-02,-1.168999958038330078e+01,-8.999999612569808960e-03,-6.599999964237213135e-02,5.700000002980232239e-02
2.497397448600000303e+01,-6.529999971389770508e-01,7.900000363588333130e-02,-1.168999958038330078e+01,-8.999999612569808960e-03,-6.599999964237213135e-02,5.700000002980232239e-02
2.498364893000000109e+01,-4.881999969482421875e+00,1.123000025749206543e+00,-8.529000282287597656e+00,7.500000298023223877e-02,-1.250000000000000000e-01,9.200000017881393433e-02
2.499399648600000035e+01,-4.881999969482421875e+00,1.123000025749206543e+00,-8.529000282287597656e+00,7.500000298023223877e-02,-1.250000000000000000e-01,9.200000017881393433e-02
2.500372913400000030e+01,-4.569999873638153076e-01,1.559000015258789062e+00,-8.965000152587890625e+00,1.099999994039535522e-02,1.400000043213367462e-02,-4.539999961853027344e-01
2.501438670799999997e+01,-4.569999873638153076e-01,1.559000015258789062e+00,-8.965000152587890625e+00,1.099999994039535522e-02,1.400000043213367462e-02,-4.539999961853027344e-01
2.502373806000000300e+01,1.251999974250793457e+00,-2.200000047683715820e+00,-1.824500083923339844e+01,2.600000053644180298e-02,1.589999943971633911e-01,-1.220000013709068298e-01
2.503379133700000025e+01,1.251999974250793457e+00,-2.200000047683715820e+00,-1.824500083923339844e+01,2.600000053644180298e-02,1.589999943971633911e-01,-1.220000013709068298e-01
2.504441924500000027e+01,-3.042999982833862305e+00,8.640000224113464355e-01,-5.814000129699707031e+00,-1.200000010430812836e-02,-2.020000070333480835e-01,1.600000075995922089e-02
2.505749374500000215e+01,-3.042999982833862305e+00,8.640000224113464355e-01,-5.814000129699707031e+00,-1.200000010430812836e-02,-2.020000070333480835e-01,1.600000075995922089e-02
2.506338844800000132e+01,2.276999950408935547e+00,-1.807999968528747559e+00,-1.789599990844726562e+01,-1.700000092387199402e-02,1.250000000000000000e-01,3.200000151991844177e-02
2.507529917100000105e+01,2.276999950408935547e+00,-1.807999968528747559e+00,-1.789599990844726562e+01,-1.700000092387199402e-02,1.250000000000000000e-01,3.200000151991844177e-02
2.508384907800000008e+01,1.664000034332275391e+00,9.120000004768371582e-01,-7.456999778747558594e+00,-2.899999916553497314e-02,7.599999755620956421e-02,1.959999948740005493e-01
2.509352520800000264e+01,1.664000034332275391e+00,9.120000004768371582e-01,-7.456999778747558594e+00,-2.899999916553497314e-02,7.599999755620956421e-02,1.959999948740005493e-01
2.510464050400000247e+01,7.350000143051147461e-01,6.499999761581420898e-02,-9.189999580383300781e+00,-4.000000189989805222e-03,-8.500000089406967163e-02,7.100000232458114624e-02
2.511403398500000250e+01,7.350000143051147461e-01,6.499999761581420898e-02,-9.189999580383300781e+00,-4.000000189989805222e-03,-8.500000089406967163e-02,7.100000232458114624e-02
2.512623394800000298e+01,7.979999780654907227e-01,2.370000034570693970e-01,-1.125399971008300781e+01,7.000000216066837311e-03,3.799999877810478210e-02,-2.099999971687793732e-02
2.513419894800000165e+01,7.979999780654907227e-01,2.370000034570693970e-01,-1.125399971008300781e+01,7.000000216066837311e-03,3.799999877810478210e-02,-2.099999971687793732e-02
2.514378818900000212e+01,7.979999780654907227e-01,2.370000034570693970e-01,-1.125399971008300781e+01,7.000000216066837311e-03,3.799999877810478210e-02,-2.099999971687793732e-02
2.515388594800000277e+01,7.979999780654907227e-01,2.370000034570693970e-01,-1.125399971008300781e+01,7.000000216066837311e-03,3.799999877810478210e-02,-2.099999971687793732e-02
2.516530704100000193e+01,9.319999814033508301e-01,7.680000066757202148e-01,-1.130700016021728516e+01,-4.999999888241291046e-03,2.800000086426734924e-02,7.000000029802322388e-02
2.517361220800000154e+01,9.319999814033508301e-01,7.680000066757202148e-01,-1.130700016021728516e+01,-4.999999888241291046e-03,2.800000086426734924e-02,7.000000029802322388e-02
2.518373605900000101e+01,1.161000013351440430e+00,9.799999743700027466e-02,-8.831000328063964844e+00,1.000000047497451305e-03,7.000000216066837311e-03,-0.000000000000000000e+00
2.519413285600000307e+01,1.161000013351440430e+00,9.799999743700027466e-02,-8.831000328063964844e+00,1.000000047497451305e-03,7.000000216066837311e-03,-0.000000000000000000e+00
2.520879798500000035e+01,1.161000013351440430e+00,9.799999743700027466e-02,-8.831000328063964844e+00,1.000000047497451305e-03,7.000000216066837311e-03,-0.000000000000000000e+00
2.521364948500000125e+01,1.161000013351440430e+00,9.799999743700027466e-02,-8.831000328063964844e+00,1.000000047497451305e-03,7.000000216066837311e-03,-0.000000000000000000e+00
2.522468270800000312e+01,-5.189999938011169434e-01,1.509999930858612061e-01,-8.453000068664550781e+00,-4.100000113248825073e-02,-5.299999937415122986e-02,4.729999899864196777e-01
2.523387528200000318e+01,-5.189999938011169434e-01,1.509999930858612061e-01,-8.453000068664550781e+00,-4.100000113248825073e-02,-5.299999937415122986e-02,4.729999899864196777e-01
2.524367589300000247e+01,-1.486999988555908203e+00,-5.499999970197677612e-02,-1.306400012969970703e+01,-1.899999938905239105e-02,6.800000369548797607e-02,-2.400000020861625671e-02
2.525436724500000096e+01,-1.486999988555908203e+00,-5.499999970197677612e-02,-1.306400012969970703e+01,-1.899999938905239105e-02,6.800000369548797607e-02,-2.400000020861625671e-02
2.526432150400000154e+01,-2.344000101089477539e+00,-1.712000012397766113e+00,-7.466000080108642578e+00,2.400000020861625671e-02,-1.400000005960464478e-01,-1.280000060796737671e-01
2.527417848500000019e+01,-2.344000101089477539e+00,-1.712000012397766113e+00,-7.466000080108642578e+00,2.400000020861625671e-02,-1.400000005960464478e-01,-1.280000060796737671e-01
2.528383589300000267e+01,-2.989999949932098389e-01,2.099999971687793732e-02,-1.138799953460693359e+01,-1.899999938905239105e-02,1.239999979734420776e-01,2.549999952316284180e-01
2.529393461500000129e+01,-2.989999949932098389e-01,2.099999971687793732e-02,-1.138799953460693359e+01,-1.899999938905239105e-02,1.239999979734420776e-01,2.549999952316284180e-01
2.530573511500000095e+01,-7.730000019073486328e-01,-7.210000157356262207e-01,-7.059000015258789062e+00,-6.599999964237213135e-02,-5.299999937415122986e-02,3.129999935626983643e-01
2.531588831900000258e+01,-7.730000019073486328e-01,-7.210000157356262207e-01,-7.059000015258789062e+00,-6.599999964237213135e-02,-5.299999937415122986e-02,3.129999935626983643e-01
2.532394346700000298e+01,-7.730000019073486328e-01,-7.210000157356262207e-01,-7.059000015258789062e+00,-6.599999964237213135e-02,-5.299999937415122986e-02,3.129999935626983643e-01
2.533373767000000143e+01,-7.730000019073486328e-01,-7.210000157356262207e-01,-7.059000015258789062e+00,-6.599999964237213135e-02,-5.299999937415122986e-02,3.129999935626983643e-01
2.534551941100000150e+01,1.200000010430812836e-02,-6.349999904632568359e-01,-8.333000183105468750e+00,-4.100000113248825073e-02,4.800000041723251343e-02,4.189999997615814209e-01
2.535453885600000135e+01,1.200000010430812836e-02,-6.349999904632568359e-01,-8.333000183105468750e+00,-4.100000113248825073e-02,4.800000041723251343e-02,4.189999997615814209e-01
2.536344937400000177e+01,1.759999990463256836e+00,1.031999945640563965e+00,-1.203499984741210938e+01,-2.500000037252902985e-02,5.999999865889549255e-02,1.400000005960464478e-01
2.537640359600000295e+01,4.099999964237213135e-01,-2.319999933242797852e-01,-1.112500000000000000e+01,1.200000010430812836e-02,-4.199999943375587463e-02,-3.900000080466270447e-02
2.538484478200000183e+01,4.099999964237213135e-01,-2.319999933242797852e-01,-1.112500000000000000e+01,1.200000010430812836e-02,-4.199999943375587463e-02,-3.900000080466270447e-02
2.539361522600000143e+01,4.099999964237213135e-01,-2.319999933242797852e-01,-1.112500000000000000e+01,1.200000010430812836e-02,-4.199999943375587463e-02,-3.900000080466270447e-02
2.540431218900000232e+01,1.850000023841857910e-01,-2.179999947547912598e-01,-8.118000030517578125e+00,1.400000043213367462e-02,-3.299999982118606567e-02,-6.300000101327896118e-02
2.541355750399999991e+01,1.850000023841857910e-01,-2.179999947547912598e-01,-8.118000030517578125e+00,1.400000043213367462e-02,-3.299999982118606567e-02,-6.300000101327896118e-02
2.542535189300000198e+01,3.240000009536743164e-01,6.499999761581420898e-02,-9.104000091552734375e+00,-4.000000189989805222e-03,1.999999955296516418e-02,-3.799999877810478210e-02
2.543348970700000322e+01,3.240000009536743164e-01,6.499999761581420898e-02,-9.104000091552734375e+00,-4.000000189989805222e-03,1.999999955296516418e-02,-3.799999877810478210e-02
2.544362843000000041e+01,4.580000042915344238e-01,-4.050000011920928955e-01,-1.031099987030029297e+01,-7.000000216066837311e-03,-1.999999955296516418e-02,4.199999943375587463e-02
2.545510855900000280e+01,4.580000042915344238e-01,-4.050000011920928955e-01,-1.031099987030029297e+01,-7.000000216066837311e-03,-1.999999955296516418e-02,4.199999943375587463e-02
2.546447189300000247e+01,2.204999923706054688e+00,5.479999780654907227e-01,-9.229000091552734375e+00,-8.000000379979610443e-03,3.200000151991844177e-02,9.899999946355819702e-02
2.547406341100000304e+01,2.204999923706054688e+00,5.479999780654907227e-01,-9.229000091552734375e+00,-8.000000379979610443e-03,3.200000151991844177e-02,9.899999946355819702e-02
2.548350944800000306e+01,8.930000066757202148e-01,5.339999794960021973e-01,-9.229000091552734375e+00,-4.000000189989805222e-03,7.000000216066837311e-03,-2.099999971687793732e-02
2.549369720700000030e+01,8.930000066757202148e-01,5.339999794960021973e-01,-9.229000091552734375e+00,-4.000000189989805222e-03,7.000000216066837311e-03,-2.099999971687793732e-02
2.550372363299999989e+01,8.930000066757202148e-01,5.339999794960021973e-01,-9.229000091552734375e+00,-4.000000189989805222e-03,7.000000216066837311e-03,-2.099999971687793732e-02
2.551410089300000195e+01,8.930000066757202148e-01,5.339999794960021973e-01,-9.229000091552734375e+00,-4.000000189989805222e-03,7.000000216066837311e-03,-2.099999971687793732e-02
2.552459272600000162e+01,-2.510999917984008789e+00,3.937999963760375977e+00,-5.507999897003173828e+00,1.000000047497451305e-03,1.129999980330467224e-01,2.849999964237213135e-01
2.553359759599999990e+01,-2.510999917984008789e+00,3.937999963760375977e+00,-5.507999897003173828e+00,1.000000047497451305e-03,1.129999980330467224e-01,2.849999964237213135e-01
2.554424220699999992e+01,-1.299999952316284180e+00,-2.709999978542327881e-01,-9.736000061035156250e+00,3.500000014901161194e-02,-6.599999964237213135e-02,-3.359999954700469971e-01
2.555582583700000043e+01,-1.299999952316284180e+00,-2.709999978542327881e-01,-9.736000061035156250e+00,3.500000014901161194e-02,-6.599999964237213135e-02,-3.359999954700469971e-01
2.627520355900000126e+01,5.580000281333923340e-01,-2.750000059604644775e-01,-9.213999748229980469e+00,2.300000004470348358e-02,4.000000189989805222e-03,-1.010000035166740417e-01
2.628453394799999998e+01,5.199999809265136719e-01,7.400000095367431641e-02,-9.204999923706054688e+00,-8.999999612569808960e-03,2.700000070035457611e-02,7.999999821186065674e-02
2.629611880000000212e+01,5.199999809265136719e-01,7.400000095367431641e-02,-9.204999923706054688e+00,-8.999999612569808960e-03,2.700000070035457611e-02,7.999999821186065674e-02
2.630543800300000257e+01,-1.194000005722045898e+00,1.324000000953674316e+00,-8.812000274658203125e+00,4.500000178813934326e-02,-1.340000033378601074e-01,-4.699999839067459106e-02
2.631612781800000178e+01,-1.194000005722045898e+00,1.324000000953674316e+00,-8.812000274658203125e+00,4.500000178813934326e-02,-1.340000033378601074e-01,-4.699999839067459106e-02
2.632372480000000081e+01,-1.194000005722045898e+00,1.324000000953674316e+00,-8.812000274658203125e+00,4.500000178813934326e-02,-1.340000033378601074e-01,-4.699999839067459106e-02
2.633515759600000194e+01,-1.194000005722045898e+00,1.324000000953674316e+00,-8.812000274658203125e+00,4.500000178813934326e-02,-1.340000033378601074e-01,-4.699999839067459106e-02
2.634782392900000048e+01,4.050000011920928955e-01,-7.829999923706054688e-01,-5.781000137329101562e+00,-5.099999904632568359e-02,2.800000086426734924e-02,-1.289999932050704956e-01
2.635776189200000275e+01,4.050000011920928955e-01,-7.829999923706054688e-01,-5.781000137329101562e+00,-5.099999904632568359e-02,2.800000086426734924e-02,-1.289999932050704956e-01
2.636513592900000091e+01,-7.490000128746032715e-01,8.119999766349792480e-01,-8.802000045776367188e+00,2.300000004470348358e-02,0.000000000000000000e+00,5.400000140070915222e-02
2.637468581800000322e+01,-7.490000128746032715e-01,8.119999766349792480e-01,-8.802000045776367188e+00,2.300000004470348358e-02,0.000000000000000000e+00,5.400000140070915222e-02
2.638376607700000065e+01,-7.400000095367431641e-01,1.003000020980834961e+00,-1.022000026702880859e+01,1.099999994039535522e-02,-9.300000220537185669e-02,-1.410000026226043701e-01
2.639440770700000272e+01,-7.400000095367431641e-01,1.003000020980834961e+00,-1.022000026702880859e+01,1.099999994039535522e-02,-9.300000220537185669e-02,-1.410000026226043701e-01
2.640459600300000176e+01,-7.400000095367431641e-01,1.003000020980834961e+00,-1.022000026702880859e+01,1.099999994039535522e-02,-9.300000220537185669e-02,-1.410000026226043701e-01
2.641371657700000242e+01,-7.400000095367431641e-01,1.003000020980834961e+00,-1.022000026702880859e+01,1.099999994039535522e-02,-9.300000220537185669e-02,-1.410000026226043701e-01
2.642400544800000262e+01,5.730000138282775879e-01,-6.349999904632568359e-01,-1.028199958801269531e+01,1.200000010430812836e-02,9.999999776482582092e-03,-3.200000151991844177e-02
2.643376052200000004e+01,5.730000138282775879e-01,-6.349999904632568359e-01,-1.028199958801269531e+01,1.200000010430812836e-02,9.999999776482582092e-03,-3.200000151991844177e-02
2.644397235500000320e+01,-3.560000061988830566e-01,-2.989999949932098389e-01,-9.894000053405761719e+00,3.099999949336051941e-02,-3.900000080466270447e-02,-1.700000092387199402e-02
2.645431287400000286e+01,-3.560000061988830566e-01,-2.989999949932098389e-01,-9.894000053405761719e+00,3.099999949336051941e-02,-3.900000080466270447e-02,-1.700000092387199402e-02
2.646391552200000064e+01,9.700000286102294922e-01,-1.243000030517578125e+00,-1.101500034332275391e+01,-7.599999755620956421e-02,8.500000089406967163e-02,4.500000178813934326e-02
2.647478718800000053e+01,9.700000286102294922e-01,-1.243000030517578125e+00,-1.101500034332275391e+01,-7.599999755620956421e-02,8.500000089406967163e-02,4.500000178813934326e-02
2.648396924400000074e+01,1.075000047683715820e+00,1.289999961853027344e+00,-9.371999740600585938e+00,-6.899999827146530151e-02,5.700000002980232239e-02,1.599999964237213135e-01
2.649595909599999999e+01,1.075000047683715820e+00,1.289999961853027344e+00,-9.371999740600585938e+00,-6.899999827146530151e-02,5.700000002980232239e-02,1.599999964237213135e-01
2.650507965100000263e+01,1.008000016212463379e+00,9.649999737739562988e-01,-1.052099990844726562e+01,-8.000000379979610443e-03,-3.799999877810478210e-02,1.150000020861625671e-01
2.651595472500000028e+01,1.008000016212463379e+00,9.649999737739562988e-01,-1.052099990844726562e+01,-8.000000379979610443e-03,-3.799999877810478210e-02,1.150000020861625671e-01
2.652382531800000010e+01,5.249999761581420898e-01,8.209999799728393555e-01,-9.697999954223632812e+00,-2.000000094994902611e-03,1.099999994039535522e-02,1.150000020861625671e-01
2.653515357700000266e+01,5.249999761581420898e-01,8.209999799728393555e-01,-9.697999954223632812e+00,-2.000000094994902611e-03,1.099999994039535522e-02,1.150000020861625671e-01
2.654388170700000060e+01,6.629999876022338867e-01,-3.230000138282775879e-01,-1.049699974060058594e+01,2.199999988079071045e-02,6.499999761581420898e-02,-8.000000379979610443e-03
2.655598567000000187e+01,6.629999876022338867e-01,-3.230000138282775879e-01,-1.049699974060058594e+01,2.199999988079071045e-02,6.499999761581420898e-02,-8.000000379979610443e-03
2.656368187300000017e+01,3.000000119209289551e-01,1.790000051259994507e-01,-7.987999916076660156e+00,1.700000092387199402e-02,-8.999999612569808960e-03,3.500000014901161194e-02
2.657825165100000220e+01,3.000000119209289551e-01,1.790000051259994507e-01,-7.987999916076660156e+00,1.700000092387199402e-02,-8.999999612569808960e-03,3.500000014901161194e-02
2.658394767000000058e+01,-1.940000057220458984e-01,4.429999887943267822e-01,-8.309000015258789062e+00,1.099999994039535522e-02,-2.300000004470348358e-02,4.500000178813934326e-02
2.659370283600000207e+01,-1.940000057220458984e-01,4.429999887943267822e-01,-8.309000015258789062e+00,1.099999994039535522e-02,-2.300000004470348358e-02,4.500000178813934326e-02
2.660387057700000213e+01,-3.659999966621398926e-01,5.239999890327453613e-01,-9.798000335693359375e+00,2.300000004470348358e-02,9.999999776482582092e-03,-0.000000000000000000e+00
2.661424863300000254e+01,-3.659999966621398926e-01,5.239999890327453613e-01,-9.798000335693359375e+00,2.300000004470348358e-02,9.999999776482582092e-03,-0.000000000000000000e+00
2.662503787300000013e+01,-4.040000140666961670e-01,9.799999743700027466e-02,-1.018099975585937500e+01,2.099999971687793732e-02,-9.300000220537185669e-02,-6.199999898672103882e-02
2.663400626200000332e+01,-4.040000140666961670e-01,9.799999743700027466e-02,-1.018099975585937500e+01,2.099999971687793732e-02,-9.300000220537185669e-02,-6.199999898672103882e-02
2.664448444699999996e+01,-6.529999971389770508e-01,1.270000040531158447e-01,-8.185000419616699219e+00,2.099999971687793732e-02,-3.700000047683715820e-02,-3.700000047683715820e-02
2.665480639200000113e+01,-6.529999971389770508e-01,1.270000040531158447e-01,-8.185000419616699219e+00,2.099999971687793732e-02,-3.700000047683715820e-02,-3.700000047683715820e-02
2.666467450300000053e+01,-8.539999723434448242e-01,2.230000048875808716e-01,-7.006999969482421875e+00,4.000000189989805222e-03,-9.899999946355819702e-02,4.800000041723251343e-02
2.667369263300000171e+01,-8.539999723434448242e-01,2.230000048875808716e-01,-7.006999969482421875e+00,4.000000189989805222e-03,-9.899999946355819702e-02,4.800000041723251343e-02
2.668354178100000240e+01,-9.799999743700027466e-02,-3.569999933242797852e-01,-9.491999626159667969e+00,1.200000010430812836e-02,6.100000068545341492e-02,-2.400000020861625671e-02
2.669402546600000292e+01,-9.799999743700027466e-02,-3.569999933242797852e-01,-9.491999626159667969e+00,1.200000010430812836e-02,6.100000068545341492e-02,-2.400000020861625671e-02
2.670640776200000133e+01,-2.256999969482421875e+00,4.860000014305114746e-01,-7.045000076293945312e+00,1.000000014901161194e-01,-8.500000089406967163e-02,-2.739999890327453613e-01
2.671536917000000244e+01,-2.256999969482421875e+00,4.860000014305114746e-01,-7.045000076293945312e+00,1.000000014901161194e-01,-8.500000089406967163e-02,-2.739999890327453613e-01
2.672649435500000337e+01,-2.256999969482421875e+00,4.860000014305114746e-01,-7.045000076293945312e+00,1.000000014901161194e-01,-8.500000089406967163e-02,-2.739999890327453613e-01
2.673403948400000019e+01,-2.256999969482421875e+00,4.860000014305114746e-01,-7.045000076293945312e+00,1.000000014901161194e-01,-8.500000089406967163e-02,-2.739999890327453613e-01
2.674734483599999990e+01,-9.840000271797180176e-01,-1.832000017166137695e+00,-8.175000190734863281e+00,-3.999999910593032837e-02,2.060000002384185791e-01,-3.569999933242797852e-01
2.675377874400000167e+01,-9.840000271797180176e-01,-1.832000017166137695e+00,-8.175000190734863281e+00,-3.999999910593032837e-02,2.060000002384185791e-01,-3.569999933242797852e-01
2.676371624400000115e+01,-1.509999990463256836e+00,2.080000042915344238e-01,-5.096000194549560547e+00,1.499999966472387314e-02,-1.199999973177909851e-01,-3.680000007152557373e-01
2.677489920700000070e+01,-1.509999990463256836e+00,2.080000042915344238e-01,-5.096000194549560547e+00,1.499999966472387314e-02,-1.199999973177909851e-01,-3.680000007152557373e-01
2.678397674400000028e+01,-3.759999871253967285e-01,3.709999918937683105e-01,-8.524999618530273438e+00,8.000000379979610443e-03,4.000000189989805222e-03,-3.079999983310699463e-01
2.679357509600000142e+01,-3.759999871253967285e-01,3.709999918937683105e-01,-8.524999618530273438e+00,8.000000379979610443e-03,4.000000189989805222e-03,-3.079999983310699463e-01
2.680425326200000313e+01,-3.759999871253967285e-01,3.709999918937683105e-01,-8.524999618530273438e+00,8.000000379979610443e-03,4.000000189989805222e-03,-3.079999983310699463e-01
2.681518842900000266e+01,-3.759999871253967285e-01,3.709999918937683105e-01,-8.524999618530273438e+00,8.000000379979610443e-03,4.000000189989805222e-03,-3.079999983310699463e-01
2.682360809600000096e+01,-8.500000238418579102e-01,6.389999985694885254e-01,-7.960000038146972656e+00,-8.000000379979610443e-03,-4.600000008940696716e-02,-6.899999827146530151e-02
2.683409463300000297e+01,-8.500000238418579102e-01,6.389999985694885254e-01,-7.960000038146972656e+00,-8.000000379979610443e-03,-4.600000008940696716e-02,-6.899999827146530151e-02
2.684388255800000067e+01,-8.500000238418579102e-01,6.389999985694885254e-01,-7.960000038146972656e+00,-8.000000379979610443e-03,-4.600000008940696716e-02,-6.899999827146530151e-02
2.685392050300000122e+01,-8.500000238418579102e-01,6.389999985694885254e-01,-7.960000038146972656e+00,-8.000000379979610443e-03,-4.600000008940696716e-02,-6.899999827146530151e-02
2.686403676200000135e+01,7.310000061988830566e-01,6.250000000000000000e-01,-9.583000183105468750e+00,1.200000010430812836e-02,-2.700000070035457611e-02,-8.500000089406967163e-02
2.687600824400000121e+01,7.310000061988830566e-01,6.250000000000000000e-01,-9.583000183105468750e+00,1.200000010430812836e-02,-2.700000070035457611e-02,-8.500000089406967163e-02
2.688406661400000175e+01,-1.940000057220458984e-01,5.499999970197677612e-02,-8.482000350952148438e+00,1.099999994039535522e-02,-1.499999966472387314e-02,-1.169999986886978149e-01
2.689361541000000244e+01,-1.940000057220458984e-01,5.499999970197677612e-02,-8.482000350952148438e+00,1.099999994039535522e-02,-1.499999966472387314e-02,-1.169999986886978149e-01
2.690826033600000144e+01,-2.750000059604644775e-01,-3.599999845027923584e-02,-7.418000221252441406e+00,8.000000379979610443e-03,-3.700000047683715820e-02,-1.010000035166740417e-01
2.691486731800000243e+01,-2.750000059604644775e-01,-3.599999845027923584e-02,-7.418000221252441406e+00,8.000000379979610443e-03,-3.700000047683715820e-02,-1.010000035166740417e-01
2.692431372500000109e+01,2.759999930858612061e-01,-5.149999856948852539e-01,-1.038700008392333984e+01,-1.099999994039535522e-02,3.099999949336051941e-02,-7.599999755620956421e-02
2.693701650300000239e+01,2.759999930858612061e-01,-5.149999856948852539e-01,-1.038700008392333984e+01,-1.099999994039535522e-02,3.099999949336051941e-02,-7.599999755620956421e-02
2.694405939200000333e+01,-5.189999938011169434e-01,6.499999761581420898e-02,-8.543999671936035156e+00,8.999999612569808960e-03,-2.700000070035457611e-02,-1.030000001192092896e-01
2.695384729900000309e+01,-5.189999938011169434e-01,6.499999761581420898e-02,-8.543999671936035156e+00,8.999999612569808960e-03,-2.700000070035457611e-02,-1.030000001192092896e-01
2.696574281800000250e+01,-5.189999938011169434e-01,6.499999761581420898e-02,-8.543999671936035156e+00,8.999999612569808960e-03,-2.700000070035457611e-02,-1.030000001192092896e-01
2.697733357700000312e+01,-5.189999938011169434e-01,6.499999761581420898e-02,-8.543999671936035156e+00,8.999999612569808960e-03,-2.700000070035457611e-02,-1.030000001192092896e-01
2.698625731800000338e+01,1.682999968528747559e+00,-5.820000171661376953e-01,-1.084700012207031250e+01,-2.000000094994902611e-03,4.199999943375587463e-02,-1.899999938905239105e-02
2.699563776200000120e+01,1.682999968528747559e+00,-5.820000171661376953e-01,-1.084700012207031250e+01,-2.000000094994902611e-03,4.199999943375587463e-02,-1.899999938905239105e-02
2.700351659500000068e+01,1.682999968528747559e+00,-5.820000171661376953e-01,-1.084700012207031250e+01,-2.000000094994902611e-03,4.199999943375587463e-02,-1.899999938905239105e-02
2.701545204000000311e+01,-8.880000114440917969e-01,9.409999847412109375e-01,-9.937000274658203125e+00,7.000000029802322388e-02,-9.600000083446502686e-02,3.500000014901161194e-02
2.702544170700000237e+01,-8.880000114440917969e-01,9.409999847412109375e-01,-9.937000274658203125e+00,7.000000029802322388e-02,-9.600000083446502686e-02,3.500000014901161194e-02
2.703454805800000216e+01,-1.940000057220458984e-01,8.500000238418579102e-01,-1.072700023651123047e+01,7.000000216066837311e-03,-7.900000363588333130e-02,-1.560000032186508179e-01
2.704481979900000255e+01,-1.940000057220458984e-01,8.500000238418579102e-01,-1.072700023651123047e+01,7.000000216066837311e-03,-7.900000363588333130e-02,-1.560000032186508179e-01
2.705386196600000304e+01,-1.940000057220458984e-01,8.500000238418579102e-01,-1.072700023651123047e+01,7.000000216066837311e-03,-7.900000363588333130e-02,-1.560000032186508179e-01
2.706513083600000158e+01,1.659000039100646973e+00,1.650000065565109253e-01,-9.951999664306640625e+00,-1.300000026822090149e-02,5.999999865889549255e-02,-1.400000005960464478e-01
2.707447870600000073e+01,1.659000039100646973e+00,1.650000065565109253e-01,-9.951999664306640625e+00,-1.300000026822090149e-02,5.999999865889549255e-02,-1.400000005960464478e-01
2.708424454000000026e+01,1.659000039100646973e+00,1.650000065565109253e-01,-9.951999664306640625e+00,-1.300000026822090149e-02,5.999999865889549255e-02,-1.400000005960464478e-01
2.709433459500000296e+01,1.659000039100646973e+00,1.650000065565109253e-01,-9.951999664306640625e+00,-1.300000026822090149e-02,5.999999865889549255e-02,-1.400000005960464478e-01
2.710395866900000073e+01,1.659000039100646973e+00,1.650000065565109253e-01,-9.951999664306640625e+00,-1.300000026822090149e-02,5.999999865889549255e-02,-1.400000005960464478e-01
2.711474300300000095e+01,-5.000000000000000000e-01,1.514999985694885254e+00,-1.066499996185302734e+01,1.999999955296516418e-02,-4.999999888241291046e-03,-7.299999892711639404e-02
2.712739759500000147e+01,-5.000000000000000000e-01,1.514999985694885254e+00,-1.066499996185302734e+01,1.999999955296516418e-02,-4.999999888241291046e-03,-7.299999892711639404e-02
2.713389731800000249e+01,-1.459999978542327881e-01,8.019999861717224121e-01,-1.032499980926513672e+01,2.500000037252902985e-02,4.800000041723251343e-02,-1.080000028014183044e-01
2.714697705800000094e+01,3.379999995231628418e-01,3.420000076293945312e-01,-9.295999526977539062e+00,3.400000184774398804e-02,1.999999955296516418e-02,-9.499999880790710449e-02
2.715395666900000293e+01,3.379999995231628418e-01,3.420000076293945312e-01,-9.295999526977539062e+00,3.400000184774398804e-02,1.999999955296516418e-02,-9.499999880790710449e-02
2.716393135500000255e+01,5.009999871253967285e-01,-9.399999678134918213e-02,-8.782999992370605469e+00,3.500000014901161194e-02,1.099999994039535522e-02,-7.500000298023223877e-02
2.717432950300000272e+01,5.009999871253967285e-01,-9.399999678134918213e-02,-8.782999992370605469e+00,3.500000014901161194e-02,1.099999994039535522e-02,-7.500000298023223877e-02
2.718379316900000120e+01,5.009999871253967285e-01,-9.399999678134918213e-02,-8.782999992370605469e+00,3.500000014901161194e-02,1.099999994039535522e-02,-7.500000298023223877e-02
2.719418241000000336e+01,5.009999871253967285e-01,-9.399999678134918213e-02,-8.782999992370605469e+00,3.500000014901161194e-02,1.099999994039535522e-02,-7.500000298023223877e-02
2.720376452100000009e+01,5.490000247955322266e-01,-1.003000020980834961e+00,-9.079999923706054688e+00,-3.099999949336051941e-02,2.899999916553497314e-02,-8.600000292062759399e-02
2.721489063200000302e+01,5.490000247955322266e-01,-1.003000020980834961e+00,-9.079999923706054688e+00,-3.099999949336051941e-02,2.899999916553497314e-02,-8.600000292062759399e-02
2.722492196600000014e+01,-1.360000073909759521e-01,-8.360000252723693848e-01,-8.003000259399414062e+00,-2.300000004470348358e-02,-5.400000140070915222e-02,-1.299999952316284180e-01
2.723448135500000333e+01,-1.360000073909759521e-01,-8.360000252723693848e-01,-8.003000259399414062e+00,-2.300000004470348358e-02,-5.400000140070915222e-02,-1.299999952316284180e-01
2.724613652100000039e+01,-1.360000073909759521e-01,-8.360000252723693848e-01,-8.003000259399414062e+00,-2.300000004470348358e-02,-5.400000140070915222e-02,-1.299999952316284180e-01
2.725467839200000242e+01,9.079999923706054688e-01,-4.620000123977661133e-01,-8.902999877929687500e+00,-1.799999922513961792e-02,4.600000008940696716e-02,-8.100000023841857910e-02
2.726479759500000100e+01,7.210000157356262207e-01,-2.600000053644180298e-02,-9.888999938964843750e+00,-2.600000053644180298e-02,8.999999612569808960e-03,-3.900000080466270447e-02
2.727646263200000121e+01,7.210000157356262207e-01,-2.600000053644180298e-02,-9.888999938964843750e+00,-2.600000053644180298e-02,8.999999612569808960e-03,-3.900000080466270447e-02
2.728460331700000197e+01,-2.649999856948852539e-01,-1.840000003576278687e-01,-9.687999725341796875e+00,3.000000026077032089e-03,-7.000000029802322388e-02,-1.369999945163726807e-01
2.729419929900000241e+01,-2.649999856948852539e-01,-1.840000003576278687e-01,-9.687999725341796875e+00,3.000000026077032089e-03,-7.000000029802322388e-02,-1.369999945163726807e-01
2.730360668800000212e+01,-2.649999856948852539e-01,-1.840000003576278687e-01,-9.687999725341796875e+00,3.000000026077032089e-03,-7.000000029802322388e-02,-1.369999945163726807e-01
2.731438666900000101e+01,4.379999935626983643e-01,-1.030000001192092896e-01,-1.024800014495849609e+01,1.300000026822090149e-02,4.999999888241291046e-03,-8.299999684095382690e-02
2.732467603999999994e+01,-5.860000252723693848e-01,2.179999947547912598e-01,-7.494999885559082031e+00,9.999999776482582092e-03,-4.000000189989805222e-03,-1.010000035166740417e-01
2.733465470600000202e+01,-5.860000252723693848e-01,2.179999947547912598e-01,-7.494999885559082031e+00,9.999999776482582092e-03,-4.000000189989805222e-03,-1.010000035166740417e-01
2.734640257700000276e+01,-5.860000252723693848e-01,2.179999947547912598e-01,-7.494999885559082031e+00,9.999999776482582092e-03,-4.000000189989805222e-03,-1.010000035166740417e-01
2.735413228000000174e+01,-2.750000059604644775e-01,3.370000123977661133e-01,-9.248000144958496094e+00,2.099999971687793732e-02,3.500000014901161194e-02,-7.699999958276748657e-02
2.736914241000000203e+01,-9.840000271797180176e-01,6.769999861717224121e-01,-8.600999832153320312e+00,3.900000080466270447e-02,-3.999999910593032837e-02,-1.430000066757202148e-01
2.737870828000000145e+01,-9.840000271797180176e-01,6.769999861717224121e-01,-8.600999832153320312e+00,3.900000080466270447e-02,-3.999999910593032837e-02,-1.430000066757202148e-01
2.738385513200000076e+01,-1.700000017881393433e-01,1.700000017881393433e-01,-1.368200016021728516e+01,3.200000151991844177e-02,-6.000000052154064178e-03,-9.399999678134918213e-02
2.739404244700000035e+01,-1.700000017881393433e-01,1.700000017881393433e-01,-1.368200016021728516e+01,3.200000151991844177e-02,-6.000000052154064178e-03,-9.399999678134918213e-02
2.740383166900000234e+01,-3.610000014305114746e-01,1.141999959945678711e+00,-1.149800014495849609e+01,5.700000002980232239e-02,-7.699999958276748657e-02,-1.230000033974647522e-01
2.741499407700000290e+01,-3.610000014305114746e-01,1.141999959945678711e+00,-1.149800014495849609e+01,5.700000002980232239e-02,-7.699999958276748657e-02,-1.230000033974647522e-01
2.742355378000000243e+01,-3.610000014305114746e-01,1.141999959945678711e+00,-1.149800014495849609e+01,5.700000002980232239e-02,-7.699999958276748657e-02,-1.230000033974647522e-01
2.743407109500000018e+01,7.500000298023223877e-02,3.519999980926513672e-01,-1.102400016784667969e+01,4.199999943375587463e-02,8.999999612569808960e-03,-8.100000023841857910e-02
2.744385589100000189e+01,7.500000298023223877e-02,3.519999980926513672e-01,-1.102400016784667969e+01,4.199999943375587463e-02,8.999999612569808960e-03,-8.100000023841857910e-02
2.745379729900000143e+01,-3.099999949336051941e-02,9.789999723434448242e-01,-9.722000122070312500e+00,9.999999776482582092e-03,1.300000026822090149e-02,-6.400000303983688354e-02
2.746371141000000193e+01,4.480000138282775879e-01,-1.129999980330467224e-01,-1.036299991607666016e+01,2.400000020861625671e-02,1.400000043213367462e-02,-2.899999916553497314e-02
2.747713715100000087e+01,4.480000138282775879e-01,-1.129999980330467224e-01,-1.036299991607666016e+01,2.400000020861625671e-02,1.400000043213367462e-02,-2.899999916553497314e-02
2.748378433600000292e+01,-5.289999842643737793e-01,1.108000040054321289e+00,-8.782999992370605469e+00,3.700000047683715820e-02,-5.299999937415122986e-02,-9.700000286102294922e-02
2.749404681700000097e+01,-5.289999842643737793e-01,1.108000040054321289e+00,-8.782999992370605469e+00,3.700000047683715820e-02,-5.299999937415122986e-02,-9.700000286102294922e-02
2.800510000200000249e+01,2.230000048875808716e-01,7.639999985694885254e-01,-8.300000190734863281e+00,3.200000151991844177e-02,-1.099999994039535522e-02,-3.330000042915344238e-01
2.801541953900000337e+01,2.230000048875808716e-01,7.639999985694885254e-01,-8.300000190734863281e+00,3.200000151991844177e-02,-1.099999994039535522e-02,-3.330000042915344238e-01
2.802398985400000342e+01,5.960000157356262207e-01,-1.700000092387199402e-02,-1.091399955749511719e+01,8.100000023841857910e-02,2.899999916553497314e-02,-4.230000078678131104e-01
2.803519794700000034e+01,5.960000157356262207e-01,-1.700000092387199402e-02,-1.091399955749511719e+01,8.100000023841857910e-02,2.899999916553497314e-02,-4.230000078678131104e-01
2.804413770600000078e+01,2.560000121593475342e-01,1.790000051259994507e-01,-1.214900016784667969e+01,8.100000023841857910e-02,-8.600000292062759399e-02,-5.450000166893005371e-01
2.805698861300000146e+01,2.560000121593475342e-01,1.790000051259994507e-01,-1.214900016784667969e+01,8.100000023841857910e-02,-8.600000292062759399e-02,-5.450000166893005371e-01
2.806403437300000192e+01,1.509999930858612061e-01,2.099999971687793732e-02,-8.164999961853027344e+00,1.010000035166740417e-01,-1.089999973773956299e-01,-4.230000078678131104e-01
2.807905263200000334e+01,1.509999930858612061e-01,2.099999971687793732e-02,-8.164999961853027344e+00,1.010000035166740417e-01,-1.089999973773956299e-01,-4.230000078678131104e-01
2.808352557600000310e+01,7.929999828338623047e-01,-1.108999967575073242e+00,-9.869999885559082031e+00,2.899999916553497314e-02,6.899999827146530151e-02,-2.319999933242797852e-01
2.809478365000000011e+01,7.929999828338623047e-01,-1.108999967575073242e+00,-9.869999885559082031e+00,2.899999916553497314e-02,6.899999827146530151e-02,-2.319999933242797852e-01
2.810471618700000107e+01,-2.370000034570693970e-01,1.610999941825866699e+00,-8.859999656677246094e+00,7.699999958276748657e-02,-5.299999937415122986e-02,-2.029999941587448120e-01
2.811370781700000165e+01,-2.370000034570693970e-01,1.610999941825866699e+00,-8.859999656677246094e+00,7.699999958276748657e-02,-5.299999937415122986e-02,-2.029999941587448120e-01
2.812353368700000189e+01,-2.370000034570693970e-01,1.610999941825866699e+00,-8.859999656677246094e+00,7.699999958276748657e-02,-5.299999937415122986e-02,-2.029999941587448120e-01
2.813519922400000084e+01,-3.089999854564666748e-01,6.899999827146530151e-02,-1.099100017547607422e+01,2.000000094994902611e-03,3.999999910593032837e-02,-4.379999935626983643e-01
2.814753452100000075e+01,-1.016999959945678711e+00,5.770000219345092773e-01,-7.494999885559082031e+00,-3.500000014901161194e-02,-3.500000014901161194e-02,-3.680000007152557373e-01
2.815638872400000281e+01,-1.016999959945678711e+00,5.770000219345092773e-01,-7.494999885559082031e+00,-3.500000014901161194e-02,-3.500000014901161194e-02,-3.680000007152557373e-01
2.816355629800000315e+01,1.990000009536743164e-01,-9.269999861717224121e-01,-7.087999820709228516e+00,1.000000047497451305e-03,4.800000041723251343e-02,-3.630000054836273193e-01
2.817366250200000266e+01,1.990000009536743164e-01,-9.269999861717224121e-01,-7.087999820709228516e+00,1.000000047497451305e-03,4.800000041723251343e-02,-3.630000054836273193e-01
2.818386929800000118e+01,4.000000059604644775e-01,-1.261999964714050293e+00,-4.407000064849853516e+00,2.099999971687793732e-02,5.700000002980232239e-02,-2.820000052452087402e-01
2.819469476100000094e+01,4.000000059604644775e-01,-1.261999964714050293e+00,-4.407000064849853516e+00,2.099999971687793732e-02,5.700000002980232239e-02,-2.820000052452087402e-01
2.820498222400000188e+01,3.280000090599060059e-01,-5.000000074505805969e-02,-1.065999984741210938e+01,2.400000020861625671e-02,4.399999976158142090e-02,-1.369999945163726807e-01
2.821934970600000270e+01,3.280000090599060059e-01,-5.000000074505805969e-02,-1.065999984741210938e+01,2.400000020861625671e-02,4.399999976158142090e-02,-1.369999945163726807e-01
2.822371216900000235e+01,4.050000011920928955e-01,-5.680000185966491699e-01,-1.037300014495849609e+01,4.500000178813934326e-02,-3.500000014901161194e-02,-1.410000026226043701e-01
2.823548591000000130e+01,4.050000011920928955e-01,-5.680000185966491699e-01,-1.037300014495849609e+01,4.500000178813934326e-02,-3.500000014901161194e-02,-1.410000026226043701e-01
2.824684648400000242e+01,4.050000011920928955e-01,-5.680000185966491699e-01,-1.037300014495849609e+01,4.500000178813934326e-02,-3.500000014901161194e-02,-1.410000026226043701e-01
2.825571842800000155e+01,2.654999971389770508e+00,5.860000252723693848e-01,-1.172299957275390625e+01,-4.000000189989805222e-03,9.200000017881393433e-02,-3.200000151991844177e-02
2.826356211300000254e+01,5.490000247955322266e-01,6.819999814033508301e-01,-1.005200004577636719e+01,2.000000094994902611e-03,1.300000026822090149e-02,1.799999922513961792e-02
2.827573003900000259e+01,5.490000247955322266e-01,6.819999814033508301e-01,-1.005200004577636719e+01,2.000000094994902611e-03,1.300000026822090149e-02,1.799999922513961792e-02
2.828352828000000230e+01,5.999999865889549255e-02,1.031999945640563965e+00,-6.973000049591064453e+00,-1.700000092387199402e-02,-1.430000066757202148e-01,-7.999999821186065674e-02
2.829411111300000314e+01,5.999999865889549255e-02,1.031999945640563965e+00,-6.973000049591064453e+00,-1.700000092387199402e-02,-1.430000066757202148e-01,-7.999999821186065674e-02
2.830516918700000062e+01,2.311000108718872070e+00,-1.549000024795532227e+00,-8.975000381469726562e+00,7.000000216066837311e-03,7.599999755620956421e-02,-1.110000014305114746e-01
2.831348652100000152e+01,2.311000108718872070e+00,-1.549000024795532227e+00,-8.975000381469726562e+00,7.000000216066837311e-03,7.599999755620956421e-02,-1.110000014305114746e-01
2.832397709500000005e+01,-1.386000037193298340e+00,4.551000118255615234e+00,-1.008100032806396484e+01,3.900000080466270447e-02,-1.019999980926513672e-01,-2.949999868869781494e-01
2.833412403900000243e+01,-1.386000037193298340e+00,4.551000118255615234e+00,-1.008100032806396484e+01,3.900000080466270447e-02,-1.019999980926513672e-01,-2.949999868869781494e-01
2.834406740900000088e+01,2.090000063180923462e-01,5.239999890327453613e-01,-1.291100025177001953e+01,5.099999904632568359e-02,1.600000075995922089e-02,-6.489999890327453613e-01
2.835460372400000040e+01,2.090000063180923462e-01,5.239999890327453613e-01,-1.291100025177001953e+01,5.099999904632568359e-02,1.600000075995922089e-02,-6.489999890327453613e-01
2.836422407600000284e+01,6.589999794960021973e-01,-8.019999861717224121e-01,-1.284899997711181641e+01,5.700000002980232239e-02,8.900000154972076416e-02,-6.050000190734863281e-01
2.837358926100000289e+01,6.589999794960021973e-01,-8.019999861717224121e-01,-1.284899997711181641e+01,5.700000002980232239e-02,8.900000154972076416e-02,-6.050000190734863281e-01
2.838440937200000036e+01,6.589999794960021973e-01,-8.019999861717224121e-01,-1.284899997711181641e+01,5.700000002980232239e-02,8.900000154972076416e-02,-6.050000190734863281e-01
2.839704466900000313e+01,6.589999794960021973e-01,-8.019999861717224121e-01,-1.284899997711181641e+01,5.700000002980232239e-02,8.900000154972076416e-02,-6.050000190734863281e-01
2.840419102100000259e+01,2.560000121593475342e-01,-1.098999977111816406e+00,-1.054500007629394531e+01,5.000000074505805969e-02,-4.100000113248825073e-02,-4.959999918937683105e-01
2.841392433500000081e+01,2.560000121593475342e-01,-1.098999977111816406e+00,-1.054500007629394531e+01,5.000000074505805969e-02,-4.100000113248825073e-02,-4.959999918937683105e-01
2.842496957600000229e+01,-5.860000252723693848e-01,2.269999980926513672e-01,-1.273400020599365234e+01,4.500000178813934326e-02,1.200000010430812836e-02,-3.540000021457672119e-01
2.843422687200000354e+01,-5.860000252723693848e-01,2.269999980926513672e-01,-1.273400020599365234e+01,4.500000178813934326e-02,1.200000010430812836e-02,-3.540000021457672119e-01
2.844765459500000304e+01,1.800000071525573730e-01,1.190000057220458984e+00,-1.120100021362304688e+01,4.600000008940696716e-02,-3.700000047683715820e-02,-3.709999918937683105e-01
2.845629583500000237e+01,1.800000071525573730e-01,1.190000057220458984e+00,-1.120100021362304688e+01,4.600000008940696716e-02,-3.700000047683715820e-02,-3.709999918937683105e-01
2.846542242800000011e+01,-1.065000057220458984e+00,1.597000002861022949e+00,-9.123000144958496094e+00,7.000000029802322388e-02,-2.400000020861625671e-02,-3.280000090599060059e-01
2.847417233500000222e+01,-1.065000057220458984e+00,1.597000002861022949e+00,-9.123000144958496094e+00,7.000000029802322388e-02,-2.400000020861625671e-02,-3.280000090599060059e-01
2.848416887200000147e+01,3.429999947547912598e-01,-4.959999918937683105e-01,-6.986999988555908203e+00,6.199999898672103882e-02,-6.000000052154064178e-03,-4.460000097751617432e-01
2.849421776100000159e+01,3.429999947547912598e-01,-4.959999918937683105e-01,-6.986999988555908203e+00,6.199999898672103882e-02,-6.000000052154064178e-03,-4.460000097751617432e-01
2.850384153900000328e+01,4.620000123977661133e-01,7.400000095367431641e-02,-1.008600044250488281e+01,6.800000369548797607e-02,3.599999845027923584e-02,-3.089999854564666748e-01
2.851346276100000310e+01,4.620000123977661133e-01,7.400000095367431641e-02,-1.008600044250488281e+01,6.800000369548797607e-02,3.599999845027923584e-02,-3.089999854564666748e-01
2.852386698300000134e+01,1.592000007629394531e+00,5.000000074505805969e-02,-1.219299983978271484e+01,1.400000043213367462e-02,-4.800000041723251343e-02,-2.639999985694885254e-01
2.853419922400000175e+01,1.592000007629394531e+00,5.000000074505805969e-02,-1.219299983978271484e+01,1.400000043213367462e-02,-4.800000041723251343e-02,-2.639999985694885254e-01
2.854451022400000326e+01,-4.040000140666961670e-01,1.055999994277954102e+00,-1.061200046539306641e+01,7.400000095367431641e-02,1.499999966472387314e-02,-2.500000037252902985e-02
2.855619972400000250e+01,-4.040000140666961670e-01,1.055999994277954102e+00,-1.061200046539306641e+01,7.400000095367431641e-02,1.499999966472387314e-02,-2.500000037252902985e-02
2.856340190900000309e+01,-4.040000140666961670e-01,1.055999994277954102e+00,-1.061200046539306641e+01,7.400000095367431641e-02,1.499999966472387314e-02,-2.500000037252902985e-02
2.857429057600000277e+01,4.819999933242797852e-01,6.499999761581420898e-02,-1.122999954223632812e+01,2.500000037252902985e-02,-6.800000369548797607e-02,-2.870000004768371582e-01
2.858457328000000075e+01,4.819999933242797852e-01,6.499999761581420898e-02,-1.122999954223632812e+01,2.500000037252902985e-02,-6.800000369548797607e-02,-2.870000004768371582e-01
2.859583772400000257e+01,6.200000047683715820e-01,-5.479999780654907227e-01,-1.046899986267089844e+01,3.999999910593032837e-02,1.180000007152557373e-01,-3.589999973773956299e-01
2.860599665000000158e+01,4.819999933242797852e-01,1.386000037193298340e+00,-1.036299991607666016e+01,9.999999776482582092e-03,-1.700000092387199402e-02,-6.370000243186950684e-01
2.861562546500000082e+01,4.819999933242797852e-01,1.386000037193298340e+00,-1.036299991607666016e+01,9.999999776482582092e-03,-1.700000092387199402e-02,-6.370000243186950684e-01
2.862521155700000008e+01,1.650000065565109253e-01,1.391000032424926758e+00,-9.468000411987304688e+00,6.199999898672103882e-02,-7.199999690055847168e-02,-6.620000004768371582e-01
2.863372405700000201e+01,1.650000065565109253e-01,1.391000032424926758e+00,-9.468000411987304688e+00,6.199999898672103882e-02,-7.199999690055847168e-02,-6.620000004768371582e-01
2.864725474300000130e+01,-3.420000076293945312e-01,-6.389999985694885254e-01,-9.602000236511230469e+00,9.600000083446502686e-02,-1.999999955296516418e-02,-5.230000019073486328e-01
2.865430955700000126e+01,-3.420000076293945312e-01,-6.389999985694885254e-01,-9.602000236511230469e+00,9.600000083446502686e-02,-1.999999955296516418e-02,-5.230000019073486328e-01
2.866570868700000219e+01,1.190000057220458984e+00,-1.750000000000000000e+00,-7.519000053405761719e+00,2.600000053644180298e-02,-1.200000010430812836e-02,-3.779999911785125732e-01
2.867927155700000341e+01,1.190000057220458984e+00,-1.750000000000000000e+00,-7.519000053405761719e+00,2.600000053644180298e-02,-1.200000010430812836e-02,-3.779999911785125732e-01
2.868445698300000046e+01,1.299999952316284180e+00,-1.184999942779541016e+00,-1.038700008392333984e+01,1.499999966472387314e-02,3.099999949336051941e-02,-1.019999980926513672e-01
2.869650013100000052e+01,1.299999952316284180e+00,-1.184999942779541016e+00,-1.038700008392333984e+01,1.499999966472387314e-02,3.099999949336051941e-02,-1.019999980926513672e-01
2.870441079800000139e+01,-3.560000061988830566e-01,3.089999854564666748e-01,-1.103400039672851562e+01,5.900000035762786865e-02,-1.019999980926513672e-01,-1.580000072717666626e-01
2.871504981700000059e+01,-3.560000061988830566e-01,3.089999854564666748e-01,-1.103400039672851562e+01,5.900000035762786865e-02,-1.019999980926513672e-01,-1.580000072717666626e-01
2.872605579800000086e+01,-1.567999958992004395e+00,-8.900000154972076416e-02,-7.663000106811523438e+00,1.999999955296516418e-02,3.999999910593032837e-02,-1.319999992847442627e-01
2.873466407600000139e+01,-1.567999958992004395e+00,-8.900000154972076416e-02,-7.663000106811523438e+00,1.999999955296516418e-02,3.999999910593032837e-02,-1.319999992847442627e-01
2.874909402000000114e+01,-1.567999958992004395e+00,-8.900000154972076416e-02,-7.663000106811523438e+00,1.999999955296516418e-02,3.999999910593032837e-02,-1.319999992847442627e-01
2.875487813100000167e+01,-1.567999958992004395e+00,-8.900000154972076416e-02,-7.663000106811523438e+00,1.999999955296516418e-02,3.999999910593032837e-02,-1.319999992847442627e-01
2.876428416800000321e+01,3.089999854564666748e-01,3.420000076293945312e-01,-1.006599998474121094e+01,-2.300000004470348358e-02,4.399999976158142090e-02,-1.879999935626983643e-01
2.877386955700000115e+01,3.089999854564666748e-01,3.420000076293945312e-01,-1.006599998474121094e+01,-2.300000004470348358e-02,4.399999976158142090e-02,-1.879999935626983643e-01
2.878383696500000255e+01,-7.000000216066837311e-03,3.810000121593475342e-01,-8.821000099182128906e+00,-1.099999994039535522e-02,1.400000043213367462e-02,-1.260000020265579224e-01
2.879506300200000268e+01,-7.000000216066837311e-03,3.810000121593475342e-01,-8.821000099182128906e+00,-1.099999994039535522e-02,1.400000043213367462e-02,-1.260000020265579224e-01
2.880760376100000286e+01,-3.420000076293945312e-01,-4.189999997615814209e-01,-9.850999832153320312e+00,1.000000047497451305e-03,-5.400000140070915222e-02,-1.640000045299530029e-01
2.881921261300000126e+01,-3.420000076293945312e-01,-4.189999997615814209e-01,-9.850999832153320312e+00,1.000000047497451305e-03,-5.400000140070915222e-02,-1.640000045299530029e-01
2.882456696500000248e+01,-1.700000017881393433e-01,-2.039999961853027344e-01,-9.559000015258789062e+00,3.099999949336051941e-02,1.799999922513961792e-02,-9.200000017881393433e-02
2.883488818700000067e+01,-1.700000017881393433e-01,-2.039999961853027344e-01,-9.559000015258789062e+00,3.099999949336051941e-02,1.799999922513961792e-02,-9.200000017881393433e-02
2.884481865000000056e+01,-6.899999827146530151e-02,1.870000004768371582e+00,-9.248000144958496094e+00,2.400000020861625671e-02,-3.200000151991844177e-02,-6.499999761581420898e-02
2.885731289100000296e+01,-6.899999827146530151e-02,1.870000004768371582e+00,-9.248000144958496094e+00,2.400000020861625671e-02,-3.200000151991844177e-02,-6.499999761581420898e-02
2.886810411300000112e+01,-2.023000001907348633e+00,2.370000034570693970e-01,-1.271899986267089844e+01,5.099999904632568359e-02,-7.199999690055847168e-02,-1.230000033974647522e-01
2.887434900200000243e+01,-2.023000001907348633e+00,2.370000034570693970e-01,-1.271899986267089844e+01,5.099999904632568359e-02,-7.199999690055847168e-02,-1.230000033974647522e-01
2.888435540900000120e+01,-1.146999955177307129e+00,5.580000281333923340e-01,-7.629000186920166016e+00,5.099999904632568359e-02,-9.300000220537185669e-02,-3.100000023841857910e-01
2.889511642800000146e+01,-1.146999955177307129e+00,5.580000281333923340e-01,-7.629000186920166016e+00,5.099999904632568359e-02,-9.300000220537185669e-02,-3.100000023841857910e-01
2.890411546500000028e+01,3.099999949336051941e-02,9.070000052452087402e-01,-6.934999942779541016e+00,7.999999821186065674e-02,4.999999888241291046e-03,-4.300000071525573730e-01
2.891626031700000254e+01,3.099999949336051941e-02,9.070000052452087402e-01,-6.934999942779541016e+00,7.999999821186065674e-02,4.999999888241291046e-03,-4.300000071525573730e-01
2.892399111300000314e+01,-2.000000094994902611e-03,-3.230000138282775879e-01,-7.840000152587890625e+00,3.900000080466270447e-02,2.800000086426734924e-02,-3.269999921321868896e-01
2.893500739100000274e+01,-2.000000094994902611e-03,-3.230000138282775879e-01,-7.840000152587890625e+00,3.900000080466270447e-02,2.800000086426734924e-02,-3.269999921321868896e-01
2.894751926100000006e+01,-1.739999949932098389e-01,2.419999986886978149e-01,-8.595999717712402344e+00,4.300000146031379700e-02,-5.299999937415122986e-02,-2.540000081062316895e-01
2.895437757600000239e+01,-1.739999949932098389e-01,2.419999986886978149e-01,-8.595999717712402344e+00,4.300000146031379700e-02,-5.299999937415122986e-02,-2.540000081062316895e-01
2.896350068700000335e+01,8.360000252723693848e-01,-8.169999718666076660e-01,-8.145999908447265625e+00,2.300000004470348358e-02,1.899999938905239105e-02,-2.060000002384185791e-01
2.897534681600000184e+01,8.360000252723693848e-01,-8.169999718666076660e-01,-8.145999908447265625e+00,2.300000004470348358e-02,1.899999938905239105e-02,-2.060000002384185791e-01
2.898498477900000125e+01,8.360000252723693848e-01,-8.169999718666076660e-01,-8.145999908447265625e+00,2.300000004470348358e-02,1.899999938905239105e-02,-2.060000002384185791e-01
2.899509455700000160e+01,8.360000252723693848e-01,-8.169999718666076660e-01,-8.145999908447265625e+00,2.300000004470348358e-02,1.899999938905239105e-02,-2.060000002384185791e-01
2.900521452000000266e+01,1.042000055313110352e+00,6.869999766349792480e-01,-9.904000282287597656e+00,-2.899999916553497314e-02,-1.499999966472387314e-02,-5.400000140070915222e-02
2.901580124200000199e+01,1.042000055313110352e+00,6.869999766349792480e-01,-9.904000282287597656e+00,-2.899999916553497314e-02,-1.499999966472387314e-02,-5.400000140070915222e-02
2.903004502000000286e+01,1.030000001192092896e-01,-8.790000081062316895e-01,-8.864999771118164062e+00,-2.000000094994902611e-03,-1.999999955296516418e-02,-3.599999845027923584e-02
2.903424461300000203e+01,1.030000001192092896e-01,-8.790000081062316895e-01,-8.864999771118164062e+00,-2.000000094994902611e-03,-1.999999955296516418e-02,-3.599999845027923584e-02
2.905211794600000275e+01,-3.075999975204467773e+00,2.309999942779541016e+00,-9.267000198364257812e+00,1.200000010430812836e-02,-2.400000020861625671e-02,2.199999988079071045e-02
2.905769966800000148e+01,-3.075999975204467773e+00,2.309999942779541016e+00,-9.267000198364257812e+00,1.200000010430812836e-02,-2.400000020861625671e-02,2.199999988079071045e-02
2.906356811300000231e+01,-1.041000008583068848e+00,8.590000271797180176e-01,-9.232999801635742188e+00,-8.000000379979610443e-03,-3.599999845027923584e-02,-3.319999873638153076e-01
2.907476552000000325e+01,-1.041000008583068848e+00,8.590000271797180176e-01,-9.232999801635742188e+00,-8.000000379979610443e-03,-3.599999845027923584e-02,-3.319999873638153076e-01
2.908460390900000192e+01,-4.469999969005584717e-01,-7.110000252723693848e-01,-8.241999626159667969e+00,2.600000053644180298e-02,1.099999994039535522e-02,-2.770000100135803223e-01
2.909564165000000102e+01,-4.469999969005584717e-01,-7.110000252723693848e-01,-8.241999626159667969e+00,2.600000053644180298e-02,1.099999994039535522e-02,-2.770000100135803223e-01
2.910435516800000144e+01,-2.029999941587448120e-01,2.849999964237213135e-01,-8.322999954223632812e+00,2.800000086426734924e-02,-4.399999976158142090e-02,-2.569999992847442627e-01
2.911483877900000294e+01,-2.029999941587448120e-01,2.849999964237213135e-01,-8.322999954223632812e+00,2.800000086426734924e-02,-4.399999976158142090e-02,-2.569999992847442627e-01
2.912567046500000245e+01,-1.059999942779541016e+00,1.353000044822692871e+00,-1.082299995422363281e+01,5.099999904632568359e-02,-4.199999943375587463e-02,-1.439999938011169434e-01
2.913522250200000130e+01,-1.059999942779541016e+00,1.353000044822692871e+00,-1.082299995422363281e+01,5.099999904632568359e-02,-4.199999943375587463e-02,-1.439999938011169434e-01
2.914449820500000143e+01,-1.554000020027160645e+00,3.420000076293945312e-01,-5.923999786376953125e+00,4.500000178813934326e-02,-7.699999958276748657e-02,-2.060000002384185791e-01
2.915547720500000040e+01,-1.554000020027160645e+00,3.420000076293945312e-01,-5.923999786376953125e+00,4.500000178813934326e-02,-7.699999958276748657e-02,-2.060000002384185791e-01
2.980421277900000021e+01,-6.869999766349792480e-01,1.304999947547912598e+00,-8.696999549865722656e+00,6.899999827146530151e-02,-5.700000002980232239e-02,-3.790000081062316895e-01
2.981385246400000355e+01,-6.869999766349792480e-01,1.304999947547912598e+00,-8.696999549865722656e+00,6.899999827146530151e-02,-5.700000002980232239e-02,-3.790000081062316895e-01
2.982677453800000222e+01,-6.869999766349792480e-01,1.304999947547912598e+00,-8.696999549865722656e+00,6.899999827146530151e-02,-5.700000002980232239e-02,-3.790000081062316895e-01
2.983388585300000173e+01,1.572999954223632812e+00,-7.879999876022338867e-01,-1.101000022888183594e+01,3.700000047683715820e-02,6.199999898672103882e-02,-2.540000081062316895e-01
2.984363324200000278e+01,1.572999954223632812e+00,-7.879999876022338867e-01,-1.101000022888183594e+01,3.700000047683715820e-02,6.199999898672103882e-02,-2.540000081062316895e-01
2.985503687200000300e+01,1.572999954223632812e+00,-7.879999876022338867e-01,-1.101000022888183594e+01,3.700000047683715820e-02,6.199999898672103882e-02,-2.540000081062316895e-01
2.986468787200000108e+01,6.299999952316284180e-01,1.889999955892562866e-01,-8.692000389099121094e+00,-8.000000379979610443e-03,-2.999999932944774628e-02,4.600000008940696716e-02
2.987381842700000334e+01,6.299999952316284180e-01,1.889999955892562866e-01,-8.692000389099121094e+00,-8.000000379979610443e-03,-2.999999932944774628e-02,4.600000008940696716e-02
2.988538052000000178e+01,3.190000057220458984e-01,-4.050000011920928955e-01,-8.482000350952148438e+00,-2.899999916553497314e-02,0.000000000000000000e+00,4.100000113248825073e-02
2.989831802000000138e+01,3.190000057220458984e-01,-4.050000011920928955e-01,-8.482000350952148438e+00,-2.899999916553497314e-02,0.000000000000000000e+00,4.100000113248825073e-02
2.990419714900000159e+01,3.190000057220458984e-01,-4.050000011920928955e-01,-8.482000350952148438e+00,-2.899999916553497314e-02,0.000000000000000000e+00,4.100000113248825073e-02
2.991486861200000291e+01,8.169999718666076660e-01,7.059999704360961914e-01,-1.013799953460693359e+01,-3.900000080466270447e-02,7.400000095367431641e-02,4.600000008940696716e-02
2.992376526000000325e+01,8.169999718666076660e-01,7.059999704360961914e-01,-1.013799953460693359e+01,-3.900000080466270447e-02,7.400000095367431641e-02,4.600000008940696716e-02
2.993562374200000065e+01,9.509999752044677734e-01,4.569999873638153076e-01,-9.472999572753906250e+00,-2.899999916553497314e-02,2.600000053644180298e-02,1.099999994039535522e-02
2.994610235300000056e+01,9.509999752044677734e-01,4.569999873638153076e-01,-9.472999572753906250e+00,-2.899999916553497314e-02,2.600000053644180298e-02,1.099999994039535522e-02
2.995458592700000011e+01,3.379999995231628418e-01,-1.459999978542327881e-01,-7.001999855041503906e+00,6.000000052154064178e-03,4.500000178813934326e-02,3.500000014901161194e-02
2.996363113100000319e+01,6.250000000000000000e-01,-1.840000003576278687e-01,-1.182400035858154297e+01,3.400000184774398804e-02,3.299999982118606567e-02,6.499999761581420898e-02
2.997360935300000051e+01,6.250000000000000000e-01,-1.840000003576278687e-01,-1.182400035858154297e+01,3.400000184774398804e-02,3.299999982118606567e-02,6.499999761581420898e-02
2.998368885300000031e+01,6.250000000000000000e-01,-1.840000003576278687e-01,-1.182400035858154297e+01,3.400000184774398804e-02,3.299999982118606567e-02,6.499999761581420898e-02
2.999498116800000247e+01,6.250000000000000000e-01,-1.840000003576278687e-01,-1.182400035858154297e+01,3.400000184774398804e-02,3.299999982118606567e-02,6.499999761581420898e-02
3.000369805700000114e+01,-3.039999902248382568e-01,5.339999794960021973e-01,-1.083699989318847656e+01,4.500000178813934326e-02,4.999999888241291046e-03,-8.900000154972076416e-02
3.001342281600000206e+01,-3.039999902248382568e-01,5.339999794960021973e-01,-1.083699989318847656e+01,4.500000178813934326e-02,4.999999888241291046e-03,-8.900000154972076416e-02
3.002574611200000021e+01,6.779999732971191406e-01,1.200000010430812836e-02,-1.099499988555908203e+01,-3.000000026077032089e-03,-5.299999937415122986e-02,-1.389999985694885254e-01
3.003410544500000157e+01,6.779999732971191406e-01,1.200000010430812836e-02,-1.099499988555908203e+01,-3.000000026077032089e-03,-5.299999937415122986e-02,-1.389999985694885254e-01
3.004391968600000240e+01,6.629999876022338867e-01,2.269999980926513672e-01,-1.057900047302246094e+01,-1.899999938905239105e-02,-1.000000047497451305e-03,-6.400000303983688354e-02
3.005589290800000057e+01,6.629999876022338867e-01,2.269999980926513672e-01,-1.057900047302246094e+01,-1.899999938905239105e-02,-1.000000047497451305e-03,-6.400000303983688354e-02
3.006509722300000220e+01,-7.009999752044677734e-01,-2.800000011920928955e-01,-1.171399974822998047e+01,-1.799999922513961792e-02,-2.300000004470348358e-02,-3.599999845027923584e-02
3.007558348200000253e+01,-7.009999752044677734e-01,-2.800000011920928955e-01,-1.171399974822998047e+01,-1.799999922513961792e-02,-2.300000004470348358e-02,-3.599999845027923584e-02
3.008512216800000161e+01,-7.009999752044677734e-01,-2.800000011920928955e-01,-1.171399974822998047e+01,-1.799999922513961792e-02,-2.300000004470348358e-02,-3.599999845027923584e-02
3.009348526000000135e+01,-7.009999752044677734e-01,-2.800000011920928955e-01,-1.171399974822998047e+01,-1.799999922513961792e-02,-2.300000004470348358e-02,-3.599999845027923584e-02
3.010463520500000101e+01,9.399999678134918213e-02,1.289999961853027344e+00,-1.079899978637695312e+01,8.999999612569808960e-03,2.400000020861625671e-02,-4.120000004768371582e-01
3.011580363100000213e+01,9.399999678134918213e-02,1.289999961853027344e+00,-1.079899978637695312e+01,8.999999612569808960e-03,2.400000020861625671e-02,-4.120000004768371582e-01
3.012439964900000078e+01,-1.792999982833862305e+00,1.529999971389770508e+00,-1.500800037384033203e+01,4.300000146031379700e-02,8.200000226497650146e-02,-4.499999880790710449e-01
3.013420709400000064e+01,-1.792999982833862305e+00,1.529999971389770508e+00,-1.500800037384033203e+01,4.300000146031379700e-02,8.200000226497650146e-02,-4.499999880790710449e-01
3.014366331600000137e+01,-1.790000051259994507e-01,1.123000025749206543e+00,-1.122099971771240234e+01,4.100000113248825073e-02,-5.200000107288360596e-02,-5.690000057220458984e-01
3.015399877900000192e+01,-1.790000051259994507e-01,1.123000025749206543e+00,-1.122099971771240234e+01,4.100000113248825073e-02,-5.200000107288360596e-02,-5.690000057220458984e-01
3.016619057500000167e+01,-1.309000015258789062e+00,-4.189999997615814209e-01,-4.032999992370605469e+00,6.300000101327896118e-02,2.000000094994902611e-03,-5.210000276565551758e-01
3.017399129700000060e+01,-1.309000015258789062e+00,-4.189999997615814209e-01,-4.032999992370605469e+00,6.300000101327896118e-02,2.000000094994902611e-03,-5.210000276565551758e-01
3.018353926000000342e+01,-1.309000015258789062e+00,-4.189999997615814209e-01,-4.032999992370605469e+00,6.300000101327896118e-02,2.000000094994902611e-03,-5.210000276565551758e-01
3.019509885300000107e+01,-5.289999842643737793e-01,-2.560000121593475342e-01,-7.500000000000000000e+00,3.200000151991844177e-02,-1.600000075995922089e-02,-4.199999868869781494e-01
3.020555707500000153e+01,-5.289999842643737793e-01,-2.560000121593475342e-01,-7.500000000000000000e+00,3.200000151991844177e-02,-1.600000075995922089e-02,-4.199999868869781494e-01
3.021375322300000121e+01,-1.120000034570693970e-01,-1.270000040531158447e-01,-9.027000427246093750e+00,5.000000074505805969e-02,-4.699999839067459106e-02,-2.829999923706054688e-01
3.022382596400000310e+01,-1.120000034570693970e-01,-1.270000040531158447e-01,-9.027000427246093750e+00,5.000000074505805969e-02,-4.699999839067459106e-02,-2.829999923706054688e-01
3.023384439000000157e+01,-4.280000030994415283e-01,-1.118000030517578125e+00,-1.130200004577636719e+01,5.799999833106994629e-02,-5.600000172853469849e-02,-1.790000051259994507e-01
3.024413372300000091e+01,-4.280000030994415283e-01,-1.118000030517578125e+00,-1.130200004577636719e+01,5.799999833106994629e-02,-5.600000172853469849e-02,-1.790000051259994507e-01
3.025412003800000349e+01,8.900000154972076416e-02,4.909999966621398926e-01,-1.350000000000000000e+01,5.799999833106994629e-02,-5.000000074505805969e-02,-1.209999993443489075e-01
3.026359961200000015e+01,4.379999935626983643e-01,-7.300000190734863281e-01,-1.128800010681152344e+01,2.899999916553497314e-02,-7.000000216066837311e-03,-6.100000068545341492e-02
3.027484324200000287e+01,4.379999935626983643e-01,-7.300000190734863281e-01,-1.128800010681152344e+01,2.899999916553497314e-02,-7.000000216066837311e-03,-6.100000068545341492e-02
3.028842931600000199e+01,-3.099999949336051941e-02,-2.370000034570693970e-01,-9.281000137329101562e+00,2.300000004470348358e-02,-4.500000178813934326e-02,-7.599999755620956421e-02
3.029463629700000027e+01,-3.099999949336051941e-02,-2.370000034570693970e-01,-9.281000137329101562e+00,2.300000004470348358e-02,-4.500000178813934326e-02,-7.599999755620956421e-02
3.030594774200000074e+01,-3.099999949336051941e-02,-2.370000034570693970e-01,-9.281000137329101562e+00,2.300000004470348358e-02,-4.500000178813934326e-02,-7.599999755620956421e-02
3.031752498200000190e+01,-1.050999999046325684e+00,-1.200000010430812836e-02,-8.366999626159667969e+00,1.999999955296516418e-02,-3.599999845027923584e-02,-9.700000286102294922e-02
3.032357542700000153e+01,-1.050999999046325684e+00,-1.200000010430812836e-02,-8.366999626159667969e+00,1.999999955296516418e-02,-3.599999845027923584e-02,-9.700000286102294922e-02
3.033406400100000155e+01,1.478000044822692871e+00,-7.400000095367431641e-01,-1.175699996948242188e+01,1.499999966472387314e-02,1.799999922513961792e-02,1.799999922513961792e-02
3.034367233400000075e+01,1.478000044822692871e+00,-7.400000095367431641e-01,-1.175699996948242188e+01,1.499999966472387314e-02,1.799999922513961792e-02,1.799999922513961792e-02
3.035466376000000110e+01,-1.338000059127807617e+00,1.356999993324279785e+00,-9.218999862670898438e+00,2.000000094994902611e-03,3.799999877810478210e-02,6.800000369548797607e-02
3.036381689000000250e+01,1.286000013351440430e+00,-1.812999963760375977e+00,-7.671999931335449219e+00,3.000000026077032089e-03,-3.700000047683715820e-02,-1.909999996423721313e-01
3.037370616700000170e+01,1.286000013351440430e+00,-1.812999963760375977e+00,-7.671999931335449219e+00,3.000000026077032089e-03,-3.700000047683715820e-02,-1.909999996423721313e-01
3.038352290800000333e+01,-4.500000178813934326e-02,-6.869999766349792480e-01,-9.401000022888183594e+00,3.400000184774398804e-02,6.599999964237213135e-02,-3.799999877810478210e-02
3.039387303800000240e+01,-4.500000178813934326e-02,-6.869999766349792480e-01,-9.401000022888183594e+00,3.400000184774398804e-02,6.599999964237213135e-02,-3.799999877810478210e-02
3.040363716700000296e+01,3.599999845027923584e-02,-5.680000185966491699e-01,-8.600999832153320312e+00,-3.000000026077032089e-03,-5.499999970197677612e-02,-8.600000292062759399e-02
3.041353518600000072e+01,3.599999845027923584e-02,-5.680000185966491699e-01,-8.600999832153320312e+00,-3.000000026077032089e-03,-5.499999970197677612e-02,-8.600000292062759399e-02
3.042505235300000166e+01,3.599999845027923584e-02,-5.680000185966491699e-01,-8.600999832153320312e+00,-3.000000026077032089e-03,-5.499999970197677612e-02,-8.600000292062759399e-02
3.043376053800000136e+01,3.599999845027923584e-02,-5.680000185966491699e-01,-8.600999832153320312e+00,-3.000000026077032089e-03,-5.499999970197677612e-02,-8.600000292062759399e-02
3.044354561200000120e+01,2.660000026226043701e-01,6.629999876022338867e-01,-9.798000335693359375e+00,4.000000189989805222e-03,4.199999943375587463e-02,-1.860000044107437134e-01
3.045422589000000357e+01,2.660000026226043701e-01,6.629999876022338867e-01,-9.798000335693359375e+00,4.000000189989805222e-03,4.199999943375587463e-02,-1.860000044107437134e-01
3.046348244500000035e+01,1.712000012397766113e+00,-3.619999885559082031e-01,-9.913000106811523438e+00,3.000000026077032089e-03,6.400000303983688354e-02,-1.410000026226043701e-01
3.047563737100000125e+01,1.712000012397766113e+00,-3.619999885559082031e-01,-9.913000106811523438e+00,3.000000026077032089e-03,6.400000303983688354e-02,-1.410000026226043701e-01
3.048367116700000068e+01,1.509999930858612061e-01,-9.789999723434448242e-01,-8.692000389099121094e+00,-1.400000043213367462e-02,6.300000101327896118e-02,-2.600000053644180298e-02
3.049363016700000273e+01,1.509999930858612061e-01,-9.789999723434448242e-01,-8.692000389099121094e+00,-1.400000043213367462e-02,6.300000101327896118e-02,-2.600000053644180298e-02
3.050715466700000178e+01,3.569999933242797852e-01,-8.640000224113464355e-01,-9.937000274658203125e+00,-7.000000216066837311e-03,-4.699999839067459106e-02,-4.300000146031379700e-02
3.051707292700000096e+01,3.569999933242797852e-01,-8.640000224113464355e-01,-9.937000274658203125e+00,-7.000000216066837311e-03,-4.699999839067459106e-02,-4.300000146031379700e-02
3.052376831600000173e+01,1.266999959945678711e+00,-9.399999678134918213e-02,-1.132100009918212891e+01,-6.000000052154064178e-03,4.000000189989805222e-03,-2.899999916553497314e-02
3.053512979700000329e+01,1.266999959945678711e+00,-9.399999678134918213e-02,-1.132100009918212891e+01,-6.000000052154064178e-03,4.000000189989805222e-03,-2.899999916553497314e-02
3.054354459300000357e+01,1.266999959945678711e+00,-9.399999678134918213e-02,-1.132100009918212891e+01,-6.000000052154064178e-03,4.000000189989805222e-03,-2.899999916553497314e-02
3.055397026000000338e+01,-4.429999887943267822e-01,-1.075000047683715820e+00,-4.809000015258789062e+00,1.099999994039535522e-02,5.600000172853469849e-02,9.200000017881393433e-02
3.056418472300000033e+01,1.559000015258789062e+00,-9.120000004768371582e-01,-9.951999664306640625e+00,2.700000070035457611e-02,-1.400000043213367462e-02,-6.499999761581420898e-02
3.057465131600000063e+01,1.559000015258789062e+00,-9.120000004768371582e-01,-9.951999664306640625e+00,2.700000070035457611e-02,-1.400000043213367462e-02,-6.499999761581420898e-02
3.058467131600000144e+01,1.559000015258789062e+00,-9.120000004768371582e-01,-9.951999664306640625e+00,2.700000070035457611e-02,-1.400000043213367462e-02,-6.499999761581420898e-02
3.059552711200000275e+01,1.559000015258789062e+00,-9.120000004768371582e-01,-9.951999664306640625e+00,2.700000070035457611e-02,-1.400000043213367462e-02,-6.499999761581420898e-02
3.060612926000000300e+01,1.682999968528747559e+00,-2.129999995231628418e-01,-1.144099998474121094e+01,-1.899999938905239105e-02,-4.399999976158142090e-02,3.599999845027923584e-02
3.061650787100000315e+01,1.682999968528747559e+00,-2.129999995231628418e-01,-1.144099998474121094e+01,-1.899999938905239105e-02,-4.399999976158142090e-02,3.599999845027923584e-02
3.062362429700000277e+01,1.682999968528747559e+00,-2.129999995231628418e-01,-1.144099998474121094e+01,-1.899999938905239105e-02,-4.399999976158142090e-02,3.599999845027923584e-02
3.063394813000000028e+01,1.151999950408935547e+00,5.479999780654907227e-01,-1.085200023651123047e+01,-1.400000043213367462e-02,1.200000010430812836e-02,6.199999898672103882e-02
3.064365072300000037e+01,1.151999950408935547e+00,5.479999780654907227e-01,-1.085200023651123047e+01,-1.400000043213367462e-02,1.200000010430812836e-02,6.199999898672103882e-02
3.065602522300000032e+01,-3.286999940872192383e+00,5.669999718666076660e-01,-3.836999893188476562e+00,4.100000113248825073e-02,-5.999999865889549255e-02,1.799999922513961792e-02
3.066495874100000307e+01,-1.634999990463256836e+00,1.309999942779541016e+00,-1.216899967193603516e+01,2.700000070035457611e-02,-3.599999845027923584e-02,-2.160000056028366089e-01
3.067351670400000074e+01,-1.634999990463256836e+00,1.309999942779541016e+00,-1.216899967193603516e+01,2.700000070035457611e-02,-3.599999845027923584e-02,-2.160000056028366089e-01
3.068364142700000130e+01,7.879999876022338867e-01,-6.060000061988830566e-01,-6.206999778747558594e+00,3.700000047683715820e-02,-3.900000080466270447e-02,-2.160000056028366089e-01
3.069483764900000367e+01,7.879999876022338867e-01,-6.060000061988830566e-01,-6.206999778747558594e+00,3.700000047683715820e-02,-3.900000080466270447e-02,-2.160000056028366089e-01
3.070749951900000241e+01,-2.000000094994902611e-03,4.950000047683715820e-01,-1.743999958038330078e+00,2.600000053644180298e-02,-5.400000140070915222e-02,-1.580000072717666626e-01
3.071517400100000117e+01,-2.000000094994902611e-03,4.950000047683715820e-01,-1.743999958038330078e+00,2.600000053644180298e-02,-5.400000140070915222e-02,-1.580000072717666626e-01
3.072702842700000048e+01,-9.549999833106994629e-01,-5.049999952316284180e-01,-1.194799995422363281e+01,1.700000092387199402e-02,-8.799999952316284180e-02,-1.209999993443489075e-01
3.073522242700000362e+01,-9.549999833106994629e-01,-5.049999952316284180e-01,-1.194799995422363281e+01,1.700000092387199402e-02,-8.799999952316284180e-02,-1.209999993443489075e-01
3.074483676000000187e+01,2.329999953508377075e-01,3.370000123977661133e-01,-1.082299995422363281e+01,4.999999888241291046e-03,-1.300000026822090149e-02,-1.309999972581863403e-01
3.075598916700000274e+01,2.329999953508377075e-01,3.370000123977661133e-01,-1.082299995422363281e+01,4.999999888241291046e-03,-1.300000026822090149e-02,-1.309999972581863403e-01
3.076503396400000057e+01,-2.560000121593475342e-01,-1.270000040531158447e-01,-7.964000225067138672e+00,2.800000086426734924e-02,6.199999898672103882e-02,-7.900000363588333130e-02
3.077551307500000277e+01,-2.560000121593475342e-01,-1.270000040531158447e-01,-7.964000225067138672e+00,2.800000086426734924e-02,6.199999898672103882e-02,-7.900000363588333130e-02
3.078384594500000304e+01,-2.560000121593475342e-01,-1.270000040531158447e-01,-7.964000225067138672e+00,2.800000086426734924e-02,6.199999898672103882e-02,-7.900000363588333130e-02
3.079360092700000351e+01,1.070999979972839355e+00,2.939999997615814209e-01,-9.491999626159667969e+00,3.599999845027923584e-02,-2.700000070035457611e-02,-2.300000004470348358e-02
3.081013474100000238e+01,1.070999979972839355e+00,2.939999997615814209e-01,-9.491999626159667969e+00,3.599999845027923584e-02,-2.700000070035457611e-02,-2.300000004470348358e-02
3.081542657500000360e+01,-1.463000059127807617e+00,1.599999964237213135e-01,-7.620000243186950684e-01,1.099999994039535522e-02,-9.799999743700027466e-02,-5.999999865889549255e-02
3.082349585200000064e+01,-1.463000059127807617e+00,1.599999964237213135e-01,-7.620000243186950684e-01,1.099999994039535522e-02,-9.799999743700027466e-02,-5.999999865889549255e-02
3.083353327800000088e+01,1.937000036239624023e+00,-1.564000010490417480e+00,-1.217300033569335938e+01,-7.000000216066837311e-03,6.400000303983688354e-02,-7.199999690055847168e-02
3.084708572300000284e+01,1.544999957084655762e+00,-2.319999933242797852e-01,-1.082299995422363281e+01,8.999999612569808960e-03,9.999999776482582092e-03,-1.129999980330467224e-01
3.085894801900000317e+01,1.544999957084655762e+00,-2.319999933242797852e-01,-1.082299995422363281e+01,8.999999612569808960e-03,9.999999776482582092e-03,-1.129999980330467224e-01
3.086635103800000124e+01,3.670000135898590088e-01,-5.049999952316284180e-01,-9.491999626159667969e+00,2.099999971687793732e-02,4.600000008940696716e-02,-6.800000369548797607e-02
3.087349529700000161e+01,3.670000135898590088e-01,-5.049999952316284180e-01,-9.491999626159667969e+00,2.099999971687793732e-02,4.600000008940696716e-02,-6.800000369548797607e-02
3.088371676000000221e+01,9.359999895095825195e-01,2.129999995231628418e-01,-9.204999923706054688e+00,1.499999966472387314e-02,4.399999976158142090e-02,1.200000010430812836e-02
3.089372570400000129e+01,9.359999895095825195e-01,2.129999995231628418e-01,-9.204999923706054688e+00,1.499999966472387314e-02,4.399999976158142090e-02,1.200000010430812836e-02
3.090478505600000148e+01,7.540000081062316895e-01,7.900000363588333130e-02,-1.222099971771240234e+01,1.400000043213367462e-02,-4.899999871850013733e-02,-2.999999932944774628e-02
3.251340285100000216e+01,1.315000057220458984e+00,8.309999704360961914e-01,-1.255599975585937500e+01,-1.000000047497451305e-03,-2.199999988079071045e-02,7.000000216066837311e-03
3.252383961099999965e+01,1.315000057220458984e+00,8.309999704360961914e-01,-1.255599975585937500e+01,-1.000000047497451305e-03,-2.199999988079071045e-02,7.000000216066837311e-03
3.253362849999999895e+01,-7.440000176429748535e-01,4.140000045299530029e-01,-1.129699993133544922e+01,1.899999938905239105e-02,-1.099999994039535522e-01,-5.600000172853469849e-02
3.254387177699999967e+01,7.540000081062316895e-01,-1.940000057220458984e-01,-1.226900005340576172e+01,1.400000043213367462e-02,-6.000000052154064178e-03,-9.499999880790710449e-02
3.255368118500000207e+01,7.540000081062316895e-01,-1.940000057220458984e-01,-1.226900005340576172e+01,1.400000043213367462e-02,-6.000000052154064178e-03,-9.499999880790710449e-02
3.256440803699999975e+01,7.540000081062316895e-01,-1.940000057220458984e-01,-1.226900005340576172e+01,1.400000043213367462e-02,-6.000000052154064178e-03,-9.499999880790710449e-02
3.257497211100000101e+01,1.291000008583068848e+00,8.980000019073486328e-01,-7.724999904632568359e+00,-4.800000041723251343e-02,8.299999684095382690e-02,-5.600000172853469849e-02
3.258354459200000264e+01,1.609999984502792358e-01,3.709999918937683105e-01,-1.108600044250488281e+01,-3.599999845027923584e-02,2.000000094994902611e-03,-1.209999993443489075e-01
3.259424650000000412e+01,1.609999984502792358e-01,3.709999918937683105e-01,-1.108600044250488281e+01,-3.599999845027923584e-02,2.000000094994902611e-03,-1.209999993443489075e-01
3.260407572200000459e+01,1.609999984502792358e-01,3.709999918937683105e-01,-1.108600044250488281e+01,-3.599999845027923584e-02,2.000000094994902611e-03,-1.209999993443489075e-01
3.261481120300000214e+01,3.429999947547912598e-01,-1.940000057220458984e-01,-8.413999557495117188e+00,-2.600000053644180298e-02,2.899999916553497314e-02,4.999999888241291046e-03
3.262345479600000431e+01,3.429999947547912598e-01,-1.940000057220458984e-01,-8.413999557495117188e+00,-2.600000053644180298e-02,2.899999916553497314e-02,4.999999888241291046e-03
3.263417383300000552e+01,1.018000006675720215e+00,9.980000257492065430e-01,-1.184300041198730469e+01,-7.000000216066837311e-03,3.200000151991844177e-02,2.300000004470348358e-02
3.264379883300000529e+01,1.018000006675720215e+00,9.980000257492065430e-01,-1.184300041198730469e+01,-7.000000216066837311e-03,3.200000151991844177e-02,2.300000004470348358e-02
3.265423727700000001e+01,-7.000000216066837311e-03,-1.129999980330467224e-01,-1.113899993896484375e+01,1.499999966472387314e-02,-3.099999949336051941e-02,-2.400000020861625671e-02
3.266339107400000330e+01,-7.000000216066837311e-03,-1.129999980330467224e-01,-1.113899993896484375e+01,1.499999966472387314e-02,-3.099999949336051941e-02,-2.400000020861625671e-02
3.267572525900000358e+01,-6.400000303983688354e-02,5.429999828338623047e-01,-1.099499988555908203e+01,8.999999612569808960e-03,2.600000053644180298e-02,2.600000053644180298e-02
3.268390292500000527e+01,-6.400000303983688354e-02,5.429999828338623047e-01,-1.099499988555908203e+01,8.999999612569808960e-03,2.600000053644180298e-02,2.600000053644180298e-02
3.269429974000000527e+01,9.799999743700027466e-02,5.049999952316284180e-01,-1.088500022888183594e+01,-4.999999888241291046e-03,2.000000094994902611e-03,-3.900000080466270447e-02
3.270420999899999970e+01,9.799999743700027466e-02,5.049999952316284180e-01,-1.088500022888183594e+01,-4.999999888241291046e-03,2.000000094994902611e-03,-3.900000080466270447e-02
3.271349203600000521e+01,3.000000026077032089e-03,1.749999970197677612e-01,-9.104000091552734375e+00,4.999999888241291046e-03,8.999999612569808960e-03,-7.199999690055847168e-02
3.272392175899999955e+01,3.000000026077032089e-03,1.749999970197677612e-01,-9.104000091552734375e+00,4.999999888241291046e-03,8.999999612569808960e-03,-7.199999690055847168e-02
3.273452931399999954e+01,3.670000135898590088e-01,-2.750000059604644775e-01,-9.472999572753906250e+00,-2.000000094994902611e-03,3.000000026077032089e-03,7.000000216066837311e-03
3.274367522200000025e+01,6.200000047683715820e-01,7.829999923706054688e-01,-1.181900024414062500e+01,8.999999612569808960e-03,-7.000000216066837311e-03,-7.000000216066837311e-03
3.275449624000000171e+01,6.200000047683715820e-01,7.829999923706054688e-01,-1.181900024414062500e+01,8.999999612569808960e-03,-7.000000216066837311e-03,-7.000000216066837311e-03
3.276502444400000513e+01,6.200000047683715820e-01,7.829999923706054688e-01,-1.181900024414062500e+01,8.999999612569808960e-03,-7.000000216066837311e-03,-7.000000216066837311e-03
3.277368103599999927e+01,6.200000047683715820e-01,7.829999923706054688e-01,-1.181900024414062500e+01,8.999999612569808960e-03,-7.000000216066837311e-03,-7.000000216066837311e-03
3.278495694400000104e+01,-1.324000000953674316e+00,8.640000224113464355e-01,-1.325100040435791016e+01,8.999999612569808960e-03,3.799999877810478210e-02,8.900000154972076416e-02
3.279631605500000546e+01,-1.324000000953674316e+00,8.640000224113464355e-01,-1.325100040435791016e+01,8.999999612569808960e-03,3.799999877810478210e-02,8.900000154972076416e-02
3.280526766599999888e+01,1.539999961853027344e+00,6.499999761581420898e-02,-1.435700035095214844e+01,1.499999966472387314e-02,2.800000086426734924e-02,3.299999982118606567e-02
3.281567940700000463e+01,1.539999961853027344e+00,6.499999761581420898e-02,-1.435700035095214844e+01,1.499999966472387314e-02,2.800000086426734924e-02,3.299999982118606567e-02
3.282407483300000450e+01,6.919999718666076660e-01,5.720000267028808594e-01,-1.214500045776367188e+01,2.300000004470348358e-02,-3.500000014901161194e-02,-1.400000043213367462e-02
3.283574864799999915e+01,6.919999718666076660e-01,5.720000267028808594e-01,-1.214500045776367188e+01,2.300000004470348358e-02,-3.500000014901161194e-02,-1.400000043213367462e-02
3.284364464800000150e+01,5.630000233650207520e-01,2.099999971687793732e-02,-1.073700046539306641e+01,-1.000000047497451305e-03,-4.000000189989805222e-03,1.499999966472387314e-02
3.285565444400000246e+01,5.630000233650207520e-01,2.099999971687793732e-02,-1.073700046539306641e+01,-1.000000047497451305e-03,-4.000000189989805222e-03,1.499999966472387314e-02
3.286356651799999895e+01,1.592000007629394531e+00,-1.030000001192092896e-01,-1.234599971771240234e+01,1.300000026822090149e-02,-1.700000092387199402e-02,1.200000010430812836e-02
3.287447811000000542e+01,1.592000007629394531e+00,-1.030000001192092896e-01,-1.234599971771240234e+01,1.300000026822090149e-02,-1.700000092387199402e-02,1.200000010430812836e-02
3.288351846200000494e+01,6.110000014305114746e-01,-1.169999986886978149e-01,-1.297799968719482422e+01,2.600000053644180298e-02,-8.699999749660491943e-02,-1.400000043213367462e-02
3.289416490700000395e+01,6.110000014305114746e-01,-1.169999986886978149e-01,-1.297799968719482422e+01,2.600000053644180298e-02,-8.699999749660491943e-02,-1.400000043213367462e-02
3.290653036999999870e+01,-1.343000054359436035e+00,3.519999980926513672e-01,-3.822000026702880859e+00,1.799999922513961792e-02,-7.599999755620956421e-02,-1.499999966472387314e-02
3.291377170300000188e+01,-1.123000025749206543e+00,4.090000092983245850e-01,-1.053100013732910156e+01,3.799999877810478210e-02,-3.799999877810478210e-02,2.000000094994902611e-03
3.292427205500000298e+01,-1.123000025749206543e+00,4.090000092983245850e-01,-1.053100013732910156e+01,3.799999877810478210e-02,-3.799999877810478210e-02,2.000000094994902611e-03
3.293354296200000420e+01,-1.123000025749206543e+00,4.090000092983245850e-01,-1.053100013732910156e+01,3.799999877810478210e-02,-3.799999877810478210e-02,2.000000094994902611e-03
3.294429744400000004e+01,-2.700000107288360596e-01,-6.110000014305114746e-01,-1.092399978637695312e+01,6.000000052154064178e-03,2.000000094994902611e-03,-3.700000047683715820e-02
3.295581042500000279e+01,-2.700000107288360596e-01,-6.110000014305114746e-01,-1.092399978637695312e+01,6.000000052154064178e-03,2.000000094994902611e-03,-3.700000047683715820e-02
3.296460718400000189e+01,7.900000363588333130e-02,-6.110000014305114746e-01,-9.114000320434570312e+00,1.300000026822090149e-02,-2.800000086426734924e-02,3.000000026077032089e-03
3.297398961000000384e+01,1.080000042915344238e+00,-7.300000190734863281e-01,-1.071300029754638672e+01,7.000000216066837311e-03,2.800000086426734924e-02,3.099999949336051941e-02
3.298631887000000518e+01,1.080000042915344238e+00,-7.300000190734863281e-01,-1.071300029754638672e+01,7.000000216066837311e-03,2.800000086426734924e-02,3.099999949336051941e-02
3.299443664700000056e+01,1.080000042915344238e+00,-7.300000190734863281e-01,-1.071300029754638672e+01,7.000000216066837311e-03,2.800000086426734924e-02,3.099999949336051941e-02
3.300682955500000304e+01,4.670000076293945312e-01,2.509999871253967285e-01,-9.826999664306640625e+00,-1.700000092387199402e-02,-2.000000094994902611e-03,4.800000041723251343e-02
3.301619153600000089e+01,4.480000138282775879e-01,2.099999971687793732e-02,-1.326500034332275391e+01,-5.799999833106994629e-02,2.500000037252902985e-02,-7.699999958276748657e-02
3.302352051800000510e+01,4.480000138282775879e-01,2.099999971687793732e-02,-1.326500034332275391e+01,-5.799999833106994629e-02,2.500000037252902985e-02,-7.699999958276748657e-02
3.303477137000000141e+01,4.480000138282775879e-01,2.099999971687793732e-02,-1.326500034332275391e+01,-5.799999833106994629e-02,2.500000037252902985e-02,-7.699999958276748657e-02
3.304418003600000020e+01,4.480000138282775879e-01,2.099999971687793732e-02,-1.326500034332275391e+01,-5.799999833106994629e-02,2.500000037252902985e-02,-7.699999958276748657e-02
3.305392279600000194e+01,4.480000138282775879e-01,2.099999971687793732e-02,-1.326500034332275391e+01,-5.799999833106994629e-02,2.500000037252902985e-02,-7.699999958276748657e-02
3.306377325800000477e+01,1.141999959945678711e+00,9.890000224113464355e-01,-1.159399986267089844e+01,-7.000000216066837311e-03,7.000000216066837311e-03,-3.799999877810478210e-02
3.307367096200000134e+01,1.141999959945678711e+00,9.890000224113464355e-01,-1.159399986267089844e+01,-7.000000216066837311e-03,7.000000216066837311e-03,-3.799999877810478210e-02
3.308405101800000381e+01,4.600000008940696716e-02,1.246999979019165039e+00,-1.196800041198730469e+01,-4.999999888241291046e-03,9.999999776482582092e-03,-1.600000075995922089e-02
3.309414209200000556e+01,4.600000008940696716e-02,1.246999979019165039e+00,-1.196800041198730469e+01,-4.999999888241291046e-03,9.999999776482582092e-03,-1.600000075995922089e-02
3.310395364700000442e+01,5.730000138282775879e-01,-1.650000065565109253e-01,-1.183300018310546875e+01,-1.799999922513961792e-02,-1.899999938905239105e-02,-8.000000379979610443e-03
3.311379068400000136e+01,5.730000138282775879e-01,-1.650000065565109253e-01,-1.183300018310546875e+01,-1.799999922513961792e-02,-1.899999938905239105e-02,-8.000000379979610443e-03
3.312404514700000391e+01,-5.676000118255615234e+00,-1.459999978542327881e-01,-1.101000022888183594e+01,2.300000004470348358e-02,-3.500000014901161194e-02,3.799999877810478210e-02
3.313386694400000465e+01,-5.676000118255615234e+00,-1.459999978542327881e-01,-1.101000022888183594e+01,2.300000004470348358e-02,-3.500000014901161194e-02,3.799999877810478210e-02
3.314409592500000201e+01,-5.676000118255615234e+00,-1.459999978542327881e-01,-1.101000022888183594e+01,2.300000004470348358e-02,-3.500000014901161194e-02,3.799999877810478210e-02
3.315364766600000479e+01,-5.676000118255615234e+00,-1.459999978542327881e-01,-1.101000022888183594e+01,2.300000004470348358e-02,-3.500000014901161194e-02,3.799999877810478210e-02
3.316387727700000454e+01,7.000000029802322388e-02,-4.140000045299530029e-01,-1.282499980926513672e+01,4.999999888241291046e-03,1.129999980330467224e-01,-3.560000061988830566e-01
3.317369540700000385e+01,7.000000029802322388e-02,-4.140000045299530029e-01,-1.282499980926513672e+01,4.999999888241291046e-03,1.129999980330467224e-01,-3.560000061988830566e-01
3.318634385100000372e+01,-1.878999948501586914e+00,7.160000205039978027e-01,-1.460099983215332031e+01,4.999999888241291046e-03,-1.200000010430812836e-02,-2.739999890327453613e-01
3.319449981400000382e+01,-1.878999948501586914e+00,7.160000205039978027e-01,-1.460099983215332031e+01,4.999999888241291046e-03,-1.200000010430812836e-02,-2.739999890327453613e-01
3.320684409200000431e+01,5.680000185966491699e-01,2.660000026226043701e-01,-9.592000007629394531e+00,3.500000014901161194e-02,3.299999982118606567e-02,-2.840000092983245850e-01
3.321380449900000542e+01,5.680000185966491699e-01,2.660000026226043701e-01,-9.592000007629394531e+00,3.500000014901161194e-02,3.299999982118606567e-02,-2.840000092983245850e-01
3.322486509200000171e+01,5.389999747276306152e-01,-1.118000030517578125e+00,-8.659000396728515625e+00,-3.099999949336051941e-02,1.169999986886978149e-01,-1.940000057220458984e-01
3.323413629499999900e+01,5.389999747276306152e-01,-1.118000030517578125e+00,-8.659000396728515625e+00,-3.099999949336051941e-02,1.169999986886978149e-01,-1.940000057220458984e-01
3.324471657300000516e+01,1.369999945163726807e-01,2.660000026226043701e-01,-8.185000419616699219e+00,-1.799999922513961792e-02,-5.999999865889549255e-02,1.089999973773956299e-01
3.325383359199999944e+01,1.369999945163726807e-01,2.660000026226043701e-01,-8.185000419616699219e+00,-1.799999922513961792e-02,-5.999999865889549255e-02,1.089999973773956299e-01
3.326646011000000414e+01,1.003000020980834961e+00,-1.080000042915344238e+00,-1.230700016021728516e+01,-1.200000010430812836e-02,-2.400000020861625671e-02,7.500000298023223877e-02
3.327352764700000165e+01,1.003000020980834961e+00,-1.080000042915344238e+00,-1.230700016021728516e+01,-1.200000010430812836e-02,-2.400000020861625671e-02,7.500000298023223877e-02
3.328502498099999940e+01,-1.639999985694885254e+00,1.717000007629394531e+00,-8.366999626159667969e+00,1.700000092387199402e-02,-6.199999898672103882e-02,9.399999678134918213e-02
3.329382296200000013e+01,-1.639999985694885254e+00,1.717000007629394531e+00,-8.366999626159667969e+00,1.700000092387199402e-02,-6.199999898672103882e-02,9.399999678134918213e-02
3.330407514699999894e+01,-1.639999985694885254e+00,1.717000007629394531e+00,-8.366999626159667969e+00,1.700000092387199402e-02,-6.199999898672103882e-02,9.399999678134918213e-02
3.331376511000000562e+01,-1.639999985694885254e+00,1.717000007629394531e+00,-8.366999626159667969e+00,1.700000092387199402e-02,-6.199999898672103882e-02,9.399999678134918213e-02
3.332349670300000355e+01,9.319999814033508301e-01,-3.224999904632568359e+00,-5.795000076293945312e+00,1.200000010430812836e-02,-8.000000379979610443e-03,-1.689999997615814209e-01
3.333366707300000087e+01,9.319999814033508301e-01,-3.224999904632568359e+00,-5.795000076293945312e+00,1.200000010430812836e-02,-8.000000379979610443e-03,-1.689999997615814209e-01
3.334370511000000192e+01,1.700000017881393433e-01,9.700000286102294922e-01,-1.233100032806396484e+01,7.000000216066837311e-03,1.799999922513961792e-02,-7.199999690055847168e-02
3.335726605500000375e+01,1.700000017881393433e-01,9.700000286102294922e-01,-1.233100032806396484e+01,7.000000216066837311e-03,1.799999922513961792e-02,-7.199999690055847168e-02
3.336464535100000006e+01,6.779999732971191406e-01,-5.820000171661376953e-01,-1.105799961090087891e+01,3.000000026077032089e-03,-2.199999988079071045e-02,-1.350000053644180298e-01
3.337388231399999938e+01,6.779999732971191406e-01,-5.820000171661376953e-01,-1.105799961090087891e+01,3.000000026077032089e-03,-2.199999988079071045e-02,-1.350000053644180298e-01
3.338461870300000101e+01,1.309999942779541016e+00,1.080000042915344238e+00,-9.741000175476074219e+00,1.099999994039535522e-02,-3.000000026077032089e-03,1.089999973773956299e-01
3.339960444300000120e+01,1.309999942779541016e+00,1.080000042915344238e+00,-9.741000175476074219e+00,1.099999994039535522e-02,-3.000000026077032089e-03,1.089999973773956299e-01
3.340361211000000452e+01,-4.670000076293945312e-01,9.649999737739562988e-01,-6.086999893188476562e+00,2.800000086426734924e-02,-4.500000178813934326e-02,9.099999815225601196e-02
3.341833559200000536e+01,-4.670000076293945312e-01,9.649999737739562988e-01,-6.086999893188476562e+00,2.800000086426734924e-02,-4.500000178813934326e-02,9.099999815225601196e-02
3.342541440600000158e+01,3.140000104904174805e-01,-7.000000216066837311e-03,-6.609000205993652344e+00,7.000000216066837311e-03,-3.200000151991844177e-02,1.300000026822090149e-02
3.343804557300000369e+01,3.140000104904174805e-01,-7.000000216066837311e-03,-6.609000205993652344e+00,7.000000216066837311e-03,-3.200000151991844177e-02,1.300000026822090149e-02
3.344380959200000092e+01,1.003000020980834961e+00,-5.479999780654907227e-01,-9.984999656677246094e+00,6.000000052154064178e-03,7.500000298023223877e-02,6.400000303983688354e-02
3.345417407300000434e+01,1.003000020980834961e+00,-5.479999780654907227e-01,-9.984999656677246094e+00,6.000000052154064178e-03,7.500000298023223877e-02,6.400000303983688354e-02
3.346487525799999929e+01,1.003000020980834961e+00,-5.479999780654907227e-01,-9.984999656677246094e+00,6.000000052154064178e-03,7.500000298023223877e-02,6.400000303983688354e-02
3.347351035100000161e+01,1.003000020980834961e+00,-5.479999780654907227e-01,-9.984999656677246094e+00,6.000000052154064178e-03,7.500000298023223877e-02,6.400000303983688354e-02
3.348510542500000042e+01,7.540000081062316895e-01,-1.233000040054321289e+00,-1.146500015258789062e+01,-1.700000092387199402e-02,5.299999937415122986e-02,-1.099999994039535522e-01
3.349368781400000472e+01,7.979999780654907227e-01,3.330000042915344238e-01,-8.156000137329101562e+00,-3.200000151991844177e-02,3.799999877810478210e-02,-3.200000151991844177e-02
3.350401555500000228e+01,7.979999780654907227e-01,3.330000042915344238e-01,-8.156000137329101562e+00,-3.200000151991844177e-02,3.799999877810478210e-02,-3.200000151991844177e-02
3.351412411000000446e+01,7.979999780654907227e-01,3.330000042915344238e-01,-8.156000137329101562e+00,-3.200000151991844177e-02,3.799999877810478210e-02,-3.200000151991844177e-02
3.352342792500000002e+01,6.830000281333923340e-01,-1.410000026226043701e-01,-1.136900043487548828e+01,-1.899999938905239105e-02,-5.799999833106994629e-02,-4.500000178813934326e-02
3.353355714700000334e+01,6.830000281333923340e-01,-1.410000026226043701e-01,-1.136900043487548828e+01,-1.899999938905239105e-02,-5.799999833106994629e-02,-4.500000178813934326e-02
3.354361209200000360e+01,6.779999732971191406e-01,-3.379999995231628418e-01,-1.046899986267089844e+01,-2.199999988079071045e-02,3.099999949336051941e-02,4.199999943375587463e-02
3.355529098000000232e+01,6.779999732971191406e-01,-3.379999995231628418e-01,-1.046899986267089844e+01,-2.199999988079071045e-02,3.099999949336051941e-02,4.199999943375587463e-02
3.356420051700000329e+01,6.250000000000000000e-01,3.899999856948852539e-01,-1.100500011444091797e+01,4.999999888241291046e-03,-1.700000092387199402e-02,1.030000001192092896e-01
3.357458723999999961e+01,6.250000000000000000e-01,3.899999856948852539e-01,-1.100500011444091797e+01,4.999999888241291046e-03,-1.700000092387199402e-02,1.030000001192092896e-01
3.358360661000000391e+01,2.090000063180923462e-01,1.700000092387199402e-02,-1.071300029754638672e+01,2.300000004470348358e-02,-6.899999827146530151e-02,-5.700000002980232239e-02
3.359562264699999901e+01,2.090000063180923462e-01,1.700000092387199402e-02,-1.071300029754638672e+01,2.300000004470348358e-02,-6.899999827146530151e-02,-5.700000002980232239e-02
3.360920864700000266e+01,7.350000143051147461e-01,-6.629999876022338867e-01,-9.864999771118164062e+00,2.199999988079071045e-02,2.999999932944774628e-02,-1.700000092387199402e-02
3.361578922100000000e+01,7.350000143051147461e-01,-6.629999876022338867e-01,-9.864999771118164062e+00,2.199999988079071045e-02,2.999999932944774628e-02,-1.700000092387199402e-02
3.362573331400000143e+01,1.509999930858612061e-01,4.480000138282775879e-01,-9.468000411987304688e+00,1.000000047497451305e-03,8.999999612569808960e-03,-3.000000026077032089e-03
3.363380285099999867e+01,1.509999930858612061e-01,4.480000138282775879e-01,-9.468000411987304688e+00,1.000000047497451305e-03,8.999999612569808960e-03,-3.000000026077032089e-03
3.364393279500000489e+01,4.339999854564666748e-01,7.059999704360961914e-01,-1.009000015258789062e+01,-1.000000047497451305e-03,-3.999999910593032837e-02,-4.999999888241291046e-03
3.365552888799999920e+01,4.339999854564666748e-01,7.059999704360961914e-01,-1.009000015258789062e+01,-1.000000047497451305e-03,-3.999999910593032837e-02,-4.999999888241291046e-03
3.366495701699999898e+01,1.281000018119812012e+00,-4.289999902248382568e-01,-9.975999832153320312e+00,-2.199999988079071045e-02,4.699999839067459106e-02,1.499999966472387314e-02
3.367350386900000103e+01,1.281000018119812012e+00,-4.289999902248382568e-01,-9.975999832153320312e+00,-2.199999988079071045e-02,4.699999839067459106e-02,1.499999966472387314e-02
3.739498210800000066e+01,8.900000154972076416e-02,5.499999970197677612e-02,-9.539999961853027344e+00,1.000000047497451305e-03,-3.000000026077032089e-03,6.000000052154064178e-03
3.740385083000000321e+01,8.900000154972076416e-02,5.499999970197677612e-02,-9.539999961853027344e+00,1.000000047497451305e-03,-3.000000026077032089e-03,6.000000052154064178e-03
3.741618357100000480e+01,1.220000013709068298e-01,1.030000001192092896e-01,-9.736000061035156250e+00,2.000000094994902611e-03,-3.000000026077032089e-03,6.000000052154064178e-03
3.742389223700000400e+01,1.220000013709068298e-01,1.030000001192092896e-01,-9.736000061035156250e+00,2.000000094994902611e-03,-3.000000026077032089e-03,6.000000052154064178e-03
3.743381064500000122e+01,1.220000013709068298e-01,1.030000001192092896e-01,-9.736000061035156250e+00,2.000000094994902611e-03,-3.000000026077032089e-03,6.000000052154064178e-03
3.744373953400000232e+01,1.129999980330467224e-01,1.700000092387199402e-02,-9.774000167846679688e+00,2.000000094994902611e-03,-2.000000094994902611e-03,7.000000216066837311e-03
3.745420799700000458e+01,9.399999678134918213e-02,9.300000220537185669e-02,-9.626000404357910156e+00,1.000000047497451305e-03,-4.000000189989805222e-03,7.000000216066837311e-03
3.746383129300000547e+01,9.399999678134918213e-02,9.300000220537185669e-02,-9.626000404357910156e+00,1.000000047497451305e-03,-4.000000189989805222e-03,7.000000216066837311e-03
3.747376346000000069e+01,9.399999678134918213e-02,9.300000220537185669e-02,-9.626000404357910156e+00,1.000000047497451305e-03,-4.000000189989805222e-03,7.000000216066837311e-03
3.748408781100000198e+01,9.399999678134918213e-02,9.300000220537185669e-02,-9.626000404357910156e+00,1.000000047497451305e-03,-4.000000189989805222e-03,7.000000216066837311e-03
3.749369023700000270e+01,9.399999678134918213e-02,9.300000220537185669e-02,-9.626000404357910156e+00,1.000000047497451305e-03,-4.000000189989805222e-03,7.000000216066837311e-03
3.750446483000000342e+01,7.900000363588333130e-02,4.500000178813934326e-02,-9.468000411987304688e+00,-1.000000047497451305e-03,-3.000000026077032089e-03,6.000000052154064178e-03
3.751483269999999948e+01,7.900000363588333130e-02,4.500000178813934326e-02,-9.468000411987304688e+00,-1.000000047497451305e-03,-3.000000026077032089e-03,6.000000052154064178e-03
3.752443996000000226e+01,7.900000363588333130e-02,4.500000178813934326e-02,-9.468000411987304688e+00,-1.000000047497451305e-03,-3.000000026077032089e-03,6.000000052154064178e-03
3.753499553400000366e+01,7.900000363588333130e-02,4.500000178813934326e-02,-9.468000411987304688e+00,-1.000000047497451305e-03,-3.000000026077032089e-03,6.000000052154064178e-03
3.754363768200000351e+01,9.799999743700027466e-02,6.499999761581420898e-02,-9.706999778747558594e+00,1.000000047497451305e-03,-3.000000026077032089e-03,6.000000052154064178e-03
3.755405051500000013e+01,9.799999743700027466e-02,6.499999761581420898e-02,-9.706999778747558594e+00,1.000000047497451305e-03,-3.000000026077032089e-03,6.000000052154064178e-03
3.756453447800000589e+01,1.509999930858612061e-01,9.300000220537185669e-02,-9.736000061035156250e+00,-1.000000047497451305e-03,-3.000000026077032089e-03,4.999999888241291046e-03
3.757351901500000224e+01,1.509999930858612061e-01,9.300000220537185669e-02,-9.736000061035156250e+00,-1.000000047497451305e-03,-3.000000026077032089e-03,4.999999888241291046e-03
3.758418681100000214e+01,1.030000001192092896e-01,8.799999952316284180e-02,-9.722000122070312500e+00,1.000000047497451305e-03,-3.000000026077032089e-03,6.000000052154064178e-03
3.759393605200000366e+01,1.030000001192092896e-01,8.799999952316284180e-02,-9.722000122070312500e+00,1.000000047497451305e-03,-3.000000026077032089e-03,6.000000052154064178e-03
3.760386616299999929e+01,7.500000298023223877e-02,9.300000220537185669e-02,-9.583000183105468750e+00,-2.000000094994902611e-03,-2.000000094994902611e-03,4.999999888241291046e-03
3.761515995900000320e+01,4.600000008940696716e-02,7.000000216066837311e-03,-9.487000465393066406e+00,-1.000000047497451305e-03,-3.000000026077032089e-03,6.000000052154064178e-03
3.762363799700000300e+01,4.600000008940696716e-02,7.000000216066837311e-03,-9.487000465393066406e+00,-1.000000047497451305e-03,-3.000000026077032089e-03,6.000000052154064178e-03
3.763397727400000292e+01,9.799999743700027466e-02,6.499999761581420898e-02,-9.630999565124511719e+00,-1.000000047497451305e-03,-2.000000094994902611e-03,7.000000216066837311e-03
3.764378395900000385e+01,9.799999743700027466e-02,6.499999761581420898e-02,-9.630999565124511719e+00,-1.000000047497451305e-03,-2.000000094994902611e-03,7.000000216066837311e-03
3.765394086700000287e+01,9.799999743700027466e-02,6.499999761581420898e-02,-9.630999565124511719e+00,-1.000000047497451305e-03,-2.000000094994902611e-03,7.000000216066837311e-03
3.766596786699999910e+01,9.799999743700027466e-02,6.499999761581420898e-02,-9.630999565124511719e+00,-1.000000047497451305e-03,-2.000000094994902611e-03,7.000000216066837311e-03
3.767802977400000231e+01,1.940000057220458984e-01,9.799999743700027466e-02,-9.821999549865722656e+00,2.000000094994902611e-03,-2.000000094994902611e-03,7.000000216066837311e-03
3.768347084799999891e+01,1.940000057220458984e-01,9.799999743700027466e-02,-9.821999549865722656e+00,2.000000094994902611e-03,-2.000000094994902611e-03,7.000000216066837311e-03
3.769353360800000274e+01,1.940000057220458984e-01,9.799999743700027466e-02,-9.821999549865722656e+00,2.000000094994902611e-03,-2.000000094994902611e-03,7.000000216066837311e-03
3.770386120000000574e+01,1.940000057220458984e-01,9.799999743700027466e-02,-9.821999549865722656e+00,2.000000094994902611e-03,-2.000000094994902611e-03,7.000000216066837311e-03
3.771400442200000214e+01,8.399999886751174927e-02,9.799999743700027466e-02,-9.501000404357910156e+00,1.000000047497451305e-03,-2.000000094994902611e-03,6.000000052154064178e-03
3.772359021900000187e+01,8.399999886751174927e-02,9.799999743700027466e-02,-9.501000404357910156e+00,1.000000047497451305e-03,-2.000000094994902611e-03,6.000000052154064178e-03
3.773398314500000339e+01,1.180000007152557373e-01,7.400000095367431641e-02,-9.501000404357910156e+00,-1.000000047497451305e-03,-3.000000026077032089e-03,6.000000052154064178e-03
3.774345908900000524e+01,1.180000007152557373e-01,7.400000095367431641e-02,-9.501000404357910156e+00,-1.000000047497451305e-03,-3.000000026077032089e-03,6.000000052154064178e-03
3.775459253300000029e+01,1.180000007152557373e-01,7.400000095367431641e-02,-9.501000404357910156e+00,-1.000000047497451305e-03,-3.000000026077032089e-03,6.000000052154064178e-03
3.776526199599999956e+01,1.180000007152557373e-01,-7.000000216066837311e-03,-9.559000015258789062e+00,-1.000000047497451305e-03,-3.000000026077032089e-03,7.000000216066837311e-03
3.777348658900000089e+01,1.180000007152557373e-01,-7.000000216066837311e-03,-9.559000015258789062e+00,-1.000000047497451305e-03,-3.000000026077032089e-03,7.000000216066837311e-03
3.778356683000000515e+01,1.420000046491622925e-01,4.500000178813934326e-02,-9.697999954223632812e+00,2.000000094994902611e-03,-3.000000026077032089e-03,6.000000052154064178e-03
3.779382110800000305e+01,1.509999930858612061e-01,6.499999761581420898e-02,-9.722000122070312500e+00,-1.000000047497451305e-03,-3.000000026077032089e-03,6.000000052154064178e-03
3.780367181100000096e+01,1.509999930858612061e-01,6.499999761581420898e-02,-9.722000122070312500e+00,-1.000000047497451305e-03,-3.000000026077032089e-03,6.000000052154064178e-03
3.781495168200000023e+01,1.509999930858612061e-01,6.499999761581420898e-02,-9.722000122070312500e+00,-1.000000047497451305e-03,-3.000000026077032089e-03,6.000000052154064178e-03
3.782352736700000406e+01,1.459999978542327881e-01,8.399999886751174927e-02,-9.793999671936035156e+00,2.000000094994902611e-03,-3.000000026077032089e-03,6.000000052154064178e-03
3.783467966300000285e+01,1.459999978542327881e-01,8.399999886751174927e-02,-9.793999671936035156e+00,2.000000094994902611e-03,-3.000000026077032089e-03,6.000000052154064178e-03
3.784384779300000190e+01,1.459999978542327881e-01,8.399999886751174927e-02,-9.793999671936035156e+00,2.000000094994902611e-03,-3.000000026077032089e-03,6.000000052154064178e-03
3.785451858900000133e+01,9.399999678134918213e-02,8.399999886751174927e-02,-9.654999732971191406e+00,-1.000000047497451305e-03,-4.999999888241291046e-03,7.000000216066837311e-03
3.786584653300000269e+01,9.399999678134918213e-02,8.399999886751174927e-02,-9.654999732971191406e+00,-1.000000047497451305e-03,-4.999999888241291046e-03,7.000000216066837311e-03
3.787510934800000229e+01,1.030000001192092896e-01,7.900000363588333130e-02,-9.578000068664550781e+00,1.000000047497451305e-03,-4.000000189989805222e-03,6.000000052154064178e-03
3.788506962600000350e+01,1.030000001192092896e-01,7.900000363588333130e-02,-9.578000068664550781e+00,1.000000047497451305e-03,-4.000000189989805222e-03,6.000000052154064178e-03
3.789424823699999934e+01,9.399999678134918213e-02,3.599999845027923584e-02,-9.588000297546386719e+00,-1.000000047497451305e-03,-2.000000094994902611e-03,6.000000052154064178e-03
3.790374566300000225e+01,9.399999678134918213e-02,3.599999845027923584e-02,-9.588000297546386719e+00,-1.000000047497451305e-03,-2.000000094994902611e-03,6.000000052154064178e-03
3.791510571900000315e+01,9.399999678134918213e-02,3.599999845027923584e-02,-9.588000297546386719e+00,-1.000000047497451305e-03,-2.000000094994902611e-03,6.000000052154064178e-03
3.792384829299999893e+01,1.459999978542327881e-01,7.900000363588333130e-02,-9.765000343322753906e+00,1.000000047497451305e-03,-3.000000026077032089e-03,6.000000052154064178e-03
3.793389729300000113e+01,1.459999978542327881e-01,7.900000363588333130e-02,-9.765000343322753906e+00,1.000000047497451305e-03,-3.000000026077032089e-03,6.000000052154064178e-03
3.794393668100000383e+01,1.459999978542327881e-01,7.900000363588333130e-02,-9.765000343322753906e+00,1.000000047497451305e-03,-3.000000026077032089e-03,6.000000052154064178e-03
3.795486207000000434e+01,1.459999978542327881e-01,7.900000363588333130e-02,-9.765000343322753906e+00,1.000000047497451305e-03,-3.000000026077032089e-03,6.000000052154064178e-03
3.796423138500000505e+01,9.399999678134918213e-02,7.900000363588333130e-02,-9.663999557495117188e+00,-1.000000047497451305e-03,-3.000000026077032089e-03,6.000000052154064178e-03
3.797343340400000500e+01,9.399999678134918213e-02,7.900000363588333130e-02,-9.663999557495117188e+00,-1.000000047497451305e-03,-3.000000026077032089e-03,6.000000052154064178e-03
3.798413770000000511e+01,7.900000363588333130e-02,6.499999761581420898e-02,-9.539999961853027344e+00,1.000000047497451305e-03,-3.000000026077032089e-03,6.000000052154064178e-03
3.799373968100000099e+01,7.900000363588333130e-02,6.499999761581420898e-02,-9.539999961853027344e+00,1.000000047497451305e-03,-3.000000026077032089e-03,6.000000052154064178e-03
3.800408084800000097e+01,6.499999761581420898e-02,4.100000113248825073e-02,-9.472999572753906250e+00,2.000000094994902611e-03,-4.000000189989805222e-03,6.000000052154064178e-03
3.801569407000000211e+01,6.499999761581420898e-02,4.100000113248825073e-02,-9.472999572753906250e+00,2.000000094994902611e-03,-4.000000189989805222e-03,6.000000052154064178e-03
3.802513462600000338e+01,6.499999761581420898e-02,4.100000113248825073e-02,-9.472999572753906250e+00,2.000000094994902611e-03,-4.000000189989805222e-03,6.000000052154064178e-03
3.803383740400000335e+01,6.499999761581420898e-02,4.100000113248825073e-02,-9.472999572753906250e+00,2.000000094994902611e-03,-4.000000189989805222e-03,6.000000052154064178e-03
3.804354992200000396e+01,1.609999984502792358e-01,2.099999971687793732e-02,-9.765000343322753906e+00,-1.000000047497451305e-03,-4.000000189989805222e-03,6.000000052154064178e-03
3.805447536700000200e+01,1.609999984502792358e-01,2.099999971687793732e-02,-9.765000343322753906e+00,-1.000000047497451305e-03,-4.000000189989805222e-03,6.000000052154064178e-03
3.806375057000000339e+01,1.220000013709068298e-01,5.999999865889549255e-02,-9.812999725341796875e+00,1.000000047497451305e-03,-3.000000026077032089e-03,6.000000052154064178e-03
3.807344551500000307e+01,1.030000001192092896e-01,1.120000034570693970e-01,-9.750000000000000000e+00,1.000000047497451305e-03,-2.000000094994902611e-03,6.000000052154064178e-03
3.808353388500000136e+01,1.030000001192092896e-01,1.120000034570693970e-01,-9.750000000000000000e+00,1.000000047497451305e-03,-2.000000094994902611e-03,6.000000052154064178e-03
3.809454273700000471e+01,1.030000001192092896e-01,1.120000034570693970e-01,-9.750000000000000000e+00,1.000000047497451305e-03,-2.000000094994902611e-03,6.000000052154064178e-03
3.810382210699999916e+01,1.030000001192092896e-01,1.120000034570693970e-01,-9.750000000000000000e+00,1.000000047497451305e-03,-2.000000094994902611e-03,6.000000052154064178e-03
3.811583575499999910e+01,1.030000001192092896e-01,1.120000034570693970e-01,-9.750000000000000000e+00,1.000000047497451305e-03,-2.000000094994902611e-03,6.000000052154064178e-03
3.812419399600000247e+01,8.900000154972076416e-02,5.000000074505805969e-02,-9.524999618530273438e+00,1.000000047497451305e-03,-3.000000026077032089e-03,6.000000052154064178e-03
3.813372679200000448e+01,8.900000154972076416e-02,5.000000074505805969e-02,-9.524999618530273438e+00,1.000000047497451305e-03,-3.000000026077032089e-03,6.000000052154064178e-03
3.814363016300000453e+01,1.270000040531158447e-01,3.599999845027923584e-02,-9.626000404357910156e+00,1.000000047497451305e-03,-3.000000026077032089e-03,4.999999888241291046e-03
3.815434818100000314e+01,1.270000040531158447e-01,3.599999845027923584e-02,-9.626000404357910156e+00,1.000000047497451305e-03,-3.000000026077032089e-03,4.999999888241291046e-03
3.816535836700000317e+01,1.509999930858612061e-01,3.099999949336051941e-02,-9.736000061035156250e+00,-1.000000047497451305e-03,-4.000000189989805222e-03,4.999999888241291046e-03
3.817343755200000288e+01,1.509999930858612061e-01,3.099999949336051941e-02,-9.736000061035156250e+00,-1.000000047497451305e-03,-4.000000189989805222e-03,4.999999888241291046e-03
3.818367316300000169e+01,1.369999945163726807e-01,1.080000028014183044e-01,-9.821999549865722656e+00,-2.000000094994902611e-03,-3.000000026077032089e-03,6.000000052154064178e-03
3.819349744100000521e+01,1.369999945163726807e-01,1.080000028014183044e-01,-9.821999549865722656e+00,-2.000000094994902611e-03,-3.000000026077032089e-03,6.000000052154064178e-03
3.820473366299999896e+01,1.369999945163726807e-01,1.080000028014183044e-01,-9.821999549865722656e+00,-2.000000094994902611e-03,-3.000000026077032089e-03,6.000000052154064178e-03
3.821562553300000076e+01,1.129999980330467224e-01,6.499999761581420898e-02,-9.564000129699707031e+00,-1.000000047497451305e-03,-4.000000189989805222e-03,6.000000052154064178e-03
3.822359955200000314e+01,1.129999980330467224e-01,6.499999761581420898e-02,-9.564000129699707031e+00,-1.000000047497451305e-03,-4.000000189989805222e-03,6.000000052154064178e-03
3.823374108900000579e+01,7.900000363588333130e-02,4.100000113248825073e-02,-9.545000076293945312e+00,-1.000000047497451305e-03,-3.000000026077032089e-03,4.999999888241291046e-03
3.824381466300000199e+01,7.900000363588333130e-02,4.100000113248825073e-02,-9.545000076293945312e+00,-1.000000047497451305e-03,-3.000000026077032089e-03,4.999999888241291046e-03
3.825599901500000044e+01,8.900000154972076416e-02,3.099999949336051941e-02,-9.520999908447265625e+00,1.000000047497451305e-03,-4.000000189989805222e-03,6.000000052154064178e-03
3.826742634800000076e+01,8.900000154972076416e-02,3.099999949336051941e-02,-9.520999908447265625e+00,1.000000047497451305e-03,-4.000000189989805222e-03,6.000000052154064178e-03
3.827468277400000574e+01,8.900000154972076416e-02,3.099999949336051941e-02,-9.520999908447265625e+00,1.000000047497451305e-03,-4.000000189989805222e-03,6.000000052154064178e-03
3.828349449600000298e+01,8.900000154972076416e-02,3.099999949336051941e-02,-9.520999908447265625e+00,1.000000047497451305e-03,-4.000000189989805222e-03,6.000000052154064178e-03
3.829360601500000172e+01,1.220000013709068298e-01,1.700000092387199402e-02,-9.760000228881835938e+00,-1.000000047497451305e-03,-3.000000026077032089e-03,6.000000052154064178e-03
3.830360729200000236e+01,1.220000013709068298e-01,1.700000092387199402e-02,-9.760000228881835938e+00,-1.000000047497451305e-03,-3.000000026077032089e-03,6.000000052154064178e-03
3.831536212600000368e+01,1.220000013709068298e-01,1.700000092387199402e-02,-9.760000228881835938e+00,-1.000000047497451305e-03,-3.000000026077032089e-03,6.000000052154064178e-03
3.832528662600000047e+01,1.220000013709068298e-01,8.799999952316284180e-02,-9.817000389099121094e+00,1.000000047497451305e-03,-3.000000026077032089e-03,6.000000052154064178e-03
3.833364201500000235e+01,1.220000013709068298e-01,8.799999952316284180e-02,-9.817000389099121094e+00,1.000000047497451305e-03,-3.000000026077032089e-03,6.000000052154064178e-03
3.834373790300000451e+01,8.900000154972076416e-02,4.500000178813934326e-02,-9.673999786376953125e+00,1.000000047497451305e-03,-4.000000189989805222e-03,6.000000052154064178e-03
3.835560097800000534e+01,8.900000154972076416e-02,4.500000178813934326e-02,-9.673999786376953125e+00,1.000000047497451305e-03,-4.000000189989805222e-03,6.000000052154064178e-03
3.836585614400000566e+01,1.030000001192092896e-01,5.499999970197677612e-02,-9.524999618530273438e+00,-1.000000047497451305e-03,-3.000000026077032089e-03,4.999999888241291046e-03
3.837426077399999969e+01,1.030000001192092896e-01,5.499999970197677612e-02,-9.524999618530273438e+00,-1.000000047497451305e-03,-3.000000026077032089e-03,4.999999888241291046e-03
3.838353820000000383e+01,1.030000001192092896e-01,5.499999970197677612e-02,-9.524999618530273438e+00,-1.000000047497451305e-03,-3.000000026077032089e-03,4.999999888241291046e-03
3.839460595900000328e+01,1.030000001192092896e-01,5.499999970197677612e-02,-9.524999618530273438e+00,-1.000000047497451305e-03,-3.000000026077032089e-03,4.999999888241291046e-03
3.840835599600000450e+01,1.129999980330467224e-01,2.000000094994902611e-03,-9.621000289916992188e+00,1.000000047497451305e-03,-2.000000094994902611e-03,6.000000052154064178e-03
3.841507155200000057e+01,1.129999980330467224e-01,2.000000094994902611e-03,-9.621000289916992188e+00,1.000000047497451305e-03,-2.000000094994902611e-03,6.000000052154064178e-03
3.842424077400000471e+01,1.270000040531158447e-01,4.100000113248825073e-02,-9.774000167846679688e+00,-1.000000047497451305e-03,-3.000000026077032089e-03,7.000000216066837311e-03
3.843372075500000307e+01,1.270000040531158447e-01,4.100000113248825073e-02,-9.774000167846679688e+00,-1.000000047497451305e-03,-3.000000026077032089e-03,7.000000216066837311e-03
3.844395766299999906e+01,1.560000032186508179e-01,1.700000092387199402e-02,-9.845999717712402344e+00,1.000000047497451305e-03,-2.000000094994902611e-03,6.000000052154064178e-03
3.845576505200000383e+01,1.560000032186508179e-01,1.700000092387199402e-02,-9.845999717712402344e+00,1.000000047497451305e-03,-2.000000094994902611e-03,6.000000052154064178e-03
3.846670288500000368e+01,1.129999980330467224e-01,1.169999986886978149e-01,-9.682999610900878906e+00,1.000000047497451305e-03,-3.000000026077032089e-03,4.999999888241291046e-03
3.847344921799999895e+01,1.420000046491622925e-01,5.999999865889549255e-02,-9.559000015258789062e+00,1.000000047497451305e-03,-3.000000026077032089e-03,6.000000052154064178e-03
3.848351414400000436e+01,1.420000046491622925e-01,5.999999865889549255e-02,-9.559000015258789062e+00,1.000000047497451305e-03,-3.000000026077032089e-03,6.000000052154064178e-03
3.849443179200000031e+01,1.420000046491622925e-01,5.999999865889549255e-02,-9.559000015258789062e+00,1.000000047497451305e-03,-3.000000026077032089e-03,6.000000052154064178e-03
3.850367397700000538e+01,9.799999743700027466e-02,7.000000216066837311e-03,-9.524999618530273438e+00,1.000000047497451305e-03,-3.000000026077032089e-03,6.000000052154064178e-03
3.851512738499999955e+01,9.799999743700027466e-02,7.000000216066837311e-03,-9.524999618530273438e+00,1.000000047497451305e-03,-3.000000026077032089e-03,6.000000052154064178e-03
3.852349951400000094e+01,6.499999761581420898e-02,3.599999845027923584e-02,-9.626000404357910156e+00,1.000000047497451305e-03,-2.000000094994902611e-03,4.999999888241291046e-03
3.853504379200000329e+01,6.499999761581420898e-02,3.599999845027923584e-02,-9.626000404357910156e+00,1.000000047497451305e-03,-2.000000094994902611e-03,4.999999888241291046e-03
3.854385751400000260e+01,6.499999761581420898e-02,3.599999845027923584e-02,-9.626000404357910156e+00,1.000000047497451305e-03,-2.000000094994902611e-03,4.999999888241291046e-03
3.855362644000000216e+01,1.609999984502792358e-01,6.499999761581420898e-02,-9.788999557495117188e+00,1.000000047497451305e-03,-3.000000026077032089e-03,4.999999888241291046e-03
3.856400655200000216e+01,1.609999984502792358e-01,6.499999761581420898e-02,-9.788999557495117188e+00,1.000000047497451305e-03,-3.000000026077032089e-03,4.999999888241291046e-03
3.857366353300000128e+01,1.270000040531158447e-01,1.030000001192092896e-01,-9.760000228881835938e+00,1.000000047497451305e-03,-3.000000026077032089e-03,4.999999888241291046e-03
3.858506810700000500e+01,1.270000040531158447e-01,1.030000001192092896e-01,-9.760000228881835938e+00,1.000000047497451305e-03,-3.000000026077032089e-03,4.999999888241291046e-03
4.081651518000000323e+01,8.399999886751174927e-02,5.499999970197677612e-02,-9.520999908447265625e+00,-1.000000047497451305e-03,-3.000000026077032089e-03,4.999999888241291046e-03
4.082417314300000299e+01,5.999999865889549255e-02,2.000000094994902611e-03,-9.534999847412109375e+00,-1.000000047497451305e-03,-3.000000026077032089e-03,7.000000216066837311e-03
4.083364086499999956e+01,5.999999865889549255e-02,2.000000094994902611e-03,-9.534999847412109375e+00,-1.000000047497451305e-03,-3.000000026077032089e-03,7.000000216066837311e-03
4.084366516100000410e+01,5.999999865889549255e-02,2.000000094994902611e-03,-9.534999847412109375e+00,-1.000000047497451305e-03,-3.000000026077032089e-03,7.000000216066837311e-03
4.085410808700000018e+01,5.999999865889549255e-02,2.000000094994902611e-03,-9.534999847412109375e+00,-1.000000047497451305e-03,-3.000000026077032089e-03,7.000000216066837311e-03
4.086364853199999914e+01,1.129999980330467224e-01,6.499999761581420898e-02,-9.755000114440917969e+00,1.000000047497451305e-03,-4.000000189989805222e-03,6.000000052154064178e-03
4.087347730900000187e+01,1.129999980330467224e-01,6.499999761581420898e-02,-9.755000114440917969e+00,1.000000047497451305e-03,-4.000000189989805222e-03,6.000000052154064178e-03
4.088643819800000045e+01,1.129999980330467224e-01,1.120000034570693970e-01,-9.788999557495117188e+00,1.000000047497451305e-03,-4.000000189989805222e-03,7.000000216066837311e-03
4.089386099500000427e+01,9.799999743700027466e-02,1.080000028014183044e-01,-9.682999610900878906e+00,2.000000094994902611e-03,-3.000000026077032089e-03,6.000000052154064178e-03
4.090480036499999983e+01,9.799999743700027466e-02,1.080000028014183044e-01,-9.682999610900878906e+00,2.000000094994902611e-03,-3.000000026077032089e-03,6.000000052154064178e-03
4.091755886500000372e+01,5.099999904632568359e-02,3.099999949336051941e-02,-9.635999679565429688e+00,1.000000047497451305e-03,-3.000000026077032089e-03,4.999999888241291046e-03
4.092475149500000242e+01,5.099999904632568359e-02,3.099999949336051941e-02,-9.635999679565429688e+00,1.000000047497451305e-03,-3.000000026077032089e-03,4.999999888241291046e-03
4.093380762400000350e+01,5.099999904632568359e-02,3.099999949336051941e-02,-9.635999679565429688e+00,1.000000047497451305e-03,-3.000000026077032089e-03,4.999999888241291046e-03
4.094683838299999934e+01,5.099999904632568359e-02,3.099999949336051941e-02,-9.635999679565429688e+00,1.000000047497451305e-03,-3.000000026077032089e-03,4.999999888241291046e-03
4.095344382800000460e+01,5.099999904632568359e-02,3.099999949336051941e-02,-9.635999679565429688e+00,1.000000047497451305e-03,-3.000000026077032089e-03,4.999999888241291046e-03
4.096352618000000234e+01,1.030000001192092896e-01,4.100000113248825073e-02,-9.553999900817871094e+00,-1.000000047497451305e-03,-4.000000189989805222e-03,6.000000052154064178e-03
4.097345821700000101e+01,1.030000001192092896e-01,4.100000113248825073e-02,-9.553999900817871094e+00,-1.000000047497451305e-03,-4.000000189989805222e-03,6.000000052154064178e-03
4.098366599500000262e+01,1.369999945163726807e-01,2.099999971687793732e-02,-9.673999786376953125e+00,1.000000047497451305e-03,-3.000000026077032089e-03,6.000000052154064178e-03
4.099370025400000372e+01,1.369999945163726807e-01,2.099999971687793732e-02,-9.673999786376953125e+00,1.000000047497451305e-03,-3.000000026077032089e-03,6.000000052154064178e-03
4.100357551300000125e+01,1.080000028014183044e-01,6.899999827146530151e-02,-9.663999557495117188e+00,1.000000047497451305e-03,-2.000000094994902611e-03,6.000000052154064178e-03
4.101662871700000323e+01,1.220000013709068298e-01,1.080000028014183044e-01,-9.788999557495117188e+00,1.000000047497451305e-03,-3.000000026077032089e-03,4.999999888241291046e-03
4.102425549400000193e+01,1.220000013709068298e-01,1.080000028014183044e-01,-9.788999557495117188e+00,1.000000047497451305e-03,-3.000000026077032089e-03,4.999999888241291046e-03
4.103512095700000373e+01,1.220000013709068298e-01,1.080000028014183044e-01,-9.788999557495117188e+00,1.000000047497451305e-03,-3.000000026077032089e-03,4.999999888241291046e-03
4.104351447600000569e+01,1.270000040531158447e-01,7.400000095367431641e-02,-9.678999900817871094e+00,1.000000047497451305e-03,-2.000000094994902611e-03,6.000000052154064178e-03
4.105358458700000313e+01,1.270000040531158447e-01,7.400000095367431641e-02,-9.678999900817871094e+00,1.000000047497451305e-03,-2.000000094994902611e-03,6.000000052154064178e-03
4.106418658700000179e+01,4.100000113248825073e-02,1.700000092387199402e-02,-9.515999794006347656e+00,-1.000000047497451305e-03,-2.000000094994902611e-03,7.000000216066837311e-03
4.107512623499999904e+01,1.080000028014183044e-01,4.500000178813934326e-02,-9.477999687194824219e+00,1.000000047497451305e-03,-3.000000026077032089e-03,6.000000052154064178e-03
4.108356095700000310e+01,1.080000028014183044e-01,4.500000178813934326e-02,-9.477999687194824219e+00,1.000000047497451305e-03,-3.000000026077032089e-03,6.000000052154064178e-03
4.109359905000000168e+01,1.080000028014183044e-01,4.500000178813934326e-02,-9.477999687194824219e+00,1.000000047497451305e-03,-3.000000026077032089e-03,6.000000052154064178e-03
4.110390292000000301e+01,1.080000028014183044e-01,4.500000178813934326e-02,-9.477999687194824219e+00,1.000000047497451305e-03,-3.000000026077032089e-03,6.000000052154064178e-03
4.111407169800000361e+01,1.080000028014183044e-01,4.500000178813934326e-02,-9.477999687194824219e+00,1.000000047497451305e-03,-3.000000026077032089e-03,6.000000052154064178e-03
4.112354875400000509e+01,1.270000040531158447e-01,-7.000000216066837311e-03,-9.687999725341796875e+00,2.000000094994902611e-03,-3.000000026077032089e-03,4.999999888241291046e-03
4.113356062400000468e+01,1.270000040531158447e-01,-7.000000216066837311e-03,-9.687999725341796875e+00,2.000000094994902611e-03,-3.000000026077032089e-03,4.999999888241291046e-03
4.114355199399999918e+01,1.609999984502792358e-01,6.899999827146530151e-02,-9.845999717712402344e+00,1.000000047497451305e-03,-2.000000094994902611e-03,6.000000052154064178e-03
4.115417238300000236e+01,1.609999984502792358e-01,6.899999827146530151e-02,-9.845999717712402344e+00,1.000000047497451305e-03,-2.000000094994902611e-03,6.000000052154064178e-03
4.116660943900000547e+01,1.080000028014183044e-01,6.899999827146530151e-02,-9.682999610900878906e+00,-1.000000047497451305e-03,-3.000000026077032089e-03,6.000000052154064178e-03
4.117543908700000088e+01,1.080000028014183044e-01,6.899999827146530151e-02,-9.682999610900878906e+00,-1.000000047497451305e-03,-3.000000026077032089e-03,6.000000052154064178e-03
4.118371762400000335e+01,1.080000028014183044e-01,6.899999827146530151e-02,-9.682999610900878906e+00,-1.000000047497451305e-03,-3.000000026077032089e-03,6.000000052154064178e-03
4.119351001300000092e+01,1.080000028014183044e-01,6.899999827146530151e-02,-9.682999610900878906e+00,-1.000000047497451305e-03,-3.000000026077032089e-03,6.000000052154064178e-03
4.120367156800000430e+01,1.080000028014183044e-01,7.400000095367431641e-02,-9.553999900817871094e+00,1.000000047497451305e-03,-4.000000189989805222e-03,6.000000052154064178e-03
4.121392488300000423e+01,1.080000028014183044e-01,7.400000095367431641e-02,-9.553999900817871094e+00,1.000000047497451305e-03,-4.000000189989805222e-03,6.000000052154064178e-03
4.122365480900000279e+01,7.500000298023223877e-02,2.000000094994902611e-03,-9.545000076293945312e+00,1.000000047497451305e-03,-3.000000026077032089e-03,4.999999888241291046e-03
4.123352964300000423e+01,7.500000298023223877e-02,2.000000094994902611e-03,-9.545000076293945312e+00,1.000000047497451305e-03,-3.000000026077032089e-03,4.999999888241291046e-03
4.124374860500000040e+01,7.500000298023223877e-02,2.000000094994902611e-03,-9.545000076293945312e+00,1.000000047497451305e-03,-3.000000026077032089e-03,4.999999888241291046e-03
4.125412821700000165e+01,1.319999992847442627e-01,9.799999743700027466e-02,-9.746000289916992188e+00,1.000000047497451305e-03,-3.000000026077032089e-03,4.999999888241291046e-03
4.126548490200000430e+01,1.319999992847442627e-01,9.799999743700027466e-02,-9.746000289916992188e+00,1.000000047497451305e-03,-3.000000026077032089e-03,4.999999888241291046e-03
4.127575429100000548e+01,1.319999992847442627e-01,9.799999743700027466e-02,-9.746000289916992188e+00,1.000000047497451305e-03,-3.000000026077032089e-03,4.999999888241291046e-03
4.128349708700000065e+01,1.420000046491622925e-01,4.100000113248825073e-02,-9.668999671936035156e+00,1.000000047497451305e-03,-2.000000094994902611e-03,6.000000052154064178e-03
4.129350288300000216e+01,1.420000046491622925e-01,4.100000113248825073e-02,-9.668999671936035156e+00,1.000000047497451305e-03,-2.000000094994902611e-03,6.000000052154064178e-03
4.130382458700000115e+01,9.799999743700027466e-02,1.120000034570693970e-01,-9.612000465393066406e+00,1.000000047497451305e-03,-2.000000094994902611e-03,6.000000052154064178e-03
4.131361112400000479e+01,9.799999743700027466e-02,1.120000034570693970e-01,-9.612000465393066406e+00,1.000000047497451305e-03,-2.000000094994902611e-03,6.000000052154064178e-03
4.132366532800000414e+01,9.799999743700027466e-02,1.120000034570693970e-01,-9.612000465393066406e+00,1.000000047497451305e-03,-2.000000094994902611e-03,6.000000052154064178e-03
4.133370953100000378e+01,9.799999743700027466e-02,1.120000034570693970e-01,-9.612000465393066406e+00,1.000000047497451305e-03,-2.000000094994902611e-03,6.000000052154064178e-03
4.134397379100000336e+01,8.399999886751174927e-02,5.999999865889549255e-02,-9.454000473022460938e+00,-1.000000047497451305e-03,-3.000000026077032089e-03,6.000000052154064178e-03
4.135416817900000552e+01,8.399999886751174927e-02,5.999999865889549255e-02,-9.454000473022460938e+00,-1.000000047497451305e-03,-3.000000026077032089e-03,6.000000052154064178e-03
4.136454140200000040e+01,8.399999886751174927e-02,5.999999865889549255e-02,-9.454000473022460938e+00,-1.000000047497451305e-03,-3.000000026077032089e-03,6.000000052154064178e-03
4.137343321600000223e+01,8.399999886751174927e-02,5.999999865889549255e-02,-9.454000473022460938e+00,-1.000000047497451305e-03,-3.000000026077032089e-03,6.000000052154064178e-03
4.138369801300000006e+01,8.900000154972076416e-02,5.499999970197677612e-02,-9.678999900817871094e+00,1.000000047497451305e-03,-2.000000094994902611e-03,6.000000052154064178e-03
4.139415471600000274e+01,1.220000013709068298e-01,9.799999743700027466e-02,-9.831999778747558594e+00,1.000000047497451305e-03,-3.000000026077032089e-03,4.999999888241291046e-03
4.140405088300000358e+01,1.220000013709068298e-01,9.799999743700027466e-02,-9.831999778747558594e+00,1.000000047497451305e-03,-3.000000026077032089e-03,4.999999888241291046e-03
4.141422295699999978e+01,1.180000007152557373e-01,8.799999952316284180e-02,-9.774000167846679688e+00,1.000000047497451305e-03,-3.000000026077032089e-03,6.000000052154064178e-03
4.142353799400000014e+01,1.180000007152557373e-01,8.799999952316284180e-02,-9.774000167846679688e+00,1.000000047497451305e-03,-3.000000026077032089e-03,6.000000052154064178e-03
4.143368132800000581e+01,1.180000007152557373e-01,1.030000001192092896e-01,-9.640000343322753906e+00,1.000000047497451305e-03,-3.000000026077032089e-03,4.999999888241291046e-03
4.144357273500000360e+01,1.180000007152557373e-01,1.030000001192092896e-01,-9.640000343322753906e+00,1.000000047497451305e-03,-3.000000026077032089e-03,4.999999888241291046e-03
4.145401679100000081e+01,1.180000007152557373e-01,1.030000001192092896e-01,-9.640000343322753906e+00,1.000000047497451305e-03,-3.000000026077032089e-03,4.999999888241291046e-03
4.146382190199999940e+01,9.799999743700027466e-02,5.499999970197677612e-02,-9.572999954223632812e+00,-1.000000047497451305e-03,-4.000000189989805222e-03,6.000000052154064178e-03
4.147343034600000067e+01,9.799999743700027466e-02,5.499999970197677612e-02,-9.572999954223632812e+00,-1.000000047497451305e-03,-4.000000189989805222e-03,6.000000052154064178e-03
4.148397625300000158e+01,7.000000029802322388e-02,4.100000113248825073e-02,-9.529999732971191406e+00,1.000000047497451305e-03,-3.000000026077032089e-03,6.000000052154064178e-03
4.149354751300000288e+01,7.000000029802322388e-02,4.100000113248825073e-02,-9.529999732971191406e+00,1.000000047497451305e-03,-3.000000026077032089e-03,6.000000052154064178e-03
4.150408801300000050e+01,7.000000029802322388e-02,4.100000113248825073e-02,-9.529999732971191406e+00,1.000000047497451305e-03,-3.000000026077032089e-03,6.000000052154064178e-03
4.151380043900000061e+01,1.220000013709068298e-01,7.400000095367431641e-02,-9.774000167846679688e+00,1.000000047497451305e-03,-3.000000026077032089e-03,6.000000052154064178e-03
4.152352643900000118e+01,1.220000013709068298e-01,7.400000095367431641e-02,-9.774000167846679688e+00,1.000000047497451305e-03,-3.000000026077032089e-03,6.000000052154064178e-03
4.153389377200000609e+01,1.220000013709068298e-01,7.400000095367431641e-02,-9.774000167846679688e+00,1.000000047497451305e-03,-3.000000026077032089e-03,6.000000052154064178e-03
4.154382840200000260e+01,1.220000013709068298e-01,7.400000095367431641e-02,-9.774000167846679688e+00,1.000000047497451305e-03,-3.000000026077032089e-03,6.000000052154064178e-03
4.155352175300000539e+01,1.180000007152557373e-01,8.799999952316284180e-02,-9.706999778747558594e+00,1.000000047497451305e-03,-3.000000026077032089e-03,6.000000052154064178e-03
4.156487458700000559e+01,1.180000007152557373e-01,8.799999952316284180e-02,-9.706999778747558594e+00,1.000000047497451305e-03,-3.000000026077032089e-03,6.000000052154064178e-03
4.157354671600000273e+01,1.180000007152557373e-01,8.799999952316284180e-02,-9.706999778747558594e+00,1.000000047497451305e-03,-3.000000026077032089e-03,6.000000052154064178e-03
4.158360382700000457e+01,9.399999678134918213e-02,6.499999761581420898e-02,-9.572999954223632812e+00,1.000000047497451305e-03,-4.000000189989805222e-03,6.000000052154064178e-03
4.159366827200000216e+01,9.399999678134918213e-02,6.499999761581420898e-02,-9.572999954223632812e+00,1.000000047497451305e-03,-4.000000189989805222e-03,6.000000052154064178e-03
4.160360369800000058e+01,8.900000154972076416e-02,1.200000010430812836e-02,-9.501000404357910156e+00,-1.000000047497451305e-03,-3.000000026077032089e-03,6.000000052154064178e-03
4.161472549400000531e+01,8.900000154972076416e-02,1.200000010430812836e-02,-9.501000404357910156e+00,-1.000000047497451305e-03,-3.000000026077032089e-03,6.000000052154064178e-03
4.162341771600000584e+01,7.000000029802322388e-02,1.200000010430812836e-02,-9.548999786376953125e+00,-1.000000047497451305e-03,-2.000000094994902611e-03,7.000000216066837311e-03
4.163388790200000500e+01,7.000000029802322388e-02,1.200000010430812836e-02,-9.548999786376953125e+00,-1.000000047497451305e-03,-2.000000094994902611e-03,7.000000216066837311e-03
4.164354734600000540e+01,8.399999886751174927e-02,2.099999971687793732e-02,-9.640000343322753906e+00,-1.000000047497451305e-03,-3.000000026077032089e-03,6.000000052154064178e-03
4.165384553100000176e+01,8.399999886751174927e-02,2.099999971687793732e-02,-9.640000343322753906e+00,-1.000000047497451305e-03,-3.000000026077032089e-03,6.000000052154064178e-03
4.166532673500000072e+01,1.369999945163726807e-01,4.100000113248825073e-02,-9.784000396728515625e+00,1.000000047497451305e-03,-2.000000094994902611e-03,6.000000052154064178e-03
4.167345480900000609e+01,1.369999945163726807e-01,4.100000113248825073e-02,-9.784000396728515625e+00,1.000000047497451305e-03,-2.000000094994902611e-03,6.000000052154064178e-03
4.168399475300000034e+01,1.369999945163726807e-01,4.100000113248825073e-02,-9.784000396728515625e+00,1.000000047497451305e-03,-2.000000094994902611e-03,6.000000052154064178e-03
4.169351693900000555e+01,1.030000001192092896e-01,8.799999952316284180e-02,-9.706999778747558594e+00,1.000000047497451305e-03,-2.000000094994902611e-03,6.000000052154064178e-03
4.170385573500000476e+01,1.030000001192092896e-01,8.799999952316284180e-02,-9.706999778747558594e+00,1.000000047497451305e-03,-2.000000094994902611e-03,6.000000052154064178e-03
4.171585386400000317e+01,4.100000113248825073e-02,2.099999971687793732e-02,-9.529999732971191406e+00,-1.000000047497451305e-03,-3.000000026077032089e-03,7.000000216066837311e-03
4.172354255000000478e+01,4.100000113248825073e-02,2.099999971687793732e-02,-9.529999732971191406e+00,-1.000000047497451305e-03,-3.000000026077032089e-03,7.000000216066837311e-03
4.173351743900000344e+01,7.500000298023223877e-02,1.200000010430812836e-02,-9.458000183105468750e+00,1.000000047497451305e-03,-4.000000189989805222e-03,6.000000052154064178e-03
4.174352338300000298e+01,7.500000298023223877e-02,1.200000010430812836e-02,-9.458000183105468750e+00,1.000000047497451305e-03,-4.000000189989805222e-03,6.000000052154064178e-03
4.175422584600000420e+01,7.500000298023223877e-02,1.200000010430812836e-02,-9.458000183105468750e+00,1.000000047497451305e-03,-4.000000189989805222e-03,6.000000052154064178e-03
4.176384243800000462e+01,1.220000013709068298e-01,4.100000113248825073e-02,-9.572999954223632812e+00,-1.000000047497451305e-03,-3.000000026077032089e-03,4.999999888241291046e-03
4.177362173500000608e+01,1.220000013709068298e-01,4.100000113248825073e-02,-9.572999954223632812e+00,-1.000000047497451305e-03,-3.000000026077032089e-03,4.999999888241291046e-03
4.178530449400000180e+01,1.220000013709068298e-01,4.100000113248825073e-02,-9.572999954223632812e+00,-1.000000047497451305e-03,-3.000000026077032089e-03,4.999999888241291046e-03
4.179353958700000504e+01,1.220000013709068298e-01,4.100000113248825073e-02,-9.572999954223632812e+00,-1.000000047497451305e-03,-3.000000026077032089e-03,4.999999888241291046e-03
4.180445171600000265e+01,1.270000040531158447e-01,5.499999970197677612e-02,-9.803000450134277344e+00,1.000000047497451305e-03,-4.000000189989805222e-03,4.999999888241291046e-03
4.181431740100000383e+01,1.270000040531158447e-01,5.499999970197677612e-02,-9.803000450134277344e+00,1.000000047497451305e-03,-4.000000189989805222e-03,4.999999888241291046e-03
4.182455571600000610e+01,1.129999980330467224e-01,8.399999886751174927e-02,-9.788999557495117188e+00,1.000000047497451305e-03,-2.000000094994902611e-03,4.999999888241291046e-03
4.183378436400000311e+01,1.129999980330467224e-01,8.399999886751174927e-02,-9.788999557495117188e+00,1.000000047497451305e-03,-2.000000094994902611e-03,4.999999888241291046e-03
4.184355864200000497e+01,8.900000154972076416e-02,7.400000095367431641e-02,-9.588000297546386719e+00,-1.000000047497451305e-03,-4.000000189989805222e-03,7.000000216066837311e-03
4.185388366100000468e+01,8.900000154972076416e-02,7.400000095367431641e-02,-9.588000297546386719e+00,-1.000000047497451305e-03,-4.000000189989805222e-03,7.000000216066837311e-03
4.186456429000000412e+01,8.900000154972076416e-02,7.400000095367431641e-02,-9.588000297546386719e+00,-1.000000047497451305e-03,-4.000000189989805222e-03,7.000000216066837311e-03
4.187390336400000024e+01,8.900000154972076416e-02,7.400000095367431641e-02,-9.588000297546386719e+00,-1.000000047497451305e-03,-4.000000189989805222e-03,7.000000216066837311e-03
4.188350253100000486e+01,5.099999904632568359e-02,1.700000092387199402e-02,-9.524999618530273438e+00,-2.000000094994902611e-03,-4.000000189989805222e-03,4.999999888241291046e-03
4.189358682700000003e+01,5.099999904632568359e-02,1.700000092387199402e-02,-9.524999618530273438e+00,-2.000000094994902611e-03,-4.000000189989805222e-03,4.999999888241291046e-03
4.190380064200000021e+01,7.500000298023223877e-02,1.700000092387199402e-02,-9.578000068664550781e+00,1.000000047497451305e-03,-3.000000026077032089e-03,6.000000052154064178e-03
4.191612801200000149e+01,7.500000298023223877e-02,1.700000092387199402e-02,-9.578000068664550781e+00,1.000000047497451305e-03,-3.000000026077032089e-03,6.000000052154064178e-03
4.192355517900000450e+01,1.369999945163726807e-01,3.099999949336051941e-02,-9.692999839782714844e+00,1.000000047497451305e-03,-2.000000094994902611e-03,6.000000052154064178e-03
4.193375417900000457e+01,1.369999945163726807e-01,3.099999949336051941e-02,-9.692999839782714844e+00,1.000000047497451305e-03,-2.000000094994902611e-03,6.000000052154064178e-03
4.194354271600000317e+01,1.369999945163726807e-01,3.099999949336051941e-02,-9.692999839782714844e+00,1.000000047497451305e-03,-2.000000094994902611e-03,6.000000052154064178e-03
4.195451323500000029e+01,1.369999945163726807e-01,3.099999949336051941e-02,-9.692999839782714844e+00,1.000000047497451305e-03,-2.000000094994902611e-03,6.000000052154064178e-03
4.196659345700000188e+01,1.369999945163726807e-01,7.400000095367431641e-02,-9.770000457763671875e+00,2.000000094994902611e-03,-3.000000026077032089e-03,6.000000052154064178e-03
4.197385284599999977e+01,1.369999945163726807e-01,7.400000095367431641e-02,-9.770000457763671875e+00,2.000000094994902611e-03,-3.000000026077032089e-03,6.000000052154064178e-03
4.417383436300000454e+01,2.759999930858612061e-01,1.360000073909759521e-01,-1.015299987792968750e+01,-1.000000047497451305e-03,3.299999982118606567e-02,-1.110000014305114746e-01
4.418396106700000558e+01,2.759999930858612061e-01,1.360000073909759521e-01,-1.015299987792968750e+01,-1.000000047497451305e-03,3.299999982118606567e-02,-1.110000014305114746e-01
4.419470501100000348e+01,-3.560000061988830566e-01,2.600000053644180298e-02,-1.089500045776367188e+01,8.999999612569808960e-03,-2.199999988079071045e-02,-5.000000074505805969e-02
4.420589243700000281e+01,-7.829999923706054688e-01,-1.560000032186508179e-01,-8.534000396728515625e+00,1.000000047497451305e-03,-2.400000020861625671e-02,5.900000035762786865e-02
4.421610053000000562e+01,-7.829999923706054688e-01,-1.560000032186508179e-01,-8.534000396728515625e+00,1.000000047497451305e-03,-2.400000020861625671e-02,5.900000035762786865e-02
4.422345980700000467e+01,5.339999794960021973e-01,-7.689999938011169434e-01,-8.055000305175781250e+00,-2.000000094994902611e-03,4.899999871850013733e-02,-3.400000184774398804e-02
4.423380110400000120e+01,5.339999794960021973e-01,-7.689999938011169434e-01,-8.055000305175781250e+00,-2.000000094994902611e-03,4.899999871850013733e-02,-3.400000184774398804e-02
4.424378480700000438e+01,4.620000123977661133e-01,1.889999955892562866e-01,-9.989999771118164062e+00,8.999999612569808960e-03,-2.199999988079071045e-02,-1.010000035166740417e-01
4.425570378900000179e+01,4.620000123977661133e-01,1.889999955892562866e-01,-9.989999771118164062e+00,8.999999612569808960e-03,-2.199999988079071045e-02,-1.010000035166740417e-01
4.426367117800000273e+01,4.620000123977661133e-01,1.889999955892562866e-01,-9.989999771118164062e+00,8.999999612569808960e-03,-2.199999988079071045e-02,-1.010000035166740417e-01
4.427364406699999932e+01,4.620000123977661133e-01,1.889999955892562866e-01,-9.989999771118164062e+00,8.999999612569808960e-03,-2.199999988079071045e-02,-1.010000035166740417e-01
4.428380271500000021e+01,-4.760000109672546387e-01,-4.769999980926513672e-01,-1.031999969482421875e+01,4.999999888241291046e-03,-8.000000379979610443e-03,2.400000020861625671e-02
4.429396067800000480e+01,-4.760000109672546387e-01,-4.769999980926513672e-01,-1.031999969482421875e+01,4.999999888241291046e-03,-8.000000379979610443e-03,2.400000020861625671e-02
4.430363234400000039e+01,-1.600000075995922089e-02,7.440000176429748535e-01,-9.788999557495117188e+00,-4.999999888241291046e-03,1.499999966472387314e-02,-1.600000075995922089e-02
4.431429110400000582e+01,-1.600000075995922089e-02,7.440000176429748535e-01,-9.788999557495117188e+00,-4.999999888241291046e-03,1.499999966472387314e-02,-1.600000075995922089e-02
4.432344412200000505e+01,3.089999854564666748e-01,-1.220000013709068298e-01,-9.458000183105468750e+00,2.000000094994902611e-03,4.000000189989805222e-03,-3.000000026077032089e-03
4.433392310400000014e+01,3.089999854564666748e-01,-1.220000013709068298e-01,-9.458000183105468750e+00,2.000000094994902611e-03,4.000000189989805222e-03,-3.000000026077032089e-03
4.434374641800000205e+01,-4.519999921321868896e-01,-3.000000026077032089e-03,-1.167500019073486328e+01,2.899999916553497314e-02,-8.000000379979610443e-03,-2.700000070035457611e-02
4.435411360400000547e+01,-4.519999921321868896e-01,-3.000000026077032089e-03,-1.167500019073486328e+01,2.899999916553497314e-02,-8.000000379979610443e-03,-2.700000070035457611e-02
4.436416714100000291e+01,-4.519999921321868896e-01,-3.000000026077032089e-03,-1.167500019073486328e+01,2.899999916553497314e-02,-8.000000379979610443e-03,-2.700000070035457611e-02
4.437340680700000206e+01,-1.098999977111816406e+00,2.194999933242797852e+00,-1.154599952697753906e+01,5.700000002980232239e-02,-4.500000178813934326e-02,-4.480000138282775879e-01
4.438377936300000215e+01,-1.098999977111816406e+00,2.194999933242797852e+00,-1.154599952697753906e+01,5.700000002980232239e-02,-4.500000178813934326e-02,-4.480000138282775879e-01
4.439375425200000080e+01,-2.253000020980834961e+00,2.262000083923339844e+00,-4.894999980926513672e+00,6.300000101327896118e-02,-5.299999937415122986e-02,-5.879999995231628418e-01
4.440383651100000151e+01,-2.496999979019165039e+00,1.917999982833862305e+00,-9.458000183105468750e+00,4.800000041723251343e-02,-5.299999937415122986e-02,-2.189999967813491821e-01
4.441526395500000035e+01,-2.496999979019165039e+00,1.917999982833862305e+00,-9.458000183105468750e+00,4.800000041723251343e-02,-5.299999937415122986e-02,-2.189999967813491821e-01
4.442360490000000084e+01,6.539999842643737793e-01,-3.713999986648559570e+00,-8.491000175476074219e+00,2.400000020861625671e-02,6.199999898672103882e-02,-3.129999935626983643e-01
4.443369634400000479e+01,6.539999842643737793e-01,-3.713999986648559570e+00,-8.491000175476074219e+00,2.400000020861625671e-02,6.199999898672103882e-02,-3.129999935626983643e-01
4.444362095500000009e+01,3.598999977111816406e+00,-2.391999959945678711e+00,-7.815999984741210938e+00,-3.099999949336051941e-02,1.410000026226043701e-01,-1.509999930858612061e-01
4.445437312199999980e+01,3.598999977111816406e+00,-2.391999959945678711e+00,-7.815999984741210938e+00,-3.099999949336051941e-02,1.410000026226043701e-01,-1.509999930858612061e-01
4.446370482600000429e+01,-1.169999986886978149e-01,2.588000059127807617e+00,-5.172999858856201172e+00,4.800000041723251343e-02,-2.099999971687793732e-02,-1.089999973773956299e-01
4.447371343700000068e+01,-1.169999986886978149e-01,2.588000059127807617e+00,-5.172999858856201172e+00,4.800000041723251343e-02,-2.099999971687793732e-02,-1.089999973773956299e-01
4.448388560400000102e+01,-2.721999883651733398e+00,1.634999990463256836e+00,-7.054999828338623047e+00,1.599999964237213135e-01,-3.070000112056732178e-01,-5.920000076293945312e-01
4.449383928900000029e+01,-2.721999883651733398e+00,1.634999990463256836e+00,-7.054999828338623047e+00,1.599999964237213135e-01,-3.070000112056732178e-01,-5.920000076293945312e-01
4.450387480700000253e+01,-1.410000026226043701e-01,-1.577999949455261230e+00,-9.395999908447265625e+00,-2.000000094994902611e-03,9.700000286102294922e-02,-5.709999799728393555e-01
4.451427114100000182e+01,-1.410000026226043701e-01,-1.577999949455261230e+00,-9.395999908447265625e+00,-2.000000094994902611e-03,9.700000286102294922e-02,-5.709999799728393555e-01
4.452368101100000075e+01,3.033999919891357422e+00,-3.551000118255615234e+00,-1.372000026702880859e+01,-2.600000053644180298e-02,1.899999976158142090e-01,-4.000000059604644775e-01
4.453413608500000009e+01,3.033999919891357422e+00,-3.551000118255615234e+00,-1.372000026702880859e+01,-2.600000053644180298e-02,1.899999976158142090e-01,-4.000000059604644775e-01
4.454381404800000155e+01,3.033999919891357422e+00,-3.551000118255615234e+00,-1.372000026702880859e+01,-2.600000053644180298e-02,1.899999976158142090e-01,-4.000000059604644775e-01
4.455413649200000492e+01,-3.099999949336051941e-02,8.690000176429748535e-01,-1.115299987792968750e+01,8.299999684095382690e-02,-1.209999993443489075e-01,-1.899999976158142090e-01
4.456396019600000358e+01,1.650000065565109253e-01,-3.379999995231628418e-01,-7.777999877929687500e+00,3.999999910593032837e-02,-8.299999684095382690e-02,-4.950000047683715820e-01
4.457355073300000470e+01,1.650000065565109253e-01,-3.379999995231628418e-01,-7.777999877929687500e+00,3.999999910593032837e-02,-8.299999684095382690e-02,-4.950000047683715820e-01
4.458369271500000508e+01,2.099999904632568359e+00,-2.631000041961669922e+00,-1.337500000000000000e+01,-1.799999922513961792e-02,1.580000072717666626e-01,-2.220000028610229492e-01
4.459393777000000370e+01,2.099999904632568359e+00,-2.631000041961669922e+00,-1.337500000000000000e+01,-1.799999922513961792e-02,1.580000072717666626e-01,-2.220000028610229492e-01
4.460598677000000123e+01,1.990000009536743164e+00,8.349999785423278809e-01,-1.156000041961669922e+01,-2.199999988079071045e-02,-5.200000107288360596e-02,4.600000008940696716e-02
4.461487649200000050e+01,1.990000009536743164e+00,8.349999785423278809e-01,-1.156000041961669922e+01,-2.199999988079071045e-02,-5.200000107288360596e-02,4.600000008940696716e-02
4.462350517800000205e+01,9.399999678134918213e-02,2.138000011444091797e+00,-1.363899993896484375e+01,1.000000047497451305e-03,2.000000094994902611e-03,1.230000033974647522e-01
4.463502908499999933e+01,9.399999678134918213e-02,2.138000011444091797e+00,-1.363899993896484375e+01,1.000000047497451305e-03,2.000000094994902611e-03,1.230000033974647522e-01
4.464361954800000376e+01,9.399999678134918213e-02,2.138000011444091797e+00,-1.363899993896484375e+01,1.000000047497451305e-03,2.000000094994902611e-03,1.230000033974647522e-01
4.465459264000000417e+01,9.399999678134918213e-02,2.138000011444091797e+00,-1.363899993896484375e+01,1.000000047497451305e-03,2.000000094994902611e-03,1.230000033974647522e-01
4.466363182599999959e+01,6.299999952316284180e-01,3.325000047683715820e+00,-3.486999988555908203e+00,-1.999999955296516418e-02,1.099999994039535522e-02,-6.199999898672103882e-02
4.467397165900000289e+01,6.299999952316284180e-01,3.325000047683715820e+00,-3.486999988555908203e+00,-1.999999955296516418e-02,1.099999994039535522e-02,-6.199999898672103882e-02
4.468364451100000423e+01,-1.600999951362609863e+00,9.459999799728393555e-01,-1.586999988555908203e+01,5.499999970197677612e-02,-4.999999888241291046e-03,-2.160000056028366089e-01
4.469352758500000533e+01,-1.600999951362609863e+00,9.459999799728393555e-01,-1.586999988555908203e+01,5.499999970197677612e-02,-4.999999888241291046e-03,-2.160000056028366089e-01
4.470380215900000564e+01,-1.098999977111816406e+00,1.376999974250793457e+00,-8.472000122070312500e+00,6.199999898672103882e-02,-1.299999952316284180e-01,-4.889999926090240479e-01
4.471414665900000074e+01,-1.098999977111816406e+00,1.376999974250793457e+00,-8.472000122070312500e+00,6.199999898672103882e-02,-1.299999952316284180e-01,-4.889999926090240479e-01
4.472338960300000110e+01,3.099999949336051941e-02,-6.489999890327453613e-01,-6.493999958038330078e+00,4.300000146031379700e-02,1.799999922513961792e-02,-4.639999866485595703e-01
4.473378436300000516e+01,3.099999949336051941e-02,-6.489999890327453613e-01,-6.493999958038330078e+00,4.300000146031379700e-02,1.799999922513961792e-02,-4.639999866485595703e-01
4.474383669600000246e+01,4.341000080108642578e+00,-5.211999893188476562e+00,-1.546800041198730469e+01,-2.300000004470348358e-02,1.720000058412551880e-01,-1.420000046491622925e-01
4.475458467700000398e+01,4.341000080108642578e+00,-5.211999893188476562e+00,-1.546800041198730469e+01,-2.300000004470348358e-02,1.720000058412551880e-01,-1.420000046491622925e-01
4.476375015900000420e+01,2.918999910354614258e+00,1.409999966621398926e+00,-4.889999866485595703e+00,-2.300000004470348358e-02,7.199999690055847168e-02,1.519999951124191284e-01
4.477346251100000529e+01,2.918999910354614258e+00,1.409999966621398926e+00,-4.889999866485595703e+00,-2.300000004470348358e-02,7.199999690055847168e-02,1.519999951124191284e-01
4.478377247400000272e+01,3.382999897003173828e+00,3.370000123977661133e-01,-1.184799957275390625e+01,2.000000094994902611e-03,8.999999612569808960e-03,5.700000002980232239e-02
4.479400686299999990e+01,3.382999897003173828e+00,3.370000123977661133e-01,-1.184799957275390625e+01,2.000000094994902611e-03,8.999999612569808960e-03,5.700000002980232239e-02
4.480351927000000245e+01,-2.305000066757202148e+00,-7.400000095367431641e-02,-8.892999649047851562e+00,2.500000037252902985e-02,-2.540000081062316895e-01,6.800000369548797607e-02
4.481361077000000392e+01,-2.305000066757202148e+00,-7.400000095367431641e-02,-8.892999649047851562e+00,2.500000037252902985e-02,-2.540000081062316895e-01,6.800000369548797607e-02
4.482349469600000447e+01,-2.305000066757202148e+00,-7.400000095367431641e-02,-8.892999649047851562e+00,2.500000037252902985e-02,-2.540000081062316895e-01,6.800000369548797607e-02
4.483352169600000536e+01,-2.305000066757202148e+00,-7.400000095367431641e-02,-8.892999649047851562e+00,2.500000037252902985e-02,-2.540000081062316895e-01,6.800000369548797607e-02
4.484384732600000234e+01,-2.750999927520751953e+00,1.434000015258789062e+00,-8.935999870300292969e+00,1.300000026822090149e-02,-2.400000020861625671e-02,-3.420000076293945312e-01
4.485559499200000033e+01,-2.750999927520751953e+00,1.434000015258789062e+00,-8.935999870300292969e+00,1.300000026822090149e-02,-2.400000020861625671e-02,-3.420000076293945312e-01
4.486409004800000133e+01,-2.305000066757202148e+00,2.036999940872192383e+00,-9.439000129699707031e+00,1.230000033974647522e-01,-1.990000009536743164e-01,-5.400000214576721191e-01
4.487366960300000329e+01,-2.305000066757202148e+00,2.036999940872192383e+00,-9.439000129699707031e+00,1.230000033974647522e-01,-1.990000009536743164e-01,-5.400000214576721191e-01
4.488367862200000502e+01,-2.305000066757202148e+00,2.036999940872192383e+00,-9.439000129699707031e+00,1.230000033974647522e-01,-1.990000009536743164e-01,-5.400000214576721191e-01
4.489379123300000174e+01,2.129999995231628418e-01,-4.153999805450439453e+00,-9.904000282287597656e+00,-2.600000053644180298e-02,1.749999970197677612e-01,-4.990000128746032715e-01
4.490478104800000381e+01,3.655999898910522461e+00,-7.530000209808349609e+00,-1.697100067138671875e+01,2.199999988079071045e-02,1.260000020265579224e-01,-2.649999856948852539e-01
4.491368280700000071e+01,3.655999898910522461e+00,-7.530000209808349609e+00,-1.697100067138671875e+01,2.199999988079071045e-02,1.260000020265579224e-01,-2.649999856948852539e-01
4.492374858500000556e+01,1.031999945640563965e+00,-5.000000074505805969e-02,-9.612000465393066406e+00,4.000000189989805222e-03,-7.100000232458114624e-02,-4.899999871850013733e-02
4.493605545500000176e+01,1.031999945640563965e+00,-5.000000074505805969e-02,-9.612000465393066406e+00,4.000000189989805222e-03,-7.100000232458114624e-02,-4.899999871850013733e-02
4.494351277000000522e+01,1.213999986648559570e+00,1.472000002861022949e+00,-7.576000213623046875e+00,-3.000000026077032089e-03,1.499999966472387314e-02,1.799999922513961792e-02
4.495389126999999974e+01,1.213999986648559570e+00,1.472000002861022949e+00,-7.576000213623046875e+00,-3.000000026077032089e-03,1.499999966472387314e-02,1.799999922513961792e-02
4.496387964000000181e+01,8.410000205039978027e-01,-1.175999999046325684e+00,-9.932000160217285156e+00,-3.000000026077032089e-03,-2.800000086426734924e-02,3.599999845027923584e-02
4.497346221400000132e+01,8.410000205039978027e-01,-1.175999999046325684e+00,-9.932000160217285156e+00,-3.000000026077032089e-03,-2.800000086426734924e-02,3.599999845027923584e-02
4.498424810300000587e+01,-5.289999842643737793e-01,4.429999887943267822e-01,-9.515999794006347656e+00,6.000000052154064178e-03,-3.099999949336051941e-02,4.399999976158142090e-02
4.499356778800000001e+01,-5.289999842643737793e-01,4.429999887943267822e-01,-9.515999794006347656e+00,6.000000052154064178e-03,-3.099999949336051941e-02,4.399999976158142090e-02
4.500510801100000435e+01,-3.039999902248382568e-01,5.720000267028808594e-01,-1.119200038909912109e+01,4.999999888241291046e-03,-6.000000052154064178e-03,5.600000172853469849e-02
4.501676306600000288e+01,-3.039999902248382568e-01,5.720000267028808594e-01,-1.119200038909912109e+01,4.999999888241291046e-03,-6.000000052154064178e-03,5.600000172853469849e-02
4.502345162200000317e+01,-2.129999995231628418e-01,-2.560000121593475342e-01,-8.338000297546386719e+00,1.200000010430812836e-02,-1.499999966472387314e-02,4.100000113248825073e-02
4.503438660300000151e+01,-2.129999995231628418e-01,-2.560000121593475342e-01,-8.338000297546386719e+00,1.200000010430812836e-02,-1.499999966472387314e-02,4.100000113248825073e-02
4.504359865900000415e+01,-2.129999995231628418e-01,-2.560000121593475342e-01,-8.338000297546386719e+00,1.200000010430812836e-02,-1.499999966472387314e-02,4.100000113248825073e-02
4.505380101100000445e+01,-2.319999933242797852e+00,1.055999994277954102e+00,-1.027700042724609375e+01,5.400000140070915222e-02,-6.199999898672103882e-02,-1.500000059604644775e-01
4.506438545500000004e+01,-2.319999933242797852e+00,1.055999994277954102e+00,-1.027700042724609375e+01,5.400000140070915222e-02,-6.199999898672103882e-02,-1.500000059604644775e-01
4.507359051100000613e+01,-2.319999933242797852e+00,1.055999994277954102e+00,-1.027700042724609375e+01,5.400000140070915222e-02,-6.199999898672103882e-02,-1.500000059604644775e-01
4.508361930699999931e+01,-1.351999998092651367e+00,1.965999960899353027e+00,-8.338000297546386719e+00,4.500000178813934326e-02,-6.499999761581420898e-02,-3.989999890327453613e-01
4.509381019599999973e+01,-4.950000047683715820e-01,1.700000092387199402e-02,-1.030099964141845703e+01,3.400000184774398804e-02,5.900000035762786865e-02,-5.130000114440917969e-01
4.510445575100000326e+01,-4.950000047683715820e-01,1.700000092387199402e-02,-1.030099964141845703e+01,3.400000184774398804e-02,5.900000035762786865e-02,-5.130000114440917969e-01
4.511624265900000097e+01,1.509999930858612061e-01,4.620000123977661133e-01,-9.491999626159667969e+00,5.400000140070915222e-02,2.000000094994902611e-03,-5.630000233650207520e-01
4.512360880700000365e+01,4.379999935626983643e-01,6.679999828338623047e-01,-8.883999824523925781e+00,2.600000053644180298e-02,1.700000092387199402e-02,-5.059999823570251465e-01
4.513348578800000155e+01,4.379999935626983643e-01,6.679999828338623047e-01,-8.883999824523925781e+00,2.600000053644180298e-02,1.700000092387199402e-02,-5.059999823570251465e-01
4.514385371400000224e+01,4.379999935626983643e-01,6.679999828338623047e-01,-8.883999824523925781e+00,2.600000053644180298e-02,1.700000092387199402e-02,-5.059999823570251465e-01
4.515416164000000521e+01,2.890000104904174805e+00,-4.934999942779541016e+00,-1.196300029754638672e+01,4.399999976158142090e-02,-3.400000184774398804e-02,-3.429999947547912598e-01
4.516447602899999936e+01,2.095000028610229492e+00,-1.754999995231628418e+00,-8.472000122070312500e+00,3.400000184774398804e-02,-2.500000037252902985e-02,-2.319999933242797852e-01
4.517448252900000227e+01,2.095000028610229492e+00,-1.754999995231628418e+00,-8.472000122070312500e+00,3.400000184774398804e-02,-2.500000037252902985e-02,-2.319999933242797852e-01
4.518361323300000265e+01,3.321000099182128906e+00,-2.362999916076660156e+00,-8.553000450134277344e+00,4.999999888241291046e-03,1.030000001192092896e-01,-8.900000154972076416e-02
4.519391627000000256e+01,3.321000099182128906e+00,-2.362999916076660156e+00,-8.553000450134277344e+00,4.999999888241291046e-03,1.030000001192092896e-01,-8.900000154972076416e-02
4.520545023300000054e+01,7.500000298023223877e-02,2.545000076293945312e+00,-9.319000244140625000e+00,2.000000094994902611e-03,-1.040000021457672119e-01,4.399999976158142090e-02
4.521639775100000236e+01,7.500000298023223877e-02,2.545000076293945312e+00,-9.319000244140625000e+00,2.000000094994902611e-03,-1.040000021457672119e-01,4.399999976158142090e-02
4.522342756600000513e+01,-4.810000061988830566e-01,7.879999876022338867e-01,-9.232999801635742188e+00,1.499999966472387314e-02,8.000000379979610443e-03,-7.299999892711639404e-02
4.523400999200000427e+01,-4.810000061988830566e-01,7.879999876022338867e-01,-9.232999801635742188e+00,1.499999966472387314e-02,8.000000379979610443e-03,-7.299999892711639404e-02
4.524358297300000231e+01,-5.189999938011169434e-01,7.160000205039978027e-01,-1.409399986267089844e+01,4.699999839067459106e-02,-5.700000002980232239e-02,-2.599999904632568359e-01
4.525963391800000579e+01,-5.189999938011169434e-01,7.160000205039978027e-01,-1.409399986267089844e+01,4.699999839067459106e-02,-5.700000002980232239e-02,-2.599999904632568359e-01
4.526430064000000186e+01,-5.189999938011169434e-01,7.160000205039978027e-01,-1.409399986267089844e+01,4.699999839067459106e-02,-5.700000002980232239e-02,-2.599999904632568359e-01
4.527352382500000516e+01,1.328999996185302734e+00,1.401000022888183594e+00,-1.592300033569335938e+01,2.899999916553497314e-02,-3.500000014901161194e-02,-1.150000020861625671e-01
4.528365491800000342e+01,1.726999998092651367e+00,-1.276000022888183594e+00,-1.515200042724609375e+01,-1.799999922513961792e-02,1.509999930858612061e-01,3.720000088214874268e-01
4.529403051000000602e+01,1.726999998092651367e+00,-1.276000022888183594e+00,-1.515200042724609375e+01,-1.799999922513961792e-02,1.509999930858612061e-01,3.720000088214874268e-01
4.530518801000000195e+01,1.726999998092651367e+00,-1.276000022888183594e+00,-1.515200042724609375e+01,-1.799999922513961792e-02,1.509999930858612061e-01,3.720000088214874268e-01
4.531431508500000405e+01,1.726999998092651367e+00,-1.276000022888183594e+00,-1.515200042724609375e+01,-1.799999922513961792e-02,1.509999930858612061e-01,3.720000088214874268e-01
4.762379647200000221e+01,3.052999973297119141e+00,-7.160000205039978027e-01,-1.487899971008300781e+01,6.599999964237213135e-02,1.159999966621398926e-01,-5.059999823570251465e-01
4.763418145400000014e+01,3.052999973297119141e+00,-7.160000205039978027e-01,-1.487899971008300781e+01,6.599999964237213135e-02,1.159999966621398926e-01,-5.059999823570251465e-01
4.764412375000000566e+01,3.052999973297119141e+00,-7.160000205039978027e-01,-1.487899971008300781e+01,6.599999964237213135e-02,1.159999966621398926e-01,-5.059999823570251465e-01
4.765428373099999959e+01,3.052999973297119141e+00,-7.160000205039978027e-01,-1.487899971008300781e+01,6.599999964237213135e-02,1.159999966621398926e-01,-5.059999823570251465e-01
4.767058678700000485e+01,-8.690000176429748535e-01,3.420000076293945312e-01,-8.213000297546386719e+00,8.000000379979610443e-03,-1.260000020265579224e-01,2.000000094994902611e-03
4.767357639800000157e+01,-8.690000176429748535e-01,3.420000076293945312e-01,-8.213000297546386719e+00,8.000000379979610443e-03,-1.260000020265579224e-01,2.000000094994902611e-03
4.768352341599999988e+01,-8.690000176429748535e-01,3.420000076293945312e-01,-8.213000297546386719e+00,8.000000379979610443e-03,-1.260000020265579224e-01,2.000000094994902611e-03
4.769542025000000507e+01,-8.690000176429748535e-01,3.420000076293945312e-01,-8.213000297546386719e+00,8.000000379979610443e-03,-1.260000020265579224e-01,2.000000094994902611e-03
4.770640478700000386e+01,-9.449999928474426270e-01,1.083999991416931152e+00,-8.246999740600585938e+00,-2.700000070035457611e-02,-1.700000092387199402e-02,3.700000047683715820e-02
4.771500243500000238e+01,-9.449999928474426270e-01,1.083999991416931152e+00,-8.246999740600585938e+00,-2.700000070035457611e-02,-1.700000092387199402e-02,3.700000047683715820e-02
4.772538393500000353e+01,-5.479999780654907227e-01,1.169999986886978149e-01,-8.553000450134277344e+00,4.999999888241291046e-03,2.899999916553497314e-02,4.999999888241291046e-03
4.773405678700000010e+01,-5.479999780654907227e-01,1.169999986886978149e-01,-8.553000450134277344e+00,4.999999888241291046e-03,2.899999916553497314e-02,4.999999888241291046e-03
4.774362073100000003e+01,-1.360000073909759521e-01,-3.429999947547912598e-01,-8.156000137329101562e+00,2.000000094994902611e-03,-1.400000043213367462e-02,1.099999994039535522e-02
4.775428736100000293e+01,-1.360000073909759521e-01,-3.429999947547912598e-01,-8.156000137329101562e+00,2.000000094994902611e-03,-1.400000043213367462e-02,1.099999994039535522e-02
4.776415228700000171e+01,-1.360000073909759521e-01,-3.429999947547912598e-01,-8.156000137329101562e+00,2.000000094994902611e-03,-1.400000043213367462e-02,1.099999994039535522e-02
4.777382334200000003e+01,-1.360000073909759521e-01,-3.429999947547912598e-01,-8.156000137329101562e+00,2.000000094994902611e-03,-1.400000043213367462e-02,1.099999994039535522e-02
4.778524325000000061e+01,-4.909999966621398926e-01,1.629999995231628418e+00,-1.003800010681152344e+01,3.700000047683715820e-02,-7.100000232458114624e-02,-1.070000007748603821e-01
4.779446413900000579e+01,-4.909999966621398926e-01,1.629999995231628418e+00,-1.003800010681152344e+01,3.700000047683715820e-02,-7.100000232458114624e-02,-1.070000007748603821e-01
4.780425987899999996e+01,-4.909999966621398926e-01,1.629999995231628418e+00,-1.003800010681152344e+01,3.700000047683715820e-02,-7.100000232458114624e-02,-1.070000007748603821e-01
4.781538417600000201e+01,2.520000040531158447e-01,-2.849999964237213135e-01,-1.043999958038330078e+01,3.400000184774398804e-02,2.899999916553497314e-02,-8.900000154972076416e-02
4.782440662000000486e+01,2.520000040531158447e-01,-2.849999964237213135e-01,-1.043999958038330078e+01,3.400000184774398804e-02,2.899999916553497314e-02,-8.900000154972076416e-02
4.783401330500000626e+01,2.129999995231628418e-01,-1.410000026226043701e-01,-1.097200012207031250e+01,1.400000043213367462e-02,-2.800000086426734924e-02,-1.539999991655349731e-01
4.784376730500000008e+01,7.900000363588333130e-02,-5.529999732971191406e-01,-9.640000343322753906e+00,1.499999966472387314e-02,1.300000026822090149e-02,-1.449999958276748657e-01
4.785417284200000410e+01,7.900000363588333130e-02,-5.529999732971191406e-01,-9.640000343322753906e+00,1.499999966472387314e-02,1.300000026822090149e-02,-1.449999958276748657e-01
4.786446306400000594e+01,1.324000000953674316e+00,-1.659000039100646973e+00,-1.037800025939941406e+01,-9.999999776482582092e-03,3.099999949336051941e-02,-1.180000007152557373e-01
4.787609297200000213e+01,1.324000000953674316e+00,-1.659000039100646973e+00,-1.037800025939941406e+01,-9.999999776482582092e-03,3.099999949336051941e-02,-1.180000007152557373e-01
4.788346771300000171e+01,9.459999799728393555e-01,9.070000052452087402e-01,-8.380999565124511719e+00,-8.999999612569808960e-03,2.999999932944774628e-02,5.999999865889549255e-02
4.789410043500000569e+01,9.459999799728393555e-01,9.070000052452087402e-01,-8.380999565124511719e+00,-8.999999612569808960e-03,2.999999932944774628e-02,5.999999865889549255e-02
4.790460373100000169e+01,3.140000104904174805e-01,-2.370000034570693970e-01,-1.012399959564208984e+01,3.000000026077032089e-03,-4.800000041723251343e-02,3.700000047683715820e-02
4.791447052700000597e+01,3.140000104904174805e-01,-2.370000034570693970e-01,-1.012399959564208984e+01,3.000000026077032089e-03,-4.800000041723251343e-02,3.700000047683715820e-02
4.792419854599999951e+01,-2.147000074386596680e+00,1.860000014305114746e+00,-5.407000064849853516e+00,7.999999821186065674e-02,-3.900000080466270447e-02,-9.099999815225601196e-02
4.793371452700000646e+01,-2.147000074386596680e+00,1.860000014305114746e+00,-5.407000064849853516e+00,7.999999821186065674e-02,-3.900000080466270447e-02,-9.099999815225601196e-02
4.794355247200000036e+01,-2.147000074386596680e+00,1.860000014305114746e+00,-5.407000064849853516e+00,7.999999821186065674e-02,-3.900000080466270447e-02,-9.099999815225601196e-02
4.795366115700000620e+01,-2.401000022888183594e+00,1.496000051498413086e+00,-5.646999835968017578e+00,6.400000303983688354e-02,-6.800000369548797607e-02,-6.449999809265136719e-01
4.796728212000000013e+01,-2.401000022888183594e+00,1.496000051498413086e+00,-5.646999835968017578e+00,6.400000303983688354e-02,-6.800000369548797607e-02,-6.449999809265136719e-01
4.797351702699999976e+01,2.230000048875808716e-01,4.569999873638153076e-01,-1.192399978637695312e+01,2.400000020861625671e-02,7.400000095367431641e-02,-5.440000295639038086e-01
4.798378802700000278e+01,2.230000048875808716e-01,4.569999873638153076e-01,-1.192399978637695312e+01,2.400000020861625671e-02,7.400000095367431641e-02,-5.440000295639038086e-01
4.799368760100000486e+01,2.230000048875808716e-01,4.569999873638153076e-01,-1.192399978637695312e+01,2.400000020861625671e-02,7.400000095367431641e-02,-5.440000295639038086e-01
4.800357537900000438e+01,1.026999950408935547e+00,2.573999881744384766e+00,-9.491999626159667969e+00,-3.400000184774398804e-02,1.000000047497451305e-03,1.819999963045120239e-01
4.801379810100000611e+01,1.026999950408935547e+00,2.573999881744384766e+00,-9.491999626159667969e+00,-3.400000184774398804e-02,1.000000047497451305e-03,1.819999963045120239e-01
4.802362621300000001e+01,2.138000011444091797e+00,2.799000024795532227e+00,-1.166100025177001953e+01,-3.000000026077032089e-03,5.700000002980232239e-02,1.049999967217445374e-01
4.803365617500000440e+01,2.138000011444091797e+00,2.799000024795532227e+00,-1.166100025177001953e+01,-3.000000026077032089e-03,5.700000002980232239e-02,1.049999967217445374e-01
4.804393286100000182e+01,2.138000011444091797e+00,2.799000024795532227e+00,-1.166100025177001953e+01,-3.000000026077032089e-03,5.700000002980232239e-02,1.049999967217445374e-01
4.805395975000000419e+01,2.138000011444091797e+00,2.799000024795532227e+00,-1.166100025177001953e+01,-3.000000026077032089e-03,5.700000002980232239e-02,1.049999967217445374e-01
4.806686941600000296e+01,-7.200000286102294922e-01,-1.899000048637390137e+00,-1.018599987030029297e+01,-2.800000086426734924e-02,-5.600000172853469849e-02,1.790000051259994507e-01
4.807560097200000371e+01,-7.200000286102294922e-01,-1.899000048637390137e+00,-1.018599987030029297e+01,-2.800000086426734924e-02,-5.600000172853469849e-02,1.790000051259994507e-01
4.808344686100000587e+01,4.580000042915344238e-01,-5.199999809265136719e-01,-9.510999679565429688e+00,8.999999612569808960e-03,6.400000303983688354e-02,-1.379999965429306030e-01
4.809413821200000427e+01,4.580000042915344238e-01,-5.199999809265136719e-01,-9.510999679565429688e+00,8.999999612569808960e-03,6.400000303983688354e-02,-1.379999965429306030e-01
4.810370197200000320e+01,4.580000042915344238e-01,-5.199999809265136719e-01,-9.510999679565429688e+00,8.999999612569808960e-03,6.400000303983688354e-02,-1.379999965429306030e-01
4.811662687900000179e+01,4.580000042915344238e-01,-5.199999809265136719e-01,-9.510999679565429688e+00,8.999999612569808960e-03,6.400000303983688354e-02,-1.379999965429306030e-01
4.812417613800000282e+01,-7.870000004768371582e-01,8.790000081062316895e-01,-9.645000457763671875e+00,-8.000000379979610443e-03,-4.100000113248825073e-02,2.199999988079071045e-02
4.813392202700000411e+01,-7.870000004768371582e-01,8.790000081062316895e-01,-9.645000457763671875e+00,-8.000000379979610443e-03,-4.100000113248825073e-02,2.199999988079071045e-02
4.814381823100000446e+01,-2.269999980926513672e-01,-3.619999885559082031e-01,-9.074999809265136719e+00,1.000000047497451305e-03,1.700000092387199402e-02,1.499999966472387314e-02
4.815461971200000590e+01,-2.269999980926513672e-01,-3.619999885559082031e-01,-9.074999809265136719e+00,1.000000047497451305e-03,1.700000092387199402e-02,1.499999966472387314e-02
4.816656795300000482e+01,3.810000121593475342e-01,1.599999964237213135e-01,-9.291000366210937500e+00,1.000000047497451305e-03,8.999999612569808960e-03,4.999999888241291046e-03
4.817528034200000064e+01,3.810000121593475342e-01,1.599999964237213135e-01,-9.291000366210937500e+00,1.000000047497451305e-03,8.999999612569808960e-03,4.999999888241291046e-03
4.818351149000000078e+01,3.810000121593475342e-01,1.599999964237213135e-01,-9.291000366210937500e+00,1.000000047497451305e-03,8.999999612569808960e-03,4.999999888241291046e-03
4.819365495300000646e+01,3.810000121593475342e-01,1.599999964237213135e-01,-9.291000366210937500e+00,1.000000047497451305e-03,8.999999612569808960e-03,4.999999888241291046e-03
4.820354876800000454e+01,-8.799999952316284180e-02,-2.129999995231628418e-01,-9.630999565124511719e+00,-1.000000047497451305e-03,-1.400000043213367462e-02,8.999999612569808960e-03
4.821420143499999966e+01,-8.799999952316284180e-02,-2.129999995231628418e-01,-9.630999565124511719e+00,-1.000000047497451305e-03,-1.400000043213367462e-02,8.999999612569808960e-03
4.822465180500000059e+01,-8.799999952316284180e-02,-2.129999995231628418e-01,-9.630999565124511719e+00,-1.000000047497451305e-03,-1.400000043213367462e-02,8.999999612569808960e-03
4.823399102700000185e+01,-8.799999952316284180e-02,-2.129999995231628418e-01,-9.630999565124511719e+00,-1.000000047497451305e-03,-1.400000043213367462e-02,8.999999612569808960e-03
4.824465674900000067e+01,3.379999995231628418e-01,-1.200000010430812836e-02,-9.989999771118164062e+00,2.000000094994902611e-03,1.000000047497451305e-03,8.000000379979610443e-03
4.825454643500000174e+01,3.379999995231628418e-01,-1.200000010430812836e-02,-9.989999771118164062e+00,2.000000094994902611e-03,1.000000047497451305e-03,8.000000379979610443e-03
4.826730710100000010e+01,-5.499999970197677612e-02,1.030000001192092896e-01,-9.913000106811523438e+00,-3.000000026077032089e-03,-1.099999994039535522e-02,6.000000052154064178e-03
4.827578871200000066e+01,-5.499999970197677612e-02,1.030000001192092896e-01,-9.913000106811523438e+00,-3.000000026077032089e-03,-1.099999994039535522e-02,6.000000052154064178e-03
4.828378799000000043e+01,-2.099999971687793732e-02,1.220000013709068298e-01,-9.706999778747558594e+00,-1.000000047497451305e-03,-3.000000026077032089e-03,8.000000379979610443e-03
4.829406352700000582e+01,-2.099999971687793732e-02,1.220000013709068298e-01,-9.706999778747558594e+00,-1.000000047497451305e-03,-3.000000026077032089e-03,8.000000379979610443e-03
4.830362036100000012e+01,2.280000001192092896e-01,5.999999865889549255e-02,-9.682999610900878906e+00,-2.000000094994902611e-03,3.000000026077032089e-03,7.000000216066837311e-03
4.831649223100000512e+01,2.280000001192092896e-01,5.999999865889549255e-02,-9.682999610900878906e+00,-2.000000094994902611e-03,3.000000026077032089e-03,7.000000216066837311e-03
4.832364215700000187e+01,-7.000000216066837311e-03,9.799999743700027466e-02,-9.387000083923339844e+00,-2.000000094994902611e-03,-6.000000052154064178e-03,6.000000052154064178e-03
4.833363949000000304e+01,-7.000000216066837311e-03,9.799999743700027466e-02,-9.387000083923339844e+00,-2.000000094994902611e-03,-6.000000052154064178e-03,6.000000052154064178e-03
4.834381360100000080e+01,-7.000000216066837311e-03,9.799999743700027466e-02,-9.387000083923339844e+00,-2.000000094994902611e-03,-6.000000052154064178e-03,6.000000052154064178e-03
4.835358997200000175e+01,-7.000000216066837311e-03,9.799999743700027466e-02,-9.387000083923339844e+00,-2.000000094994902611e-03,-6.000000052154064178e-03,6.000000052154064178e-03
4.836797904600000209e+01,1.650000065565109253e-01,1.120000034570693970e-01,-9.510999679565429688e+00,-2.000000094994902611e-03,1.000000047497451305e-03,6.000000052154064178e-03
4.837392376800000449e+01,1.650000065565109253e-01,1.120000034570693970e-01,-9.510999679565429688e+00,-2.000000094994902611e-03,1.000000047497451305e-03,6.000000052154064178e-03
4.838420089699999949e+01,1.129999980330467224e-01,3.099999949336051941e-02,-9.630999565124511719e+00,-1.000000047497451305e-03,-2.000000094994902611e-03,7.000000216066837311e-03
4.839451045300000231e+01,1.129999980330467224e-01,3.099999949336051941e-02,-9.630999565124511719e+00,-1.000000047497451305e-03,-2.000000094994902611e-03,7.000000216066837311e-03
4.840432917500000087e+01,1.129999980330467224e-01,3.099999949336051941e-02,-9.630999565124511719e+00,-1.000000047497451305e-03,-2.000000094994902611e-03,7.000000216066837311e-03
4.841529028600000117e+01,1.129999980330467224e-01,3.099999949336051941e-02,-9.630999565124511719e+00,-1.000000047497451305e-03,-2.000000094994902611e-03,7.000000216066837311e-03
4.842402234200000066e+01,1.270000040531158447e-01,1.550000011920928955e-01,-9.869999885559082031e+00,1.000000047497451305e-03,0.000000000000000000e+00,7.000000216066837311e-03
4.843773917500000437e+01,1.270000040531158447e-01,1.550000011920928955e-01,-9.869999885559082031e+00,1.000000047497451305e-03,0.000000000000000000e+00,7.000000216066837311e-03
4.844373302700000039e+01,1.420000046491622925e-01,1.220000013709068298e-01,-9.803000450134277344e+00,-1.000000047497451305e-03,-2.000000094994902611e-03,7.000000216066837311e-03
4.845526380500000130e+01,1.420000046491622925e-01,1.220000013709068298e-01,-9.803000450134277344e+00,-1.000000047497451305e-03,-2.000000094994902611e-03,7.000000216066837311e-03
4.846661006400000105e+01,1.700000092387199402e-02,5.999999865889549255e-02,-9.616000175476074219e+00,1.000000047497451305e-03,-4.000000189989805222e-03,8.000000379979610443e-03
4.847565552700000069e+01,1.700000092387199402e-02,5.999999865889549255e-02,-9.616000175476074219e+00,1.000000047497451305e-03,-4.000000189989805222e-03,8.000000379979610443e-03
4.848364815700000463e+01,4.600000008940696716e-02,2.099999971687793732e-02,-9.409999847412109375e+00,-1.000000047497451305e-03,-2.000000094994902611e-03,6.000000052154064178e-03
4.849389041600000638e+01,4.600000008940696716e-02,2.099999971687793732e-02,-9.409999847412109375e+00,-1.000000047497451305e-03,-2.000000094994902611e-03,6.000000052154064178e-03
4.850433530500000501e+01,1.030000001192092896e-01,-3.000000026077032089e-03,-9.434000015258789062e+00,-1.000000047497451305e-03,-2.000000094994902611e-03,6.000000052154064178e-03
4.851688073100000054e+01,1.030000001192092896e-01,-3.000000026077032089e-03,-9.434000015258789062e+00,-1.000000047497451305e-03,-2.000000094994902611e-03,6.000000052154064178e-03
4.852386628600000051e+01,1.030000001192092896e-01,-3.000000026077032089e-03,-9.434000015258789062e+00,-1.000000047497451305e-03,-2.000000094994902611e-03,6.000000052154064178e-03
4.853395797099999953e+01,1.030000001192092896e-01,-3.000000026077032089e-03,-9.434000015258789062e+00,-1.000000047497451305e-03,-2.000000094994902611e-03,6.000000052154064178e-03
4.854400780499999968e+01,5.999999865889549255e-02,7.900000363588333130e-02,-9.727000236511230469e+00,-2.000000094994902611e-03,-1.000000047497451305e-03,8.000000379979610443e-03
4.855402015700000362e+01,5.999999865889549255e-02,7.900000363588333130e-02,-9.727000236511230469e+00,-2.000000094994902611e-03,-1.000000047497451305e-03,8.000000379979610443e-03
4.856479739699999953e+01,1.889999955892562866e-01,1.169999986886978149e-01,-9.850999832153320312e+00,-1.000000047497451305e-03,-1.000000047497451305e-03,7.000000216066837311e-03
4.857497582300000261e+01,1.889999955892562866e-01,1.169999986886978149e-01,-9.850999832153320312e+00,-1.000000047497451305e-03,-1.000000047497451305e-03,7.000000216066837311e-03
4.858365762000000387e+01,7.000000029802322388e-02,1.889999955892562866e-01,-9.907999992370605469e+00,1.000000047497451305e-03,-3.000000026077032089e-03,6.000000052154064178e-03
4.859353593400000193e+01,7.000000029802322388e-02,1.889999955892562866e-01,-9.907999992370605469e+00,1.000000047497451305e-03,-3.000000026077032089e-03,6.000000052154064178e-03
4.860988517500000228e+01,5.499999970197677612e-02,1.749999970197677612e-01,-9.826999664306640625e+00,-1.000000047497451305e-03,-3.000000026077032089e-03,7.000000216066837311e-03
4.861841612000000623e+01,5.499999970197677612e-02,1.749999970197677612e-01,-9.826999664306640625e+00,-1.000000047497451305e-03,-3.000000026077032089e-03,7.000000216066837311e-03
4.862375791600000241e+01,1.080000028014183044e-01,8.399999886751174927e-02,-9.612000465393066406e+00,-2.000000094994902611e-03,-2.000000094994902611e-03,7.000000216066837311e-03
4.863511563800000204e+01,1.080000028014183044e-01,8.399999886751174927e-02,-9.612000465393066406e+00,-2.000000094994902611e-03,-2.000000094994902611e-03,7.000000216066837311e-03
4.864355545300000472e+01,5.499999970197677612e-02,2.600000053644180298e-02,-9.454000473022460938e+00,-1.000000047497451305e-03,-4.000000189989805222e-03,7.000000216066837311e-03
4.865401045300000504e+01,5.499999970197677612e-02,2.600000053644180298e-02,-9.454000473022460938e+00,-1.000000047497451305e-03,-4.000000189989805222e-03,7.000000216066837311e-03
4.866972949000000170e+01,3.099999949336051941e-02,-3.000000026077032089e-03,-9.395999908447265625e+00,-1.000000047497451305e-03,-2.000000094994902611e-03,8.999999612569808960e-03
4.867421384200000034e+01,3.099999949336051941e-02,-3.000000026077032089e-03,-9.395999908447265625e+00,-1.000000047497451305e-03,-2.000000094994902611e-03,8.999999612569808960e-03
4.868430484200000308e+01,3.099999949336051941e-02,-3.000000026077032089e-03,-9.395999908447265625e+00,-1.000000047497451305e-03,-2.000000094994902611e-03,8.999999612569808960e-03
4.869407367500000561e+01,7.500000298023223877e-02,3.599999845027923584e-02,-9.463000297546386719e+00,-2.000000094994902611e-03,-1.000000047497451305e-03,7.000000216066837311e-03
4.870550710100000202e+01,7.500000298023223877e-02,3.599999845027923584e-02,-9.463000297546386719e+00,-2.000000094994902611e-03,-1.000000047497451305e-03,7.000000216066837311e-03
4.871536247100000594e+01,7.500000298023223877e-02,3.599999845027923584e-02,-9.463000297546386719e+00,-2.000000094994902611e-03,-1.000000047497451305e-03,7.000000216066837311e-03
4.872380295300000341e+01,6.499999761581420898e-02,1.889999955892562866e-01,-9.826999664306640625e+00,-1.000000047497451305e-03,-2.000000094994902611e-03,7.000000216066837311e-03
4.873414950800000156e+01,6.499999761581420898e-02,1.889999955892562866e-01,-9.826999664306640625e+00,-1.000000047497451305e-03,-2.000000094994902611e-03,7.000000216066837311e-03
4.874377141600000130e+01,8.399999886751174927e-02,1.790000051259994507e-01,-9.951999664306640625e+00,-1.000000047497451305e-03,-2.000000094994902611e-03,7.000000216066837311e-03
4.875438149000000010e+01,8.399999886751174927e-02,1.790000051259994507e-01,-9.951999664306640625e+00,-1.000000047497451305e-03,-2.000000094994902611e-03,7.000000216066837311e-03
5.245435974700000514e+01,-4.995999813079833984e+00,3.536000013351440430e+00,-1.029199981689453125e+01,1.430000066757202148e-01,-2.700000107288360596e-01,-5.600000023841857910e-01
5.246918798800000161e+01,-3.809000015258789062e+00,-3.967000007629394531e+00,-1.047399997711181641e+01,2.600000053644180298e-02,2.500000037252902985e-02,-4.320000112056732178e-01
5.247836656200000505e+01,-3.809000015258789062e+00,-3.967000007629394531e+00,-1.047399997711181641e+01,2.600000053644180298e-02,2.500000037252902985e-02,-4.320000112056732178e-01
5.248409672800000436e+01,-3.809000015258789062e+00,-3.967000007629394531e+00,-1.047399997711181641e+01,2.600000053644180298e-02,2.500000037252902985e-02,-4.320000112056732178e-01
5.249438330200000280e+01,-3.809000015258789062e+00,-3.967000007629394531e+00,-1.047399997711181641e+01,2.600000053644180298e-02,2.500000037252902985e-02,-4.320000112056732178e-01
5.250436537700000628e+01,-3.809000015258789062e+00,-3.967000007629394531e+00,-1.047399997711181641e+01,2.600000053644180298e-02,2.500000037252902985e-02,-4.320000112056732178e-01
5.251852739500000666e+01,2.670000076293945312e+00,1.664000034332275391e+00,-8.649000167846679688e+00,-6.000000052154064178e-03,2.010000050067901611e-01,5.400000140070915222e-02
5.252393652500000343e+01,2.670000076293945312e+00,1.664000034332275391e+00,-8.649000167846679688e+00,-6.000000052154064178e-03,2.010000050067901611e-01,5.400000140070915222e-02
5.253441898800000587e+01,2.809000015258789062e+00,-1.774000048637390137e+00,-1.347599983215332031e+01,9.999999776482582092e-03,-1.809999942779541016e-01,-1.539999991655349731e-01
5.254356261700000630e+01,2.809000015258789062e+00,-1.774000048637390137e+00,-1.347599983215332031e+01,9.999999776482582092e-03,-1.809999942779541016e-01,-1.539999991655349731e-01
5.255476869100000670e+01,1.927999973297119141e+00,4.860000014305114746e-01,-1.086100006103515625e+01,6.000000052154064178e-03,6.100000068545341492e-02,-5.900000035762786865e-02
5.256791806200000394e+01,1.927999973297119141e+00,4.860000014305114746e-01,-1.086100006103515625e+01,6.000000052154064178e-03,6.100000068545341492e-02,-5.900000035762786865e-02
5.257426798800000256e+01,7.400000095367431641e-01,1.246999979019165039e+00,-1.208699989318847656e+01,1.899999938905239105e-02,-4.800000041723251343e-02,-1.260000020265579224e-01
5.258475572800000464e+01,7.400000095367431641e-01,1.246999979019165039e+00,-1.208699989318847656e+01,1.899999938905239105e-02,-4.800000041723251343e-02,-1.260000020265579224e-01
5.259359898800000366e+01,-3.179999887943267822e-01,2.800000011920928955e-01,-1.343799972534179688e+01,6.000000052154064178e-03,-3.799999877810478210e-02,-1.949999928474426270e-01
5.260414239500000377e+01,-3.179999887943267822e-01,2.800000011920928955e-01,-1.343799972534179688e+01,6.000000052154064178e-03,-3.799999877810478210e-02,-1.949999928474426270e-01
5.261498589500000378e+01,-3.179999887943267822e-01,2.800000011920928955e-01,-1.343799972534179688e+01,6.000000052154064178e-03,-3.799999877810478210e-02,-1.949999928474426270e-01
5.262372785800000230e+01,-3.918999910354614258e+00,-4.530000090599060059e-01,-3.984999895095825195e+00,2.600000053644180298e-02,-8.100000023841857910e-02,1.999999955296516418e-02
5.263367045100000041e+01,-2.132999897003173828e+00,4.239999949932098389e-01,-7.901999950408935547e+00,-4.000000189989805222e-03,3.000000026077032089e-03,-1.230000033974647522e-01
5.264399687600000277e+01,-2.132999897003173828e+00,4.239999949932098389e-01,-7.901999950408935547e+00,-4.000000189989805222e-03,3.000000026077032089e-03,-1.230000033974647522e-01
5.265376254300000625e+01,-5.000000074505805969e-02,2.717000007629394531e+00,-1.399300003051757812e+01,3.999999910593032837e-02,6.199999898672103882e-02,-6.300000101327896118e-02
5.266469009900000486e+01,-5.000000074505805969e-02,2.717000007629394531e+00,-1.399300003051757812e+01,3.999999910593032837e-02,6.199999898672103882e-02,-6.300000101327896118e-02
5.267421643200000148e+01,-1.739999949932098389e-01,7.400000095367431641e-02,-3.104000091552734375e+00,4.000000189989805222e-03,1.700000092387199402e-02,-1.940000057220458984e-01
5.268419039500000167e+01,-1.739999949932098389e-01,7.400000095367431641e-02,-3.104000091552734375e+00,4.000000189989805222e-03,1.700000092387199402e-02,-1.940000057220458984e-01
5.269357295000000363e+01,4.149000167846679688e+00,1.506000041961669922e+00,-1.157499980926513672e+01,3.000000026077032089e-03,7.999999821186065674e-02,-3.000000026077032089e-03
5.270395906200000269e+01,3.382999897003173828e+00,-1.654999971389770508e+00,-9.659000396728515625e+00,9.999999776482582092e-03,3.599999845027923584e-02,-2.790000140666961670e-01
5.271570272800000367e+01,3.382999897003173828e+00,-1.654999971389770508e+00,-9.659000396728515625e+00,9.999999776482582092e-03,3.599999845027923584e-02,-2.790000140666961670e-01
5.272388289500000269e+01,-7.000000216066837311e-03,-2.448999881744384766e+00,-8.640000343322753906e+00,4.000000189989805222e-03,-7.900000363588333130e-02,-2.230000048875808716e-01
5.273403246900000596e+01,-7.000000216066837311e-03,-2.448999881744384766e+00,-8.640000343322753906e+00,4.000000189989805222e-03,-7.900000363588333130e-02,-2.230000048875808716e-01
5.274374504300000410e+01,-7.000000216066837311e-03,-2.448999881744384766e+00,-8.640000343322753906e+00,4.000000189989805222e-03,-7.900000363588333130e-02,-2.230000048875808716e-01
5.275404459900000376e+01,2.610000073909759521e-01,5.149999856948852539e-01,-1.111499977111816406e+01,1.899999938905239105e-02,-7.000000029802322388e-02,1.299999952316284180e-01
5.276609733900000521e+01,-1.600000075995922089e-02,-6.010000109672546387e-01,-8.883999824523925781e+00,-2.400000020861625671e-02,7.400000095367431641e-02,2.039999961853027344e-01
5.277703608000000202e+01,-1.600000075995922089e-02,-6.010000109672546387e-01,-8.883999824523925781e+00,-2.400000020861625671e-02,7.400000095367431641e-02,2.039999961853027344e-01
5.278502800600000455e+01,-1.600000075995922089e-02,-6.010000109672546387e-01,-8.883999824523925781e+00,-2.400000020861625671e-02,7.400000095367431641e-02,2.039999961853027344e-01
5.279384969100000546e+01,-1.975000023841857910e+00,-3.429999947547912598e-01,-9.362999916076660156e+00,-2.400000020861625671e-02,-1.199999973177909851e-01,4.600000008940696716e-02
5.280368406200000209e+01,-1.975000023841857910e+00,-3.429999947547912598e-01,-9.362999916076660156e+00,-2.400000020861625671e-02,-1.199999973177909851e-01,4.600000008940696716e-02
5.281560076500000633e+01,-3.756000041961669922e+00,4.311999797821044922e+00,-9.984999656677246094e+00,2.899999916553497314e-02,1.899999938905239105e-02,-2.230000048875808716e-01
5.282451669100000657e+01,-3.756000041961669922e+00,4.311999797821044922e+00,-9.984999656677246094e+00,2.899999916553497314e-02,1.899999938905239105e-02,-2.230000048875808716e-01
5.283404019100000681e+01,-3.799000024795532227e+00,2.569000005722045898e+00,-1.043500041961669922e+01,5.700000002980232239e-02,-4.999999888241291046e-03,-5.329999923706054688e-01
5.284392285800000622e+01,-3.799000024795532227e+00,2.569000005722045898e+00,-1.043500041961669922e+01,5.700000002980232239e-02,-4.999999888241291046e-03,-5.329999923706054688e-01
5.285609111700000540e+01,-3.799000024795532227e+00,2.569000005722045898e+00,-1.043500041961669922e+01,5.700000002980232239e-02,-4.999999888241291046e-03,-5.329999923706054688e-01
5.286568758000000656e+01,-1.271000027656555176e+00,-4.600000008940696716e-02,-8.682999610900878906e+00,7.199999690055847168e-02,7.999999821186065674e-02,-7.609999775886535645e-01
5.287471013600000447e+01,-1.271000027656555176e+00,-4.600000008940696716e-02,-8.682999610900878906e+00,7.199999690055847168e-02,7.999999821186065674e-02,-7.609999775886535645e-01
5.288350152400000326e+01,-1.271000027656555176e+00,-4.600000008940696716e-02,-8.682999610900878906e+00,7.199999690055847168e-02,7.999999821186065674e-02,-7.609999775886535645e-01
5.289559867300000207e+01,-1.271000027656555176e+00,-4.600000008940696716e-02,-8.682999610900878906e+00,7.199999690055847168e-02,7.999999821186065674e-02,-7.609999775886535645e-01
5.290524095000000671e+01,-1.271000027656555176e+00,-4.600000008940696716e-02,-8.682999610900878906e+00,7.199999690055847168e-02,7.999999821186065674e-02,-7.609999775886535645e-01
5.291426845000000156e+01,1.304999947547912598e+00,-1.103999972343444824e+00,-8.118000030517578125e+00,-1.000000047497451305e-03,4.899999871850013733e-02,-3.179999887943267822e-01
5.292344759800000276e+01,1.304999947547912598e+00,-1.103999972343444824e+00,-8.118000030517578125e+00,-1.000000047497451305e-03,4.899999871850013733e-02,-3.179999887943267822e-01
5.293411448700000221e+01,1.932000041007995605e+00,-1.271000027656555176e+00,-9.515999794006347656e+00,2.000000094994902611e-03,5.799999833106994629e-02,3.000000026077032089e-03
5.294453509800000290e+01,1.932000041007995605e+00,-1.271000027656555176e+00,-9.515999794006347656e+00,2.000000094994902611e-03,5.799999833106994629e-02,3.000000026077032089e-03
5.295580080200000594e+01,3.519999980926513672e-01,1.993999958038330078e+00,-9.093999862670898438e+00,-1.099999994039535522e-02,-4.899999871850013733e-02,3.599999845027923584e-02
5.296568582100000100e+01,3.519999980926513672e-01,1.993999958038330078e+00,-9.093999862670898438e+00,-1.099999994039535522e-02,-4.899999871850013733e-02,3.599999845027923584e-02
5.297441633900000113e+01,3.153000116348266602e+00,-1.203999996185302734e+00,-7.821000099182128906e+00,-1.000000047497451305e-03,5.600000172853469849e-02,8.799999952316284180e-02
5.298355802400000414e+01,1.970999956130981445e+00,-6.869999766349792480e-01,-1.187699985504150391e+01,-2.099999971687793732e-02,-1.600000075995922089e-02,4.800000041723251343e-02
5.299360882100000225e+01,1.970999956130981445e+00,-6.869999766349792480e-01,-1.187699985504150391e+01,-2.099999971687793732e-02,-1.600000075995922089e-02,4.800000041723251343e-02
5.300457935800000087e+01,-5.139999985694885254e-01,1.328999996185302734e+00,-1.019600009918212891e+01,-4.000000189989805222e-03,-6.899999827146530151e-02,6.100000068545341492e-02
5.301699126500000148e+01,-5.139999985694885254e-01,1.328999996185302734e+00,-1.019600009918212891e+01,-4.000000189989805222e-03,-6.899999827146530151e-02,6.100000068545341492e-02
5.302693056100000035e+01,-5.139999985694885254e-01,1.328999996185302734e+00,-1.019600009918212891e+01,-4.000000189989805222e-03,-6.899999827146530151e-02,6.100000068545341492e-02
5.303439652400000170e+01,-4.670000076293945312e-01,1.509999930858612061e-01,-1.072700023651123047e+01,4.999999888241291046e-03,-2.199999988079071045e-02,-3.999999910593032837e-02
5.304385045000000076e+01,-4.670000076293945312e-01,1.509999930858612061e-01,-1.072700023651123047e+01,4.999999888241291046e-03,-2.199999988079071045e-02,-3.999999910593032837e-02
5.305389446900000650e+01,-3.370000123977661133e-01,1.016999959945678711e+00,-9.449000358581542969e+00,1.499999966472387314e-02,5.000000074505805969e-02,5.000000074505805969e-02
5.306487532100000237e+01,-3.370000123977661133e-01,1.016999959945678711e+00,-9.449000358581542969e+00,1.499999966472387314e-02,5.000000074505805969e-02,5.000000074505805969e-02
5.307408798700000574e+01,1.026999950408935547e+00,-3.429999947547912598e-01,-1.640600013732910156e+01,-1.700000092387199402e-02,-1.499999966472387314e-02,8.000000379979610443e-03
5.308366954300000629e+01,1.026999950408935547e+00,-3.429999947547912598e-01,-1.640600013732910156e+01,-1.700000092387199402e-02,-1.499999966472387314e-02,8.000000379979610443e-03
5.309369621000000450e+01,1.026999950408935547e+00,-3.429999947547912598e-01,-1.640600013732910156e+01,-1.700000092387199402e-02,-1.499999966472387314e-02,8.000000379979610443e-03
5.310481296900000103e+01,-2.635999917984008789e+00,8.450000286102294922e-01,-6.455999851226806641e+00,-8.999999612569808960e-03,-8.500000089406967163e-02,-1.790000051259994507e-01
5.311610441300000218e+01,-2.635999917984008789e+00,8.450000286102294922e-01,-6.455999851226806641e+00,-8.999999612569808960e-03,-8.500000089406967163e-02,-1.790000051259994507e-01
5.312638456100000184e+01,-2.635999917984008789e+00,8.450000286102294922e-01,-6.455999851226806641e+00,-8.999999612569808960e-03,-8.500000089406967163e-02,-1.790000051259994507e-01
5.313344174700000622e+01,-1.404999971389770508e+00,1.174999952316284180e+00,-1.027700042724609375e+01,4.100000113248825073e-02,8.999999612569808960e-03,-1.620000004768371582e-01
5.314465802400000172e+01,-1.404999971389770508e+00,1.174999952316284180e+00,-1.027700042724609375e+01,4.100000113248825073e-02,8.999999612569808960e-03,-1.620000004768371582e-01
5.315348345000000307e+01,-1.404999971389770508e+00,1.174999952316284180e+00,-1.027700042724609375e+01,4.100000113248825073e-02,8.999999612569808960e-03,-1.620000004768371582e-01
5.316608472800000129e+01,2.280000001192092896e-01,-2.660000026226043701e-01,-1.157999992370605469e+01,1.400000043213367462e-02,2.099999971687793732e-02,-3.009999990463256836e-01
5.317397176500000455e+01,2.186000108718872070e+00,-2.253000020980834961e+00,-1.119200038909912109e+01,2.000000094994902611e-03,1.180000007152557373e-01,-1.340000033378601074e-01
5.318464891300000374e+01,2.186000108718872070e+00,-2.253000020980834961e+00,-1.119200038909912109e+01,2.000000094994902611e-03,1.180000007152557373e-01,-1.340000033378601074e-01
5.319348774600000240e+01,1.261999964714050293e+00,6.489999890327453613e-01,-1.229800033569335938e+01,6.899999827146530151e-02,-9.499999880790710449e-02,-2.720000147819519043e-01
5.320432506100000580e+01,1.261999964714050293e+00,6.489999890327453613e-01,-1.229800033569335938e+01,6.899999827146530151e-02,-9.499999880790710449e-02,-2.720000147819519043e-01
5.321747719100000040e+01,-2.042000055313110352e+00,4.967999935150146484e+00,-8.151000022888183594e+00,4.300000146031379700e-02,-6.599999964237213135e-02,-6.850000023841857910e-01
5.322565995000000072e+01,-2.042000055313110352e+00,4.967999935150146484e+00,-8.151000022888183594e+00,4.300000146031379700e-02,-6.599999964237213135e-02,-6.850000023841857910e-01
5.323398345000000376e+01,-3.599999845027923584e-02,-1.975000023841857910e+00,-1.040600013732910156e+01,3.700000047683715820e-02,1.250000000000000000e-01,-5.870000123977661133e-01
5.324380126500000188e+01,-3.599999845027923584e-02,-1.975000023841857910e+00,-1.040600013732910156e+01,3.700000047683715820e-02,1.250000000000000000e-01,-5.870000123977661133e-01
5.325349559800000065e+01,1.855999946594238281e+00,-7.689999938011169434e-01,-9.788999557495117188e+00,4.800000041723251343e-02,1.899999938905239105e-02,-4.289999902248382568e-01
5.326381748700000429e+01,3.379999995231628418e-01,2.179999947547912598e-01,-1.316499996185302734e+01,6.400000303983688354e-02,1.200000010430812836e-02,-3.230000138282775879e-01
5.327641106100000457e+01,3.379999995231628418e-01,2.179999947547912598e-01,-1.316499996185302734e+01,6.400000303983688354e-02,1.200000010430812836e-02,-3.230000138282775879e-01
5.328431756100000172e+01,1.669000029563903809e+00,-1.764999985694885254e+00,-8.501000404357910156e+00,2.000000094994902611e-03,-4.100000113248825073e-02,-2.150000035762786865e-01
5.329351665400000115e+01,1.669000029563903809e+00,-1.764999985694885254e+00,-8.501000404357910156e+00,2.000000094994902611e-03,-4.100000113248825073e-02,-2.150000035762786865e-01
5.330487333900000380e+01,3.019000053405761719e+00,-1.060999989509582520e+00,-1.163700008392333984e+01,3.000000026077032089e-03,7.199999690055847168e-02,7.299999892711639404e-02
5.331386698700000437e+01,3.019000053405761719e+00,-1.060999989509582520e+00,-1.163700008392333984e+01,3.000000026077032089e-03,7.199999690055847168e-02,7.299999892711639404e-02
5.332412487600000617e+01,3.019000053405761719e+00,-1.060999989509582520e+00,-1.163700008392333984e+01,3.000000026077032089e-03,7.199999690055847168e-02,7.299999892711639404e-02
5.333358283900000174e+01,5.730000138282775879e-01,2.138000011444091797e+00,-7.926000118255615234e+00,-2.500000037252902985e-02,-2.300000004470348358e-02,2.000000029802322388e-01
5.334362598700000291e+01,5.730000138282775879e-01,2.138000011444091797e+00,-7.926000118255615234e+00,-2.500000037252902985e-02,-2.300000004470348358e-02,2.000000029802322388e-01
5.335353859800000009e+01,1.564000010490417480e+00,3.759999871253967285e-01,-1.028699970245361328e+01,9.999999776482582092e-03,-4.199999943375587463e-02,-1.529999971389770508e-01
5.336532146900000129e+01,1.564000010490417480e+00,3.759999871253967285e-01,-1.028699970245361328e+01,9.999999776482582092e-03,-4.199999943375587463e-02,-1.529999971389770508e-01
5.337715733900000004e+01,3.140000104904174805e-01,-1.256999969482421875e+00,-8.352000236511230469e+00,3.000000026077032089e-03,3.700000047683715820e-02,-3.030000030994415283e-01
5.338622752400000593e+01,3.140000104904174805e-01,-1.256999969482421875e+00,-8.352000236511230469e+00,3.000000026077032089e-03,3.700000047683715820e-02,-3.030000030994415283e-01
5.339552967200000211e+01,-2.247999906539916992e+00,-1.046000003814697266e+00,-5.953000068664550781e+00,5.900000035762786865e-02,-1.420000046491622925e-01,1.589999943971633911e-01
5.340352730200000053e+01,-2.247999906539916992e+00,-1.046000003814697266e+00,-5.953000068664550781e+00,5.900000035762786865e-02,-1.420000046491622925e-01,1.589999943971633911e-01
5.341459572800000188e+01,-2.927999973297119141e+00,8.349999785423278809e-01,-5.770999908447265625e+00,-1.799999922513961792e-02,1.400000043213367462e-02,-1.589999943971633911e-01
5.342414687600000178e+01,-1.950999975204467773e+00,1.889999955892562866e-01,-6.269000053405761719e+00,3.099999949336051941e-02,7.000000029802322388e-02,-2.049999982118606567e-01
5.343730933900000224e+01,-1.950999975204467773e+00,1.889999955892562866e-01,-6.269000053405761719e+00,3.099999949336051941e-02,7.000000029802322388e-02,-2.049999982118606567e-01
5.344355911700000661e+01,3.759999871253967285e-01,-2.039999961853027344e-01,-8.869000434875488281e+00,1.899999938905239105e-02,-8.999999612569808960e-03,-9.099999815225601196e-02
5.345447633900000284e+01,3.759999871253967285e-01,-2.039999961853027344e-01,-8.869000434875488281e+00,1.899999938905239105e-02,-8.999999612569808960e-03,-9.099999815225601196e-02
5.346389183900000575e+01,3.759999871253967285e-01,-2.039999961853027344e-01,-8.869000434875488281e+00,1.899999938905239105e-02,-8.999999612569808960e-03,-9.099999815225601196e-02
5.347556861700000042e+01,-1.233000040054321289e+00,2.674000024795532227e+00,-7.231999874114990234e+00,2.600000053644180298e-02,-6.499999761581420898e-02,-3.750000000000000000e-01
5.348362696900000657e+01,-1.233000040054321289e+00,2.674000024795532227e+00,-7.231999874114990234e+00,2.600000053644180298e-02,-6.499999761581420898e-02,-3.750000000000000000e-01
5.349378995000000003e+01,6.299999952316284180e-01,-9.549999833106994629e-01,-9.248000144958496094e+00,3.500000014901161194e-02,8.200000226497650146e-02,-3.659999966621398926e-01
5.350351417200000270e+01,6.299999952316284180e-01,-9.549999833106994629e-01,-9.248000144958496094e+00,3.500000014901161194e-02,8.200000226497650146e-02,-3.659999966621398926e-01
5.351516791300000619e+01,1.070999979972839355e+00,-5.630000233650207520e-01,-7.940000057220458984e+00,2.899999916553497314e-02,6.800000369548797607e-02,-2.549999952316284180e-01
5.352470720900000600e+01,1.070999979972839355e+00,-5.630000233650207520e-01,-7.940000057220458984e+00,2.899999916553497314e-02,6.800000369548797607e-02,-2.549999952316284180e-01
5.353360802400000296e+01,1.070999979972839355e+00,-5.630000233650207520e-01,-7.940000057220458984e+00,2.899999916553497314e-02,6.800000369548797607e-02,-2.549999952316284180e-01
5.354367365400000267e+01,1.439000010490417480e+00,-8.209999799728393555e-01,-9.645000457763671875e+00,4.000000189989805222e-03,1.400000043213367462e-02,-3.799999877810478210e-02
5.355434987600000341e+01,1.439000010490417480e+00,-8.209999799728393555e-01,-9.645000457763671875e+00,4.000000189989805222e-03,1.400000043213367462e-02,-3.799999877810478210e-02
5.356359356100000468e+01,2.520000040531158447e-01,5.910000205039978027e-01,-9.717000007629394531e+00,4.000000189989805222e-03,-9.499999880790710449e-02,-3.299999982118606567e-02
5.357476000600000532e+01,2.520000040531158447e-01,5.910000205039978027e-01,-9.717000007629394531e+00,4.000000189989805222e-03,-9.499999880790710449e-02,-3.299999982118606567e-02
5.358457367200000476e+01,2.520000040531158447e-01,5.910000205039978027e-01,-9.717000007629394531e+00,4.000000189989805222e-03,-9.499999880790710449e-02,-3.299999982118606567e-02
5.646408300400000257e+01,1.180999994277954102e+00,8.159999847412109375e-01,-9.894000053405761719e+00,7.699999958276748657e-02,-5.200000107288360596e-02,-5.759999752044677734e-01
5.647460565200000104e+01,1.180999994277954102e+00,8.159999847412109375e-01,-9.894000053405761719e+00,7.699999958276748657e-02,-5.200000107288360596e-02,-5.759999752044677734e-01
5.648507374500000111e+01,-3.759999871253967285e-01,9.409999847412109375e-01,-9.262000083923339844e+00,1.010000035166740417e-01,-8.799999952316284180e-02,-6.629999876022338867e-01
5.649386031900000660e+01,-3.759999871253967285e-01,9.409999847412109375e-01,-9.262000083923339844e+00,1.010000035166740417e-01,-8.799999952316284180e-02,-6.629999876022338867e-01
5.650473600400000151e+01,8.690000176429748535e-01,-2.750000059604644775e-01,-1.222099971771240234e+01,1.499999966472387314e-02,-7.000000216066837311e-03,-6.990000009536743164e-01
5.651402394800000195e+01,8.690000176429748535e-01,-2.750000059604644775e-01,-1.222099971771240234e+01,1.499999966472387314e-02,-7.000000216066837311e-03,-6.990000009536743164e-01
5.652402754100000237e+01,2.190999984741210938e+00,-1.654999971389770508e+00,-1.481700038909912109e+01,4.800000041723251343e-02,7.000000029802322388e-02,-5.540000200271606445e-01
5.653382437400000526e+01,2.190999984741210938e+00,-1.654999971389770508e+00,-1.481700038909912109e+01,4.800000041723251343e-02,7.000000029802322388e-02,-5.540000200271606445e-01
5.654494222600000342e+01,1.371999979019165039e+00,4.950000047683715820e-01,-1.564500045776367188e+01,5.700000002980232239e-02,-1.300000026822090149e-02,-3.330000042915344238e-01
5.655407630000000552e+01,8.019999861717224121e-01,6.340000033378601074e-01,-1.108199977874755859e+01,-3.000000026077032089e-03,-2.500000037252902985e-02,-4.050000011920928955e-01
5.656401268900000190e+01,8.019999861717224121e-01,6.340000033378601074e-01,-1.108199977874755859e+01,-3.000000026077032089e-03,-2.500000037252902985e-02,-4.050000011920928955e-01
5.657520733700000193e+01,8.019999861717224121e-01,6.340000033378601074e-01,-1.108199977874755859e+01,-3.000000026077032089e-03,-2.500000037252902985e-02,-4.050000011920928955e-01
5.658366326300000537e+01,7.070000171661376953e-01,1.083999991416931152e+00,-1.600399971008300781e+01,4.300000146031379700e-02,5.999999865889549255e-02,-1.990000009536743164e-01
5.659388668900000141e+01,7.070000171661376953e-01,1.083999991416931152e+00,-1.600399971008300781e+01,4.300000146031379700e-02,5.999999865889549255e-02,-1.990000009536743164e-01
5.660389091100000059e+01,-8.159999847412109375e-01,1.740000009536743164e+00,-1.452499961853027344e+01,7.599999755620956421e-02,-1.949999928474426270e-01,-3.670000135898590088e-01
5.661688154100000503e+01,2.924000024795532227e+00,1.476999998092651367e+00,-1.465900039672851562e+01,2.000000094994902611e-03,1.129999980330467224e-01,-4.620000123977661133e-01
5.662397715200000192e+01,2.924000024795532227e+00,1.476999998092651367e+00,-1.465900039672851562e+01,2.000000094994902611e-03,1.129999980330467224e-01,-4.620000123977661133e-01
5.663417465200000578e+01,8.913999557495117188e+00,9.259999990463256836e-01,-1.204399967193603516e+01,-2.899999916553497314e-02,4.690000116825103760e-01,-4.070000052452087402e-01
5.664389741100000464e+01,8.913999557495117188e+00,9.259999990463256836e-01,-1.204399967193603516e+01,-2.899999916553497314e-02,4.690000116825103760e-01,-4.070000052452087402e-01
5.665411435600000090e+01,6.280000209808349609e+00,-2.726999998092651367e+00,1.162500000000000000e+01,5.700000002980232239e-02,-2.129999995231628418e-01,-4.230000078678131104e-01
5.666589794800000135e+01,6.280000209808349609e+00,-2.726999998092651367e+00,1.162500000000000000e+01,5.700000002980232239e-02,-2.129999995231628418e-01,-4.230000078678131104e-01
5.667518546700000570e+01,6.280000209808349609e+00,-2.726999998092651367e+00,1.162500000000000000e+01,5.700000002980232239e-02,-2.129999995231628418e-01,-4.230000078678131104e-01
5.668382883700000008e+01,3.388000011444091797e+00,1.223000049591064453e+00,-2.280900001525878906e+01,5.600000172853469849e-02,-7.199999690055847168e-02,-3.919999897480010986e-01
5.669437193000000264e+01,2.039999961853027344e-01,3.179999887943267822e-01,-1.034399986267089844e+01,-7.000000216066837311e-03,-7.599999755620956421e-02,4.000000189989805222e-03
5.670397267000000596e+01,2.039999961853027344e-01,3.179999887943267822e-01,-1.034399986267089844e+01,-7.000000216066837311e-03,-7.599999755620956421e-02,4.000000189989805222e-03
5.671557339300000677e+01,-1.790000051259994507e-01,-5.199999809265136719e-01,-8.131999969482421875e+00,-2.099999971687793732e-02,1.899999938905239105e-02,1.190000027418136597e-01
5.672682504100000500e+01,-1.790000051259994507e-01,-5.199999809265136719e-01,-8.131999969482421875e+00,-2.099999971687793732e-02,1.899999938905239105e-02,1.190000027418136597e-01
5.673702793000000355e+01,-1.790000051259994507e-01,-5.199999809265136719e-01,-8.131999969482421875e+00,-2.099999971687793732e-02,1.899999938905239105e-02,1.190000027418136597e-01
5.674357626300000135e+01,5.960000157356262207e-01,5.720000267028808594e-01,-1.069900035858154297e+01,-7.000000216066837311e-03,1.999999955296516418e-02,1.529999971389770508e-01
5.675350718900000402e+01,5.960000157356262207e-01,5.720000267028808594e-01,-1.069900035858154297e+01,-7.000000216066837311e-03,1.999999955296516418e-02,1.529999971389770508e-01
5.676584794800000111e+01,8.500000238418579102e-01,6.499999761581420898e-02,-1.010999965667724609e+01,6.000000052154064178e-03,1.099999994039535522e-02,7.000000216066837311e-03
5.677582905900000299e+01,8.500000238418579102e-01,6.499999761581420898e-02,-1.010999965667724609e+01,6.000000052154064178e-03,1.099999994039535522e-02,7.000000216066837311e-03
5.678418243000000132e+01,4.909999966621398926e-01,-1.609999984502792358e-01,-8.112999916076660156e+00,-1.200000010430812836e-02,-3.000000026077032089e-03,-2.999999932944774628e-02
5.679374089200000242e+01,4.909999966621398926e-01,-1.609999984502792358e-01,-8.112999916076660156e+00,-1.200000010430812836e-02,-3.000000026077032089e-03,-2.999999932944774628e-02
5.680354128100000111e+01,-1.123000025749206543e+00,2.269999980926513672e-01,-1.116300010681152344e+01,-9.999999776482582092e-03,-3.999999910593032837e-02,5.600000172853469849e-02
5.681658518900000132e+01,-1.123000025749206543e+00,2.269999980926513672e-01,-1.116300010681152344e+01,-9.999999776482582092e-03,-3.999999910593032837e-02,5.600000172853469849e-02
5.682475441100000069e+01,-2.600000053644180298e-02,-7.500000000000000000e-01,-1.030599975585937500e+01,3.000000026077032089e-03,2.600000053644180298e-02,1.700000017881393433e-01
5.683428604100000570e+01,-2.600000053644180298e-02,-7.500000000000000000e-01,-1.030599975585937500e+01,3.000000026077032089e-03,2.600000053644180298e-02,1.700000017881393433e-01
5.684352594800000702e+01,-1.050999999046325684e+00,-5.671999931335449219e+00,-4.147999763488769531e+00,1.799999922513961792e-02,-1.030000001192092896e-01,6.599999964237213135e-02
5.685385728100000335e+01,-1.050999999046325684e+00,-5.671999931335449219e+00,-4.147999763488769531e+00,1.799999922513961792e-02,-1.030000001192092896e-01,6.599999964237213135e-02
5.686829248500000489e+01,-1.050999999046325684e+00,-5.671999931335449219e+00,-4.147999763488769531e+00,1.799999922513961792e-02,-1.030000001192092896e-01,6.599999964237213135e-02
5.687394978100000031e+01,-1.050999999046325684e+00,-5.671999931335449219e+00,-4.147999763488769531e+00,1.799999922513961792e-02,-1.030000001192092896e-01,6.599999964237213135e-02
5.688370315200000249e+01,-2.732000112533569336e+00,9.890000224113464355e-01,-8.437999725341796875e+00,8.299999684095382690e-02,-8.900000154972076416e-02,-1.550000011920928955e-01
5.689630281800000233e+01,-2.732000112533569336e+00,9.890000224113464355e-01,-8.437999725341796875e+00,8.299999684095382690e-02,-8.900000154972076416e-02,-1.550000011920928955e-01
5.690645787400000444e+01,-3.483000040054321289e+00,6.299999952316284180e-01,-1.597999954223632812e+01,-1.000000047497451305e-03,1.400000005960464478e-01,-3.510000109672546387e-01
5.691410063300000388e+01,-3.483000040054321289e+00,6.299999952316284180e-01,-1.597999954223632812e+01,-1.000000047497451305e-03,1.400000005960464478e-01,-3.510000109672546387e-01
5.692372930000000508e+01,-4.810000061988830566e-01,2.908999919891357422e+00,-3.200000047683715820e+00,6.899999827146530151e-02,-7.999999821186065674e-02,-3.409999907016754150e-01
5.693414965200000211e+01,-4.810000061988830566e-01,2.908999919891357422e+00,-3.200000047683715820e+00,6.899999827146530151e-02,-7.999999821186065674e-02,-3.409999907016754150e-01
5.694460487400000659e+01,-1.059999942779541016e+00,3.810000121593475342e-01,-1.117700004577636719e+01,7.699999958276748657e-02,9.499999880790710449e-02,-5.299999713897705078e-01
5.695359607800000390e+01,-1.059999942779541016e+00,3.810000121593475342e-01,-1.117700004577636719e+01,7.699999958276748657e-02,9.499999880790710449e-02,-5.299999713897705078e-01
5.696436987400000618e+01,-6.050000190734863281e-01,2.569000005722045898e+00,-8.888999938964843750e+00,1.260000020265579224e-01,-1.070000007748603821e-01,-6.110000014305114746e-01
5.697811046600000395e+01,-6.050000190734863281e-01,2.569000005722045898e+00,-8.888999938964843750e+00,1.260000020265579224e-01,-1.070000007748603821e-01,-6.110000014305114746e-01
5.698608970700000498e+01,-1.065000057220458984e+00,-7.900000363588333130e-02,-1.030599975585937500e+01,1.089999973773956299e-01,3.099999949336051941e-02,-6.420000195503234863e-01
5.699366337400000049e+01,-1.065000057220458984e+00,-7.900000363588333130e-02,-1.030599975585937500e+01,1.089999973773956299e-01,3.099999949336051941e-02,-6.420000195503234863e-01
5.700383902200000108e+01,-4.569999873638153076e-01,-1.998999953269958496e+00,-1.171399974822998047e+01,1.190000027418136597e-01,6.100000068545341492e-02,-6.079999804496765137e-01
5.701877267000000415e+01,-2.560000121593475342e-01,-4.909999966621398926e-01,-8.635000228881835938e+00,9.099999815225601196e-02,2.800000086426734924e-02,-5.310000181198120117e-01
5.702494580000000468e+01,-2.560000121593475342e-01,-4.909999966621398926e-01,-8.635000228881835938e+00,9.099999815225601196e-02,2.800000086426734924e-02,-5.310000181198120117e-01
5.703359683700000460e+01,-2.560000121593475342e-01,-4.909999966621398926e-01,-8.635000228881835938e+00,9.099999815225601196e-02,2.800000086426734924e-02,-5.310000181198120117e-01
5.704368033700000495e+01,-8.500000238418579102e-01,2.989999949932098389e-01,-9.286000251770019531e+00,3.400000184774398804e-02,4.699999839067459106e-02,-4.239999949932098389e-01
5.705399631800000293e+01,-8.500000238418579102e-01,2.989999949932098389e-01,-9.286000251770019531e+00,3.400000184774398804e-02,4.699999839067459106e-02,-4.239999949932098389e-01
5.706366441100000486e+01,-5.999999865889549255e-02,-4.329999983310699463e-01,-9.093999862670898438e+00,-2.600000053644180298e-02,7.199999690055847168e-02,-3.409999907016754150e-01
5.707518337400000519e+01,-5.999999865889549255e-02,-4.329999983310699463e-01,-9.093999862670898438e+00,-2.600000053644180298e-02,7.199999690055847168e-02,-3.409999907016754150e-01
5.708347165200000006e+01,8.309999704360961914e-01,-1.700000017881393433e-01,-1.205799961090087891e+01,-3.200000151991844177e-02,3.400000184774398804e-02,-2.409999966621398926e-01
5.709375402200000593e+01,8.309999704360961914e-01,-1.700000017881393433e-01,-1.205799961090087891e+01,-3.200000151991844177e-02,3.400000184774398804e-02,-2.409999966621398926e-01
5.710404080000000704e+01,-1.870000004768371582e+00,5.099999904632568359e-01,-7.489999771118164062e+00,6.100000068545341492e-02,-3.999999910593032837e-02,-1.829999983310699463e-01
5.711650498500000595e+01,-1.870000004768371582e+00,5.099999904632568359e-01,-7.489999771118164062e+00,6.100000068545341492e-02,-3.999999910593032837e-02,-1.829999983310699463e-01
5.712479265200000356e+01,-7.490000128746032715e-01,-2.560000121593475342e-01,-8.189000129699707031e+00,1.099999994039535522e-02,2.199999988079071045e-02,-2.980000078678131104e-01
5.713413767000000121e+01,-7.490000128746032715e-01,-2.560000121593475342e-01,-8.189000129699707031e+00,1.099999994039535522e-02,2.199999988079071045e-02,-2.980000078678131104e-01
5.714467681800000065e+01,-2.989999949932098389e-01,-7.730000019073486328e-01,-7.787000179290771484e+00,2.700000070035457611e-02,6.300000101327896118e-02,-2.890000045299530029e-01
5.715371546600000130e+01,-5.000000074505805969e-02,-8.069999814033508301e-01,-1.181900024414062500e+01,2.899999916553497314e-02,1.899999938905239105e-02,-2.220000028610229492e-01
5.716562605900000449e+01,-5.000000074505805969e-02,-8.069999814033508301e-01,-1.181900024414062500e+01,2.899999916553497314e-02,1.899999938905239105e-02,-2.220000028610229492e-01
5.717503754000000527e+01,-5.529999732971191406e-01,2.989999949932098389e-01,-7.159999847412109375e+00,2.800000086426734924e-02,-1.110000014305114746e-01,-3.039999902248382568e-01
5.718526831800000565e+01,-5.529999732971191406e-01,2.989999949932098389e-01,-7.159999847412109375e+00,2.800000086426734924e-02,-1.110000014305114746e-01,-3.039999902248382568e-01
5.719530731800000467e+01,-5.529999732971191406e-01,2.989999949932098389e-01,-7.159999847412109375e+00,2.800000086426734924e-02,-1.110000014305114746e-01,-3.039999902248382568e-01
5.720410213300000635e+01,-1.309999972581863403e-01,-4.329999983310699463e-01,-9.496999740600585938e+00,-4.999999888241291046e-03,6.499999761581420898e-02,-3.519999980926513672e-01
5.721360728100000159e+01,-1.309999972581863403e-01,-4.329999983310699463e-01,-9.496999740600585938e+00,-4.999999888241291046e-03,6.499999761581420898e-02,-3.519999980926513672e-01
5.722596592900000445e+01,8.690000176429748535e-01,-1.060999989509582520e+00,-4.908999919891357422e+00,-1.000000047497451305e-03,-5.299999937415122986e-02,-3.720000088214874268e-01
5.723346735500000193e+01,8.690000176429748535e-01,-1.060999989509582520e+00,-4.908999919891357422e+00,-1.000000047497451305e-03,-5.299999937415122986e-02,-3.720000088214874268e-01
5.724725967000000537e+01,8.980000019073486328e-01,-8.399999886751174927e-02,-1.122099971771240234e+01,-1.700000092387199402e-02,4.199999943375587463e-02,-1.949999928474426270e-01
5.725353622600000136e+01,8.980000019073486328e-01,-8.399999886751174927e-02,-1.122099971771240234e+01,-1.700000092387199402e-02,4.199999943375587463e-02,-1.949999928474426270e-01
5.726545226300000024e+01,8.980000019073486328e-01,-8.399999886751174927e-02,-1.122099971771240234e+01,-1.700000092387199402e-02,4.199999943375587463e-02,-1.949999928474426270e-01
5.728011168800000519e+01,5.630000233650207520e-01,2.000000094994902611e-03,-9.564000129699707031e+00,-2.300000004470348358e-02,-4.500000178813934326e-02,7.999999821186065674e-02
5.728398146600000018e+01,1.353000044822692871e+00,4.000000059604644775e-01,-9.779000282287597656e+00,-1.999999955296516418e-02,2.099999971687793732e-02,6.499999761581420898e-02
5.729374481800000041e+01,1.353000044822692871e+00,4.000000059604644775e-01,-9.779000282287597656e+00,-1.999999955296516418e-02,2.099999971687793732e-02,6.499999761581420898e-02
5.730354274400000492e+01,-1.769000053405761719e+00,1.031999945640563965e+00,-6.982999801635742188e+00,3.700000047683715820e-02,-7.000000029802322388e-02,-8.500000089406967163e-02
5.731476002200000153e+01,-1.769000053405761719e+00,1.031999945640563965e+00,-6.982999801635742188e+00,3.700000047683715820e-02,-7.000000029802322388e-02,-8.500000089406967163e-02
5.733131263300000313e+01,-1.769000053405761719e+00,1.031999945640563965e+00,-6.982999801635742188e+00,3.700000047683715820e-02,-7.000000029802322388e-02,-8.500000089406967163e-02
5.733694809600000042e+01,-1.769000053405761719e+00,1.031999945640563965e+00,-6.982999801635742188e+00,3.700000047683715820e-02,-7.000000029802322388e-02,-8.500000089406967163e-02
5.734384578100000596e+01,-1.769000053405761719e+00,1.031999945640563965e+00,-6.982999801635742188e+00,3.700000047683715820e-02,-7.000000029802322388e-02,-8.500000089406967163e-02
5.735360889200000400e+01,-1.769000053405761719e+00,1.031999945640563965e+00,-6.982999801635742188e+00,3.700000047683715820e-02,-7.000000029802322388e-02,-8.500000089406967163e-02
5.736374996600000031e+01,1.650000065565109253e-01,1.468000054359436035e+00,-9.524999618530273438e+00,7.299999892711639404e-02,5.799999833106994629e-02,-3.409999907016754150e-01
5.737671492900000203e+01,1.650000065565109253e-01,1.468000054359436035e+00,-9.524999618530273438e+00,7.299999892711639404e-02,5.799999833106994629e-02,-3.409999907016754150e-01
5.738381302200000533e+01,1.401000022888183594e+00,1.950999975204467773e+00,-1.210200023651123047e+01,7.800000160932540894e-02,2.400000020861625671e-02,-3.219999969005584717e-01
5.739371741100000435e+01,-2.319999933242797852e-01,1.601999998092651367e+00,-5.876999855041503906e+00,5.499999970197677612e-02,-3.200000151991844177e-02,-4.909999966621398926e-01
5.740374015100000094e+01,-2.319999933242797852e-01,1.601999998092651367e+00,-5.876999855041503906e+00,5.499999970197677612e-02,-3.200000151991844177e-02,-4.909999966621398926e-01
5.741371798500000523e+01,-2.319999933242797852e-01,1.601999998092651367e+00,-5.876999855041503906e+00,5.499999970197677612e-02,-3.200000151991844177e-02,-4.909999966621398926e-01
5.742588028100000486e+01,-2.687999963760375977e+00,2.678999900817871094e+00,-7.034999847412109375e+00,1.040000021457672119e-01,-1.509999930858612061e-01,-5.640000104904174805e-01
5.743459513300000197e+01,-2.687999963760375977e+00,2.678999900817871094e+00,-7.034999847412109375e+00,1.040000021457672119e-01,-1.509999930858612061e-01,-5.640000104904174805e-01
5.744356631800000201e+01,-1.123000025749206543e+00,-3.810000121593475342e-01,-5.537000179290771484e+00,1.040000021457672119e-01,-4.999999888241291046e-03,-6.859999895095825195e-01
5.745384965100000585e+01,-1.123000025749206543e+00,-3.810000121593475342e-01,-5.537000179290771484e+00,1.040000021457672119e-01,-4.999999888241291046e-03,-6.859999895095825195e-01
5.746406057700000503e+01,7.210000157356262207e-01,-1.837000012397766113e+00,-9.668999671936035156e+00,7.100000232458114624e-02,1.099999994039535522e-02,-5.389999747276306152e-01
5.747817750300000483e+01,7.210000157356262207e-01,-1.837000012397766113e+00,-9.668999671936035156e+00,7.100000232458114624e-02,1.099999994039535522e-02,-5.389999747276306152e-01
5.748430302200000597e+01,1.401000022888183594e+00,-5.009999871253967285e-01,-1.043000030517578125e+01,3.500000014901161194e-02,7.000000216066837311e-03,-2.790000140666961670e-01
5.749352768800000035e+01,1.401000022888183594e+00,-5.009999871253967285e-01,-1.043000030517578125e+01,3.500000014901161194e-02,7.000000216066837311e-03,-2.790000140666961670e-01
5.750353533700000241e+01,5.049999952316284180e-01,8.790000081062316895e-01,-4.875999927520751953e+00,4.399999976158142090e-02,4.000000189989805222e-03,-4.100000113248825073e-02
5.751386283700000490e+01,5.049999952316284180e-01,8.790000081062316895e-01,-4.875999927520751953e+00,4.399999976158142090e-02,4.000000189989805222e-03,-4.100000113248825073e-02
5.753002907700000179e+01,9.120000004768371582e-01,4.810000061988830566e-01,-1.355700016021728516e+01,3.000000026077032089e-03,-1.300000026822090149e-02,-7.699999958276748657e-02
5.753364898500000635e+01,3.670000135898590088e-01,3.599999845027923584e-02,-8.956000328063964844e+00,1.700000092387199402e-02,-8.999999612569808960e-03,-1.239999979734420776e-01
5.754531583600000033e+01,3.670000135898590088e-01,3.599999845027923584e-02,-8.956000328063964844e+00,1.700000092387199402e-02,-8.999999612569808960e-03,-1.239999979734420776e-01
5.755479459600000069e+01,3.670000135898590088e-01,3.599999845027923584e-02,-8.956000328063964844e+00,1.700000092387199402e-02,-8.999999612569808960e-03,-1.239999979734420776e-01
5.757125563300000692e+01,5.099999904632568359e-02,9.700000286102294922e-01,-1.084700012207031250e+01,2.300000004470348358e-02,-7.900000363588333130e-02,-1.369999945163726807e-01
5.757447505900000095e+01,5.099999904632568359e-02,9.700000286102294922e-01,-1.084700012207031250e+01,2.300000004470348358e-02,-7.900000363588333130e-02,-1.369999945163726807e-01
5.758876189200000084e+01,-2.610000073909759521e-01,4.189999997615814209e-01,-6.508999824523925781e+00,4.399999976158142090e-02,-7.900000363588333130e-02,-3.680000007152557373e-01
5.759404207700000455e+01,-2.610000073909759521e-01,4.189999997615814209e-01,-6.508999824523925781e+00,4.399999976158142090e-02,-7.900000363588333130e-02,-3.680000007152557373e-01
5.760361646600000540e+01,1.940000057220458984e-01,8.209999799728393555e-01,-1.506099987030029297e+01,1.799999922513961792e-02,4.600000008940696716e-02,-4.289999902248382568e-01
5.761445952200000420e+01,1.940000057220458984e-01,8.209999799728393555e-01,-1.506099987030029297e+01,1.799999922513961792e-02,4.600000008940696716e-02,-4.289999902248382568e-01
5.928584913200000273e+01,-1.108000040054321289e+00,-5.630000233650207520e-01,-5.977000236511230469e+00,6.000000052154064178e-03,-7.000000029802322388e-02,3.099999949336051941e-02
5.929340263200000294e+01,-1.108000040054321289e+00,-5.630000233650207520e-01,-5.977000236511230469e+00,6.000000052154064178e-03,-7.000000029802322388e-02,3.099999949336051941e-02
5.930365616900000703e+01,-1.294999957084655762e+00,8.399999737739562988e-01,-7.140999794006347656e+00,4.000000189989805222e-03,-7.000000216066837311e-03,-2.099999971687793732e-02
5.931378005800000608e+01,-1.294999957084655762e+00,8.399999737739562988e-01,-7.140999794006347656e+00,4.000000189989805222e-03,-7.000000216066837311e-03,-2.099999971687793732e-02
5.932498885400000432e+01,2.230000048875808716e-01,8.399999886751174927e-02,-1.171899986267089844e+01,8.000000379979610443e-03,-6.000000052154064178e-03,-9.499999880790710449e-02
5.933390361300000393e+01,2.230000048875808716e-01,8.399999886751174927e-02,-1.171899986267089844e+01,8.000000379979610443e-03,-6.000000052154064178e-03,-9.499999880790710449e-02
5.934358296500000307e+01,-4.040000140666961670e-01,1.650000065565109253e-01,-1.031499958038330078e+01,-2.000000094994902611e-03,-3.599999845027923584e-02,-1.350000053644180298e-01
5.935430535400000451e+01,-4.040000140666961670e-01,1.650000065565109253e-01,-1.031499958038330078e+01,-2.000000094994902611e-03,-3.599999845027923584e-02,-1.350000053644180298e-01
5.936435805800000054e+01,3.379999995231628418e-01,-9.890000224113464355e-01,-9.295999526977539062e+00,-1.300000026822090149e-02,4.100000113248825073e-02,-5.799999833106994629e-02
5.937549437200000568e+01,3.379999995231628418e-01,-9.890000224113464355e-01,-9.295999526977539062e+00,-1.300000026822090149e-02,4.100000113248825073e-02,-5.799999833106994629e-02
5.938376855800000698e+01,1.348000049591064453e+00,5.960000157356262207e-01,-1.468700027465820312e+01,1.999999955296516418e-02,2.500000037252902985e-02,7.000000029802322388e-02
5.940124763200000046e+01,1.348000049591064453e+00,5.960000157356262207e-01,-1.468700027465820312e+01,1.999999955296516418e-02,2.500000037252902985e-02,7.000000029802322388e-02
5.940487887200000472e+01,-1.529999971389770508e+00,7.110000252723693848e-01,-1.148900032043457031e+01,7.800000160932540894e-02,-1.580000072717666626e-01,-2.939999997615814209e-01
5.941376490900000107e+01,-2.104000091552734375e+00,7.009999752044677734e-01,-8.921999931335449219e+00,8.000000379979610443e-03,4.300000146031379700e-02,-4.070000052452087402e-01
5.942465133500000718e+01,-2.104000091552734375e+00,7.009999752044677734e-01,-8.921999931335449219e+00,8.000000379979610443e-03,4.300000146031379700e-02,-4.070000052452087402e-01
5.943873016900000295e+01,2.338999986648559570e+00,-1.449000000953674316e+00,-9.267000198364257812e+00,2.199999988079071045e-02,8.699999749660491943e-02,-3.490000069141387939e-01
5.944546453900000671e+01,2.338999986648559570e+00,-1.449000000953674316e+00,-9.267000198364257812e+00,2.199999988079071045e-02,8.699999749660491943e-02,-3.490000069141387939e-01
5.945488448300000073e+01,2.338999986648559570e+00,-1.449000000953674316e+00,-9.267000198364257812e+00,2.199999988079071045e-02,8.699999749660491943e-02,-3.490000069141387939e-01
5.946554444600000267e+01,4.580000042915344238e-01,-1.128000020980834961e+00,-1.156999969482421875e+01,1.899999938905239105e-02,-4.800000041723251343e-02,-2.879999876022338867e-01
5.947546092800000395e+01,4.580000042915344238e-01,-1.128000020980834961e+00,-1.156999969482421875e+01,1.899999938905239105e-02,-4.800000041723251343e-02,-2.879999876022338867e-01
5.948441828000000697e+01,-1.113000035285949707e+00,-9.940000176429748535e-01,-1.099499988555908203e+01,7.400000095367431641e-02,2.000000094994902611e-03,-2.090000063180923462e-01
5.949342137200000025e+01,-1.113000035285949707e+00,-9.940000176429748535e-01,-1.099499988555908203e+01,7.400000095367431641e-02,2.000000094994902611e-03,-2.090000063180923462e-01
5.950353350200000335e+01,-4.810000061988830566e-01,1.270000040531158447e-01,-1.017700004577636719e+01,2.199999988079071045e-02,2.600000053644180298e-02,-2.039999961853027344e-01
5.951383913200000109e+01,-4.810000061988830566e-01,1.270000040531158447e-01,-1.017700004577636719e+01,2.199999988079071045e-02,2.600000053644180298e-02,-2.039999961853027344e-01
5.953046381700000467e+01,8.690000176429748535e-01,-7.000000216066837311e-03,-1.137399959564208984e+01,1.999999955296516418e-02,-1.300000026822090149e-02,-1.659999936819076538e-01
5.953675692800000263e+01,8.690000176429748535e-01,-7.000000216066837311e-03,-1.137399959564208984e+01,1.999999955296516418e-02,-1.300000026822090149e-02,-1.659999936819076538e-01
5.954363270600000391e+01,1.371999979019165039e+00,-6.499999761581420898e-02,-9.491999626159667969e+00,3.799999877810478210e-02,-1.200000010430812836e-02,-0.000000000000000000e+00
5.955405553900000371e+01,-2.434999942779541016e+00,-1.366999983787536621e+00,-3.927999973297119141e+00,5.900000035762786865e-02,-1.459999978542327881e-01,-1.040000021457672119e-01
5.956428379800000528e+01,-2.434999942779541016e+00,-1.366999983787536621e+00,-3.927999973297119141e+00,5.900000035762786865e-02,-1.459999978542327881e-01,-1.040000021457672119e-01
5.957559811300000518e+01,-2.434999942779541016e+00,-1.366999983787536621e+00,-3.927999973297119141e+00,5.900000035762786865e-02,-1.459999978542327881e-01,-1.040000021457672119e-01
5.958611102000000415e+01,-7.059999704360961914e-01,1.246999979019165039e+00,-1.043500041961669922e+01,7.900000363588333130e-02,-1.300000026822090149e-02,-1.899999976158142090e-01
5.959413526100000524e+01,-7.059999704360961914e-01,1.246999979019165039e+00,-1.043500041961669922e+01,7.900000363588333130e-02,-1.300000026822090149e-02,-1.899999976158142090e-01
5.960566872400000449e+01,-3.610000014305114746e-01,-5.440000295639038086e-01,-8.343000411987304688e+00,2.300000004470348358e-02,1.150000020861625671e-01,-2.300000041723251343e-01
5.961410029800000387e+01,-3.610000014305114746e-01,-5.440000295639038086e-01,-8.343000411987304688e+00,2.300000004470348358e-02,1.150000020861625671e-01,-2.300000041723251343e-01
5.962832063200000476e+01,7.260000109672546387e-01,1.070000052452087402e+00,-1.117300033569335938e+01,-1.300000026822090149e-02,1.260000020265579224e-01,-9.399999678134918213e-02
5.963693679800000069e+01,-1.790000051259994507e-01,2.138000011444091797e+00,-7.921000003814697266e+00,-9.999999776482582092e-03,-5.400000140070915222e-02,-6.199999898672103882e-02
5.964348494600000095e+01,-1.790000051259994507e-01,2.138000011444091797e+00,-7.921000003814697266e+00,-9.999999776482582092e-03,-5.400000140070915222e-02,-6.199999898672103882e-02
5.965354713200000702e+01,-1.790000051259994507e-01,2.138000011444091797e+00,-7.921000003814697266e+00,-9.999999776482582092e-03,-5.400000140070915222e-02,-6.199999898672103882e-02
5.966379685400000454e+01,-9.309999942779541016e-01,1.740000009536743164e+00,-1.038300037384033203e+01,-2.000000094994902611e-03,-4.800000041723251343e-02,3.299999982118606567e-02
5.967729352000000631e+01,-9.309999942779541016e-01,1.740000009536743164e+00,-1.038300037384033203e+01,-2.000000094994902611e-03,-4.800000041723251343e-02,3.299999982118606567e-02
5.968462705700000726e+01,-3.330000042915344238e-01,1.409999966621398926e+00,-1.068900012969970703e+01,-3.099999949336051941e-02,-6.199999898672103882e-02,-1.500000059604644775e-01
5.969356815000000438e+01,-3.330000042915344238e-01,1.409999966621398926e+00,-1.068900012969970703e+01,-3.099999949336051941e-02,-6.199999898672103882e-02,-1.500000059604644775e-01
5.970354822400000216e+01,-3.330000042915344238e-01,1.409999966621398926e+00,-1.068900012969970703e+01,-3.099999949336051941e-02,-6.199999898672103882e-02,-1.500000059604644775e-01
5.971563865000000249e+01,1.085000038146972656e+00,-1.166000008583068848e+00,-9.673999786376953125e+00,-3.200000151991844177e-02,5.600000172853469849e-02,-4.600000008940696716e-02
5.972749290900000574e+01,9.599999785423278809e-01,-1.228000044822692871e+00,-9.588000297546386719e+00,-3.000000026077032089e-03,-4.899999871850013733e-02,6.899999827146530151e-02
5.973369152000000071e+01,9.599999785423278809e-01,-1.228000044822692871e+00,-9.588000297546386719e+00,-3.000000026077032089e-03,-4.899999871850013733e-02,6.899999827146530151e-02
5.974396707600000411e+01,-3.759999871253967285e-01,-6.110000014305114746e-01,-8.777999877929687500e+00,4.000000189989805222e-03,-9.499999880790710449e-02,3.400000184774398804e-02
5.975348411300000606e+01,-3.759999871253967285e-01,-6.110000014305114746e-01,-8.777999877929687500e+00,4.000000189989805222e-03,-9.499999880790710449e-02,3.400000184774398804e-02
5.976476485400000627e+01,-3.759999871253967285e-01,-6.110000014305114746e-01,-8.777999877929687500e+00,4.000000189989805222e-03,-9.499999880790710449e-02,3.400000184774398804e-02
5.977743344600000341e+01,-3.759999871253967285e-01,-6.110000014305114746e-01,-8.777999877929687500e+00,4.000000189989805222e-03,-9.499999880790710449e-02,3.400000184774398804e-02
5.978596805700000516e+01,-2.509999871253967285e-01,1.476999998092651367e+00,-1.097599983215332031e+01,-8.000000379979610443e-03,7.299999892711639404e-02,4.800000041723251343e-02
5.979352842800000190e+01,-2.509999871253967285e-01,1.476999998092651367e+00,-1.097599983215332031e+01,-8.000000379979610443e-03,7.299999892711639404e-02,4.800000041723251343e-02
5.980764978000000553e+01,-2.509999871253967285e-01,1.476999998092651367e+00,-1.097599983215332031e+01,-8.000000379979610443e-03,7.299999892711639404e-02,4.800000041723251343e-02
5.981362503900000149e+01,-2.509999871253967285e-01,1.476999998092651367e+00,-1.097599983215332031e+01,-8.000000379979610443e-03,7.299999892711639404e-02,4.800000041723251343e-02
5.982357111300000696e+01,-3.179999887943267822e-01,1.080000042915344238e+00,-7.505000114440917969e+00,-1.899999938905239105e-02,-6.400000303983688354e-02,-9.700000286102294922e-02
5.983514848300000466e+01,-3.179999887943267822e-01,1.080000042915344238e+00,-7.505000114440917969e+00,-1.899999938905239105e-02,-6.400000303983688354e-02,-9.700000286102294922e-02
5.984666855700000099e+01,2.370000034570693970e-01,1.021999955177307129e+00,-7.844999790191650391e+00,-2.999999932944774628e-02,8.000000379979610443e-03,-1.059999987483024597e-01
5.985392478000000693e+01,2.370000034570693970e-01,1.021999955177307129e+00,-7.844999790191650391e+00,-2.999999932944774628e-02,8.000000379979610443e-03,-1.059999987483024597e-01
5.986367426100000699e+01,9.559999704360961914e-01,3.599999845027923584e-02,-8.854999542236328125e+00,-1.499999966472387314e-02,5.999999865889549255e-02,-3.400000184774398804e-02
5.987579157600000457e+01,9.559999704360961914e-01,3.599999845027923584e-02,-8.854999542236328125e+00,-1.499999966472387314e-02,5.999999865889549255e-02,-3.400000184774398804e-02
5.988427248300000372e+01,-4.280000030994415283e-01,5.049999952316284180e-01,-7.327000141143798828e+00,-4.999999888241291046e-03,-6.000000052154064178e-03,5.900000035762786865e-02
5.989352624200000719e+01,-4.280000030994415283e-01,5.049999952316284180e-01,-7.327000141143798828e+00,-4.999999888241291046e-03,-6.000000052154064178e-03,5.900000035762786865e-02
5.990388665000000401e+01,-5.820000171661376953e-01,9.499999880790710449e-01,-7.848999977111816406e+00,1.899999938905239105e-02,-3.500000014901161194e-02,2.500000037252902985e-02
5.991376355700000289e+01,-5.820000171661376953e-01,9.499999880790710449e-01,-7.848999977111816406e+00,1.899999938905239105e-02,-3.500000014901161194e-02,2.500000037252902985e-02
5.993001659400000136e+01,-5.820000171661376953e-01,9.499999880790710449e-01,-7.848999977111816406e+00,1.899999938905239105e-02,-3.500000014901161194e-02,2.500000037252902985e-02
5.993595783500000351e+01,8.980000019073486328e-01,-3.759999871253967285e-01,-9.524999618530273438e+00,1.099999994039535522e-02,2.000000094994902611e-03,-1.200000010430812836e-02
5.994349192800000026e+01,8.980000019073486328e-01,-3.759999871253967285e-01,-9.524999618530273438e+00,1.099999994039535522e-02,2.000000094994902611e-03,-1.200000010430812836e-02
5.995381566800000428e+01,8.980000019073486328e-01,-3.759999871253967285e-01,-9.524999618530273438e+00,1.099999994039535522e-02,2.000000094994902611e-03,-1.200000010430812836e-02
5.996520940900000340e+01,3.759999871253967285e-01,-1.369999945163726807e-01,-9.946999549865722656e+00,1.999999955296516418e-02,-1.899999938905239105e-02,-6.000000052154064178e-03
5.997529981700000690e+01,3.759999871253967285e-01,-1.369999945163726807e-01,-9.946999549865722656e+00,1.999999955296516418e-02,-1.899999938905239105e-02,-6.000000052154064178e-03
5.998429159400000543e+01,5.630000233650207520e-01,-3.709999918937683105e-01,-9.779000282287597656e+00,2.700000070035457611e-02,-8.500000089406967163e-02,-6.599999964237213135e-02
5.999343829800000094e+01,5.630000233650207520e-01,-3.709999918937683105e-01,-9.779000282287597656e+00,2.700000070035457611e-02,-8.500000089406967163e-02,-6.599999964237213135e-02
6.000385100200000466e+01,-1.650000065565109253e-01,6.200000047683715820e-01,-9.286000251770019531e+00,2.899999916553497314e-02,1.200000010430812836e-02,1.200000010430812836e-02
6.001668583500000409e+01,-1.650000065565109253e-01,6.200000047683715820e-01,-9.286000251770019531e+00,2.899999916553497314e-02,1.200000010430812836e-02,1.200000010430812836e-02
6.002571083500000526e+01,1.626000046730041504e+00,2.179999947547912598e-01,-9.319000244140625000e+00,2.800000086426734924e-02,-4.999999888241291046e-03,-1.899999938905239105e-02
6.003418003900000599e+01,1.626000046730041504e+00,2.179999947547912598e-01,-9.319000244140625000e+00,2.800000086426734924e-02,-4.999999888241291046e-03,-1.899999938905239105e-02
6.004423748300000341e+01,5.999999865889549255e-02,-3.280000090599060059e-01,-9.314999580383300781e+00,4.399999976158142090e-02,-3.799999877810478210e-02,-4.100000113248825073e-02
6.005526120500000076e+01,5.999999865889549255e-02,-3.280000090599060059e-01,-9.314999580383300781e+00,4.399999976158142090e-02,-3.799999877810478210e-02,-4.100000113248825073e-02
6.006405446500000522e+01,-1.779000043869018555e+00,2.783999919891357422e+00,-4.190999984741210938e+00,2.600000053644180298e-02,-6.800000369548797607e-02,-7.800000160932540894e-02
6.007605961300000530e+01,-1.779000043869018555e+00,2.783999919891357422e+00,-4.190999984741210938e+00,2.600000053644180298e-02,-6.800000369548797607e-02,-7.800000160932540894e-02
6.008789242800000352e+01,4.000000059604644775e-01,-3.280000090599060059e-01,-1.343299961090087891e+01,1.300000026822090149e-02,8.999999612569808960e-03,-5.499999970197677612e-02
6.009354683500000505e+01,4.000000059604644775e-01,-3.280000090599060059e-01,-1.343299961090087891e+01,1.300000026822090149e-02,8.999999612569808960e-03,-5.499999970197677612e-02
6.010366987200000466e+01,7.350000143051147461e-01,1.220000013709068298e-01,-9.123000144958496094e+00,1.799999922513961792e-02,-1.499999966472387314e-02,-3.900000080466270447e-02
6.011389057600000285e+01,7.350000143051147461e-01,1.220000013709068298e-01,-9.123000144958496094e+00,1.799999922513961792e-02,-1.499999966472387314e-02,-3.900000080466270447e-02
6.012373170500000441e+01,1.218999981880187988e+00,-4.860000014305114746e-01,-1.117700004577636719e+01,-7.000000216066837311e-03,8.999999612569808960e-03,-8.999999612569808960e-03
6.013394783500000074e+01,1.218999981880187988e+00,-4.860000014305114746e-01,-1.117700004577636719e+01,-7.000000216066837311e-03,8.999999612569808960e-03,-8.999999612569808960e-03
6.014365365000000452e+01,-1.070000007748603821e-01,2.230000048875808716e-01,-1.102900028228759766e+01,2.899999916553497314e-02,-4.100000113248825073e-02,6.499999761581420898e-02
6.015394744600000365e+01,3.470000028610229492e-01,-2.199999988079071045e-02,-1.020499992370605469e+01,-8.999999612569808960e-03,9.999999776482582092e-03,-2.700000070035457611e-02
6.016377831600000547e+01,3.470000028610229492e-01,-2.199999988079071045e-02,-1.020499992370605469e+01,-8.999999612569808960e-03,9.999999776482582092e-03,-2.700000070035457611e-02
6.017399176100000346e+01,3.470000028610229492e-01,-2.199999988079071045e-02,-1.020499992370605469e+01,-8.999999612569808960e-03,9.999999776482582092e-03,-2.700000070035457611e-02
6.018394033500000262e+01,-1.070000007748603821e-01,-7.829999923706054688e-01,-6.967999935150146484e+00,-4.999999888241291046e-03,9.499999880790710449e-02,-3.000000026077032089e-03
6.019346155700000622e+01,-1.070000007748603821e-01,-7.829999923706054688e-01,-6.967999935150146484e+00,-4.999999888241291046e-03,9.499999880790710449e-02,-3.000000026077032089e-03
6.020352948300000406e+01,-1.070000007748603821e-01,-7.829999923706054688e-01,-6.967999935150146484e+00,-4.999999888241291046e-03,9.499999880790710449e-02,-3.000000026077032089e-03
6.021568422400000031e+01,2.090000063180923462e-01,4.280000030994415283e-01,-9.310000419616699219e+00,1.400000043213367462e-02,3.500000014901161194e-02,-1.899999938905239105e-02
6.022569359400000621e+01,1.261999964714050293e+00,-3.860000073909759521e-01,-9.401000022888183594e+00,-1.099999994039535522e-02,4.300000146031379700e-02,-2.600000053644180298e-02
6.023810926100000529e+01,1.261999964714050293e+00,-3.860000073909759521e-01,-9.401000022888183594e+00,-1.099999994039535522e-02,4.300000146031379700e-02,-2.600000053644180298e-02
6.024374650200000048e+01,-3.099999949336051941e-02,1.319000005722045898e+00,-9.706999778747558594e+00,-1.499999966472387314e-02,-4.000000189989805222e-03,3.299999982118606567e-02
6.025363261300000062e+01,-3.099999949336051941e-02,1.319000005722045898e+00,-9.706999778747558594e+00,-1.499999966472387314e-02,-4.000000189989805222e-03,3.299999982118606567e-02
6.026449650200000718e+01,-3.099999949336051941e-02,7.829999923706054688e-01,-1.072299957275390625e+01,-2.500000037252902985e-02,-5.999999865889549255e-02,-6.300000101327896118e-02
6.027575489000000175e+01,-3.099999949336051941e-02,7.829999923706054688e-01,-1.072299957275390625e+01,-2.500000037252902985e-02,-5.999999865889549255e-02,-6.300000101327896118e-02
6.028413002000000631e+01,-3.099999949336051941e-02,7.829999923706054688e-01,-1.072299957275390625e+01,-2.500000037252902985e-02,-5.999999865889549255e-02,-6.300000101327896118e-02
6.029414613100000508e+01,-3.099999949336051941e-02,7.829999923706054688e-01,-1.072299957275390625e+01,-2.500000037252902985e-02,-5.999999865889549255e-02,-6.300000101327896118e-02
6.030406933500000122e+01,5.630000233650207520e-01,-4.480000138282775879e-01,-1.144999980926513672e+01,-1.899999938905239105e-02,1.899999938905239105e-02,-9.200000017881393433e-02
6.031471503900000641e+01,5.630000233650207520e-01,-4.480000138282775879e-01,-1.144999980926513672e+01,-1.899999938905239105e-02,1.899999938905239105e-02,-9.200000017881393433e-02
6.032783020500000504e+01,-2.509999871253967285e-01,3.039999902248382568e-01,-7.169000148773193359e+00,-2.500000037252902985e-02,2.199999988079071045e-02,-8.799999952316284180e-02
6.033462002000000268e+01,-2.509999871253967285e-01,3.039999902248382568e-01,-7.169000148773193359e+00,-2.500000037252902985e-02,2.199999988079071045e-02,-8.799999952316284180e-02
6.034361718700000665e+01,5.630000233650207520e-01,-8.169999718666076660e-01,-1.176200008392333984e+01,-6.000000052154064178e-03,1.999999955296516418e-02,-2.899999916553497314e-02
6.035415126100000549e+01,5.630000233650207520e-01,-8.169999718666076660e-01,-1.176200008392333984e+01,-6.000000052154064178e-03,1.999999955296516418e-02,-2.899999916553497314e-02
6.036405998300000419e+01,-1.309999972581863403e-01,-2.520000040531158447e-01,-8.927000045776367188e+00,-1.000000047497451305e-03,-2.000000094994902611e-03,-4.000000189989805222e-03
6.037419161300000070e+01,-1.309999972581863403e-01,-2.520000040531158447e-01,-8.927000045776367188e+00,-1.000000047497451305e-03,-2.000000094994902611e-03,-4.000000189989805222e-03
6.038454776100000032e+01,-2.000000094994902611e-03,-6.200000047683715820e-01,-7.331999778747558594e+00,-1.799999922513961792e-02,2.400000020861625671e-02,2.700000070035457611e-02
6.039371524200000607e+01,-2.000000094994902611e-03,-6.200000047683715820e-01,-7.331999778747558594e+00,-1.799999922513961792e-02,2.400000020861625671e-02,2.700000070035457611e-02
6.040465131600000603e+01,-4.429999887943267822e-01,2.660000026226043701e-01,-9.640000343322753906e+00,-6.000000052154064178e-03,-1.300000026822090149e-02,-2.300000004470348358e-02
6.041498839000000487e+01,-4.429999887943267822e-01,2.660000026226043701e-01,-9.640000343322753906e+00,-6.000000052154064178e-03,-1.300000026822090149e-02,-2.300000004470348358e-02
6.232516400000000090e+01,4.189999997615814209e-01,6.769999861717224121e-01,-9.840999603271484375e+00,-2.999999932944774628e-02,-3.999999910593032837e-02,1.650000065565109253e-01
6.233401431500000456e+01,4.189999997615814209e-01,6.769999861717224121e-01,-9.840999603271484375e+00,-2.999999932944774628e-02,-3.999999910593032837e-02,1.650000065565109253e-01
6.234621470400000476e+01,-7.350000143051147461e-01,-4.810000061988830566e-01,-7.505000114440917969e+00,-1.499999966472387314e-02,-4.800000041723251343e-02,7.800000160932540894e-02
6.235508992600000511e+01,-7.350000143051147461e-01,-4.810000061988830566e-01,-7.505000114440917969e+00,-1.499999966472387314e-02,-4.800000041723251343e-02,7.800000160932540894e-02
6.236843296300000361e+01,5.920000076293945312e-01,4.720000028610229492e-01,-9.022999763488769531e+00,-2.199999988079071045e-02,1.000000047497451305e-03,1.059999987483024597e-01
6.237442209300000684e+01,5.920000076293945312e-01,4.720000028610229492e-01,-9.022999763488769531e+00,-2.199999988079071045e-02,1.000000047497451305e-03,1.059999987483024597e-01
6.238364511100000698e+01,1.990000009536743164e-01,6.629999876022338867e-01,-9.031999588012695312e+00,-2.700000070035457611e-02,2.899999916553497314e-02,1.360000073909759521e-01
6.239732513000000580e+01,1.990000009536743164e-01,6.629999876022338867e-01,-9.031999588012695312e+00,-2.700000070035457611e-02,2.899999916553497314e-02,1.360000073909759521e-01
6.240586487100000568e+01,8.399999886751174927e-02,-1.506000041961669922e+00,-7.256000041961669922e+00,9.999999776482582092e-03,2.099999971687793732e-02,-2.300000004470348358e-02
6.241444026000000633e+01,8.399999886751174927e-02,-1.506000041961669922e+00,-7.256000041961669922e+00,9.999999776482582092e-03,2.099999971687793732e-02,-2.300000004470348358e-02
6.242410390800000641e+01,-9.929999709129333496e-01,-1.319999992847442627e-01,-7.184000015258789062e+00,-2.400000020861625671e-02,1.899999938905239105e-02,7.999999821186065674e-02
6.243619596300000296e+01,-9.929999709129333496e-01,-1.319999992847442627e-01,-7.184000015258789062e+00,-2.400000020861625671e-02,1.899999938905239105e-02,7.999999821186065674e-02
6.244457335200000614e+01,7.260000109672546387e-01,6.150000095367431641e-01,-1.026799964904785156e+01,-1.499999966472387314e-02,0.000000000000000000e+00,1.790000051259994507e-01
6.245523955600000221e+01,7.260000109672546387e-01,6.150000095367431641e-01,-1.026799964904785156e+01,-1.499999966472387314e-02,0.000000000000000000e+00,1.790000051259994507e-01
6.246454344500000389e+01,1.549000024795532227e+00,-4.720000028610229492e-01,-9.793999671936035156e+00,-3.000000026077032089e-03,3.599999845027923584e-02,3.099999949336051941e-02
6.247435579700000119e+01,1.549000024795532227e+00,-4.720000028610229492e-01,-9.793999671936035156e+00,-3.000000026077032089e-03,3.599999845027923584e-02,3.099999949336051941e-02
6.248391674100000159e+01,-1.878999948501586914e+00,-7.450000047683715820e-01,-9.730999946594238281e+00,-3.700000047683715820e-02,-6.400000303983688354e-02,3.799999877810478210e-02
6.249420661100000274e+01,-1.592000007629394531e+00,-3.000000026077032089e-03,-8.788000106811523438e+00,-1.999999955296516418e-02,-1.169999986886978149e-01,3.190000057220458984e-01
6.250406918500000586e+01,-1.592000007629394531e+00,-3.000000026077032089e-03,-8.788000106811523438e+00,-1.999999955296516418e-02,-1.169999986886978149e-01,3.190000057220458984e-01
6.251347035200000590e+01,-1.592000007629394531e+00,-3.000000026077032089e-03,-8.788000106811523438e+00,-1.999999955296516418e-02,-1.169999986886978149e-01,3.190000057220458984e-01
6.252393055600000338e+01,-7.110000252723693848e-01,7.680000066757202148e-01,-8.883999824523925781e+00,-1.799999922513961792e-02,7.599999755620956421e-02,3.089999854564666748e-01
6.253377824100000737e+01,-7.400000095367431641e-01,6.899999827146530151e-02,-5.565000057220458984e+00,4.500000178813934326e-02,-6.499999761581420898e-02,1.369999945163726807e-01
6.254396937100000287e+01,-7.400000095367431641e-01,6.899999827146530151e-02,-5.565000057220458984e+00,4.500000178813934326e-02,-6.499999761581420898e-02,1.369999945163726807e-01
6.255877892600000223e+01,-7.400000095367431641e-01,6.899999827146530151e-02,-5.565000057220458984e+00,4.500000178813934326e-02,-6.499999761581420898e-02,1.369999945163726807e-01
6.256385229600000741e+01,-7.590000033378601074e-01,1.161000013351440430e+00,-5.703999996185302734e+00,5.099999904632568359e-02,6.199999898672103882e-02,-4.899999871850013733e-02
6.257386722200000406e+01,-7.590000033378601074e-01,1.161000013351440430e+00,-5.703999996185302734e+00,5.099999904632568359e-02,6.199999898672103882e-02,-4.899999871850013733e-02
6.258349775900000367e+01,-3.239000082015991211e+00,-3.619999885559082031e-01,-2.601000070571899414e+00,4.000000189989805222e-03,-1.169999986886978149e-01,1.099999994039535522e-02
6.259402568500000541e+01,-3.239000082015991211e+00,-3.619999885559082031e-01,-2.601000070571899414e+00,4.000000189989805222e-03,-1.169999986886978149e-01,1.099999994039535522e-02
6.260881601900000248e+01,3.599999845027923584e-02,-1.700000017881393433e-01,-1.089999961853027344e+01,3.099999949336051941e-02,1.499999966472387314e-02,2.109999954700469971e-01
6.261534222200000244e+01,3.599999845027923584e-02,-1.700000017881393433e-01,-1.089999961853027344e+01,3.099999949336051941e-02,1.499999966472387314e-02,2.109999954700469971e-01
6.262557837000000660e+01,1.697999954223632812e+00,1.790000051259994507e-01,-1.157999992370605469e+01,-8.000000379979610443e-03,9.399999678134918213e-02,2.400000020861625671e-02
6.263486518500000244e+01,9.649999737739562988e-01,-5.920000076293945312e-01,-8.303999900817871094e+00,6.000000052154064178e-03,-1.270000040531158447e-01,5.099999904632568359e-02
6.264603964800000568e+01,9.649999737739562988e-01,-5.920000076293945312e-01,-8.303999900817871094e+00,6.000000052154064178e-03,-1.270000040531158447e-01,5.099999904632568359e-02
6.265405038900000534e+01,9.649999737739562988e-01,-5.920000076293945312e-01,-8.303999900817871094e+00,6.000000052154064178e-03,-1.270000040531158447e-01,5.099999904632568359e-02
6.266559190800000323e+01,3.379999995231628418e-01,-5.999999865889549255e-02,-8.222999572753906250e+00,-1.300000026822090149e-02,2.199999988079071045e-02,1.110000014305114746e-01
6.267546051900000492e+01,-3.129999935626983643e-01,-6.060000061988830566e-01,-1.086100006103515625e+01,-1.400000043213367462e-02,-1.899999938905239105e-02,9.799999743700027466e-02
6.268378542600000713e+01,-3.129999935626983643e-01,-6.060000061988830566e-01,-1.086100006103515625e+01,-1.400000043213367462e-02,-1.899999938905239105e-02,9.799999743700027466e-02
6.269378575900000072e+01,-3.129999935626983643e-01,-6.060000061988830566e-01,-1.086100006103515625e+01,-1.400000043213367462e-02,-1.899999938905239105e-02,9.799999743700027466e-02
6.270431696300000368e+01,1.376999974250793457e+00,-6.389999985694885254e-01,-1.044999980926513672e+01,2.800000086426734924e-02,6.300000101327896118e-02,1.300000026822090149e-02
6.271343324100000416e+01,1.376999974250793457e+00,-6.389999985694885254e-01,-1.044999980926513672e+01,2.800000086426734924e-02,6.300000101327896118e-02,1.300000026822090149e-02
6.272462818500000736e+01,1.376999974250793457e+00,-6.389999985694885254e-01,-1.044999980926513672e+01,2.800000086426734924e-02,6.300000101327896118e-02,1.300000026822090149e-02
6.273967594400000536e+01,1.376999974250793457e+00,-6.389999985694885254e-01,-1.044999980926513672e+01,2.800000086426734924e-02,6.300000101327896118e-02,1.300000026822090149e-02
6.274463822200000607e+01,1.376999974250793457e+00,-6.389999985694885254e-01,-1.044999980926513672e+01,2.800000086426734924e-02,6.300000101327896118e-02,1.300000026822090149e-02
6.275897070400000644e+01,1.376999974250793457e+00,-6.389999985694885254e-01,-1.044999980926513672e+01,2.800000086426734924e-02,6.300000101327896118e-02,1.300000026822090149e-02
6.276476061100000692e+01,-4.860000014305114746e-01,1.080000028014183044e-01,-8.300000190734863281e+00,-2.099999971687793732e-02,-8.000000379979610443e-03,4.800000041723251343e-02
6.277629033300000572e+01,-4.860000014305114746e-01,1.080000028014183044e-01,-8.300000190734863281e+00,-2.099999971687793732e-02,-8.000000379979610443e-03,4.800000041723251343e-02
6.278528107400000380e+01,1.133000016212463379e+00,5.910000205039978027e-01,-8.395000457763671875e+00,-3.999999910593032837e-02,4.399999976158142090e-02,1.319999992847442627e-01
6.279691705600000518e+01,1.133000016212463379e+00,5.910000205039978027e-01,-8.395000457763671875e+00,-3.999999910593032837e-02,4.399999976158142090e-02,1.319999992847442627e-01
6.280493194400000334e+01,8.220000267028808594e-01,7.059999704360961914e-01,-1.002299976348876953e+01,-4.600000008940696716e-02,6.499999761581420898e-02,6.800000369548797607e-02
6.281701205600000293e+01,2.199999988079071045e-02,2.460000067949295044e-01,-5.776000022888183594e+00,-2.800000086426734924e-02,-7.900000363588333130e-02,5.099999904632568359e-02
6.282422870400000647e+01,2.199999988079071045e-02,2.460000067949295044e-01,-5.776000022888183594e+00,-2.800000086426734924e-02,-7.900000363588333130e-02,5.099999904632568359e-02
6.283533650000000392e+01,2.199999988079071045e-02,2.460000067949295044e-01,-5.776000022888183594e+00,-2.800000086426734924e-02,-7.900000363588333130e-02,5.099999904632568359e-02
6.284574798100000237e+01,3.429999947547912598e-01,3.849999904632568359e-01,-7.896999835968017578e+00,-2.700000070035457611e-02,5.900000035762786865e-02,1.999999955296516418e-02
6.286172103700000235e+01,3.429999947547912598e-01,3.849999904632568359e-01,-7.896999835968017578e+00,-2.700000070035457611e-02,5.900000035762786865e-02,1.999999955296516418e-02
6.286386514800000214e+01,-7.730000019073486328e-01,-2.056999921798706055e+00,-8.571999549865722656e+00,-5.299999937415122986e-02,-5.499999970197677612e-02,1.790000051259994507e-01
6.287739614800000254e+01,-1.870000004768371582e+00,-4.239999949932098389e-01,-9.468000411987304688e+00,-2.700000070035457611e-02,-3.400000184774398804e-02,4.930000007152557373e-01
6.288428550000000428e+01,-1.870000004768371582e+00,-4.239999949932098389e-01,-9.468000411987304688e+00,-2.700000070035457611e-02,-3.400000184774398804e-02,4.930000007152557373e-01
6.289448175900000138e+01,-1.870000004768371582e+00,-4.239999949932098389e-01,-9.468000411987304688e+00,-2.700000070035457611e-02,-3.400000184774398804e-02,4.930000007152557373e-01
6.290495125900000062e+01,6.869999766349792480e-01,-7.879999876022338867e-01,-6.757999897003173828e+00,-9.999999776482582092e-03,1.120000034570693970e-01,3.000000119209289551e-01
6.291456953700000554e+01,6.869999766349792480e-01,-7.879999876022338867e-01,-6.757999897003173828e+00,-9.999999776482582092e-03,1.120000034570693970e-01,3.000000119209289551e-01
6.292389588900000064e+01,1.031999945640563965e+00,-2.645999908447265625e+00,-6.627999782562255859e+00,-5.000000074505805969e-02,2.600000053644180298e-02,-9.600000083446502686e-02
6.293536148100000105e+01,-2.700000107288360596e-01,8.019999861717224121e-01,-8.491000175476074219e+00,-2.000000094994902611e-03,-5.499999970197677612e-02,1.169999986886978149e-01
6.294582029600000084e+01,-2.700000107288360596e-01,8.019999861717224121e-01,-8.491000175476074219e+00,-2.000000094994902611e-03,-5.499999970197677612e-02,1.169999986886978149e-01
6.295683607400000170e+01,-2.700000107288360596e-01,8.019999861717224121e-01,-8.491000175476074219e+00,-2.000000094994902611e-03,-5.499999970197677612e-02,1.169999986886978149e-01
6.296686813000000171e+01,1.320000052452087402e+00,2.600000053644180298e-02,-9.821999549865722656e+00,-2.000000094994902611e-03,3.999999910593032837e-02,6.899999827146530151e-02
6.297403553700000600e+01,1.320000052452087402e+00,2.600000053644180298e-02,-9.821999549865722656e+00,-2.000000094994902611e-03,3.999999910593032837e-02,6.899999827146530151e-02
6.298652796300000745e+01,9.799999743700027466e-02,-1.889999955892562866e-01,-9.645000457763671875e+00,-1.899999938905239105e-02,0.000000000000000000e+00,1.049999967217445374e-01
6.299566114800000349e+01,-6.010000109672546387e-01,-7.400000095367431641e-01,-1.239799976348876953e+01,-1.099999994039535522e-02,-3.999999910593032837e-02,1.239999979734420776e-01
6.300716300000000558e+01,-6.010000109672546387e-01,-7.400000095367431641e-01,-1.239799976348876953e+01,-1.099999994039535522e-02,-3.999999910593032837e-02,1.239999979734420776e-01
6.301383453700000103e+01,3.810000121593475342e-01,-4.100000113248825073e-02,-8.520000457763671875e+00,-2.099999971687793732e-02,1.600000075995922089e-02,5.200000107288360596e-02
6.302524770400000165e+01,3.810000121593475342e-01,-4.100000113248825073e-02,-8.520000457763671875e+00,-2.099999971687793732e-02,1.600000075995922089e-02,5.200000107288360596e-02
6.303570425900000629e+01,3.810000121593475342e-01,-4.100000113248825073e-02,-8.520000457763671875e+00,-2.099999971687793732e-02,1.600000075995922089e-02,5.200000107288360596e-02
6.305035425900000234e+01,8.740000128746032715e-01,7.919999957084655762e-01,-9.880000114440917969e+00,-2.800000086426734924e-02,3.200000151991844177e-02,3.799999877810478210e-02
6.306001350000000372e+01,8.740000128746032715e-01,7.919999957084655762e-01,-9.880000114440917969e+00,-2.800000086426734924e-02,3.200000151991844177e-02,3.799999877810478210e-02
6.306512479600000631e+01,1.569000005722045898e+00,-7.059999704360961914e-01,-9.152000427246093750e+00,-3.200000151991844177e-02,1.999999955296516418e-02,5.000000074505805969e-02
6.307452401800000530e+01,1.569000005722045898e+00,-7.059999704360961914e-01,-9.152000427246093750e+00,-3.200000151991844177e-02,1.999999955296516418e-02,5.000000074505805969e-02
6.308408468500000055e+01,1.889999955892562866e-01,7.059999704360961914e-01,-8.586999893188476562e+00,-3.400000184774398804e-02,-1.400000043213367462e-02,1.190000027418136597e-01
6.309907753700000654e+01,1.889999955892562866e-01,7.059999704360961914e-01,-8.586999893188476562e+00,-3.400000184774398804e-02,-1.400000043213367462e-02,1.190000027418136597e-01
6.310472268500000581e+01,3.039999902248382568e-01,-1.700000092387199402e-02,-1.182900047302246094e+01,3.000000026077032089e-03,-3.099999949336051941e-02,2.400000020861625671e-02
6.311604925900000040e+01,3.039999902248382568e-01,-1.700000092387199402e-02,-1.182900047302246094e+01,3.000000026077032089e-03,-3.099999949336051941e-02,2.400000020861625671e-02
6.312639857400000665e+01,-1.003000020980834961e+00,-1.800000071525573730e-01,-1.077499961853027344e+01,-2.600000053644180298e-02,-4.000000189989805222e-03,5.600000172853469849e-02
6.313360624100000251e+01,-1.003000020980834961e+00,-1.800000071525573730e-01,-1.077499961853027344e+01,-2.600000053644180298e-02,-4.000000189989805222e-03,5.600000172853469849e-02
6.314544481500000472e+01,-1.979999989271163940e-01,4.379999935626983643e-01,-9.434000015258789062e+00,-1.799999922513961792e-02,-2.899999916553497314e-02,2.770000100135803223e-01
6.315876127800000717e+01,-1.979999989271163940e-01,4.379999935626983643e-01,-9.434000015258789062e+00,-1.799999922513961792e-02,-2.899999916553497314e-02,2.770000100135803223e-01
6.316557574100000494e+01,7.929999828338623047e-01,5.770000219345092773e-01,-1.095199966430664062e+01,-1.899999938905239105e-02,4.300000146031379700e-02,1.840000003576278687e-01
6.317353274100000249e+01,7.929999828338623047e-01,5.770000219345092773e-01,-1.095199966430664062e+01,-1.899999938905239105e-02,4.300000146031379700e-02,1.840000003576278687e-01
6.318403668500000236e+01,6.869999766349792480e-01,5.910000205039978027e-01,-9.899000167846679688e+00,1.000000047497451305e-03,3.500000014901161194e-02,-3.200000151991844177e-02
6.319632753700000194e+01,9.800000190734863281e-01,5.910000205039978027e-01,-1.039200019836425781e+01,3.500000014901161194e-02,-3.900000080466270447e-02,-6.499999761581420898e-02
6.320363194400000140e+01,9.800000190734863281e-01,5.910000205039978027e-01,-1.039200019836425781e+01,3.500000014901161194e-02,-3.900000080466270447e-02,-6.499999761581420898e-02
6.321795635200000163e+01,9.800000190734863281e-01,5.910000205039978027e-01,-1.039200019836425781e+01,3.500000014901161194e-02,-3.900000080466270447e-02,-6.499999761581420898e-02
6.322357220300000336e+01,-5.860000252723693848e-01,9.739999771118164062e-01,-9.463000297546386719e+00,-7.000000216066837311e-03,-8.399999886751174927e-02,1.400000005960464478e-01
6.324780981500000365e+01,-5.860000252723693848e-01,9.739999771118164062e-01,-9.463000297546386719e+00,-7.000000216066837311e-03,-8.399999886751174927e-02,1.400000005960464478e-01
6.325572750000000610e+01,7.350000143051147461e-01,9.309999942779541016e-01,-1.112500000000000000e+01,9.999999776482582092e-03,4.899999871850013733e-02,8.799999952316284180e-02
6.326528357400000147e+01,-3.267999887466430664e+00,-2.276999950408935547e+00,-5.110000133514404297e+00,-1.099999994039535522e-02,-6.300000101327896118e-02,1.899999938905239105e-02
6.327571150000000699e+01,-3.267999887466430664e+00,-2.276999950408935547e+00,-5.110000133514404297e+00,-1.099999994039535522e-02,-6.300000101327896118e-02,1.899999938905239105e-02
6.328383322200000549e+01,-2.079999923706054688e+00,1.889999955892562866e-01,-4.181000232696533203e+00,5.400000140070915222e-02,-3.000000026077032089e-03,3.470000028610229492e-01
6.329446401800000643e+01,-2.079999923706054688e+00,1.889999955892562866e-01,-4.181000232696533203e+00,5.400000140070915222e-02,-3.000000026077032089e-03,3.470000028610229492e-01
6.330411942600000685e+01,-1.080000042915344238e+00,1.582000017166137695e+00,-1.914100074768066406e+01,2.800000086426734924e-02,2.899999916553497314e-02,7.000000029802322388e-02
6.331462275900000236e+01,-2.319999933242797852e-01,-5.630000233650207520e-01,-4.861000061035156250e+00,2.300000004470348358e-02,-5.600000172853469849e-02,-6.199999898672103882e-02
6.332452994400000534e+01,-2.319999933242797852e-01,-5.630000233650207520e-01,-4.861000061035156250e+00,2.300000004470348358e-02,-5.600000172853469849e-02,-6.199999898672103882e-02
6.333408072200000305e+01,-2.319999933242797852e-01,-5.630000233650207520e-01,-4.861000061035156250e+00,2.300000004470348358e-02,-5.600000172853469849e-02,-6.199999898672103882e-02
6.334469144400000573e+01,-2.319999933242797852e-01,-7.110000252723693848e-01,-1.010000038146972656e+01,1.799999922513961792e-02,7.000000029802322388e-02,-3.599999845027923584e-02
6.335425557400000685e+01,-2.319999933242797852e-01,-7.110000252723693848e-01,-1.010000038146972656e+01,1.799999922513961792e-02,7.000000029802322388e-02,-3.599999845027923584e-02
6.336643320300000681e+01,5.960000157356262207e-01,4.480000138282775879e-01,-1.023900032043457031e+01,1.899999938905239105e-02,-2.700000070035457611e-02,1.169999986886978149e-01
6.337381240700000262e+01,5.960000157356262207e-01,4.480000138282775879e-01,-1.023900032043457031e+01,1.899999938905239105e-02,-2.700000070035457611e-02,1.169999986886978149e-01
6.338408122200000605e+01,9.990000128746032715e-01,-1.990000009536743164e-01,-8.668000221252441406e+00,1.099999994039535522e-02,3.200000151991844177e-02,1.129999980330467224e-01
6.339440031400000208e+01,9.990000128746032715e-01,-1.990000009536743164e-01,-8.668000221252441406e+00,1.099999994039535522e-02,3.200000151991844177e-02,1.129999980330467224e-01
6.340414188900000170e+01,8.600000143051147461e-01,2.899999916553497314e-01,-1.049699974060058594e+01,1.899999938905239105e-02,-2.400000020861625671e-02,1.000000014901161194e-01
6.341463620300000059e+01,8.600000143051147461e-01,2.899999916553497314e-01,-1.049699974060058594e+01,1.899999938905239105e-02,-2.400000020861625671e-02,1.000000014901161194e-01
6.342489681400000734e+01,9.120000004768371582e-01,1.200000010430812836e-02,-1.159399986267089844e+01,3.200000151991844177e-02,-2.400000020861625671e-02,1.110000014305114746e-01
6.343728066600000659e+01,9.120000004768371582e-01,1.200000010430812836e-02,-1.159399986267089844e+01,3.200000151991844177e-02,-2.400000020861625671e-02,1.110000014305114746e-01
6.344695677700000402e+01,-1.550000011920928955e-01,-4.860000014305114746e-01,-9.621000289916992188e+00,1.400000043213367462e-02,3.200000151991844177e-02,3.999999910593032837e-02
6.345497412900000711e+01,-1.550000011920928955e-01,-4.860000014305114746e-01,-9.621000289916992188e+00,1.400000043213367462e-02,3.200000151991844177e-02,3.999999910593032837e-02
6.346574433300000351e+01,4.379999935626983643e-01,-2.387000083923339844e+00,-1.573600006103515625e+01,-3.000000026077032089e-03,-8.699999749660491943e-02,8.500000089406967163e-02
6.347423787000000317e+01,4.379999935626983643e-01,-2.387000083923339844e+00,-1.573600006103515625e+01,-3.000000026077032089e-03,-8.699999749660491943e-02,8.500000089406967163e-02
6.348645662900000275e+01,-1.459999978542327881e-01,3.569999933242797852e-01,-6.973000049591064453e+00,-6.800000369548797607e-02,5.900000035762786865e-02,2.380000054836273193e-01
6.349364964800000166e+01,-1.459999978542327881e-01,3.569999933242797852e-01,-6.973000049591064453e+00,-6.800000369548797607e-02,5.900000035762786865e-02,2.380000054836273193e-01
6.350387101800000522e+01,-2.989999949932098389e-01,-7.929999828338623047e-01,-8.730999946594238281e+00,-3.400000184774398804e-02,2.800000086426734924e-02,2.399999946355819702e-01
6.351407288800000117e+01,-2.989999949932098389e-01,-7.929999828338623047e-01,-8.730999946594238281e+00,-3.400000184774398804e-02,2.800000086426734924e-02,2.399999946355819702e-01
6.352387211100000286e+01,5.870000123977661133e-01,-1.749999970197677612e-01,-1.091899967193603516e+01,-1.200000010430812836e-02,9.000000357627868652e-02,2.150000035762786865e-01
6.353696837000000386e+01,5.870000123977661133e-01,-1.749999970197677612e-01,-1.091899967193603516e+01,-1.200000010430812836e-02,9.000000357627868652e-02,2.150000035762786865e-01
6.354356701800000451e+01,2.899999916553497314e-01,2.099999971687793732e-02,-1.077000045776367188e+01,-5.000000074505805969e-02,3.599999845027923584e-02,2.800000086426734924e-02
6.569680170200000191e+01,9.799999743700027466e-02,1.270000040531158447e-01,-9.409999847412109375e+00,1.000000047497451305e-03,-2.000000094994902611e-03,7.000000216066837311e-03
6.570784331299999792e+01,9.799999743700027466e-02,1.270000040531158447e-01,-9.409999847412109375e+00,1.000000047497451305e-03,-2.000000094994902611e-03,7.000000216066837311e-03
6.571475483199999701e+01,9.799999743700027466e-02,1.270000040531158447e-01,-9.409999847412109375e+00,1.000000047497451305e-03,-2.000000094994902611e-03,7.000000216066837311e-03
6.572457336899999802e+01,6.499999761581420898e-02,2.099999971687793732e-02,-9.458000183105468750e+00,-1.000000047497451305e-03,-2.000000094994902611e-03,8.000000379979610443e-03
6.573427021999999909e+01,6.499999761581420898e-02,2.099999971687793732e-02,-9.458000183105468750e+00,-1.000000047497451305e-03,-2.000000094994902611e-03,8.000000379979610443e-03
6.574539579500000741e+01,1.080000028014183044e-01,1.700000092387199402e-02,-9.567999839782714844e+00,1.000000047497451305e-03,-2.000000094994902611e-03,6.000000052154064178e-03
6.575375172000001101e+01,1.080000028014183044e-01,1.700000092387199402e-02,-9.567999839782714844e+00,1.000000047497451305e-03,-2.000000094994902611e-03,6.000000052154064178e-03
6.576595312800000670e+01,1.270000040531158447e-01,-7.000000216066837311e-03,-9.692999839782714844e+00,-1.000000047497451305e-03,-3.000000026077032089e-03,7.000000216066837311e-03
6.577382923900000833e+01,1.270000040531158447e-01,-7.000000216066837311e-03,-9.692999839782714844e+00,-1.000000047497451305e-03,-3.000000026077032089e-03,7.000000216066837311e-03
6.578420375700000022e+01,1.319999992847442627e-01,4.100000113248825073e-02,-9.697999954223632812e+00,-1.000000047497451305e-03,-2.000000094994902611e-03,8.000000379979610443e-03
6.579478546100000358e+01,5.490000247955322266e-01,3.280000090599060059e-01,-2.384799957275390625e+01,2.000000094994902611e-03,-1.200000010430812836e-02,1.000000047497451305e-03
6.580436166500000184e+01,5.490000247955322266e-01,3.280000090599060059e-01,-2.384799957275390625e+01,2.000000094994902611e-03,-1.200000010430812836e-02,1.000000047497451305e-03
6.581413738700000238e+01,-2.559000015258789062e+00,2.032999992370605469e+00,-8.395000457763671875e+00,5.000000074505805969e-02,-3.549999892711639404e-01,2.099999971687793732e-02
6.582375436899999954e+01,-2.559000015258789062e+00,2.032999992370605469e+00,-8.395000457763671875e+00,5.000000074505805969e-02,-3.549999892711639404e-01,2.099999971687793732e-02
6.583412507200000618e+01,-3.421000003814697266e+00,-1.195000052452087402e+00,-1.082299995422363281e+01,-3.599999845027923584e-02,6.100000068545341492e-02,-5.299999937415122986e-02
6.584368598000000361e+01,-3.421000003814697266e+00,-1.195000052452087402e+00,-1.082299995422363281e+01,-3.599999845027923584e-02,6.100000068545341492e-02,-5.299999937415122986e-02
6.585349518300000682e+01,-3.421000003814697266e+00,-1.195000052452087402e+00,-1.082299995422363281e+01,-3.599999845027923584e-02,6.100000068545341492e-02,-5.299999937415122986e-02
6.586388062800000398e+01,-2.917999982833862305e+00,-1.650000065565109253e-01,-1.084700012207031250e+01,-6.300000101327896118e-02,2.899999916553497314e-01,-2.400000020861625671e-02
6.587594564600000524e+01,-2.917999982833862305e+00,-1.650000065565109253e-01,-1.084700012207031250e+01,-6.300000101327896118e-02,2.899999916553497314e-01,-2.400000020861625671e-02
6.588371057199999825e+01,-2.917999982833862305e+00,-1.650000065565109253e-01,-1.084700012207031250e+01,-6.300000101327896118e-02,2.899999916553497314e-01,-2.400000020861625671e-02
6.589440910900000858e+01,-2.079999923706054688e+00,2.325000047683715820e+00,-6.394000053405761719e+00,-2.999999932944774628e-02,2.400000020861625671e-02,-2.800000086426734924e-02
6.590344538700000498e+01,-2.079999923706054688e+00,2.325000047683715820e+00,-6.394000053405761719e+00,-2.999999932944774628e-02,2.400000020861625671e-02,-2.800000086426734924e-02
6.591413957200001050e+01,5.339999794960021973e-01,-9.079999923706054688e-01,-1.325599956512451172e+01,4.000000189989805222e-03,1.120000034570693970e-01,-2.610000073909759521e-01
6.592350527600000021e+01,5.339999794960021973e-01,-9.079999923706054688e-01,-1.325599956512451172e+01,4.000000189989805222e-03,1.120000034570693970e-01,-2.610000073909759521e-01
6.593614575700000557e+01,-7.779999971389770508e-01,-5.049999952316284180e-01,-1.016199970245361328e+01,2.400000020861625671e-02,4.699999839067459106e-02,-2.680000066757202148e-01
6.594609786899999904e+01,-5.580000281333923340e-01,4.100000113248825073e-02,-9.779000282287597656e+00,7.000000216066837311e-03,-5.099999904632568359e-02,-2.099999934434890747e-01
6.595415284999999983e+01,-5.580000281333923340e-01,4.100000113248825073e-02,-9.779000282287597656e+00,7.000000216066837311e-03,-5.099999904632568359e-02,-2.099999934434890747e-01
6.596375459099999716e+01,-5.580000281333923340e-01,4.100000113248825073e-02,-9.779000282287597656e+00,7.000000216066837311e-03,-5.099999904632568359e-02,-2.099999934434890747e-01
6.597372816499999715e+01,-5.580000281333923340e-01,4.100000113248825073e-02,-9.779000282287597656e+00,7.000000216066837311e-03,-5.099999904632568359e-02,-2.099999934434890747e-01
6.598433792400000186e+01,2.453999996185302734e+00,7.900000363588333130e-02,-1.146500015258789062e+01,-3.999999910593032837e-02,1.640000045299530029e-01,-1.200000010430812836e-02
6.599579472000000635e+01,2.453999996185302734e+00,7.900000363588333130e-02,-1.146500015258789062e+01,-3.999999910593032837e-02,1.640000045299530029e-01,-1.200000010430812836e-02
6.600370833099999857e+01,1.807999968528747559e+00,7.900000363588333130e-02,-9.727000236511230469e+00,-1.700000092387199402e-02,3.099999949336051941e-02,1.000000014901161194e-01
6.601436460899999759e+01,1.807999968528747559e+00,7.900000363588333130e-02,-9.727000236511230469e+00,-1.700000092387199402e-02,3.099999949336051941e-02,1.000000014901161194e-01
6.602435884999999871e+01,1.030000001192092896e-01,3.179999887943267822e-01,-8.309000015258789062e+00,2.300000004470348358e-02,-8.699999749660491943e-02,1.309999972581863403e-01
6.603558733100000211e+01,1.030000001192092896e-01,3.179999887943267822e-01,-8.309000015258789062e+00,2.300000004470348358e-02,-8.699999749660491943e-02,1.309999972581863403e-01
6.604378386800000555e+01,3.860000073909759521e-01,-6.060000061988830566e-01,-8.567999839782714844e+00,-2.099999971687793732e-02,3.200000151991844177e-02,1.299999952316284180e-01
6.605372884999999883e+01,3.860000073909759521e-01,-6.060000061988830566e-01,-8.567999839782714844e+00,-2.099999971687793732e-02,3.200000151991844177e-02,1.299999952316284180e-01
6.606352218300000345e+01,4.394000053405761719e+00,3.099999904632568359e+00,-9.434000015258789062e+00,-2.199999988079071045e-02,-1.499999966472387314e-02,3.900000080466270447e-02
6.607579966500000523e+01,1.473000049591064453e+00,-3.267999887466430664e+00,3.403000116348266602e+00,-1.400000043213367462e-02,1.270000040531158447e-01,-9.689999818801879883e-01
6.608366573899999707e+01,1.473000049591064453e+00,-3.267999887466430664e+00,3.403000116348266602e+00,-1.400000043213367462e-02,1.270000040531158447e-01,-9.689999818801879883e-01
6.609418025700000499e+01,1.473000049591064453e+00,-3.267999887466430664e+00,3.403000116348266602e+00,-1.400000043213367462e-02,1.270000040531158447e-01,-9.689999818801879883e-01
6.610450921999999707e+01,-2.477999925613403320e+00,-6.863999843597412109e+00,-3.358000040054321289e+00,2.879999876022338867e-01,-7.800000160932540894e-02,-1.440999984741210938e+00
6.611400025700000072e+01,-2.477999925613403320e+00,-6.863999843597412109e+00,-3.358000040054321289e+00,2.879999876022338867e-01,-7.800000160932540894e-02,-1.440999984741210938e+00
6.612351801700000919e+01,-1.442999958992004395e+00,1.129300022125244141e+01,-1.432999968528747559e+00,1.799999922513961792e-02,-3.129999935626983643e-01,-5.540000200271606445e-01
6.613408366500000568e+01,1.036999940872192383e+00,-2.042000055313110352e+00,-5.368999958038330078e+00,-3.999999910593032837e-02,1.439999938011169434e-01,-4.779999852180480957e-01
6.614404886799999872e+01,1.036999940872192383e+00,-2.042000055313110352e+00,-5.368999958038330078e+00,-3.999999910593032837e-02,1.439999938011169434e-01,-4.779999852180480957e-01
6.615364366500000415e+01,1.036999940872192383e+00,-2.042000055313110352e+00,-5.368999958038330078e+00,-3.999999910593032837e-02,1.439999938011169434e-01,-4.779999852180480957e-01
6.616408114600000090e+01,5.810999870300292969e+00,-4.699999809265136719e+00,-9.444000244140625000e+00,2.210000008344650269e-01,-1.979999989271163940e-01,-1.011999964714050293e+00
6.617379488699999968e+01,-4.307000160217285156e+00,4.651999950408935547e+00,-8.687000274658203125e+00,7.000000029802322388e-02,-1.120000034570693970e-01,-3.650000095367431641e-01
6.618413131300000884e+01,-4.307000160217285156e+00,4.651999950408935547e+00,-8.687000274658203125e+00,7.000000029802322388e-02,-1.120000034570693970e-01,-3.650000095367431641e-01
6.619448697900000411e+01,-4.307000160217285156e+00,4.651999950408935547e+00,-8.687000274658203125e+00,7.000000029802322388e-02,-1.120000034570693970e-01,-3.650000095367431641e-01
6.620381373899999744e+01,-2.849999964237213135e-01,1.790000051259994507e-01,-1.226999998092651367e+00,1.099999994039535522e-02,9.799999743700027466e-02,-1.260000020265579224e-01
6.621388429400001030e+01,-2.849999964237213135e-01,1.790000051259994507e-01,-1.226999998092651367e+00,1.099999994039535522e-02,9.799999743700027466e-02,-1.260000020265579224e-01
6.622382757200000469e+01,1.837000012397766113e+00,-1.261999964714050293e+00,-1.403600025177001953e+01,4.699999839067459106e-02,-5.099999904632568359e-02,-1.449999958276748657e-01
6.623411651600000027e+01,1.837000012397766113e+00,-1.261999964714050293e+00,-1.403600025177001953e+01,4.699999839067459106e-02,-5.099999904632568359e-02,-1.449999958276748657e-01
6.624524673900000948e+01,2.608000040054321289e+00,-6.060000061988830566e-01,-1.214000034332275391e+01,-3.000000026077032089e-03,3.500000014901161194e-02,-1.449999958276748657e-01
6.625375935000000993e+01,2.608000040054321289e+00,-6.060000061988830566e-01,-1.214000034332275391e+01,-3.000000026077032089e-03,3.500000014901161194e-02,-1.449999958276748657e-01
6.626386455400000841e+01,3.240000009536743164e-01,-1.439000010490417480e+00,-1.017700004577636719e+01,3.799999877810478210e-02,-5.499999970197677612e-02,-1.040000021457672119e-01
6.627417094199999781e+01,3.519999980926513672e-01,4.950000047683715820e-01,-9.229000091552734375e+00,2.500000037252902985e-02,-2.500000037252902985e-02,-1.010000035166740417e-01
6.628365297900000996e+01,3.519999980926513672e-01,4.950000047683715820e-01,-9.229000091552734375e+00,2.500000037252902985e-02,-2.500000037252902985e-02,-1.010000035166740417e-01
6.629439283100001035e+01,3.519999980926513672e-01,4.950000047683715820e-01,-9.229000091552734375e+00,2.500000037252902985e-02,-2.500000037252902985e-02,-1.010000035166740417e-01
6.630373440500000015e+01,-4.090000092983245850e-01,6.539999842643737793e-01,-9.736000061035156250e+00,-2.800000086426734924e-02,4.100000113248825073e-02,-5.499999970197677612e-02
6.631582783100000711e+01,-4.090000092983245850e-01,6.539999842643737793e-01,-9.736000061035156250e+00,-2.800000086426734924e-02,4.100000113248825073e-02,-5.499999970197677612e-02
6.632509233100000756e+01,2.899999916553497314e-01,5.339999794960021973e-01,-1.210599994659423828e+01,-2.400000020861625671e-02,1.400000043213367462e-02,-1.700000092387199402e-02
6.633410764600000675e+01,2.899999916553497314e-01,5.339999794960021973e-01,-1.210599994659423828e+01,-2.400000020861625671e-02,1.400000043213367462e-02,-1.700000092387199402e-02
6.634384414600000923e+01,-1.550000011920928955e-01,3.140000104904174805e-01,-8.557999610900878906e+00,-1.499999966472387314e-02,2.400000020861625671e-02,-1.999999955296516418e-02
6.635360805300000209e+01,-9.300000220537185669e-02,4.860000014305114746e-01,-8.859999656677246094e+00,-3.000000026077032089e-03,2.000000094994902611e-03,-2.199999988079071045e-02
6.636514618300000734e+01,-9.300000220537185669e-02,4.860000014305114746e-01,-8.859999656677246094e+00,-3.000000026077032089e-03,2.000000094994902611e-03,-2.199999988079071045e-02
6.637408296099999916e+01,-9.300000220537185669e-02,4.860000014305114746e-01,-8.859999656677246094e+00,-3.000000026077032089e-03,2.000000094994902611e-03,-2.199999988079071045e-02
6.638451962800000672e+01,1.749999970197677612e-01,-5.389999747276306152e-01,-8.821000099182128906e+00,1.300000026822090149e-02,-2.300000004470348358e-02,1.200000010430812836e-02
6.639403649800000551e+01,1.749999970197677612e-01,-5.389999747276306152e-01,-8.821000099182128906e+00,1.300000026822090149e-02,-2.300000004470348358e-02,1.200000010430812836e-02
6.640480429400000162e+01,-1.700000017881393433e-01,-1.650000065565109253e-01,-1.191499996185302734e+01,-1.700000092387199402e-02,1.600000075995922089e-02,-0.000000000000000000e+00
6.641396138700000051e+01,-1.700000017881393433e-01,-1.650000065565109253e-01,-1.191499996185302734e+01,-1.700000092387199402e-02,1.600000075995922089e-02,-0.000000000000000000e+00
6.642428657199999975e+01,-6.719999909400939941e-01,-1.459999978542327881e-01,-8.649000167846679688e+00,-4.000000189989805222e-03,-2.000000094994902611e-03,-8.000000379979610443e-03
6.643493010900000684e+01,-6.719999909400939941e-01,-1.459999978542327881e-01,-8.649000167846679688e+00,-4.000000189989805222e-03,-2.000000094994902611e-03,-8.000000379979610443e-03
6.644492085000000259e+01,-1.103000044822692871e+00,6.200000047683715820e-01,-8.782999992370605469e+00,-4.000000189989805222e-03,3.000000026077032089e-03,7.000000216066837311e-03
6.645413084999999853e+01,-1.103000044822692871e+00,6.200000047683715820e-01,-8.782999992370605469e+00,-4.000000189989805222e-03,3.000000026077032089e-03,7.000000216066837311e-03
6.646346925699999986e+01,-4.329999983310699463e-01,8.590000271797180176e-01,-9.425000190734863281e+00,2.000000094994902611e-03,-2.000000094994902611e-03,4.999999888241291046e-03
6.647361197899999752e+01,-4.329999983310699463e-01,8.590000271797180176e-01,-9.425000190734863281e+00,2.000000094994902611e-03,-2.000000094994902611e-03,4.999999888241291046e-03
6.648354486800000984e+01,2.560000121593475342e-01,7.400000095367431641e-01,-1.053100013732910156e+01,8.000000379979610443e-03,-1.099999994039535522e-02,3.000000026077032089e-03
6.649432233100000644e+01,2.129999995231628418e-01,3.899999856948852539e-01,-1.031499958038330078e+01,-1.000000047497451305e-03,-2.000000094994902611e-03,3.000000026077032089e-03
6.650532912700001020e+01,2.129999995231628418e-01,3.899999856948852539e-01,-1.031499958038330078e+01,-1.000000047497451305e-03,-2.000000094994902611e-03,3.000000026077032089e-03
6.651365347899999847e+01,2.129999995231628418e-01,3.899999856948852539e-01,-1.031499958038330078e+01,-1.000000047497451305e-03,-2.000000094994902611e-03,3.000000026077032089e-03
6.652384220199999731e+01,-8.399999886751174927e-02,-2.280000001192092896e-01,-9.961000442504882812e+00,2.400000020861625671e-02,-2.999999932944774628e-02,1.000000047497451305e-03
6.653416512700000851e+01,-8.209999799728393555e-01,-2.319999933242797852e-01,-6.006000041961669922e+00,2.899999916553497314e-02,-3.400000184774398804e-02,-0.000000000000000000e+00
6.654444377600000848e+01,-8.209999799728393555e-01,-2.319999933242797852e-01,-6.006000041961669922e+00,2.899999916553497314e-02,-3.400000184774398804e-02,-0.000000000000000000e+00
6.655432066400000224e+01,-1.650000065565109253e-01,-5.720000267028808594e-01,-9.060999870300292969e+00,1.200000010430812836e-02,-8.000000379979610443e-03,-2.199999988079071045e-02
6.656722233100001063e+01,-1.650000065565109253e-01,-5.720000267028808594e-01,-9.060999870300292969e+00,1.200000010430812836e-02,-8.000000379979610443e-03,-2.199999988079071045e-02
6.657673735000000192e+01,-1.650000065565109253e-01,-5.720000267028808594e-01,-9.060999870300292969e+00,1.200000010430812836e-02,-8.000000379979610443e-03,-2.199999988079071045e-02
6.659033266400000173e+01,3.039999902248382568e-01,7.250000238418579102e-01,-1.030099964141845703e+01,4.000000189989805222e-03,-8.000000379979610443e-03,-2.700000070035457611e-02
6.659824316400001010e+01,3.039999902248382568e-01,7.250000238418579102e-01,-1.030099964141845703e+01,4.000000189989805222e-03,-8.000000379979610443e-03,-2.700000070035457611e-02
6.660464414599999827e+01,2.949999868869781494e-01,-6.629999876022338867e-01,-7.557000160217285156e+00,1.400000043213367462e-02,-1.899999938905239105e-02,-3.000000026077032089e-03
6.661694209000000910e+01,2.949999868869781494e-01,-6.629999876022338867e-01,-7.557000160217285156e+00,1.400000043213367462e-02,-1.899999938905239105e-02,-3.000000026077032089e-03
6.662543340500000966e+01,-2.179999947547912598e-01,7.059999704360961914e-01,-6.737999916076660156e+00,-7.000000216066837311e-03,-7.000000216066837311e-03,4.000000189989805222e-03
6.663363647900000331e+01,-2.179999947547912598e-01,7.059999704360961914e-01,-6.737999916076660156e+00,-7.000000216066837311e-03,-7.000000216066837311e-03,4.000000189989805222e-03
6.664718123800000171e+01,3.039999902248382568e-01,-3.379999995231628418e-01,-9.750000000000000000e+00,-4.399999976158142090e-02,3.599999845027923584e-02,-1.200000010430812836e-02
6.665442338700000846e+01,3.039999902248382568e-01,-3.379999995231628418e-01,-9.750000000000000000e+00,-4.399999976158142090e-02,3.599999845027923584e-02,-1.200000010430812836e-02
6.666472131300000115e+01,1.270000040531158447e-01,1.016999959945678711e+00,-9.232999801635742188e+00,-7.000000216066837311e-03,8.999999612569808960e-03,-1.200000010430812836e-02
6.667517607199999929e+01,1.270000040531158447e-01,1.016999959945678711e+00,-9.232999801635742188e+00,-7.000000216066837311e-03,8.999999612569808960e-03,-1.200000010430812836e-02
6.668361484999999789e+01,4.720000028610229492e-01,8.399999886751174927e-02,-1.103899955749511719e+01,-4.999999888241291046e-03,4.000000189989805222e-03,-1.000000047497451305e-03
6.669573979400000496e+01,-1.410000026226043701e-01,5.149999856948852539e-01,-8.543999671936035156e+00,9.999999776482582092e-03,-1.499999966472387314e-02,8.999999612569808960e-03
6.670368397900000446e+01,-1.410000026226043701e-01,5.149999856948852539e-01,-8.543999671936035156e+00,9.999999776482582092e-03,-1.499999966472387314e-02,8.999999612569808960e-03
6.671488803500000131e+01,2.469999939203262329e-01,3.140000104904174805e-01,-1.023400020599365234e+01,4.000000189989805222e-03,-8.000000379979610443e-03,4.999999888241291046e-03
6.672641647900000805e+01,2.469999939203262329e-01,3.140000104904174805e-01,-1.023400020599365234e+01,4.000000189989805222e-03,-8.000000379979610443e-03,4.999999888241291046e-03
6.673547240500001010e+01,2.469999939203262329e-01,3.140000104904174805e-01,-1.023400020599365234e+01,4.000000189989805222e-03,-8.000000379979610443e-03,4.999999888241291046e-03
6.674671729400000686e+01,1.220000013709068298e-01,-1.220000013709068298e-01,-4.410999774932861328e+00,-5.799999833106994629e-02,1.099999994039535522e-02,2.500000037252902985e-02
6.675634577499999978e+01,1.220000013709068298e-01,-1.220000013709068298e-01,-4.410999774932861328e+00,-5.799999833106994629e-02,1.099999994039535522e-02,2.500000037252902985e-02
6.676514562700000965e+01,6.439999938011169434e-01,-3.982000112533569336e+00,-5.288000106811523438e+00,-4.800000041723251343e-02,6.800000369548797607e-02,1.800000071525573730e-01
6.677360888700000885e+01,6.439999938011169434e-01,-3.982000112533569336e+00,-5.288000106811523438e+00,-4.800000041723251343e-02,6.800000369548797607e-02,1.800000071525573730e-01
6.678401458999999818e+01,-2.917999982833862305e+00,1.988999962806701660e+00,-8.888999938964843750e+00,-1.899999938905239105e-02,1.289999932050704956e-01,4.609999954700469971e-01
6.679413875699999892e+01,-2.917999982833862305e+00,1.988999962806701660e+00,-8.888999938964843750e+00,-1.899999938905239105e-02,1.289999932050704956e-01,4.609999954700469971e-01
6.680409957199999837e+01,-8.590000271797180176e-01,-2.584000110626220703e+00,-1.080399990081787109e+01,-8.999999612569808960e-03,-1.059999987483024597e-01,-6.899999827146530151e-02
6.681736988699999813e+01,-8.590000271797180176e-01,-2.584000110626220703e+00,-1.080399990081787109e+01,-8.999999612569808960e-03,-1.059999987483024597e-01,-6.899999827146530151e-02
6.682366192400000671e+01,-1.830999970436096191e+00,-7.929999828338623047e-01,-5.953000068664550781e+00,6.199999898672103882e-02,0.000000000000000000e+00,-3.670000135898590088e-01
6.683371797899999933e+01,-1.830999970436096191e+00,-7.929999828338623047e-01,-5.953000068664550781e+00,6.199999898672103882e-02,0.000000000000000000e+00,-3.670000135898590088e-01
6.684381020100001081e+01,-1.830999970436096191e+00,-7.929999828338623047e-01,-5.953000068664550781e+00,6.199999898672103882e-02,0.000000000000000000e+00,-3.670000135898590088e-01
6.685409927500001004e+01,-1.830999970436096191e+00,-7.929999828338623047e-01,-5.953000068664550781e+00,6.199999898672103882e-02,0.000000000000000000e+00,-3.670000135898590088e-01
6.900344892200000402e+01,-7.540000081062316895e-01,7.969999909400939941e-01,-7.682000160217285156e+00,-1.080000028014183044e-01,1.840000003576278687e-01,-1.457999944686889648e+00
6.901343864400000427e+01,-1.366999983787536621e+00,3.950000107288360596e-01,-7.489999771118164062e+00,1.049999967217445374e-01,1.679999977350234985e-01,-1.467000007629394531e+00
6.902347477400000741e+01,-1.366999983787536621e+00,3.950000107288360596e-01,-7.489999771118164062e+00,1.049999967217445374e-01,1.679999977350234985e-01,-1.467000007629394531e+00
6.903345581100001027e+01,-5.580000281333923340e-01,-1.700000017881393433e-01,-8.750000000000000000e+00,2.739999890327453613e-01,1.169999986886978149e-01,-1.480000019073486328e+00
6.904344814400000985e+01,-5.580000281333923340e-01,-1.700000017881393433e-01,-8.750000000000000000e+00,2.739999890327453613e-01,1.169999986886978149e-01,-1.480000019073486328e+00
6.905344671900000719e+01,-8.799999952316284180e-02,-2.129999995231628418e-01,-8.763999938964843750e+00,3.400000035762786865e-01,2.000000094994902611e-03,-1.521000027656555176e+00
6.906360703300001092e+01,-8.799999952316284180e-02,-2.129999995231628418e-01,-8.763999938964843750e+00,3.400000035762786865e-01,2.000000094994902611e-03,-1.521000027656555176e+00
6.907464295900000195e+01,-7.900000363588333130e-02,-1.560000032186508179e-01,-9.123000144958496094e+00,3.370000123977661133e-01,-1.099999994039535522e-01,-1.593000054359436035e+00
6.908360803300000441e+01,-7.900000363588333130e-02,-1.560000032186508179e-01,-9.123000144958496094e+00,3.370000123977661133e-01,-1.099999994039535522e-01,-1.593000054359436035e+00
6.909344231100000400e+01,-1.840000003576278687e-01,-4.909999966621398926e-01,-9.022999763488769531e+00,4.020000100135803223e-01,-1.609999984502792358e-01,-1.616999983787536621e+00
6.910345481100000598e+01,-1.840000003576278687e-01,-4.909999966621398926e-01,-9.022999763488769531e+00,4.020000100135803223e-01,-1.609999984502792358e-01,-1.616999983787536621e+00
6.911367125600000350e+01,2.849999964237213135e-01,-6.349999904632568359e-01,-9.319000244140625000e+00,4.920000135898590088e-01,-1.829999983310699463e-01,-1.582000017166137695e+00
6.912352486700000043e+01,2.849999964237213135e-01,-6.349999904632568359e-01,-9.319000244140625000e+00,4.920000135898590088e-01,-1.829999983310699463e-01,-1.582000017166137695e+00
6.913346807000000638e+01,4.379999935626983643e-01,-4.530000090599060059e-01,-1.000399971008300781e+01,6.010000109672546387e-01,-1.739999949932098389e-01,-1.511000037193298340e+00
6.914343034800000964e+01,4.379999935626983643e-01,-4.530000090599060059e-01,-1.000399971008300781e+01,6.010000109672546387e-01,-1.739999949932098389e-01,-1.511000037193298340e+00
6.915346807000000240e+01,7.739999890327453613e-01,-3.230000138282775879e-01,-1.063199996948242188e+01,6.980000138282775879e-01,-1.309999972581863403e-01,-1.432000041007995605e+00
6.916364407000000369e+01,7.739999890327453613e-01,-3.230000138282775879e-01,-1.063199996948242188e+01,6.980000138282775879e-01,-1.309999972581863403e-01,-1.432000041007995605e+00
6.917350147800000570e+01,7.739999890327453613e-01,-3.230000138282775879e-01,-1.063199996948242188e+01,6.980000138282775879e-01,-1.309999972581863403e-01,-1.432000041007995605e+00
6.918360556999999744e+01,4.620000123977661133e-01,-3.039999902248382568e-01,-1.102900028228759766e+01,7.910000085830688477e-01,-7.299999892711639404e-02,-1.386000037193298340e+00
6.919371027400001140e+01,6.439999938011169434e-01,-5.289999842643737793e-01,-1.164700031280517578e+01,8.730000257492065430e-01,7.000000216066837311e-03,-1.399000048637390137e+00
6.920363960699999950e+01,6.439999938011169434e-01,-5.289999842643737793e-01,-1.164700031280517578e+01,8.730000257492065430e-01,7.000000216066837311e-03,-1.399000048637390137e+00
6.921364199600000688e+01,1.409999966621398926e+00,-2.370000034570693970e-01,-1.232199954986572266e+01,8.640000224113464355e-01,1.089999973773956299e-01,-1.462000012397766113e+00
6.922351395900000171e+01,1.409999966621398926e+00,-2.370000034570693970e-01,-1.232199954986572266e+01,8.640000224113464355e-01,1.089999973773956299e-01,-1.462000012397766113e+00
6.923356449599999962e+01,1.797999978065490723e+00,-1.650000065565109253e-01,-1.274800014495849609e+01,8.259999752044677734e-01,1.509999930858612061e-01,-1.544000029563903809e+00
6.924355207000000689e+01,1.797999978065490723e+00,-1.650000065565109253e-01,-1.274800014495849609e+01,8.259999752044677734e-01,1.509999930858612061e-01,-1.544000029563903809e+00
6.925343834800000309e+01,2.311000108718872070e+00,-3.280000090599060059e-01,-1.269999980926513672e+01,8.370000123977661133e-01,5.799999833106994629e-02,-1.636000037193298340e+00
6.926347444099999962e+01,2.311000108718872070e+00,-3.280000090599060059e-01,-1.269999980926513672e+01,8.370000123977661133e-01,5.799999833106994629e-02,-1.636000037193298340e+00
6.927365458900000306e+01,2.608000040054321289e+00,-1.093999981880187988e+00,-1.235499954223632812e+01,8.199999928474426270e-01,-1.070000007748603821e-01,-1.789000034332275391e+00
6.928360827400000233e+01,2.608000040054321289e+00,-1.093999981880187988e+00,-1.235499954223632812e+01,8.199999928474426270e-01,-1.070000007748603821e-01,-1.789000034332275391e+00
6.929361649599999851e+01,2.391999959945678711e+00,-2.214999914169311523e+00,-1.275300025939941406e+01,6.610000133514404297e-01,-2.489999979734420776e-01,-1.983000040054321289e+00
6.930363121800000670e+01,2.391999959945678711e+00,-2.214999914169311523e+00,-1.275300025939941406e+01,6.610000133514404297e-01,-2.489999979734420776e-01,-1.983000040054321289e+00
6.931365910700000654e+01,2.391999959945678711e+00,-2.214999914169311523e+00,-1.275300025939941406e+01,6.610000133514404297e-01,-2.489999979734420776e-01,-1.983000040054321289e+00
6.932361636600001020e+01,1.789000034332275391e+00,-1.677999973297119141e+00,-1.208199977874755859e+01,5.619999766349792480e-01,-4.000000059604644775e-01,-2.052999973297119141e+00
6.933347664400000099e+01,2.062000036239624023e+00,-7.540000081062316895e-01,-1.191499996185302734e+01,6.660000085830688477e-01,-5.889999866485595703e-01,-2.003999948501586914e+00
6.934343788500000016e+01,2.062000036239624023e+00,-7.540000081062316895e-01,-1.191499996185302734e+01,6.660000085830688477e-01,-5.889999866485595703e-01,-2.003999948501586914e+00
6.935365160700000331e+01,2.062000036239624023e+00,-7.540000081062316895e-01,-1.191499996185302734e+01,6.660000085830688477e-01,-5.889999866485595703e-01,-2.003999948501586914e+00
6.936349427400000422e+01,2.056999921798706055e+00,-8.640000224113464355e-01,-1.150300025939941406e+01,7.779999971389770508e-01,-8.209999799728393555e-01,-2.016999959945678711e+00
6.937344686600000898e+01,1.960999965667724609e+00,-1.434000015258789062e+00,-1.090400028228759766e+01,6.650000214576721191e-01,-9.840000271797180176e-01,-2.117000102996826172e+00
6.938347984800000745e+01,1.960999965667724609e+00,-1.434000015258789062e+00,-1.090400028228759766e+01,6.650000214576721191e-01,-9.840000271797180176e-01,-2.117000102996826172e+00
6.939358279200000368e+01,2.013999938964843750e+00,-1.850999951362609863e+00,-9.998999595642089844e+00,4.580000042915344238e-01,-1.077000021934509277e+00,-2.223000049591064453e+00
6.940353084800000261e+01,2.013999938964843750e+00,-1.850999951362609863e+00,-9.998999595642089844e+00,4.580000042915344238e-01,-1.077000021934509277e+00,-2.223000049591064453e+00
6.941369607000000030e+01,1.549000024795532227e+00,-1.965999960899353027e+00,-9.185000419616699219e+00,3.310000002384185791e-01,-1.164000034332275391e+00,-2.269000053405761719e+00
6.942352832900000692e+01,1.549000024795532227e+00,-1.965999960899353027e+00,-9.185000419616699219e+00,3.310000002384185791e-01,-1.164000034332275391e+00,-2.269000053405761719e+00
6.943365292200000738e+01,1.549000024795532227e+00,-1.965999960899353027e+00,-9.185000419616699219e+00,3.310000002384185791e-01,-1.164000034332275391e+00,-2.269000053405761719e+00
6.944362395900000706e+01,8.119999766349792480e-01,-1.822000026702880859e+00,-8.371000289916992188e+00,2.960000038146972656e-01,-1.238999962806701660e+00,-2.243000030517578125e+00
6.945345851500000833e+01,4.189999997615814209e-01,-1.610999941825866699e+00,-7.821000099182128906e+00,3.149999976158142090e-01,-1.253000020980834961e+00,-2.194000005722045898e+00
6.946358894000000817e+01,4.189999997615814209e-01,-1.610999941825866699e+00,-7.821000099182128906e+00,3.149999976158142090e-01,-1.253000020980834961e+00,-2.194000005722045898e+00
6.947358201500000519e+01,2.949999868869781494e-01,-1.328999996185302734e+00,-7.283999919891357422e+00,4.009999930858612061e-01,-1.189000010490417480e+00,-2.138000011444091797e+00
6.948349542200000428e+01,2.949999868869781494e-01,-1.328999996185302734e+00,-7.283999919891357422e+00,4.009999930858612061e-01,-1.189000010490417480e+00,-2.138000011444091797e+00
6.949364140299999804e+01,3.039999902248382568e-01,-1.516000032424926758e+00,-7.178999900817871094e+00,5.149999856948852539e-01,-1.097000002861022949e+00,-2.092999935150146484e+00
6.950350299600000881e+01,3.039999902248382568e-01,-1.516000032424926758e+00,-7.178999900817871094e+00,5.149999856948852539e-01,-1.097000002861022949e+00,-2.092999935150146484e+00
6.951358919999999841e+01,3.039999902248382568e-01,-1.516000032424926758e+00,-7.178999900817871094e+00,5.149999856948852539e-01,-1.097000002861022949e+00,-2.092999935150146484e+00
6.952371956999999725e+01,3.470000028610229492e-01,-1.123000025749206543e+00,-6.915999889373779297e+00,5.920000076293945312e-01,-1.042999982833862305e+00,-2.062999963760375977e+00
6.953350738500000716e+01,2.560000121593475342e-01,-1.361999988555908203e+00,-6.776999950408935547e+00,7.329999804496765137e-01,-1.039999961853027344e+00,-2.023000001907348633e+00
6.954341860700000666e+01,2.560000121593475342e-01,-1.361999988555908203e+00,-6.776999950408935547e+00,7.329999804496765137e-01,-1.039999961853027344e+00,-2.023000001907348633e+00
6.955343797700000152e+01,2.090000063180923462e-01,-1.434000015258789062e+00,-6.413000106811523438e+00,8.799999952316284180e-01,-1.016999959945678711e+00,-1.967000007629394531e+00
6.956346171799999922e+01,2.090000063180923462e-01,-1.434000015258789062e+00,-6.413000106811523438e+00,8.799999952316284180e-01,-1.016999959945678711e+00,-1.967000007629394531e+00
6.957347993999999858e+01,1.220000013709068298e-01,-1.631000041961669922e+00,-6.379000186920166016e+00,1.000000000000000000e+00,-9.219999909400939941e-01,-1.907999992370605469e+00
6.958366275500000597e+01,1.220000013709068298e-01,-1.631000041961669922e+00,-6.379000186920166016e+00,1.000000000000000000e+00,-9.219999909400939941e-01,-1.907999992370605469e+00
6.959369945900000687e+01,2.129999995231628418e-01,-1.889000058174133301e+00,-6.537000179290771484e+00,1.062999963760375977e+00,-7.950000166893005371e-01,-1.860000014305114746e+00
6.960343890300001135e+01,2.129999995231628418e-01,-1.889000058174133301e+00,-6.537000179290771484e+00,1.062999963760375977e+00,-7.950000166893005371e-01,-1.860000014305114746e+00
6.961345382900000800e+01,4.289999902248382568e-01,-2.204999923706054688e+00,-6.920000076293945312e+00,1.062000036239624023e+00,-6.899999976158142090e-01,-1.832999944686889648e+00
6.962345460699999933e+01,4.289999902248382568e-01,-2.204999923706054688e+00,-6.920000076293945312e+00,1.062000036239624023e+00,-6.899999976158142090e-01,-1.832999944686889648e+00
6.963345007000000919e+01,2.469999939203262329e-01,-2.493000030517578125e+00,-6.978000164031982422e+00,1.014000058174133301e+00,-6.079999804496765137e-01,-1.819000005722045898e+00
6.964342077400000619e+01,2.469999939203262329e-01,-2.493000030517578125e+00,-6.978000164031982422e+00,1.014000058174133301e+00,-6.079999804496765137e-01,-1.819000005722045898e+00
6.965367523700000163e+01,2.230000048875808716e-01,-2.721999883651733398e+00,-7.087999820709228516e+00,9.779999852180480957e-01,-5.370000004768371582e-01,-1.763000011444091797e+00
6.966362801400001104e+01,2.230000048875808716e-01,-2.721999883651733398e+00,-7.087999820709228516e+00,9.779999852180480957e-01,-5.370000004768371582e-01,-1.763000011444091797e+00
6.967348986600001126e+01,2.230000048875808716e-01,-2.721999883651733398e+00,-7.087999820709228516e+00,9.779999852180480957e-01,-5.370000004768371582e-01,-1.763000011444091797e+00
6.968344586599999957e+01,5.490000247955322266e-01,-2.842000007629394531e+00,-7.580999851226806641e+00,9.829999804496765137e-01,-5.260000228881835938e-01,-1.702000021934509277e+00
6.969345827400000815e+01,3.910000026226043701e-01,-3.631999969482421875e+00,-7.705999851226806641e+00,9.580000042915344238e-01,-5.379999876022338867e-01,-1.661999940872192383e+00
6.970342264399999976e+01,3.910000026226043701e-01,-3.631999969482421875e+00,-7.705999851226806641e+00,9.580000042915344238e-01,-5.379999876022338867e-01,-1.661999940872192383e+00
6.971342873700000098e+01,4.959999918937683105e-01,-3.713999986648559570e+00,-8.390999794006347656e+00,8.830000162124633789e-01,-5.339999794960021973e-01,-1.578999996185302734e+00
6.972344357000000059e+01,4.959999918937683105e-01,-3.713999986648559570e+00,-8.390999794006347656e+00,8.830000162124633789e-01,-5.339999794960021973e-01,-1.578999996185302734e+00
6.973360662600001092e+01,7.779999971389770508e-01,-4.211999893188476562e+00,-8.720999717712402344e+00,7.900000214576721191e-01,-5.469999909400939941e-01,-1.498999953269958496e+00
6.974344557000000577e+01,7.779999971389770508e-01,-4.211999893188476562e+00,-8.720999717712402344e+00,7.900000214576721191e-01,-5.469999909400939941e-01,-1.498999953269958496e+00
6.975359488499999827e+01,9.990000128746032715e-01,-4.781000137329101562e+00,-9.133000373840332031e+00,6.790000200271606445e-01,-6.039999723434448242e-01,-1.452999949455261230e+00
6.976342368100000613e+01,9.990000128746032715e-01,-4.781000137329101562e+00,-9.133000373840332031e+00,6.790000200271606445e-01,-6.039999723434448242e-01,-1.452999949455261230e+00
6.977368451400000993e+01,9.990000128746032715e-01,-4.781000137329101562e+00,-9.133000373840332031e+00,6.790000200271606445e-01,-6.039999723434448242e-01,-1.452999949455261230e+00
6.978344775499999741e+01,1.013000011444091797e+00,-5.557000160217285156e+00,-9.031999588012695312e+00,5.339999794960021973e-01,-6.560000181198120117e-01,-1.449000000953674316e+00
6.979360697700001026e+01,1.013000011444091797e+00,-5.557000160217285156e+00,-9.031999588012695312e+00,5.339999794960021973e-01,-6.560000181198120117e-01,-1.449000000953674316e+00
6.980380801399999768e+01,1.606999993324279785e+00,-5.452000141143798828e+00,-9.621000289916992188e+00,2.010000050067901611e-01,-6.190000176429748535e-01,-1.504999995231628418e+00
6.981429679200000749e+01,1.735999941825866699e+00,-5.203000068664550781e+00,-9.645000457763671875e+00,-1.220000013709068298e-01,-6.340000033378601074e-01,-1.600000023841857910e+00
6.982351525500000378e+01,1.735999941825866699e+00,-5.203000068664550781e+00,-9.645000457763671875e+00,-1.220000013709068298e-01,-6.340000033378601074e-01,-1.600000023841857910e+00
6.983348757000000262e+01,1.735999941825866699e+00,-5.203000068664550781e+00,-9.645000457763671875e+00,-1.220000013709068298e-01,-6.340000033378601074e-01,-1.600000023841857910e+00
6.984354947700001048e+01,1.481999993324279785e+00,-4.632999897003173828e+00,-9.539999961853027344e+00,-2.720000147819519043e-01,-7.490000128746032715e-01,-1.639000058174133301e+00
6.985374842200000955e+01,9.890000224113464355e-01,-4.330999851226806641e+00,-9.430000305175781250e+00,-2.689999938011169434e-01,-8.439999818801879883e-01,-1.582999944686889648e+00
6.986349353300001042e+01,9.890000224113464355e-01,-4.330999851226806641e+00,-9.430000305175781250e+00,-2.689999938011169434e-01,-8.439999818801879883e-01,-1.582999944686889648e+00
6.987435766200000842e+01,1.023000001907348633e+00,-3.713999986648559570e+00,-9.602000236511230469e+00,-2.080000042915344238e-01,-8.690000176429748535e-01,-1.470000028610229492e+00
6.988369349600000646e+01,1.023000001907348633e+00,-3.713999986648559570e+00,-9.602000236511230469e+00,-2.080000042915344238e-01,-8.690000176429748535e-01,-1.470000028610229492e+00
6.989344195900000045e+01,1.564000010490417480e+00,-3.612999916076660156e+00,-9.750000000000000000e+00,-1.449999958276748657e-01,-8.790000081062316895e-01,-1.452999949455261230e+00
6.990357616200000734e+01,1.564000010490417480e+00,-3.612999916076660156e+00,-9.750000000000000000e+00,-1.449999958276748657e-01,-8.790000081062316895e-01,-1.452999949455261230e+00
6.991347951400000227e+01,1.444000005722045898e+00,-3.345000028610229492e+00,-9.468000411987304688e+00,-1.500000059604644775e-01,-8.809999823570251465e-01,-1.570000052452087402e+00
6.992358051400000818e+01,1.444000005722045898e+00,-3.345000028610229492e+00,-9.468000411987304688e+00,-1.500000059604644775e-01,-8.809999823570251465e-01,-1.570000052452087402e+00
6.993365601400000742e+01,1.070999979972839355e+00,-3.115000009536743164e+00,-9.458000183105468750e+00,-1.739999949932098389e-01,-8.050000071525573730e-01,-1.669000029563903809e+00
6.994357805100000292e+01,1.070999979972839355e+00,-3.115000009536743164e+00,-9.458000183105468750e+00,-1.739999949932098389e-01,-8.050000071525573730e-01,-1.669000029563903809e+00
6.995359631099999831e+01,1.238000035285949707e+00,-3.095999956130981445e+00,-9.414999961853027344e+00,-2.230000048875808716e-01,-6.800000071525573730e-01,-1.717000007629394531e+00
6.996346445900000788e+01,1.238000035285949707e+00,-3.095999956130981445e+00,-9.414999961853027344e+00,-2.230000048875808716e-01,-6.800000071525573730e-01,-1.717000007629394531e+00
6.997346008800001016e+01,1.439000010490417480e+00,-2.573999881744384766e+00,-9.366999626159667969e+00,-2.540000081062316895e-01,-6.230000257492065430e-01,-1.782999992370605469e+00
6.998343629200000748e+01,1.439000010490417480e+00,-2.573999881744384766e+00,-9.366999626159667969e+00,-2.540000081062316895e-01,-6.230000257492065430e-01,-1.782999992370605469e+00
6.999353010699999800e+01,1.439000010490417480e+00,-2.573999881744384766e+00,-9.366999626159667969e+00,-2.540000081062316895e-01,-6.230000257492065430e-01,-1.782999992370605469e+00
7.000355142200000103e+01,1.261999964714050293e+00,-2.290999889373779297e+00,-9.012999534606933594e+00,-2.029999941587448120e-01,-6.119999885559082031e-01,-1.875000000000000000e+00
7.001346440300000040e+01,1.133000016212463379e+00,-2.023000001907348633e+00,-8.467000007629394531e+00,-9.600000083446502686e-02,-5.619999766349792480e-01,-1.947000026702880859e+00
7.002356447700000786e+01,1.133000016212463379e+00,-2.023000001907348633e+00,-8.467000007629394531e+00,-9.600000083446502686e-02,-5.619999766349792480e-01,-1.947000026702880859e+00
7.003348410700000670e+01,9.750000238418579102e-01,-2.114000082015991211e+00,-8.027000427246093750e+00,3.000000026077032089e-03,-4.499999880790710449e-01,-1.991000056266784668e+00
7.004339868099999933e+01,9.750000238418579102e-01,-2.114000082015991211e+00,-8.027000427246093750e+00,3.000000026077032089e-03,-4.499999880790710449e-01,-1.991000056266784668e+00
7.005343127300000106e+01,1.223999977111816406e+00,-1.677999973297119141e+00,-7.585999965667724609e+00,3.000000026077032089e-03,-3.339999914169311523e-01,-2.013999938964843750e+00
7.006352662500000861e+01,1.223999977111816406e+00,-1.677999973297119141e+00,-7.585999965667724609e+00,3.000000026077032089e-03,-3.339999914169311523e-01,-2.013999938964843750e+00
7.007378758800000185e+01,1.223999977111816406e+00,-1.677999973297119141e+00,-7.585999965667724609e+00,3.000000026077032089e-03,-3.339999914169311523e-01,-2.013999938964843750e+00
7.008344360700000664e+01,1.453999996185302734e+00,-1.735999941825866699e+00,-7.815999984741210938e+00,8.299999684095382690e-02,-2.770000100135803223e-01,-2.062000036239624023e+00
7.009344723600000293e+01,1.511000037193298340e+00,-1.434000015258789062e+00,-7.519000053405761719e+00,2.140000015497207642e-01,-3.089999854564666748e-01,-2.118000030517578125e+00
7.010351044000000797e+01,1.511000037193298340e+00,-1.434000015258789062e+00,-7.519000053405761719e+00,2.140000015497207642e-01,-3.089999854564666748e-01,-2.118000030517578125e+00
7.011357642200000839e+01,1.406000018119812012e+00,-1.754999995231628418e+00,-7.624000072479248047e+00,3.540000021457672119e-01,-3.619999885559082031e-01,-2.161000013351440430e+00
7.012343692200001044e+01,1.406000018119812012e+00,-1.754999995231628418e+00,-7.624000072479248047e+00,3.540000021457672119e-01,-3.619999885559082031e-01,-2.161000013351440430e+00
7.013341869900000347e+01,1.534999966621398926e+00,-2.157000064849853516e+00,-7.557000160217285156e+00,3.619999885559082031e-01,-3.720000088214874268e-01,-2.200000047683715820e+00
7.014356312500000001e+01,1.534999966621398926e+00,-2.157000064849853516e+00,-7.557000160217285156e+00,3.619999885559082031e-01,-3.720000088214874268e-01,-2.200000047683715820e+00
7.015342766199999858e+01,1.832000017166137695e+00,-2.247999906539916992e+00,-7.954999923706054688e+00,2.750000059604644775e-01,-3.549999892711639404e-01,-2.265000104904174805e+00
7.016357510699999978e+01,1.832000017166137695e+00,-2.247999906539916992e+00,-7.954999923706054688e+00,2.750000059604644775e-01,-3.549999892711639404e-01,-2.265000104904174805e+00
7.017365121800000338e+01,2.056999921798706055e+00,-2.348999977111816406e+00,-7.954999923706054688e+00,1.850000023841857910e-01,-3.799999952316284180e-01,-2.346999883651733398e+00
7.018341536600000552e+01,2.056999921798706055e+00,-2.348999977111816406e+00,-7.954999923706054688e+00,1.850000023841857910e-01,-3.799999952316284180e-01,-2.346999883651733398e+00
7.019342903300000103e+01,2.434999942779541016e+00,-2.200000047683715820e+00,-8.399999618530273438e+00,1.289999932050704956e-01,-4.799999892711639404e-01,-2.424999952316284180e+00
7.020358273600000132e+01,2.434999942779541016e+00,-2.200000047683715820e+00,-8.399999618530273438e+00,1.289999932050704956e-01,-4.799999892711639404e-01,-2.424999952316284180e+00
7.021342307000000460e+01,2.559999942779541016e+00,-2.372999906539916992e+00,-8.625000000000000000e+00,9.899999946355819702e-02,-6.420000195503234863e-01,-2.506999969482421875e+00
7.022346792199999754e+01,2.559999942779541016e+00,-2.372999906539916992e+00,-8.625000000000000000e+00,9.899999946355819702e-02,-6.420000195503234863e-01,-2.506999969482421875e+00
7.023357653300000436e+01,2.785000085830688477e+00,-2.378000020980834961e+00,-8.605999946594238281e+00,5.400000140070915222e-02,-8.289999961853027344e-01,-2.589999914169311523e+00
7.024345819900000265e+01,2.785000085830688477e+00,-2.378000020980834961e+00,-8.605999946594238281e+00,5.400000140070915222e-02,-8.289999961853027344e-01,-2.589999914169311523e+00
7.025342610700000989e+01,2.785000085830688477e+00,-2.378000020980834961e+00,-8.605999946594238281e+00,5.400000140070915222e-02,-8.289999961853027344e-01,-2.589999914169311523e+00
7.026360057000000836e+01,2.785000085830688477e+00,-2.108999967575073242e+00,-8.571999549865722656e+00,2.400000020861625671e-02,-1.013000011444091797e+00,-2.691999912261962891e+00
7.027391919900000516e+01,2.493000030517578125e+00,-2.415999889373779297e+00,-8.303999900817871094e+00,1.499999966472387314e-02,-1.123000025749206543e+00,-2.785000085830688477e+00
7.028345584699999904e+01,2.493000030517578125e+00,-2.415999889373779297e+00,-8.303999900817871094e+00,1.499999966472387314e-02,-1.123000025749206543e+00,-2.785000085830688477e+00
7.029343212500000959e+01,2.196000099182128906e+00,-2.530999898910522461e+00,-8.319000244140625000e+00,-4.100000113248825073e-02,-1.101999998092651367e+00,-2.812999963760375977e+00
7.030339932900000122e+01,2.196000099182128906e+00,-2.530999898910522461e+00,-8.319000244140625000e+00,-4.100000113248825073e-02,-1.101999998092651367e+00,-2.812999963760375977e+00
7.031342719900000304e+01,2.233999967575073242e+00,-1.779000043869018555e+00,-8.586999893188476562e+00,-1.150000020861625671e-01,-1.027999997138977051e+00,-2.783999919891357422e+00
7.032359951400000853e+01,2.233999967575073242e+00,-1.779000043869018555e+00,-8.586999893188476562e+00,-1.150000020861625671e-01,-1.027999997138977051e+00,-2.783999919891357422e+00
7.033345601400000646e+01,2.196000099182128906e+00,-1.366999983787536621e+00,-8.640000343322753906e+00,-7.900000363588333130e-02,-1.008000016212463379e+00,-2.749000072479248047e+00
7.034349936600000319e+01,2.196000099182128906e+00,-1.366999983787536621e+00,-8.640000343322753906e+00,-7.900000363588333130e-02,-1.008000016212463379e+00,-2.749000072479248047e+00
7.035358762500000296e+01,2.229000091552734375e+00,-1.190000057220458984e+00,-8.821000099182128906e+00,-2.800000086426734924e-02,-1.027999997138977051e+00,-2.727999925613403320e+00
7.036351377300000820e+01,2.229000091552734375e+00,-1.190000057220458984e+00,-8.821000099182128906e+00,-2.800000086426734924e-02,-1.027999997138977051e+00,-2.727999925613403320e+00
7.037357149600001094e+01,2.099999904632568359e+00,-1.075000047683715820e+00,-8.935999870300292969e+00,-4.800000041723251343e-02,-1.052999973297119141e+00,-2.752000093460083008e+00
7.038354847700000505e+01,2.099999904632568359e+00,-1.075000047683715820e+00,-8.935999870300292969e+00,-4.800000041723251343e-02,-1.052999973297119141e+00,-2.752000093460083008e+00
7.039365258800000902e+01,2.099999904632568359e+00,-1.075000047683715820e+00,-8.935999870300292969e+00,-4.800000041723251343e-02,-1.052999973297119141e+00,-2.752000093460083008e+00
7.040343947700000626e+01,1.837000012397766113e+00,-1.361999988555908203e+00,-8.869000434875488281e+00,-1.650000065565109253e-01,-1.046000003814697266e+00,-2.844000101089477539e+00
7.041345707000000687e+01,1.837000012397766113e+00,-1.361999988555908203e+00,-8.869000434875488281e+00,-1.650000065565109253e-01,-1.046000003814697266e+00,-2.844000101089477539e+00
7.042365969899999811e+01,1.409999966621398926e+00,-1.687999963760375977e+00,-8.734999656677246094e+00,-3.440000116825103760e-01,-9.380000233650207520e-01,-2.970999956130981445e+00
7.043344555100000548e+01,4.819999933242797852e-01,-1.243000030517578125e+00,-8.644000053405761719e+00,-5.239999890327453613e-01,-7.200000286102294922e-01,-3.030999898910522461e+00
7.044339547700000992e+01,4.819999933242797852e-01,-1.243000030517578125e+00,-8.644000053405761719e+00,-5.239999890327453613e-01,-7.200000286102294922e-01,-3.030999898910522461e+00
7.045344575500000417e+01,8.399999886751174927e-02,-7.059999704360961914e-01,-8.673000335693359375e+00,-5.400000214576721191e-01,-4.880000054836273193e-01,-2.927999973297119141e+00
7.046340547700000911e+01,8.399999886751174927e-02,-7.059999704360961914e-01,-8.673000335693359375e+00,-5.400000214576721191e-01,-4.880000054836273193e-01,-2.927999973297119141e+00
7.047375662500000715e+01,2.660000026226043701e-01,-4.909999966621398926e-01,-8.979999542236328125e+00,-4.690000116825103760e-01,-2.649999856948852539e-01,-2.752000093460083008e+00
7.048351475500000163e+01,2.660000026226043701e-01,-4.909999966621398926e-01,-8.979999542236328125e+00,-4.690000116825103760e-01,-2.649999856948852539e-01,-2.752000093460083008e+00
7.049365114399999754e+01,1.319999992847442627e-01,-9.700000286102294922e-01,-8.994000434875488281e+00,-4.930000007152557373e-01,1.700000092387199402e-02,-2.618999958038330078e+00
7.050352869900000030e+01,1.319999992847442627e-01,-9.700000286102294922e-01,-8.994000434875488281e+00,-4.930000007152557373e-01,1.700000092387199402e-02,-2.618999958038330078e+00
7.051346551400000351e+01,3.140000104904174805e-01,-8.930000066757202148e-01,-8.831000328063964844e+00,-5.740000009536743164e-01,3.260000050067901611e-01,-2.480999946594238281e+00
7.052361542100000236e+01,3.140000104904174805e-01,-8.930000066757202148e-01,-8.831000328063964844e+00,-5.740000009536743164e-01,3.260000050067901611e-01,-2.480999946594238281e+00
7.053345686600000874e+01,2.039999961853027344e-01,-8.640000224113464355e-01,-8.711000442504882812e+00,-4.339999854564666748e-01,5.339999794960021973e-01,-2.303999900817871094e+00
7.054341523600000130e+01,2.039999961853027344e-01,-8.640000224113464355e-01,-8.711000442504882812e+00,-4.339999854564666748e-01,5.339999794960021973e-01,-2.303999900817871094e+00
7.055342555100000368e+01,5.630000233650207520e-01,-5.529999732971191406e-01,-9.281000137329101562e+00,-1.979999989271163940e-01,6.129999756813049316e-01,-2.112999916076660156e+00
7.056355862499999887e+01,5.630000233650207520e-01,-5.529999732971191406e-01,-9.281000137329101562e+00,-1.979999989271163940e-01,6.129999756813049316e-01,-2.112999916076660156e+00
7.057342780999999832e+01,4.339999854564666748e-01,-3.140000104904174805e-01,-8.750000000000000000e+00,-3.900000080466270447e-02,6.219999790191650391e-01,-1.991000056266784668e+00
7.058345397700000490e+01,4.339999854564666748e-01,-3.140000104904174805e-01,-8.750000000000000000e+00,-3.900000080466270447e-02,6.219999790191650391e-01,-1.991000056266784668e+00
7.059345647700000370e+01,6.159999966621398926e-01,-4.959999918937683105e-01,-8.461999893188476562e+00,8.000000379979610443e-03,6.299999952316284180e-01,-1.942000031471252441e+00
7.060347005100000217e+01,6.159999966621398926e-01,-4.959999918937683105e-01,-8.461999893188476562e+00,8.000000379979610443e-03,6.299999952316284180e-01,-1.942000031471252441e+00
7.061346382900001117e+01,4.000000059604644775e-01,-6.010000109672546387e-01,-8.041000366210937500e+00,1.799999922513961792e-02,5.860000252723693848e-01,-1.955000042915344238e+00
7.062346271799999897e+01,4.000000059604644775e-01,-6.010000109672546387e-01,-8.041000366210937500e+00,1.799999922513961792e-02,5.860000252723693848e-01,-1.955000042915344238e+00
7.063344951400000582e+01,4.000000059604644775e-01,-6.010000109672546387e-01,-8.041000366210937500e+00,1.799999922513961792e-02,5.860000252723693848e-01,-1.955000042915344238e+00
7.064348240300000725e+01,2.039999961853027344e-01,-8.550000190734863281e-01,-7.719999790191650391e+00,4.199999943375587463e-02,4.869999885559082031e-01,-1.952000021934509277e+00
7.065370129200000804e+01,1.650000065565109253e-01,-1.013000011444091797e+00,-7.250999927520751953e+00,4.699999839067459106e-02,3.750000000000000000e-01,-1.894000053405761719e+00
7.066354599500000688e+01,1.650000065565109253e-01,-1.013000011444091797e+00,-7.250999927520751953e+00,4.699999839067459106e-02,3.750000000000000000e-01,-1.894000053405761719e+00
7.067344795800001123e+01,1.650000065565109253e-01,-1.013000011444091797e+00,-7.250999927520751953e+00,4.699999839067459106e-02,3.750000000000000000e-01,-1.894000053405761719e+00
7.068358208800000853e+01,3.190000057220458984e-01,-9.990000128746032715e-01,-6.978000164031982422e+00,5.400000140070915222e-02,2.800000011920928955e-01,-1.794999957084655762e+00
7.069364192100000821e+01,-2.099999971687793732e-02,-9.509999752044677734e-01,-6.752999782562255859e+00,3.599999845027923584e-02,1.870000064373016357e-01,-1.679999947547912598e+00
7.070345932899999752e+01,-2.099999971687793732e-02,-9.509999752044677734e-01,-6.752999782562255859e+00,3.599999845027923584e-02,1.870000064373016357e-01,-1.679999947547912598e+00
7.071348273600000311e+01,5.499999970197677612e-02,-9.459999799728393555e-01,-6.244999885559082031e+00,-1.300000026822090149e-02,1.209999993443489075e-01,-1.524999976158142090e+00
7.072342995800001120e+01,5.499999970197677612e-02,-9.459999799728393555e-01,-6.244999885559082031e+00,-1.300000026822090149e-02,1.209999993443489075e-01,-1.524999976158142090e+00
7.073343895800000780e+01,3.000000026077032089e-03,-9.840000271797180176e-01,-5.934000015258789062e+00,-4.600000008940696716e-02,1.599999964237213135e-01,-1.360999941825866699e+00
7.074341273600001045e+01,3.000000026077032089e-03,-9.840000271797180176e-01,-5.934000015258789062e+00,-4.600000008940696716e-02,1.599999964237213135e-01,-1.360999941825866699e+00
7.075344114300000342e+01,3.140000104904174805e-01,-4.620000123977661133e-01,-6.011000156402587891e+00,-5.700000002980232239e-02,2.660000026226043701e-01,-1.187999963760375977e+00
7.076348408799999845e+01,3.140000104904174805e-01,-4.620000123977661133e-01,-6.011000156402587891e+00,-5.700000002980232239e-02,2.660000026226043701e-01,-1.187999963760375977e+00
7.077348734699999966e+01,7.879999876022338867e-01,2.099999971687793732e-02,-6.585000038146972656e+00,3.099999949336051941e-02,3.319999873638153076e-01,-1.034000039100646973e+00
7.078346079199999963e+01,7.879999876022338867e-01,2.099999971687793732e-02,-6.585000038146972656e+00,3.099999949336051941e-02,3.319999873638153076e-01,-1.034000039100646973e+00
7.079359847700000330e+01,1.611999988555908203e+00,2.080000042915344238e-01,-7.513999938964843750e+00,1.270000040531158447e-01,2.930000126361846924e-01,-9.399999976158142090e-01
7.080359088400000189e+01,1.611999988555908203e+00,2.080000042915344238e-01,-7.513999938964843750e+00,1.270000040531158447e-01,2.930000126361846924e-01,-9.399999976158142090e-01
7.081368275500000209e+01,1.611999988555908203e+00,2.080000042915344238e-01,-7.513999938964843750e+00,1.270000040531158447e-01,2.930000126361846924e-01,-9.399999976158142090e-01
7.082351762500000802e+01,2.180999994277954102e+00,5.149999856948852539e-01,-7.863999843597412109e+00,1.720000058412551880e-01,1.410000026226043701e-01,-9.480000138282775879e-01
7.083345379200000025e+01,2.095000028610229492e+00,5.000000000000000000e-01,-7.561999797821044922e+00,1.870000064373016357e-01,-4.800000041723251343e-02,-1.019000053405761719e+00
7.084366121700000463e+01,2.095000028610229492e+00,5.000000000000000000e-01,-7.561999797821044922e+00,1.870000064373016357e-01,-4.800000041723251343e-02,-1.019000053405761719e+00
7.085341529200000821e+01,1.850999951362609863e+00,5.389999747276306152e-01,-7.538000106811523438e+00,1.770000010728836060e-01,-1.949999928474426270e-01,-1.067999958992004395e+00
7.086345599500000958e+01,1.850999951362609863e+00,5.389999747276306152e-01,-7.538000106811523438e+00,1.770000010728836060e-01,-1.949999928474426270e-01,-1.067999958992004395e+00
7.087413892100001078e+01,1.636000037193298340e+00,4.480000138282775879e-01,-7.787000179290771484e+00,1.000000047497451305e-03,-2.639999985694885254e-01,-1.092000007629394531e+00
7.088342286600000364e+01,1.636000037193298340e+00,4.480000138282775879e-01,-7.787000179290771484e+00,1.000000047497451305e-03,-2.639999985694885254e-01,-1.092000007629394531e+00
7.089379701400000044e+01,1.702999949455261230e+00,6.100000143051147461e-01,-8.041000366210937500e+00,-1.969999969005584717e-01,-2.520000040531158447e-01,-1.080999970436096191e+00
7.090354958800000418e+01,1.702999949455261230e+00,6.100000143051147461e-01,-8.041000366210937500e+00,-1.969999969005584717e-01,-2.520000040531158447e-01,-1.080999970436096191e+00
7.091347258800000475e+01,1.463000059127807617e+00,1.093999981880187988e+00,-7.489999771118164062e+00,-2.730000019073486328e-01,-1.749999970197677612e-01,-1.032999992370605469e+00
7.092344595800000207e+01,1.463000059127807617e+00,1.093999981880187988e+00,-7.489999771118164062e+00,-2.730000019073486328e-01,-1.749999970197677612e-01,-1.032999992370605469e+00
7.093389277300001083e+01,1.256999969482421875e+00,9.980000257492065430e-01,-7.475999832153320312e+00,-1.920000016689300537e-01,-5.600000172853469849e-02,-9.380000233650207520e-01
7.094417190299999731e+01,1.256999969482421875e+00,9.980000257492065430e-01,-7.475999832153320312e+00,-1.920000016689300537e-01,-5.600000172853469849e-02,-9.380000233650207520e-01
7.095437368000000333e+01,1.256999969482421875e+00,9.980000257492065430e-01,-7.475999832153320312e+00,-1.920000016689300537e-01,-5.600000172853469849e-02,-9.380000233650207520e-01
7.096346831000001032e+01,1.572999954223632812e+00,9.120000004768371582e-01,-8.175000190734863281e+00,-1.089999973773956299e-01,4.500000178813934326e-02,-8.270000219345092773e-01
7.097342342100000678e+01,1.697999954223632812e+00,6.729999780654907227e-01,-8.571999549865722656e+00,-3.900000080466270447e-02,6.499999761581420898e-02,-7.400000095367431641e-01
7.098345332800001017e+01,1.697999954223632812e+00,6.729999780654907227e-01,-8.571999549865722656e+00,-3.900000080466270447e-02,6.499999761581420898e-02,-7.400000095367431641e-01
7.099343092099999808e+01,2.124000072479248047e+00,7.110000252723693848e-01,-8.309000015258789062e+00,8.299999684095382690e-02,0.000000000000000000e+00,-6.610000133514404297e-01
7.100359021700000994e+01,2.124000072479248047e+00,7.110000252723693848e-01,-8.309000015258789062e+00,8.299999684095382690e-02,0.000000000000000000e+00,-6.610000133514404297e-01
7.101371231000000250e+01,2.253000020980834961e+00,1.031999945640563965e+00,-8.701999664306640625e+00,2.220000028610229492e-01,-1.150000020861625671e-01,-5.989999771118164062e-01
7.102345156900000234e+01,2.253000020980834961e+00,1.031999945640563965e+00,-8.701999664306640625e+00,2.220000028610229492e-01,-1.150000020861625671e-01,-5.989999771118164062e-01
7.103356436500000370e+01,2.253000020980834961e+00,1.031999945640563965e+00,-8.701999664306640625e+00,2.220000028610229492e-01,-1.150000020861625671e-01,-5.989999771118164062e-01
7.104360273600001108e+01,1.947000026702880859e+00,7.879999876022338867e-01,-8.730999946594238281e+00,3.610000014305114746e-01,-2.310000061988830566e-01,-5.090000033378601074e-01
7.105354362500000320e+01,1.572999954223632812e+00,4.000000059604644775e-01,-8.711000442504882812e+00,3.330000042915344238e-01,-2.820000052452087402e-01,-3.639999926090240479e-01
7.106358545800000570e+01,1.572999954223632812e+00,4.000000059604644775e-01,-8.711000442504882812e+00,3.330000042915344238e-01,-2.820000052452087402e-01,-3.639999926090240479e-01
7.107357168000000058e+01,1.473000049591064453e+00,2.660000026226043701e-01,-9.213999748229980469e+00,8.699999749660491943e-02,-2.380000054836273193e-01,-1.969999969005584717e-01
7.108345340200000351e+01,1.473000049591064453e+00,2.660000026226043701e-01,-9.213999748229980469e+00,8.699999749660491943e-02,-2.380000054836273193e-01,-1.969999969005584717e-01
7.109340925400000799e+01,1.549000024795532227e+00,7.059999704360961914e-01,-9.711999893188476562e+00,-1.949999928474426270e-01,-1.809999942779541016e-01,-4.999999888241291046e-03
7.110360790200000736e+01,1.549000024795532227e+00,7.059999704360961914e-01,-9.711999893188476562e+00,-1.949999928474426270e-01,-1.809999942779541016e-01,-4.999999888241291046e-03
7.111347549500000298e+01,1.644999980926513672e+00,1.539000034332275391e+00,-1.028699970245361328e+01,-3.289999961853027344e-01,-2.460000067949295044e-01,2.160000056028366089e-01
7.112361555100000032e+01,1.644999980926513672e+00,1.539000034332275391e+00,-1.028699970245361328e+01,-3.289999961853027344e-01,-2.460000067949295044e-01,2.160000056028366089e-01
7.113344219900000098e+01,1.884999990463256836e+00,1.371999979019165039e+00,-1.051200008392333984e+01,-2.870000004768371582e-01,-4.420000016689300537e-01,4.269999861717224121e-01
7.114343947700000115e+01,1.884999990463256836e+00,1.371999979019165039e+00,-1.051200008392333984e+01,-2.870000004768371582e-01,-4.420000016689300537e-01,4.269999861717224121e-01
7.115352914300000009e+01,2.153000116348266602e+00,1.409999966621398926e+00,-1.102900028228759766e+01,-2.339999973773956299e-01,-6.370000243186950684e-01,5.550000071525573730e-01
7.116374603200000593e+01,2.153000116348266602e+00,1.409999966621398926e+00,-1.102900028228759766e+01,-2.339999973773956299e-01,-6.370000243186950684e-01,5.550000071525573730e-01
7.117366616200000351e+01,1.840999960899353027e+00,1.256999969482421875e+00,-1.148900032043457031e+01,-3.650000095367431641e-01,-7.670000195503234863e-01,5.569999814033508301e-01
7.118361264300000357e+01,1.840999960899353027e+00,1.256999969482421875e+00,-1.148900032043457031e+01,-3.650000095367431641e-01,-7.670000195503234863e-01,5.569999814033508301e-01
7.119348553200001106e+01,1.315000057220458984e+00,9.739999771118164062e-01,-1.129699993133544922e+01,-5.960000157356262207e-01,-7.749999761581420898e-01,5.490000247955322266e-01
7.120360797600000069e+01,1.315000057220458984e+00,9.739999771118164062e-01,-1.129699993133544922e+01,-5.960000157356262207e-01,-7.749999761581420898e-01,5.490000247955322266e-01
7.121350106900000299e+01,1.031999945640563965e+00,1.429000020027160645e+00,-1.116800022125244141e+01,-7.530000209808349609e-01,-7.030000090599060059e-01,6.129999756813049316e-01
7.122357486500000334e+01,1.031999945640563965e+00,1.429000020027160645e+00,-1.116800022125244141e+01,-7.530000209808349609e-01,-7.030000090599060059e-01,6.129999756813049316e-01
7.123373616199999958e+01,1.031999945640563965e+00,1.429000020027160645e+00,-1.116800022125244141e+01,-7.530000209808349609e-01,-7.030000090599060059e-01,6.129999756813049316e-01
7.124347258800000304e+01,9.219999909400939941e-01,1.797999978065490723e+00,-1.162300014495849609e+01,-7.319999933242797852e-01,-6.830000281333923340e-01,7.379999756813049316e-01
7.125361810600000467e+01,1.085000038146972656e+00,2.286000013351440430e+00,-1.187199974060058594e+01,-6.219999790191650391e-01,-7.319999933242797852e-01,8.330000042915344238e-01
7.126353375400000800e+01,1.085000038146972656e+00,2.286000013351440430e+00,-1.187199974060058594e+01,-6.219999790191650391e-01,-7.319999933242797852e-01,8.330000042915344238e-01
7.127405888399999867e+01,1.085000038146972656e+00,2.286000013351440430e+00,-1.187199974060058594e+01,-6.219999790191650391e-01,-7.319999933242797852e-01,8.330000042915344238e-01
7.128345955100000708e+01,1.205000042915344238e+00,2.617000102996826172e+00,-1.184300041198730469e+01,-4.990000128746032715e-01,-7.409999966621398926e-01,8.420000076293945312e-01
7.129347266199999922e+01,1.003000020980834961e+00,2.746000051498413086e+00,-1.175199985504150391e+01,-4.460000097751617432e-01,-6.430000066757202148e-01,7.630000114440917969e-01
7.130351731000000370e+01,1.003000020980834961e+00,2.746000051498413086e+00,-1.175199985504150391e+01,-4.460000097751617432e-01,-6.430000066757202148e-01,7.630000114440917969e-01
7.131382727300000113e+01,1.218999981880187988e+00,2.444000005722045898e+00,-1.217800045013427734e+01,-4.720000028610229492e-01,-4.930000007152557373e-01,6.409999728202819824e-01
7.132379075400000090e+01,1.218999981880187988e+00,2.444000005722045898e+00,-1.217800045013427734e+01,-4.720000028610229492e-01,-4.930000007152557373e-01,6.409999728202819824e-01
7.133359025400000064e+01,1.343000054359436035e+00,2.459000110626220703e+00,-1.175699996948242188e+01,-5.410000085830688477e-01,-3.330000042915344238e-01,4.920000135898590088e-01
7.134353486500000940e+01,1.343000054359436035e+00,2.459000110626220703e+00,-1.175699996948242188e+01,-5.410000085830688477e-01,-3.330000042915344238e-01,4.920000135898590088e-01
7.135344175400000211e+01,7.829999923706054688e-01,2.871000051498413086e+00,-1.223600006103515625e+01,-5.149999856948852539e-01,-1.630000025033950806e-01,4.029999971389770508e-01
7.136367519899999934e+01,7.829999923706054688e-01,2.871000051498413086e+00,-1.223600006103515625e+01,-5.149999856948852539e-01,-1.630000025033950806e-01,4.029999971389770508e-01
7.137366993900000978e+01,3.569999933242797852e-01,2.492000102996826172e+00,-1.168999958038330078e+01,-3.580000102519989014e-01,-3.000000026077032089e-03,4.490000009536743164e-01
7.138346581000000413e+01,3.569999933242797852e-01,2.492000102996826172e+00,-1.168999958038330078e+01,-3.580000102519989014e-01,-3.000000026077032089e-03,4.490000009536743164e-01
7.139346419900000740e+01,8.840000033378601074e-01,2.506999969482421875e+00,-1.202999973297119141e+01,-1.599999964237213135e-01,9.899999946355819702e-02,5.149999856948852539e-01
7.140348642100001086e+01,8.840000033378601074e-01,2.506999969482421875e+00,-1.202999973297119141e+01,-1.599999964237213135e-01,9.899999946355819702e-02,5.149999856948852539e-01
7.141368932800000380e+01,8.840000033378601074e-01,2.506999969482421875e+00,-1.202999973297119141e+01,-1.599999964237213135e-01,9.899999946355819702e-02,5.149999856948852539e-01
7.142365979100000573e+01,1.616000056266784668e+00,2.257999897003173828e+00,-1.174699974060058594e+01,-8.500000089406967163e-02,4.399999976158142090e-02,3.970000147819519043e-01
7.143353427300000646e+01,-6.015999794006347656e+00,5.558700180053710938e+01,-2.474799919128417969e+01,4.160000085830688477e-01,-3.770000040531158447e-01,2.409999966621398926e-01
7.144343643900000984e+01,-6.015999794006347656e+00,5.558700180053710938e+01,-2.474799919128417969e+01,4.160000085830688477e-01,-3.770000040531158447e-01,2.409999966621398926e-01
7.145381645800000570e+01,1.018000006675720215e+00,-3.875999927520751953e+00,-1.715299987792968750e+01,2.362999916076660156e+00,-1.807000041007995605e+00,3.299999982118606567e-02
7.146349449500000617e+01,1.018000006675720215e+00,-3.875999927520751953e+00,-1.715299987792968750e+01,2.362999916076660156e+00,-1.807000041007995605e+00,3.299999982118606567e-02
7.147379631000001154e+01,-1.945999979972839355e+00,2.654999971389770508e+00,-1.602799987792968750e+01,1.769999980926513672e+00,-1.019000053405761719e+00,3.589999973773956299e-01
7.148351097600000514e+01,-1.945999979972839355e+00,2.654999971389770508e+00,-1.602799987792968750e+01,1.769999980926513672e+00,-1.019000053405761719e+00,3.589999973773956299e-01
7.149371679100001131e+01,-1.945999979972839355e+00,2.654999971389770508e+00,-1.602799987792968750e+01,1.769999980926513672e+00,-1.019000053405761719e+00,3.589999973773956299e-01
7.150367008700000326e+01,-7.540000081062316895e-01,-1.942000031471252441e+00,-1.136900043487548828e+01,1.307999968528747559e+00,4.160000085830688477e-01,2.980000078678131104e-01
7.151348018000000195e+01,-4.950000047683715820e-01,5.000000000000000000e-01,-8.423999786376953125e+00,1.019000053405761719e+00,6.280000209808349609e-01,3.200000151991844177e-02
7.152357777299999952e+01,-4.950000047683715820e-01,5.000000000000000000e-01,-8.423999786376953125e+00,1.019000053405761719e+00,6.280000209808349609e-01,3.200000151991844177e-02
7.153345723600000383e+01,1.822000026702880859e+00,-3.148999929428100586e+00,-9.864999771118164062e+00,1.217000007629394531e+00,-5.700000002980232239e-02,-1.920000016689300537e-01
7.154364558700000032e+01,1.822000026702880859e+00,-3.148999929428100586e+00,-9.864999771118164062e+00,1.217000007629394531e+00,-5.700000002980232239e-02,-1.920000016689300537e-01
7.155352803200000267e+01,1.080000028014183044e-01,1.899000048637390137e+00,-1.066499996185302734e+01,1.031000018119812012e+00,-3.389999866485595703e-01,-4.100000113248825073e-02
7.156339303200000757e+01,1.080000028014183044e-01,1.899000048637390137e+00,-1.066499996185302734e+01,1.031000018119812012e+00,-3.389999866485595703e-01,-4.100000113248825073e-02
7.157369934700000158e+01,1.080000028014183044e-01,1.899000048637390137e+00,-1.066499996185302734e+01,1.031000018119812012e+00,-3.389999866485595703e-01,-4.100000113248825073e-02
7.158347282799999789e+01,-4.670000076293945312e-01,-4.105999946594238281e+00,-2.037599945068359375e+01,1.047999978065490723e+00,-1.759999990463256836e-01,-1.600000075995922089e-02
7.159344667999999956e+01,-4.670000076293945312e-01,-4.105999946594238281e+00,-2.037599945068359375e+01,1.047999978065490723e+00,-1.759999990463256836e-01,-1.600000075995922089e-02
7.160342181000000039e+01,-1.702000021934509277e+00,-4.397999763488769531e+00,-8.423999786376953125e+00,-4.300000146031379700e-02,-9.700000286102294922e-02,1.659999936819076538e-01
7.161370593899999903e+01,-2.960999965667724609e+00,3.329999923706054688e+00,-5.762000083923339844e+00,-8.699999749660491943e-02,2.129999995231628418e-01,2.700000107288360596e-01
7.162344171700000572e+01,-2.960999965667724609e+00,3.329999923706054688e+00,-5.762000083923339844e+00,-8.699999749660491943e-02,2.129999995231628418e-01,2.700000107288360596e-01
7.163345173500000840e+01,8.259999752044677734e-01,-6.489999890327453613e-01,-1.603800010681152344e+01,7.500000298023223877e-02,-1.019999980926513672e-01,7.400000095367431641e-02
7.164365016100001071e+01,8.259999752044677734e-01,-6.489999890327453613e-01,-1.603800010681152344e+01,7.500000298023223877e-02,-1.019999980926513672e-01,7.400000095367431641e-02
7.165349245800000233e+01,8.259999752044677734e-01,-6.489999890327453613e-01,-1.603800010681152344e+01,7.500000298023223877e-02,-1.019999980926513672e-01,7.400000095367431641e-02
7.166341768000000911e+01,-8.159999847412109375e-01,1.151999950408935547e+00,-3.147000074386596680e+00,-3.500000014901161194e-02,-5.299999937415122986e-02,1.070000007748603821e-01
7.167368660600000396e+01,1.700000092387199402e-02,-1.166000008583068848e+00,-7.896999835968017578e+00,2.400000020861625671e-02,7.900000363588333130e-02,-2.109999954700469971e-01
7.168369162400000505e+01,1.700000092387199402e-02,-1.166000008583068848e+00,-7.896999835968017578e+00,2.400000020861625671e-02,7.900000363588333130e-02,-2.109999954700469971e-01
7.169342253199999959e+01,1.817999958992004395e+00,1.270000040531158447e-01,-7.447000026702880859e+00,2.899999916553497314e-02,-1.369999945163726807e-01,-3.039999902248382568e-01
7.170342605000000447e+01,1.817999958992004395e+00,1.270000040531158447e-01,-7.447000026702880859e+00,2.899999916553497314e-02,-1.369999945163726807e-01,-3.039999902248382568e-01
7.171362253200000225e+01,1.817999958992004395e+00,1.270000040531158447e-01,-7.447000026702880859e+00,2.899999916553497314e-02,-1.369999945163726807e-01,-3.039999902248382568e-01
7.172365601300001003e+01,-5.099999904632568359e-01,-2.056999921798706055e+00,-1.163700008392333984e+01,8.000000379979610443e-03,1.000000047497451305e-03,-5.499999970197677612e-02
7.173344610600000237e+01,-1.203999996185302734e+00,3.089999854564666748e-01,-9.592000007629394531e+00,-8.999999612569808960e-03,-8.799999952316284180e-02,1.889999955892562866e-01
7.174341823500000714e+01,-1.203999996185302734e+00,3.089999854564666748e-01,-9.592000007629394531e+00,-8.999999612569808960e-03,-8.799999952316284180e-02,1.889999955892562866e-01
7.175346390200000712e+01,-5.049999952316284180e-01,-1.459999978542327881e-01,-9.329000473022460938e+00,-1.700000092387199402e-02,5.200000107288360596e-02,3.400000184774398804e-02
7.176352399499999990e+01,-5.049999952316284180e-01,-1.459999978542327881e-01,-9.329000473022460938e+00,-1.700000092387199402e-02,5.200000107288360596e-02,3.400000184774398804e-02
7.177379580900000633e+01,-4.429999887943267822e-01,3.099999949336051941e-02,-1.110599994659423828e+01,6.000000052154064178e-03,-8.999999612569808960e-03,-6.499999761581420898e-02
7.178511160600000096e+01,-4.429999887943267822e-01,3.099999949336051941e-02,-1.110599994659423828e+01,6.000000052154064178e-03,-8.999999612569808960e-03,-6.499999761581420898e-02
7.179346642100000508e+01,-4.709999859333038330e-01,-5.870000123977661133e-01,-1.003299999237060547e+01,8.999999612569808960e-03,-7.000000216066837311e-03,-5.400000140070915222e-02
7.180346788399999980e+01,-4.709999859333038330e-01,-5.870000123977661133e-01,-1.003299999237060547e+01,8.999999612569808960e-03,-7.000000216066837311e-03,-5.400000140070915222e-02
7.181351616100000967e+01,-4.709999859333038330e-01,-5.870000123977661133e-01,-1.003299999237060547e+01,8.999999612569808960e-03,-7.000000216066837311e-03,-5.400000140070915222e-02
7.182346610599999792e+01,-8.539999723434448242e-01,-1.220000013709068298e-01,-9.548999786376953125e+00,4.699999839067459106e-02,-7.000000216066837311e-03,-1.309999972581863403e-01
7.183376968000000318e+01,-8.539999723434448242e-01,-1.220000013709068298e-01,-9.548999786376953125e+00,4.699999839067459106e-02,-7.000000216066837311e-03,-1.309999972581863403e-01
7.184340977200000111e+01,-1.544000029563903809e+00,4.239999949932098389e-01,-6.771999835968017578e+00,4.100000113248825073e-02,-7.000000029802322388e-02,-2.899999916553497314e-01
7.185343440200000487e+01,1.065999984741210938e+00,-8.450000286102294922e-01,-8.793000221252441406e+00,6.000000052154064178e-03,6.599999964237213135e-02,-2.039999961853027344e-01
7.186343668000000662e+01,1.065999984741210938e+00,-8.450000286102294922e-01,-8.793000221252441406e+00,6.000000052154064178e-03,6.599999964237213135e-02,-2.039999961853027344e-01
7.187354190199999948e+01,2.214999914169311523e+00,-1.800000071525573730e-01,-9.779000282287597656e+00,-3.799999877810478210e-02,4.199999943375587463e-02,5.000000074505805969e-02
7.188350927199999774e+01,2.214999914169311523e+00,-1.800000071525573730e-01,-9.779000282287597656e+00,-3.799999877810478210e-02,4.199999943375587463e-02,5.000000074505805969e-02
7.189344543900000417e+01,4.339999854564666748e-01,-1.459999978542327881e-01,-1.020100021362304688e+01,-2.300000004470348358e-02,-5.799999833106994629e-02,1.710000038146972656e-01
7.190347673499999814e+01,4.339999854564666748e-01,-1.459999978542327881e-01,-1.020100021362304688e+01,-2.300000004470348358e-02,-5.799999833106994629e-02,1.710000038146972656e-01
7.191355855000000474e+01,3.670000135898590088e-01,1.509999930858612061e-01,-9.524999618530273438e+00,-1.200000010430812836e-02,1.799999922513961792e-02,1.180000007152557373e-01
7.192358982800000433e+01,3.670000135898590088e-01,1.509999930858612061e-01,-9.524999618530273438e+00,-1.200000010430812836e-02,1.799999922513961792e-02,1.180000007152557373e-01
7.193365136500000290e+01,3.670000135898590088e-01,1.509999930858612061e-01,-9.524999618530273438e+00,-1.200000010430812836e-02,1.799999922513961792e-02,1.180000007152557373e-01
7.194372601300000269e+01,2.179999947547912598e-01,-1.840000003576278687e-01,-9.314999580383300781e+00,3.000000026077032089e-03,-8.000000379979610443e-03,-3.599999845027923584e-02
7.195345441999999991e+01,7.639999985694885254e-01,-7.829999923706054688e-01,-9.836999893188476562e+00,2.000000094994902611e-03,-2.000000094994902611e-03,-2.899999916553497314e-02
7.196363221700001134e+01,7.639999985694885254e-01,-7.829999923706054688e-01,-9.836999893188476562e+00,2.000000094994902611e-03,-2.000000094994902611e-03,-2.899999916553497314e-02
7.197344058699999891e+01,1.907999992370605469e+00,-1.338999986648559570e+00,-1.062199974060058594e+01,1.000000047497451305e-03,4.600000008940696716e-02,-7.999999821186065674e-02
7.198339188300001013e+01,1.907999992370605469e+00,-1.338999986648559570e+00,-1.062199974060058594e+01,1.000000047497451305e-03,4.600000008940696716e-02,-7.999999821186065674e-02
7.199343666100000405e+01,-4.090000092983245850e-01,-2.989999949932098389e-01,-8.788000106811523438e+00,1.300000026822090149e-02,-8.100000023841857910e-02,-5.499999970197677612e-02
7.200349564300000793e+01,-4.090000092983245850e-01,-2.989999949932098389e-01,-8.788000106811523438e+00,1.300000026822090149e-02,-8.100000023841857910e-02,-5.499999970197677612e-02
7.201349516100000869e+01,-9.409999847412109375e-01,9.890000224113464355e-01,-1.000399971008300781e+01,2.700000070035457611e-02,-2.800000086426734924e-02,1.209999993443489075e-01
7.202348069800000019e+01,-9.409999847412109375e-01,9.890000224113464355e-01,-1.000399971008300781e+01,2.700000070035457611e-02,-2.800000086426734924e-02,1.209999993443489075e-01
7.203344603200000051e+01,-7.590000033378601074e-01,-4.480000138282775879e-01,-1.018099975585937500e+01,-1.400000043213367462e-02,-6.000000052154064178e-03,-1.000000047497451305e-03
7.204341879100000767e+01,-7.590000033378601074e-01,-4.480000138282775879e-01,-1.018099975585937500e+01,-1.400000043213367462e-02,-6.000000052154064178e-03,-1.000000047497451305e-03
7.205349819799999977e+01,-7.590000033378601074e-01,-4.480000138282775879e-01,-1.018099975585937500e+01,-1.400000043213367462e-02,-6.000000052154064178e-03,-1.000000047497451305e-03
7.206346245699999997e+01,-2.600000053644180298e-02,-2.230000048875808716e-01,-7.034999847412109375e+00,-1.700000092387199402e-02,2.099999971687793732e-02,4.199999943375587463e-02
7.207376803200000381e+01,-2.600000053644180298e-02,-2.230000048875808716e-01,-7.034999847412109375e+00,-1.700000092387199402e-02,2.099999971687793732e-02,4.199999943375587463e-02
7.208350145700001121e+01,-1.360000073909759521e-01,1.549000024795532227e+00,-1.495100021362304688e+01,3.200000151991844177e-02,4.899999871850013733e-02,9.000000357627868652e-02
7.209344473500000561e+01,-1.360000073909759521e-01,1.549000024795532227e+00,-1.495100021362304688e+01,3.200000151991844177e-02,4.899999871850013733e-02,9.000000357627868652e-02
7.210385886500000652e+01,2.179999947547912598e-01,8.880000114440917969e-01,-1.028199958801269531e+01,-1.400000043213367462e-02,-4.699999839067459106e-02,1.309999972581863403e-01
7.211343442000000437e+01,-1.131999969482421875e+00,-7.020000219345092773e-01,-7.754000186920166016e+00,-2.700000070035457611e-02,-1.300000026822090149e-02,-7.500000298023223877e-02
7.212349551300000883e+01,-1.131999969482421875e+00,-7.020000219345092773e-01,-7.754000186920166016e+00,-2.700000070035457611e-02,-1.300000026822090149e-02,-7.500000298023223877e-02
7.213345656900000336e+01,-1.131999969482421875e+00,-7.020000219345092773e-01,-7.754000186920166016e+00,-2.700000070035457611e-02,-1.300000026822090149e-02,-7.500000298023223877e-02
7.214370336500000747e+01,-3.759999871253967285e-01,-2.230000048875808716e-01,-8.399999618530273438e+00,3.000000026077032089e-03,-1.000000047497451305e-03,-6.000000052154064178e-03
7.215357949399999882e+01,-3.759999871253967285e-01,-2.230000048875808716e-01,-8.399999618530273438e+00,3.000000026077032089e-03,-1.000000047497451305e-03,-6.000000052154064178e-03
7.216357284600000810e+01,-2.167000055313110352e+00,1.524999976158142090e+00,-1.207299995422363281e+01,3.200000151991844177e-02,1.300000026822090149e-02,-4.000000189989805222e-03
7.217349012400001129e+01,-2.167000055313110352e+00,1.524999976158142090e+00,-1.207299995422363281e+01,3.200000151991844177e-02,1.300000026822090149e-02,-4.000000189989805222e-03
7.218366873499999770e+01,-1.649000048637390137e+00,-2.397000074386596680e+00,-9.845999717712402344e+00,-9.999999776482582092e-03,-8.100000023841857910e-02,-2.479999959468841553e-01
7.219345375400000364e+01,-1.146999955177307129e+00,6.769999861717224121e-01,-1.137899971008300781e+01,-5.099999904632568359e-02,3.299999982118606567e-02,3.650000095367431641e-01
7.220345712400001048e+01,-1.146999955177307129e+00,6.769999861717224121e-01,-1.137899971008300781e+01,-5.099999904632568359e-02,3.299999982118606567e-02,3.650000095367431641e-01
7.221344025400000532e+01,-1.146999955177307129e+00,6.769999861717224121e-01,-1.137899971008300781e+01,-5.099999904632568359e-02,3.299999982118606567e-02,3.650000095367431641e-01
7.222357292000000939e+01,1.802999973297119141e+00,3.950000107288360596e-01,-9.281000137329101562e+00,-2.300000004470348358e-02,4.899999871850013733e-02,4.210000038146972656e-01
7.223346929100000580e+01,1.238000035285949707e+00,-1.118000030517578125e+00,-6.853000164031982422e+00,3.000000026077032089e-03,5.299999937415122986e-02,-1.500000059604644775e-01
7.224372018000001106e+01,1.238000035285949707e+00,-1.118000030517578125e+00,-6.853000164031982422e+00,3.000000026077032089e-03,5.299999937415122986e-02,-1.500000059604644775e-01
7.225383832800000050e+01,1.238000035285949707e+00,-1.118000030517578125e+00,-6.853000164031982422e+00,3.000000026077032089e-03,5.299999937415122986e-02,-1.500000059604644775e-01
7.226344192000000533e+01,4.670000076293945312e-01,6.769999861717224121e-01,-1.136400032043457031e+01,8.999999612569808960e-03,-9.099999815225601196e-02,-3.700000047683715820e-02
7.227362460500000907e+01,3.569999933242797852e-01,-5.960000157356262207e-01,-8.826000213623046875e+00,1.000000047497451305e-03,4.899999871850013733e-02,-1.070000007748603821e-01
7.228343986500000540e+01,3.569999933242797852e-01,-5.960000157356262207e-01,-8.826000213623046875e+00,1.000000047497451305e-03,4.899999871850013733e-02,-1.070000007748603821e-01
7.229347277200000121e+01,-1.360000073909759521e-01,3.230000138282775879e-01,-9.826999664306640625e+00,6.000000052154064178e-03,-2.700000070035457611e-02,-2.099999971687793732e-02
7.230352380899999787e+01,-1.360000073909759521e-01,3.230000138282775879e-01,-9.826999664306640625e+00,6.000000052154064178e-03,-2.700000070035457611e-02,-2.099999971687793732e-02
7.231345829100000344e+01,4.480000138282775879e-01,2.849999964237213135e-01,-9.736000061035156250e+00,-1.300000026822090149e-02,1.799999922513961792e-02,3.999999910593032837e-02
7.232353125400000238e+01,4.480000138282775879e-01,2.849999964237213135e-01,-9.736000061035156250e+00,-1.300000026822090149e-02,1.799999922513961792e-02,3.999999910593032837e-02
7.233344714200001135e+01,8.650000095367431641e-01,1.270000040531158447e-01,-9.750000000000000000e+00,-2.000000094994902611e-03,7.000000216066837311e-03,5.000000074505805969e-02
7.234352330900000538e+01,8.650000095367431641e-01,1.270000040531158447e-01,-9.750000000000000000e+00,-2.000000094994902611e-03,7.000000216066837311e-03,5.000000074505805969e-02
7.235344838299999992e+01,3.619999885559082031e-01,-1.609999984502792358e-01,-9.430000305175781250e+00,1.000000047497451305e-03,-1.499999966472387314e-02,-2.999999932944774628e-02
7.236345097600000997e+01,3.619999885559082031e-01,-1.609999984502792358e-01,-9.430000305175781250e+00,1.000000047497451305e-03,-1.499999966472387314e-02,-2.999999932944774628e-02
7.237381090200000244e+01,-1.200000010430812836e-02,1.749999970197677612e-01,-9.703000068664550781e+00,-4.000000189989805222e-03,-1.300000026822090149e-02,2.700000070035457611e-02
7.238343095700000163e+01,-1.200000010430812836e-02,1.749999970197677612e-01,-9.703000068664550781e+00,-4.000000189989805222e-03,-1.300000026822090149e-02,2.700000070035457611e-02
7.239359145699999942e+01,-6.400000303983688354e-02,-2.709999978542327881e-01,-9.645000457763671875e+00,4.000000189989805222e-03,-3.000000026077032089e-03,8.000000379979610443e-03
7.240341508699999906e+01,-6.400000303983688354e-02,-2.709999978542327881e-01,-9.645000457763671875e+00,4.000000189989805222e-03,-3.000000026077032089e-03,8.000000379979610443e-03
7.241347469800000169e+01,-5.999999865889549255e-02,1.509999930858612061e-01,-9.788999557495117188e+00,4.000000189989805222e-03,-3.000000026077032089e-03,-1.300000026822090149e-02
7.242348940200000129e+01,-5.999999865889549255e-02,1.509999930858612061e-01,-9.788999557495117188e+00,4.000000189989805222e-03,-3.000000026077032089e-03,-1.300000026822090149e-02
7.243362590200000284e+01,-5.999999865889549255e-02,1.509999930858612061e-01,-9.788999557495117188e+00,4.000000189989805222e-03,-3.000000026077032089e-03,-1.300000026822090149e-02
7.244345671600000003e+01,-1.070000007748603821e-01,-1.940000057220458984e-01,-9.524999618530273438e+00,3.000000026077032089e-03,-3.000000026077032089e-03,8.999999612569808960e-03
7.245341562400000157e+01,-4.500000178813934326e-02,6.899999827146530151e-02,-9.673999786376953125e+00,2.000000094994902611e-03,0.000000000000000000e+00,1.799999922513961792e-02
7.246423101300000269e+01,-4.500000178813934326e-02,6.899999827146530151e-02,-9.673999786376953125e+00,2.000000094994902611e-03,0.000000000000000000e+00,1.799999922513961792e-02
7.247361492000000283e+01,1.200000010430812836e-02,1.700000092387199402e-02,-9.602000236511230469e+00,1.000000047497451305e-03,-4.000000189989805222e-03,-3.000000026077032089e-03
7.248351249400000995e+01,1.200000010430812836e-02,1.700000092387199402e-02,-9.602000236511230469e+00,1.000000047497451305e-03,-4.000000189989805222e-03,-3.000000026077032089e-03
7.249346888300000558e+01,1.200000010430812836e-02,1.700000092387199402e-02,-9.602000236511230469e+00,1.000000047497451305e-03,-4.000000189989805222e-03,-3.000000026077032089e-03
7.250343141999999830e+01,6.499999761581420898e-02,-6.499999761581420898e-02,-9.572999954223632812e+00,2.000000094994902611e-03,1.000000047497451305e-03,1.099999994039535522e-02
7.251344084600000883e+01,-2.000000094994902611e-03,3.099999949336051941e-02,-9.821999549865722656e+00,-1.000000047497451305e-03,-4.999999888241291046e-03,3.000000026077032089e-03
7.252345197600000404e+01,-2.000000094994902611e-03,3.099999949336051941e-02,-9.821999549865722656e+00,-1.000000047497451305e-03,-4.999999888241291046e-03,3.000000026077032089e-03
7.253376266100001146e+01,-3.099999949336051941e-02,-5.499999970197677612e-02,-9.645000457763671875e+00,-1.000000047497451305e-03,-2.000000094994902611e-03,9.999999776482582092e-03
7.254341771600000754e+01,-3.099999949336051941e-02,-5.499999970197677612e-02,-9.645000457763671875e+00,-1.000000047497451305e-03,-2.000000094994902611e-03,9.999999776482582092e-03
7.255381119800000533e+01,-3.099999949336051941e-02,-5.499999970197677612e-02,-9.645000457763671875e+00,-1.000000047497451305e-03,-2.000000094994902611e-03,9.999999776482582092e-03
7.256341577199999904e+01,7.000000216066837311e-03,1.700000092387199402e-02,-9.612000465393066406e+00,2.000000094994902611e-03,-3.000000026077032089e-03,4.999999888241291046e-03
7.257373416100000441e+01,3.599999845027923584e-02,3.099999949336051941e-02,-9.607000350952148438e+00,1.000000047497451305e-03,-1.000000047497451305e-03,7.000000216066837311e-03
7.258341364200001067e+01,3.599999845027923584e-02,3.099999949336051941e-02,-9.607000350952148438e+00,1.000000047497451305e-03,-1.000000047497451305e-03,7.000000216066837311e-03
7.259389938300000722e+01,3.599999845027923584e-02,3.099999949336051941e-02,-9.607000350952148438e+00,1.000000047497451305e-03,-1.000000047497451305e-03,7.000000216066837311e-03
7.260347717900000930e+01,-1.600000075995922089e-02,-7.400000095367431641e-02,-9.612000465393066406e+00,2.000000094994902611e-03,-4.000000189989805222e-03,6.000000052154064178e-03
7.261346258700000078e+01,-1.600000075995922089e-02,5.000000074505805969e-02,-9.788999557495117188e+00,-1.000000047497451305e-03,-4.000000189989805222e-03,7.000000216066837311e-03
7.262344597599999929e+01,-1.600000075995922089e-02,5.000000074505805969e-02,-9.788999557495117188e+00,-1.000000047497451305e-03,-4.000000189989805222e-03,7.000000216066837311e-03
7.263347269800000561e+01,2.700000070035457611e-02,-7.000000029802322388e-02,-9.520999908447265625e+00,1.000000047497451305e-03,-3.000000026077032089e-03,6.000000052154064178e-03
7.264359301300000027e+01,2.700000070035457611e-02,-7.000000029802322388e-02,-9.520999908447265625e+00,1.000000047497451305e-03,-3.000000026077032089e-03,6.000000052154064178e-03
7.265341771600000698e+01,5.999999865889549255e-02,1.700000092387199402e-02,-9.779000282287597656e+00,1.000000047497451305e-03,-3.000000026077032089e-03,8.000000379979610443e-03
7.266345445700000028e+01,5.999999865889549255e-02,1.700000092387199402e-02,-9.779000282287597656e+00,1.000000047497451305e-03,-3.000000026077032089e-03,8.000000379979610443e-03
7.267345738299999880e+01,-2.600000053644180298e-02,-3.000000026077032089e-03,-9.524999618530273438e+00,-1.000000047497451305e-03,-4.000000189989805222e-03,6.000000052154064178e-03
7.268345017900000471e+01,-2.600000053644180298e-02,-3.000000026077032089e-03,-9.524999618530273438e+00,-1.000000047497451305e-03,-4.000000189989805222e-03,6.000000052154064178e-03
7.269343436399999803e+01,-1.600000075995922089e-02,-4.100000113248825073e-02,-9.548999786376953125e+00,1.000000047497451305e-03,-3.000000026077032089e-03,7.000000216066837311e-03
7.270340169800000751e+01,-1.600000075995922089e-02,-4.100000113248825073e-02,-9.548999786376953125e+00,1.000000047497451305e-03,-3.000000026077032089e-03,7.000000216066837311e-03
7.271382717900000614e+01,2.129999995231628418e-01,1.790000051259994507e-01,-1.067000007629394531e+01,-2.000000094994902611e-03,-3.000000026077032089e-03,7.000000216066837311e-03
7.272345312400000239e+01,2.129999995231628418e-01,1.790000051259994507e-01,-1.067000007629394531e+01,-2.000000094994902611e-03,-3.000000026077032089e-03,7.000000216066837311e-03
7.273357388300000537e+01,-5.999999865889549255e-02,-1.889999955892562866e-01,-9.256999969482421875e+00,-4.000000189989805222e-03,-3.000000026077032089e-03,6.000000052154064178e-03
7.274342471600000692e+01,-5.999999865889549255e-02,-1.889999955892562866e-01,-9.256999969482421875e+00,-4.000000189989805222e-03,-3.000000026077032089e-03,6.000000052154064178e-03
7.275343540100000439e+01,-5.999999865889549255e-02,-1.889999955892562866e-01,-9.256999969482421875e+00,-4.000000189989805222e-03,-3.000000026077032089e-03,6.000000052154064178e-03
7.276343482699999754e+01,1.200000010430812836e-02,1.360000073909759521e-01,-9.907999992370605469e+00,2.000000094994902611e-03,-4.000000189989805222e-03,6.000000052154064178e-03
7.277343914200000086e+01,3.000000026077032089e-03,-3.000000026077032089e-03,-9.376999855041503906e+00,-3.000000026077032089e-03,-3.000000026077032089e-03,6.000000052154064178e-03
7.278364210499999842e+01,3.000000026077032089e-03,-3.000000026077032089e-03,-9.376999855041503906e+00,-3.000000026077032089e-03,-3.000000026077032089e-03,6.000000052154064178e-03
7.279348621600000513e+01,5.499999970197677612e-02,7.000000216066837311e-03,-9.760000228881835938e+00,1.000000047497451305e-03,0.000000000000000000e+00,7.000000216066837311e-03
7.280369143800000131e+01,5.499999970197677612e-02,7.000000216066837311e-03,-9.760000228881835938e+00,1.000000047497451305e-03,0.000000000000000000e+00,7.000000216066837311e-03
7.281412180899999953e+01,2.199999988079071045e-02,9.300000220537185669e-02,-9.553999900817871094e+00,-1.000000047497451305e-03,-6.000000052154064178e-03,6.000000052154064178e-03
7.282344382700000551e+01,2.199999988079071045e-02,9.300000220537185669e-02,-9.553999900817871094e+00,-1.000000047497451305e-03,-6.000000052154064178e-03,6.000000052154064178e-03
7.283382512400000053e+01,-2.099999971687793732e-02,-8.900000154972076416e-02,-9.612000465393066406e+00,2.000000094994902611e-03,-2.000000094994902611e-03,8.000000379979610443e-03
7.284346579000001043e+01,-2.099999971687793732e-02,-8.900000154972076416e-02,-9.612000465393066406e+00,2.000000094994902611e-03,-2.000000094994902611e-03,8.000000379979610443e-03
7.285346432699999752e+01,2.700000070035457611e-02,5.000000074505805969e-02,-9.793999671936035156e+00,1.000000047497451305e-03,-3.000000026077032089e-03,7.000000216066837311e-03
7.286341630900000155e+01,2.700000070035457611e-02,5.000000074505805969e-02,-9.793999671936035156e+00,1.000000047497451305e-03,-3.000000026077032089e-03,7.000000216066837311e-03
7.287381808700000363e+01,4.100000113248825073e-02,-8.399999886751174927e-02,-9.572999954223632812e+00,2.000000094994902611e-03,-4.000000189989805222e-03,7.000000216066837311e-03
7.288350773500000912e+01,4.100000113248825073e-02,-8.399999886751174927e-02,-9.572999954223632812e+00,2.000000094994902611e-03,-4.000000189989805222e-03,7.000000216066837311e-03
7.289343243800000494e+01,3.599999845027923584e-02,-3.599999845027923584e-02,-9.668999671936035156e+00,1.000000047497451305e-03,-1.000000047497451305e-03,6.000000052154064178e-03
7.290359145700000454e+01,3.599999845027923584e-02,-3.599999845027923584e-02,-9.668999671936035156e+00,1.000000047497451305e-03,-1.000000047497451305e-03,6.000000052154064178e-03
7.291356477200000086e+01,1.200000010430812836e-02,2.099999971687793732e-02,-9.659000396728515625e+00,-1.000000047497451305e-03,-3.000000026077032089e-03,7.000000216066837311e-03
7.292344705000000715e+01,1.200000010430812836e-02,2.099999971687793732e-02,-9.659000396728515625e+00,-1.000000047497451305e-03,-3.000000026077032089e-03,7.000000216066837311e-03
7.293360314200000971e+01,1.200000010430812836e-02,2.099999971687793732e-02,-9.659000396728515625e+00,-1.000000047497451305e-03,-3.000000026077032089e-03,7.000000216066837311e-03
7.294360660499999938e+01,2.199999988079071045e-02,-5.999999865889549255e-02,-9.520999908447265625e+00,1.000000047497451305e-03,-2.000000094994902611e-03,6.000000052154064178e-03
7.295345497499999965e+01,1.200000010430812836e-02,3.099999949336051941e-02,-9.663999557495117188e+00,-1.000000047497451305e-03,-3.000000026077032089e-03,6.000000052154064178e-03
7.296346764199999768e+01,1.200000010430812836e-02,3.099999949336051941e-02,-9.663999557495117188e+00,-1.000000047497451305e-03,-3.000000026077032089e-03,6.000000052154064178e-03
7.297362814200000969e+01,-1.200000010430812836e-02,-5.999999865889549255e-02,-9.630999565124511719e+00,-1.000000047497451305e-03,-3.000000026077032089e-03,6.000000052154064178e-03
7.298343903100000318e+01,-1.200000010430812836e-02,-5.999999865889549255e-02,-9.630999565124511719e+00,-1.000000047497451305e-03,-3.000000026077032089e-03,6.000000052154064178e-03
7.299355995700000221e+01,-2.099999971687793732e-02,-1.700000092387199402e-02,-9.430000305175781250e+00,-1.000000047497451305e-03,-2.000000094994902611e-03,4.999999888241291046e-03
7.300341854900000271e+01,-2.099999971687793732e-02,-1.700000092387199402e-02,-9.430000305175781250e+00,-1.000000047497451305e-03,-2.000000094994902611e-03,4.999999888241291046e-03
7.301349001200000544e+01,2.199999988079071045e-02,-3.000000026077032089e-03,-9.845999717712402344e+00,2.000000094994902611e-03,-2.000000094994902611e-03,8.000000379979610443e-03
7.302356171600000323e+01,2.199999988079071045e-02,-3.000000026077032089e-03,-9.845999717712402344e+00,2.000000094994902611e-03,-2.000000094994902611e-03,8.000000379979610443e-03
7.303346271600000250e+01,-2.000000094994902611e-03,-5.000000074505805969e-02,-9.510999679565429688e+00,-1.000000047497451305e-03,-3.000000026077032089e-03,7.000000216066837311e-03
7.304343877200000179e+01,-2.000000094994902611e-03,-5.000000074505805969e-02,-9.510999679565429688e+00,-1.000000047497451305e-03,-3.000000026077032089e-03,7.000000216066837311e-03
7.305344867899999883e+01,-7.000000216066837311e-03,1.200000010430812836e-02,-9.774000167846679688e+00,-1.000000047497451305e-03,-1.000000047497451305e-03,7.000000216066837311e-03
7.306341445700000747e+01,-7.000000216066837311e-03,1.200000010430812836e-02,-9.774000167846679688e+00,-1.000000047497451305e-03,-1.000000047497451305e-03,7.000000216066837311e-03
7.307396051199999931e+01,2.700000070035457611e-02,-5.499999970197677612e-02,-9.616000175476074219e+00,1.000000047497451305e-03,-3.000000026077032089e-03,6.000000052154064178e-03
7.308347766100000342e+01,2.700000070035457611e-02,-5.499999970197677612e-02,-9.616000175476074219e+00,1.000000047497451305e-03,-3.000000026077032089e-03,6.000000052154064178e-03
7.309343517900001075e+01,3.599999845027923584e-02,-4.600000008940696716e-02,-9.668999671936035156e+00,-1.000000047497451305e-03,-3.000000026077032089e-03,7.000000216066837311e-03
7.310346471600000484e+01,3.599999845027923584e-02,-4.600000008940696716e-02,-9.668999671936035156e+00,-1.000000047497451305e-03,-3.000000026077032089e-03,7.000000216066837311e-03
7.311364727200000857e+01,-7.000000216066837311e-03,-3.099999949336051941e-02,-9.697999954223632812e+00,1.000000047497451305e-03,-3.000000026077032089e-03,6.000000052154064178e-03
7.312344312300000126e+01,-7.000000216066837311e-03,-3.099999949336051941e-02,-9.697999954223632812e+00,1.000000047497451305e-03,-3.000000026077032089e-03,6.000000052154064178e-03
7.313345369800001095e+01,-7.000000216066837311e-03,-3.099999949336051941e-02,-9.697999954223632812e+00,1.000000047497451305e-03,-3.000000026077032089e-03,6.000000052154064178e-03
7.314357986400000300e+01,3.599999845027923584e-02,-2.600000053644180298e-02,-9.545000076293945312e+00,-2.000000094994902611e-03,-2.000000094994902611e-03,7.000000216066837311e-03
7.315377808600000265e+01,3.599999845027923584e-02,-2.600000053644180298e-02,-9.545000076293945312e+00,-2.000000094994902611e-03,-2.000000094994902611e-03,7.000000216066837311e-03
7.316342216099999973e+01,7.000000029802322388e-02,-3.099999949336051941e-02,-9.730999946594238281e+00,1.000000047497451305e-03,-2.000000094994902611e-03,7.000000216066837311e-03
7.317358025300001145e+01,7.000000029802322388e-02,-3.099999949336051941e-02,-9.730999946594238281e+00,1.000000047497451305e-03,-2.000000094994902611e-03,7.000000216066837311e-03
7.318341329000000428e+01,-2.000000094994902611e-03,-9.799999743700027466e-02,-9.703000068664550781e+00,-1.000000047497451305e-03,-2.000000094994902611e-03,7.000000216066837311e-03
7.319364980900000717e+01,-3.099999949336051941e-02,2.099999971687793732e-02,-9.482000350952148438e+00,-1.000000047497451305e-03,-3.000000026077032089e-03,6.000000052154064178e-03
7.320358617899999842e+01,-3.099999949336051941e-02,2.099999971687793732e-02,-9.482000350952148438e+00,-1.000000047497451305e-03,-3.000000026077032089e-03,6.000000052154064178e-03
7.321380180900000312e+01,5.099999904632568359e-02,-5.499999970197677612e-02,-9.831999778747558594e+00,1.000000047497451305e-03,-2.000000094994902611e-03,6.000000052154064178e-03
7.322345854900000006e+01,5.099999904632568359e-02,-5.499999970197677612e-02,-9.831999778747558594e+00,1.000000047497451305e-03,-2.000000094994902611e-03,6.000000052154064178e-03
7.323345793800000081e+01,-1.200000010430812836e-02,-2.199999988079071045e-02,-9.578000068664550781e+00,-1.000000047497451305e-03,-4.000000189989805222e-03,7.000000216066837311e-03
7.324341495699999882e+01,-1.200000010430812836e-02,-2.199999988079071045e-02,-9.578000068664550781e+00,-1.000000047497451305e-03,-4.000000189989805222e-03,7.000000216066837311e-03
7.325345754900000372e+01,-7.000000216066837311e-03,-7.000000216066837311e-03,-9.626000404357910156e+00,-1.000000047497451305e-03,-2.000000094994902611e-03,7.000000216066837311e-03
7.326341617900000358e+01,-7.000000216066837311e-03,-7.000000216066837311e-03,-9.626000404357910156e+00,-1.000000047497451305e-03,-2.000000094994902611e-03,7.000000216066837311e-03
7.327357199400000809e+01,1.700000092387199402e-02,-3.099999949336051941e-02,-9.654999732971191406e+00,-1.000000047497451305e-03,-2.000000094994902611e-03,7.000000216066837311e-03
7.328344601199999886e+01,1.700000092387199402e-02,-3.099999949336051941e-02,-9.654999732971191406e+00,-1.000000047497451305e-03,-2.000000094994902611e-03,7.000000216066837311e-03
7.329343221599999936e+01,1.200000010430812836e-02,-4.100000113248825073e-02,-9.553999900817871094e+00,-1.000000047497451305e-03,-2.000000094994902611e-03,7.000000216066837311e-03
7.330352295699999843e+01,1.200000010430812836e-02,-4.100000113248825073e-02,-9.553999900817871094e+00,-1.000000047497451305e-03,-2.000000094994902611e-03,7.000000216066837311e-03
7.331361853100000303e+01,7.500000298023223877e-02,-3.000000026077032089e-03,-9.784000396728515625e+00,-1.000000047497451305e-03,-2.000000094994902611e-03,6.000000052154064178e-03
7.332362947500000416e+01,7.500000298023223877e-02,-3.000000026077032089e-03,-9.784000396728515625e+00,-1.000000047497451305e-03,-2.000000094994902611e-03,6.000000052154064178e-03
7.333347477200000242e+01,7.500000298023223877e-02,-3.000000026077032089e-03,-9.784000396728515625e+00,-1.000000047497451305e-03,-2.000000094994902611e-03,6.000000052154064178e-03
7.334345767900001078e+01,-2.000000094994902611e-03,-5.999999865889549255e-02,-9.548999786376953125e+00,-1.000000047497451305e-03,-3.000000026077032089e-03,7.000000216066837311e-03
7.335365934600000060e+01,3.099999949336051941e-02,-2.199999988079071045e-02,-9.741000175476074219e+00,2.000000094994902611e-03,-2.000000094994902611e-03,7.000000216066837311e-03
7.336355062300000895e+01,3.099999949336051941e-02,-2.199999988079071045e-02,-9.741000175476074219e+00,2.000000094994902611e-03,-2.000000094994902611e-03,7.000000216066837311e-03
7.337349360500000728e+01,3.099999949336051941e-02,-2.199999988079071045e-02,-9.741000175476074219e+00,2.000000094994902611e-03,-2.000000094994902611e-03,7.000000216066837311e-03
7.338342264199999931e+01,3.099999949336051941e-02,-3.099999949336051941e-02,-9.635999679565429688e+00,-1.000000047497451305e-03,-3.000000026077032089e-03,6.000000052154064178e-03
7.339351704900001039e+01,-3.099999949336051941e-02,-7.000000216066837311e-03,-9.597000122070312500e+00,1.000000047497451305e-03,-2.000000094994902611e-03,7.000000216066837311e-03
7.340360716000000707e+01,-3.099999949336051941e-02,-7.000000216066837311e-03,-9.597000122070312500e+00,1.000000047497451305e-03,-2.000000094994902611e-03,7.000000216066837311e-03
7.341349967900001161e+01,-3.099999949336051941e-02,-7.000000216066837311e-03,-9.597000122070312500e+00,1.000000047497451305e-03,-2.000000094994902611e-03,7.000000216066837311e-03
7.342358916000000590e+01,1.200000010430812836e-02,-3.599999845027923584e-02,-9.807999610900878906e+00,1.000000047497451305e-03,-2.000000094994902611e-03,7.000000216066837311e-03
7.343389006800001084e+01,-2.000000094994902611e-03,-2.600000053644180298e-02,-9.539999961853027344e+00,-1.000000047497451305e-03,-4.000000189989805222e-03,7.000000216066837311e-03
7.344349232700000130e+01,-2.000000094994902611e-03,-2.600000053644180298e-02,-9.539999961853027344e+00,-1.000000047497451305e-03,-4.000000189989805222e-03,7.000000216066837311e-03
7.345345069700000806e+01,4.600000008940696716e-02,-3.000000026077032089e-03,-9.692999839782714844e+00,-1.000000047497451305e-03,-3.000000026077032089e-03,6.000000052154064178e-03
7.346353412300000230e+01,4.600000008940696716e-02,-3.000000026077032089e-03,-9.692999839782714844e+00,-1.000000047497451305e-03,-3.000000026077032089e-03,6.000000052154064178e-03
7.347349056800000255e+01,3.000000026077032089e-03,-4.100000113248825073e-02,-9.682999610900878906e+00,-2.000000094994902611e-03,-4.000000189989805222e-03,6.000000052154064178e-03
7.348357438300000410e+01,3.000000026077032089e-03,-4.100000113248825073e-02,-9.682999610900878906e+00,-2.000000094994902611e-03,-4.000000189989805222e-03,6.000000052154064178e-03
7.349352962300000058e+01,-2.099999971687793732e-02,-8.399999886751174927e-02,-9.501000404357910156e+00,1.000000047497451305e-03,-2.000000094994902611e-03,6.000000052154064178e-03
7.350344084500000008e+01,-2.099999971687793732e-02,-8.399999886751174927e-02,-9.501000404357910156e+00,1.000000047497451305e-03,-2.000000094994902611e-03,6.000000052154064178e-03
7.351352138300001116e+01,5.499999970197677612e-02,1.200000010430812836e-02,-9.774000167846679688e+00,-1.000000047497451305e-03,-2.000000094994902611e-03,6.000000052154064178e-03
7.352353664200001049e+01,5.499999970197677612e-02,1.200000010430812836e-02,-9.774000167846679688e+00,-1.000000047497451305e-03,-2.000000094994902611e-03,6.000000052154064178e-03
7.353359645700000158e+01,-2.000000094994902611e-03,-1.200000010430812836e-02,-9.626000404357910156e+00,-1.000000047497451305e-03,-3.000000026077032089e-03,6.000000052154064178e-03
7.354345201200000304e+01,-2.000000094994902611e-03,-1.200000010430812836e-02,-9.626000404357910156e+00,-1.000000047497451305e-03,-3.000000026077032089e-03,6.000000052154064178e-03
7.355344166000000428e+01,-2.000000094994902611e-03,-1.200000010430812836e-02,-9.626000404357910156e+00,-1.000000047497451305e-03,-3.000000026077032089e-03,6.000000052154064178e-03
7.356357216000000676e+01,3.099999949336051941e-02,7.000000216066837311e-03,-9.635999679565429688e+00,1.000000047497451305e-03,-3.000000026077032089e-03,6.000000052154064178e-03
7.357344936399999824e+01,3.000000026077032089e-03,-1.700000092387199402e-02,-9.654999732971191406e+00,-1.000000047497451305e-03,-2.000000094994902611e-03,6.000000052154064178e-03
7.358346410500000445e+01,3.000000026077032089e-03,-1.700000092387199402e-02,-9.654999732971191406e+00,-1.000000047497451305e-03,-2.000000094994902611e-03,6.000000052154064178e-03
7.359370769699999926e+01,3.000000026077032089e-03,-1.700000092387199402e-02,-9.654999732971191406e+00,-1.000000047497451305e-03,-2.000000094994902611e-03,6.000000052154064178e-03
7.360362397500000498e+01,7.000000216066837311e-03,-4.100000113248825073e-02,-9.501000404357910156e+00,1.000000047497451305e-03,-3.000000026077032089e-03,7.000000216066837311e-03
7.361348436400000139e+01,1.700000092387199402e-02,-7.000000029802322388e-02,-9.855999946594238281e+00,-1.000000047497451305e-03,-3.000000026077032089e-03,7.000000216066837311e-03
7.362370416000000262e+01,1.700000092387199402e-02,-7.000000029802322388e-02,-9.855999946594238281e+00,-1.000000047497451305e-03,-3.000000026077032089e-03,7.000000216066837311e-03
7.363343399400000067e+01,1.700000092387199402e-02,-7.000000029802322388e-02,-9.855999946594238281e+00,-1.000000047497451305e-03,-3.000000026077032089e-03,7.000000216066837311e-03
7.364347566000000711e+01,-3.599999845027923584e-02,-7.900000363588333130e-02,-9.559000015258789062e+00,-1.000000047497451305e-03,-3.000000026077032089e-03,6.000000052154064178e-03
7.365342432700001041e+01,1.700000092387199402e-02,1.700000092387199402e-02,-9.645000457763671875e+00,1.000000047497451305e-03,-2.000000094994902611e-03,8.000000379979610443e-03
7.366347347500000353e+01,1.700000092387199402e-02,1.700000092387199402e-02,-9.645000457763671875e+00,1.000000047497451305e-03,-2.000000094994902611e-03,8.000000379979610443e-03
7.367349014200000568e+01,3.099999949336051941e-02,1.700000092387199402e-02,-9.663999557495117188e+00,-2.000000094994902611e-03,-3.000000026077032089e-03,6.000000052154064178e-03
7.368362897500000486e+01,3.099999949336051941e-02,1.700000092387199402e-02,-9.663999557495117188e+00,-2.000000094994902611e-03,-3.000000026077032089e-03,6.000000052154064178e-03
7.369346684500000322e+01,3.099999949336051941e-02,1.700000092387199402e-02,-9.663999557495117188e+00,-2.000000094994902611e-03,-3.000000026077032089e-03,6.000000052154064178e-03
7.370343364200000735e+01,7.000000216066837311e-03,2.000000094994902611e-03,-9.539999961853027344e+00,-2.000000094994902611e-03,-2.000000094994902611e-03,6.000000052154064178e-03
7.371347065999999870e+01,2.199999988079071045e-02,2.000000094994902611e-03,-9.803000450134277344e+00,-1.000000047497451305e-03,-3.000000026077032089e-03,6.000000052154064178e-03
7.372340910500000177e+01,2.199999988079071045e-02,2.000000094994902611e-03,-9.803000450134277344e+00,-1.000000047497451305e-03,-3.000000026077032089e-03,6.000000052154064178e-03
7.373368367900000919e+01,2.199999988079071045e-02,2.000000094994902611e-03,-9.803000450134277344e+00,-1.000000047497451305e-03,-3.000000026077032089e-03,6.000000052154064178e-03
7.374369464200000834e+01,-5.999999865889549255e-02,-2.199999988079071045e-02,-9.553999900817871094e+00,-1.000000047497451305e-03,-3.000000026077032089e-03,6.000000052154064178e-03
7.375362036399999965e+01,3.599999845027923584e-02,1.200000010430812836e-02,-9.583000183105468750e+00,1.000000047497451305e-03,-2.000000094994902611e-03,6.000000052154064178e-03
7.376348791899999924e+01,3.599999845027923584e-02,1.200000010430812836e-02,-9.583000183105468750e+00,1.000000047497451305e-03,-2.000000094994902611e-03,6.000000052154064178e-03
7.377346625300000937e+01,-7.000000216066837311e-03,1.200000010430812836e-02,-9.654999732971191406e+00,-1.000000047497451305e-03,-3.000000026077032089e-03,6.000000052154064178e-03
7.378344873400000381e+01,-7.000000216066837311e-03,1.200000010430812836e-02,-9.654999732971191406e+00,-1.000000047497451305e-03,-3.000000026077032089e-03,6.000000052154064178e-03
7.379344825300000821e+01,3.000000026077032089e-03,-3.000000026077032089e-03,-9.626000404357910156e+00,1.000000047497451305e-03,-3.000000026077032089e-03,6.000000052154064178e-03
7.380356577100000948e+01,3.000000026077032089e-03,-3.000000026077032089e-03,-9.626000404357910156e+00,1.000000047497451305e-03,-3.000000026077032089e-03,6.000000052154064178e-03
7.381369903000000932e+01,3.099999949336051941e-02,-2.600000053644180298e-02,-9.803000450134277344e+00,-1.000000047497451305e-03,-3.000000026077032089e-03,7.000000216066837311e-03
7.382343736400000012e+01,3.099999949336051941e-02,-2.600000053644180298e-02,-9.803000450134277344e+00,-1.000000047497451305e-03,-3.000000026077032089e-03,7.000000216066837311e-03
7.383375960500001156e+01,3.099999949336051941e-02,-2.600000053644180298e-02,-9.803000450134277344e+00,-1.000000047497451305e-03,-3.000000026077032089e-03,7.000000216066837311e-03
7.384345575300000064e+01,-2.600000053644180298e-02,-7.000000216066837311e-03,-9.559000015258789062e+00,-1.000000047497451305e-03,-2.000000094994902611e-03,6.000000052154064178e-03
7.385344697500001132e+01,-2.600000053644180298e-02,-7.000000216066837311e-03,-9.559000015258789062e+00,-1.000000047497451305e-03,-2.000000094994902611e-03,6.000000052154064178e-03
7.386357727100001114e+01,-1.200000010430812836e-02,-1.700000092387199402e-02,-9.755000114440917969e+00,1.000000047497451305e-03,-3.000000026077032089e-03,7.000000216066837311e-03
7.387454116000000681e+01,2.700000070035457611e-02,7.000000216066837311e-03,-9.697999954223632812e+00,1.000000047497451305e-03,-3.000000026077032089e-03,7.000000216066837311e-03
7.388352403000000379e+01,2.700000070035457611e-02,7.000000216066837311e-03,-9.697999954223632812e+00,1.000000047497451305e-03,-3.000000026077032089e-03,7.000000216066837311e-03
7.389376475299999925e+01,1.700000092387199402e-02,-3.000000026077032089e-03,-9.559000015258789062e+00,-1.000000047497451305e-03,-3.000000026077032089e-03,7.000000216066837311e-03
7.390340958600000931e+01,1.700000092387199402e-02,-3.000000026077032089e-03,-9.559000015258789062e+00,-1.000000047497451305e-03,-3.000000026077032089e-03,7.000000216066837311e-03
7.391346782700000517e+01,4.100000113248825073e-02,-3.099999949336051941e-02,-9.711999893188476562e+00,1.000000047497451305e-03,-2.000000094994902611e-03,7.000000216066837311e-03
7.392345373400000597e+01,4.100000113248825073e-02,-3.099999949336051941e-02,-9.711999893188476562e+00,1.000000047497451305e-03,-2.000000094994902611e-03,7.000000216066837311e-03
7.393374301200000787e+01,-1.600000075995922089e-02,-5.499999970197677612e-02,-9.520999908447265625e+00,-1.000000047497451305e-03,-3.000000026077032089e-03,6.000000052154064178e-03
7.394385008599999765e+01,-1.600000075995922089e-02,-5.499999970197677612e-02,-9.520999908447265625e+00,-1.000000047497451305e-03,-3.000000026077032089e-03,6.000000052154064178e-03
7.395372258599999782e+01,2.199999988079071045e-02,-3.000000026077032089e-03,-9.678999900817871094e+00,1.000000047497451305e-03,-2.000000094994902611e-03,7.000000216066837311e-03
7.396359567900000798e+01,2.199999988079071045e-02,-3.000000026077032089e-03,-9.678999900817871094e+00,1.000000047497451305e-03,-2.000000094994902611e-03,7.000000216066837311e-03
7.397341917900000396e+01,-1.600000075995922089e-02,7.000000216066837311e-03,-9.673999786376953125e+00,-1.000000047497451305e-03,-3.000000026077032089e-03,6.000000052154064178e-03
7.398341401200001144e+01,-1.600000075995922089e-02,7.000000216066837311e-03,-9.673999786376953125e+00,-1.000000047497451305e-03,-3.000000026077032089e-03,6.000000052154064178e-03
7.399343041900000628e+01,3.099999949336051941e-02,-4.100000113248825073e-02,-9.482000350952148438e+00,1.000000047497451305e-03,-2.000000094994902611e-03,6.000000052154064178e-03
7.400342741900000476e+01,3.099999949336051941e-02,-4.100000113248825073e-02,-9.482000350952148438e+00,1.000000047497451305e-03,-2.000000094994902611e-03,6.000000052154064178e-03
7.401368416000001105e+01,2.199999988079071045e-02,-7.000000216066837311e-03,-9.755000114440917969e+00,1.000000047497451305e-03,-1.000000047497451305e-03,6.000000052154064178e-03
7.402351521600000694e+01,2.199999988079071045e-02,-7.000000216066837311e-03,-9.755000114440917969e+00,1.000000047497451305e-03,-1.000000047497451305e-03,6.000000052154064178e-03
7.403347241900000597e+01,2.199999988079071045e-02,-7.000000216066837311e-03,-9.755000114440917969e+00,1.000000047497451305e-03,-1.000000047497451305e-03,6.000000052154064178e-03
7.404351401200000282e+01,2.199999988079071045e-02,-4.100000113248825073e-02,-9.607000350952148438e+00,-1.000000047497451305e-03,-2.000000094994902611e-03,6.000000052154064178e-03
7.405342869700000108e+01,1.200000010430812836e-02,-2.600000053644180298e-02,-9.682999610900878906e+00,-1.000000047497451305e-03,-2.000000094994902611e-03,6.000000052154064178e-03
7.406343003000000635e+01,1.200000010430812836e-02,-2.600000053644180298e-02,-9.682999610900878906e+00,-1.000000047497451305e-03,-2.000000094994902611e-03,6.000000052154064178e-03
7.407380456700001048e+01,2.700000070035457611e-02,-1.200000010430812836e-02,-9.722000122070312500e+00,-1.000000047497451305e-03,-1.000000047497451305e-03,4.999999888241291046e-03
7.408341847500000199e+01,2.700000070035457611e-02,-1.200000010430812836e-02,-9.722000122070312500e+00,-1.000000047497451305e-03,-1.000000047497451305e-03,4.999999888241291046e-03
7.409340406700000869e+01,-7.000000216066837311e-03,-4.100000113248825073e-02,-9.515999794006347656e+00,-2.000000094994902611e-03,-3.000000026077032089e-03,6.000000052154064178e-03
7.410362643800000626e+01,-7.000000216066837311e-03,-4.100000113248825073e-02,-9.515999794006347656e+00,-2.000000094994902611e-03,-3.000000026077032089e-03,6.000000052154064178e-03
7.411384232700000041e+01,3.099999949336051941e-02,-4.100000113248825073e-02,-9.770000457763671875e+00,-1.000000047497451305e-03,-2.000000094994902611e-03,6.000000052154064178e-03
7.412342027100000053e+01,3.099999949336051941e-02,-4.100000113248825073e-02,-9.770000457763671875e+00,-1.000000047497451305e-03,-2.000000094994902611e-03,6.000000052154064178e-03
7.413348016000000484e+01,4.600000008940696716e-02,-1.200000010430812836e-02,-9.539999961853027344e+00,-1.000000047497451305e-03,-4.000000189989805222e-03,6.000000052154064178e-03
7.414368262300000367e+01,4.600000008940696716e-02,-1.200000010430812836e-02,-9.539999961853027344e+00,-1.000000047497451305e-03,-4.000000189989805222e-03,6.000000052154064178e-03
7.415373110400000201e+01,4.600000008940696716e-02,-1.200000010430812836e-02,-9.539999961853027344e+00,-1.000000047497451305e-03,-4.000000189989805222e-03,6.000000052154064178e-03
7.416341380800000138e+01,-7.000000216066837311e-03,2.000000094994902611e-03,-9.588000297546386719e+00,1.000000047497451305e-03,-3.000000026077032089e-03,6.000000052154064178e-03
7.417351330800001108e+01,5.999999865889549255e-02,7.000000216066837311e-03,-9.741000175476074219e+00,1.000000047497451305e-03,-3.000000026077032089e-03,6.000000052154064178e-03
7.418342840100000046e+01,5.999999865889549255e-02,7.000000216066837311e-03,-9.741000175476074219e+00,1.000000047497451305e-03,-3.000000026077032089e-03,6.000000052154064178e-03
7.419343580800000382e+01,4.100000113248825073e-02,-3.099999949336051941e-02,-9.491999626159667969e+00,-1.000000047497451305e-03,-4.000000189989805222e-03,6.000000052154064178e-03
7.420339788200000442e+01,4.100000113248825073e-02,-3.099999949336051941e-02,-9.491999626159667969e+00,-1.000000047497451305e-03,-4.000000189989805222e-03,6.000000052154064178e-03
7.421420145599999785e+01,1.200000010430812836e-02,-3.599999845027923584e-02,-9.711999893188476562e+00,1.000000047497451305e-03,-2.000000094994902611e-03,7.000000216066837311e-03
7.422345936400000710e+01,1.200000010430812836e-02,-3.599999845027923584e-02,-9.711999893188476562e+00,1.000000047497451305e-03,-2.000000094994902611e-03,7.000000216066837311e-03
7.423359949299999982e+01,1.200000010430812836e-02,-3.599999845027923584e-02,-9.711999893188476562e+00,1.000000047497451305e-03,-2.000000094994902611e-03,7.000000216066837311e-03
7.424343045599999869e+01,1.200000010430812836e-02,-1.200000010430812836e-02,-9.607000350952148438e+00,1.000000047497451305e-03,-4.000000189989805222e-03,6.000000052154064178e-03
7.425350232700000674e+01,2.700000070035457611e-02,3.099999949336051941e-02,-9.588000297546386719e+00,-1.000000047497451305e-03,-3.000000026077032089e-03,6.000000052154064178e-03
7.426351321500000324e+01,2.700000070035457611e-02,3.099999949336051941e-02,-9.588000297546386719e+00,-1.000000047497451305e-03,-3.000000026077032089e-03,6.000000052154064178e-03
7.427366828899999973e+01,2.700000070035457611e-02,3.099999949336051941e-02,-9.588000297546386719e+00,-1.000000047497451305e-03,-3.000000026077032089e-03,6.000000052154064178e-03
7.428341060400001084e+01,2.700000070035457611e-02,-3.599999845027923584e-02,-9.779000282287597656e+00,-1.000000047497451305e-03,-2.000000094994902611e-03,6.000000052154064178e-03
7.429357075200000793e+01,-2.000000094994902611e-03,-5.499999970197677612e-02,-9.539999961853027344e+00,-1.000000047497451305e-03,-2.000000094994902611e-03,7.000000216066837311e-03
7.430399278900000581e+01,-2.000000094994902611e-03,-5.499999970197677612e-02,-9.539999961853027344e+00,-1.000000047497451305e-03,-2.000000094994902611e-03,7.000000216066837311e-03
7.431369440100000645e+01,1.200000010430812836e-02,-3.599999845027923584e-02,-9.760000228881835938e+00,-1.000000047497451305e-03,-1.000000047497451305e-03,4.999999888241291046e-03
7.432361269700000150e+01,1.200000010430812836e-02,-3.599999845027923584e-02,-9.760000228881835938e+00,-1.000000047497451305e-03,-1.000000047497451305e-03,4.999999888241291046e-03
7.433355028900000150e+01,1.200000010430812836e-02,-3.599999845027923584e-02,-9.760000228881835938e+00,-1.000000047497451305e-03,-1.000000047497451305e-03,4.999999888241291046e-03
7.434353395600000169e+01,1.700000092387199402e-02,-3.099999949336051941e-02,-9.572999954223632812e+00,1.000000047497451305e-03,-3.000000026077032089e-03,6.000000052154064178e-03
7.435342893800000752e+01,-3.599999845027923584e-02,-4.600000008940696716e-02,-9.588000297546386719e+00,-1.000000047497451305e-03,-2.000000094994902611e-03,7.000000216066837311e-03
7.436341380800000422e+01,-3.599999845027923584e-02,-4.600000008940696716e-02,-9.588000297546386719e+00,-1.000000047497451305e-03,-2.000000094994902611e-03,7.000000216066837311e-03
7.437348030799999776e+01,-3.599999845027923584e-02,-4.600000008940696716e-02,-9.588000297546386719e+00,-1.000000047497451305e-03,-2.000000094994902611e-03,7.000000216066837311e-03
7.438345734500001072e+01,4.100000113248825073e-02,-2.600000053644180298e-02,-9.730999946594238281e+00,-2.000000094994902611e-03,-2.000000094994902611e-03,7.000000216066837311e-03
7.439344404900000995e+01,1.200000010430812836e-02,2.099999971687793732e-02,-9.559000015258789062e+00,-1.000000047497451305e-03,-4.000000189989805222e-03,7.000000216066837311e-03
7.440342093800001066e+01,1.200000010430812836e-02,2.099999971687793732e-02,-9.559000015258789062e+00,-1.000000047497451305e-03,-4.000000189989805222e-03,7.000000216066837311e-03
7.441356940100000372e+01,1.200000010430812836e-02,2.099999971687793732e-02,-9.559000015258789062e+00,-1.000000047497451305e-03,-4.000000189989805222e-03,7.000000216066837311e-03
7.442359610399999781e+01,-1.200000010430812836e-02,-1.700000092387199402e-02,-9.678999900817871094e+00,1.000000047497451305e-03,-2.000000094994902611e-03,6.000000052154064178e-03
7.443345586300000605e+01,-1.200000010430812836e-02,-1.700000092387199402e-02,-9.678999900817871094e+00,1.000000047497451305e-03,-2.000000094994902611e-03,6.000000052154064178e-03
7.444342178899999851e+01,5.999999865889549255e-02,-1.200000010430812836e-02,-9.703000068664550781e+00,-1.000000047497451305e-03,-3.000000026077032089e-03,7.000000216066837311e-03
7.445388397500001076e+01,2.199999988079071045e-02,-2.199999988079071045e-02,-9.630999565124511719e+00,-2.000000094994902611e-03,-3.000000026077032089e-03,7.000000216066837311e-03
7.446354554900000267e+01,2.199999988079071045e-02,-2.199999988079071045e-02,-9.630999565124511719e+00,-2.000000094994902611e-03,-3.000000026077032089e-03,7.000000216066837311e-03
7.447372567800000809e+01,4.600000008940696716e-02,-3.099999949336051941e-02,-9.836999893188476562e+00,1.000000047497451305e-03,-3.000000026077032089e-03,6.000000052154064178e-03
7.448343304899999850e+01,4.600000008940696716e-02,-3.099999949336051941e-02,-9.836999893188476562e+00,1.000000047497451305e-03,-3.000000026077032089e-03,6.000000052154064178e-03
7.449345177100001081e+01,-5.000000074505805969e-02,-3.000000026077032089e-03,-9.439000129699707031e+00,-1.000000047497451305e-03,-3.000000026077032089e-03,4.000000189989805222e-03
7.450354541900000527e+01,-5.000000074505805969e-02,-3.000000026077032089e-03,-9.439000129699707031e+00,-1.000000047497451305e-03,-3.000000026077032089e-03,4.000000189989805222e-03
7.451350201200000356e+01,5.099999904632568359e-02,7.000000216066837311e-03,-9.741000175476074219e+00,1.000000047497451305e-03,-3.000000026077032089e-03,7.000000216066837311e-03
7.452360367800000063e+01,5.099999904632568359e-02,7.000000216066837311e-03,-9.741000175476074219e+00,1.000000047497451305e-03,-3.000000026077032089e-03,7.000000216066837311e-03
7.453361886300000094e+01,3.599999845027923584e-02,2.000000094994902611e-03,-9.583000183105468750e+00,1.000000047497451305e-03,-4.000000189989805222e-03,7.000000216066837311e-03
7.454342560400000650e+01,3.599999845027923584e-02,2.000000094994902611e-03,-9.583000183105468750e+00,1.000000047497451305e-03,-4.000000189989805222e-03,7.000000216066837311e-03
7.455367828900000404e+01,-3.099999949336051941e-02,-7.000000216066837311e-03,-9.559000015258789062e+00,-1.000000047497451305e-03,-3.000000026077032089e-03,7.000000216066837311e-03
7.456353649300000086e+01,-3.099999949336051941e-02,-7.000000216066837311e-03,-9.559000015258789062e+00,-1.000000047497451305e-03,-3.000000026077032089e-03,7.000000216066837311e-03
7.457343291899999826e+01,4.600000008940696716e-02,-3.000000026077032089e-03,-9.736000061035156250e+00,-1.000000047497451305e-03,-2.000000094994902611e-03,6.000000052154064178e-03
7.458345593700001075e+01,4.600000008940696716e-02,-3.000000026077032089e-03,-9.736000061035156250e+00,-1.000000047497451305e-03,-2.000000094994902611e-03,6.000000052154064178e-03
7.459344134500000223e+01,-2.000000094994902611e-03,1.700000092387199402e-02,-9.439000129699707031e+00,-2.000000094994902611e-03,-4.000000189989805222e-03,7.000000216066837311e-03
7.460342195600000537e+01,-2.000000094994902611e-03,1.700000092387199402e-02,-9.439000129699707031e+00,-2.000000094994902611e-03,-4.000000189989805222e-03,7.000000216066837311e-03
7.461370458600001143e+01,-2.000000094994902611e-03,-5.999999865889549255e-02,-9.687999725341796875e+00,2.000000094994902611e-03,-3.000000026077032089e-03,7.000000216066837311e-03
7.462339819700000021e+01,-2.000000094994902611e-03,-5.999999865889549255e-02,-9.687999725341796875e+00,2.000000094994902611e-03,-3.000000026077032089e-03,7.000000216066837311e-03
7.463344853000000967e+01,3.099999949336051941e-02,-5.499999970197677612e-02,-9.692999839782714844e+00,-1.000000047497451305e-03,-3.000000026077032089e-03,4.999999888241291046e-03
7.464358834499999773e+01,3.099999949336051941e-02,-5.499999970197677612e-02,-9.692999839782714844e+00,-1.000000047497451305e-03,-3.000000026077032089e-03,4.999999888241291046e-03
7.465344945600000415e+01,-2.600000053644180298e-02,6.899999827146530151e-02,-9.559000015258789062e+00,1.000000047497451305e-03,-2.000000094994902611e-03,6.000000052154064178e-03
7.466342743700000995e+01,-2.600000053644180298e-02,6.899999827146530151e-02,-9.559000015258789062e+00,1.000000047497451305e-03,-2.000000094994902611e-03,6.000000052154064178e-03
7.467355928900001061e+01,6.499999761581420898e-02,2.600000053644180298e-02,-9.765000343322753906e+00,-1.000000047497451305e-03,-2.000000094994902611e-03,7.000000216066837311e-03
7.468345082599999785e+01,6.499999761581420898e-02,2.600000053644180298e-02,-9.765000343322753906e+00,-1.000000047497451305e-03,-2.000000094994902611e-03,7.000000216066837311e-03
7.469343243699999846e+01,7.000000216066837311e-03,-3.599999845027923584e-02,-9.545000076293945312e+00,1.000000047497451305e-03,-4.000000189989805222e-03,6.000000052154064178e-03
7.470341338200000791e+01,7.000000216066837311e-03,-3.599999845027923584e-02,-9.545000076293945312e+00,1.000000047497451305e-03,-4.000000189989805222e-03,6.000000052154064178e-03
7.471458904800000766e+01,7.000000216066837311e-03,-3.599999845027923584e-02,-9.545000076293945312e+00,1.000000047497451305e-03,-4.000000189989805222e-03,6.000000052154064178e-03
7.472339254800000674e+01,1.200000010430812836e-02,7.000000216066837311e-03,-9.687999725341796875e+00,-1.000000047497451305e-03,-2.000000094994902611e-03,7.000000216066837311e-03
7.473347484500000348e+01,3.599999845027923584e-02,-1.200000010430812836e-02,-9.711999893188476562e+00,-1.000000047497451305e-03,-3.000000026077032089e-03,6.000000052154064178e-03
7.474361812300000452e+01,3.599999845027923584e-02,-1.200000010430812836e-02,-9.711999893188476562e+00,-1.000000047497451305e-03,-3.000000026077032089e-03,6.000000052154064178e-03
7.475369971500001043e+01,1.700000092387199402e-02,4.100000113248825073e-02,-9.548999786376953125e+00,-1.000000047497451305e-03,-2.000000094994902611e-03,6.000000052154064178e-03
7.476342384500000549e+01,1.700000092387199402e-02,4.100000113248825073e-02,-9.548999786376953125e+00,-1.000000047497451305e-03,-2.000000094994902611e-03,6.000000052154064178e-03
7.477344747400000813e+01,7.000000216066837311e-03,-1.700000092387199402e-02,-9.817000389099121094e+00,-2.000000094994902611e-03,-2.000000094994902611e-03,7.000000216066837311e-03
7.478342184500000656e+01,7.000000216066837311e-03,-1.700000092387199402e-02,-9.817000389099121094e+00,-2.000000094994902611e-03,-2.000000094994902611e-03,7.000000216066837311e-03
7.479358093700000154e+01,7.000000216066837311e-03,-1.700000092387199402e-02,-9.817000389099121094e+00,-2.000000094994902611e-03,-2.000000094994902611e-03,7.000000216066837311e-03
7.480346395600000164e+01,-2.000000094994902611e-03,-7.000000216066837311e-03,-9.524999618530273438e+00,-1.000000047497451305e-03,-3.000000026077032089e-03,7.000000216066837311e-03
7.481355923400001018e+01,-7.000000216066837311e-03,5.499999970197677612e-02,-9.673999786376953125e+00,-1.000000047497451305e-03,-3.000000026077032089e-03,8.000000379979610443e-03
7.482342203000000325e+01,-7.000000216066837311e-03,5.499999970197677612e-02,-9.673999786376953125e+00,-1.000000047497451305e-03,-3.000000026077032089e-03,8.000000379979610443e-03
7.483358697399999926e+01,-7.000000216066837311e-03,5.499999970197677612e-02,-9.673999786376953125e+00,-1.000000047497451305e-03,-3.000000026077032089e-03,8.000000379979610443e-03
7.484342751100000157e+01,2.700000070035457611e-02,-6.499999761581420898e-02,-9.659000396728515625e+00,-2.000000094994902611e-03,-2.000000094994902611e-03,6.000000052154064178e-03
7.485346853000000067e+01,-2.099999971687793732e-02,-4.600000008940696716e-02,-9.534999847412109375e+00,1.000000047497451305e-03,-2.000000094994902611e-03,7.000000216066837311e-03
7.486343323399999861e+01,-2.099999971687793732e-02,-4.600000008940696716e-02,-9.534999847412109375e+00,1.000000047497451305e-03,-2.000000094994902611e-03,7.000000216066837311e-03
7.487379206700001077e+01,7.000000216066837311e-03,2.000000094994902611e-03,-9.730999946594238281e+00,1.000000047497451305e-03,-2.000000094994902611e-03,4.999999888241291046e-03
7.488355438199999980e+01,7.000000216066837311e-03,2.000000094994902611e-03,-9.730999946594238281e+00,1.000000047497451305e-03,-2.000000094994902611e-03,4.999999888241291046e-03
7.489345841899999812e+01,7.000000216066837311e-03,2.000000094994902611e-03,-9.730999946594238281e+00,1.000000047497451305e-03,-2.000000094994902611e-03,4.999999888241291046e-03
7.490355543700000851e+01,-2.600000053644180298e-02,-2.600000053644180298e-02,-9.482000350952148438e+00,-2.000000094994902611e-03,-3.000000026077032089e-03,4.999999888241291046e-03
7.491358906700000375e+01,-2.600000053644180298e-02,-2.600000053644180298e-02,-9.482000350952148438e+00,-2.000000094994902611e-03,-3.000000026077032089e-03,4.999999888241291046e-03
7.492358764100001167e+01,1.700000092387199402e-02,-3.000000026077032089e-03,-9.687999725341796875e+00,1.000000047497451305e-03,-3.000000026077032089e-03,6.000000052154064178e-03
7.493357936300000688e+01,3.099999949336051941e-02,-3.099999949336051941e-02,-9.673999786376953125e+00,-1.000000047497451305e-03,-2.000000094994902611e-03,7.000000216066837311e-03
7.494351999300000955e+01,3.099999949336051941e-02,-3.099999949336051941e-02,-9.673999786376953125e+00,-1.000000047497451305e-03,-2.000000094994902611e-03,7.000000216066837311e-03
7.495344923400000425e+01,2.700000070035457611e-02,-2.600000053644180298e-02,-9.534999847412109375e+00,-1.000000047497451305e-03,-3.000000026077032089e-03,6.000000052154064178e-03
7.496347638200001029e+01,2.700000070035457611e-02,-2.600000053644180298e-02,-9.534999847412109375e+00,-1.000000047497451305e-03,-3.000000026077032089e-03,6.000000052154064178e-03
7.497416164100000913e+01,2.700000070035457611e-02,-2.600000053644180298e-02,-9.534999847412109375e+00,-1.000000047497451305e-03,-3.000000026077032089e-03,6.000000052154064178e-03
7.498368143700000132e+01,7.000000216066837311e-03,1.700000092387199402e-02,-9.840999603271484375e+00,-1.000000047497451305e-03,-2.000000094994902611e-03,7.000000216066837311e-03
7.499357854800000212e+01,-3.999999910593032837e-02,-4.100000113248825073e-02,-9.534999847412109375e+00,-1.000000047497451305e-03,-2.000000094994902611e-03,7.000000216066837311e-03
7.500354127100000312e+01,-3.999999910593032837e-02,-4.100000113248825073e-02,-9.534999847412109375e+00,-1.000000047497451305e-03,-2.000000094994902611e-03,7.000000216066837311e-03
7.501349036300000250e+01,-3.999999910593032837e-02,-4.100000113248825073e-02,-9.534999847412109375e+00,-1.000000047497451305e-03,-2.000000094994902611e-03,7.000000216066837311e-03
7.502342454800000837e+01,1.700000092387199402e-02,-2.600000053644180298e-02,-9.727000236511230469e+00,1.000000047497451305e-03,-3.000000026077032089e-03,6.000000052154064178e-03
7.503345410400000048e+01,4.100000113248825073e-02,-1.700000092387199402e-02,-9.663999557495117188e+00,-1.000000047497451305e-03,-2.000000094994902611e-03,6.000000052154064178e-03
7.504356793700000594e+01,4.100000113248825073e-02,-1.700000092387199402e-02,-9.663999557495117188e+00,-1.000000047497451305e-03,-2.000000094994902611e-03,6.000000052154064178e-03
7.505343215900001042e+01,1.700000092387199402e-02,-1.200000010430812836e-02,-9.524999618530273438e+00,-1.000000047497451305e-03,-3.000000026077032089e-03,6.000000052154064178e-03
7.506347654800001123e+01,1.700000092387199402e-02,-1.200000010430812836e-02,-9.524999618530273438e+00,-1.000000047497451305e-03,-3.000000026077032089e-03,6.000000052154064178e-03
7.507367910400000710e+01,7.000000216066837311e-03,-3.000000026077032089e-03,-9.755000114440917969e+00,1.000000047497451305e-03,-3.000000026077032089e-03,7.000000216066837311e-03
7.508369669600000407e+01,7.000000216066837311e-03,-3.000000026077032089e-03,-9.755000114440917969e+00,1.000000047497451305e-03,-3.000000026077032089e-03,7.000000216066837311e-03
7.509362230800000759e+01,7.000000216066837311e-03,-3.000000026077032089e-03,-9.755000114440917969e+00,1.000000047497451305e-03,-3.000000026077032089e-03,7.000000216066837311e-03
7.510343502999999998e+01,7.000000216066837311e-03,-3.599999845027923584e-02,-9.524999618530273438e+00,1.000000047497451305e-03,-2.000000094994902611e-03,6.000000052154064178e-03
7.511361728900000401e+01,2.199999988079071045e-02,-2.600000053644180298e-02,-9.765000343322753906e+00,-1.000000047497451305e-03,-2.000000094994902611e-03,6.000000052154064178e-03
7.512356480700000816e+01,2.199999988079071045e-02,-2.600000053644180298e-02,-9.765000343322753906e+00,-1.000000047497451305e-03,-2.000000094994902611e-03,6.000000052154064178e-03
7.513343002999999953e+01,2.199999988079071045e-02,-2.600000053644180298e-02,-9.765000343322753906e+00,-1.000000047497451305e-03,-2.000000094994902611e-03,6.000000052154064178e-03
7.514355397399999958e+01,4.100000113248825073e-02,-5.499999970197677612e-02,-9.730999946594238281e+00,1.000000047497451305e-03,-3.000000026077032089e-03,6.000000052154064178e-03
7.515342388199999846e+01,2.199999988079071045e-02,-4.600000008940696716e-02,-9.409999847412109375e+00,-1.000000047497451305e-03,-3.000000026077032089e-03,7.000000216066837311e-03
7.516351404800001035e+01,2.199999988079071045e-02,-4.600000008940696716e-02,-9.409999847412109375e+00,-1.000000047497451305e-03,-3.000000026077032089e-03,7.000000216066837311e-03
7.517358027000000220e+01,3.099999949336051941e-02,-3.099999949336051941e-02,-9.831999778747558594e+00,-1.000000047497451305e-03,-2.000000094994902611e-03,6.000000052154064178e-03
7.518357065900001146e+01,3.099999949336051941e-02,-3.099999949336051941e-02,-9.831999778747558594e+00,-1.000000047497451305e-03,-2.000000094994902611e-03,6.000000052154064178e-03
7.519360499300000811e+01,-3.999999910593032837e-02,-2.600000053644180298e-02,-9.597000122070312500e+00,-1.000000047497451305e-03,-3.000000026077032089e-03,7.000000216066837311e-03
7.520342378899999858e+01,-3.999999910593032837e-02,-2.600000053644180298e-02,-9.597000122070312500e+00,-1.000000047497451305e-03,-3.000000026077032089e-03,7.000000216066837311e-03
7.521362575199999867e+01,-3.999999910593032837e-02,-2.600000053644180298e-02,-9.597000122070312500e+00,-1.000000047497451305e-03,-3.000000026077032089e-03,7.000000216066837311e-03
7.522344606699999758e+01,-2.600000053644180298e-02,-1.200000010430812836e-02,-9.687999725341796875e+00,-1.000000047497451305e-03,-2.000000094994902611e-03,6.000000052154064178e-03
7.523343919600000618e+01,-2.600000053644180298e-02,-1.200000010430812836e-02,-9.687999725341796875e+00,-1.000000047497451305e-03,-2.000000094994902611e-03,6.000000052154064178e-03
7.524352573299999847e+01,3.000000026077032089e-03,-1.700000092387199402e-02,-9.692999839782714844e+00,1.000000047497451305e-03,-2.000000094994902611e-03,4.999999888241291046e-03
7.525366458500000988e+01,-1.600000075995922089e-02,-1.200000010430812836e-02,-9.505999565124511719e+00,-2.000000094994902611e-03,-3.000000026077032089e-03,7.000000216066837311e-03
7.526358982600000047e+01,-1.600000075995922089e-02,-1.200000010430812836e-02,-9.505999565124511719e+00,-2.000000094994902611e-03,-3.000000026077032089e-03,7.000000216066837311e-03
7.527382023300000924e+01,3.599999845027923584e-02,-4.100000113248825073e-02,-9.770000457763671875e+00,-2.000000094994902611e-03,-2.000000094994902611e-03,7.000000216066837311e-03
7.528344836300000509e+01,3.599999845027923584e-02,-4.100000113248825073e-02,-9.770000457763671875e+00,-2.000000094994902611e-03,-2.000000094994902611e-03,7.000000216066837311e-03
7.529345462199999872e+01,3.000000026077032089e-03,2.600000053644180298e-02,-9.472999572753906250e+00,-1.000000047497451305e-03,-2.000000094994902611e-03,6.000000052154064178e-03
7.530365204800000356e+01,3.000000026077032089e-03,2.600000053644180298e-02,-9.472999572753906250e+00,-1.000000047497451305e-03,-2.000000094994902611e-03,6.000000052154064178e-03
7.531380980699999839e+01,3.000000026077032089e-03,2.600000053644180298e-02,-9.472999572753906250e+00,-1.000000047497451305e-03,-2.000000094994902611e-03,6.000000052154064178e-03
7.532342699299999822e+01,-1.600000075995922089e-02,2.000000094994902611e-03,-9.673999786376953125e+00,1.000000047497451305e-03,-1.000000047497451305e-03,7.000000216066837311e-03
7.533343640000001074e+01,5.099999904632568359e-02,-2.199999988079071045e-02,-9.663999557495117188e+00,-1.000000047497451305e-03,-3.000000026077032089e-03,4.999999888241291046e-03
7.534350075200001129e+01,5.099999904632568359e-02,-2.199999988079071045e-02,-9.663999557495117188e+00,-1.000000047497451305e-03,-3.000000026077032089e-03,4.999999888241291046e-03
7.535425604800001054e+01,-1.600000075995922089e-02,2.600000053644180298e-02,-9.592000007629394531e+00,-1.000000047497451305e-03,-4.000000189989805222e-03,6.000000052154064178e-03
7.536344262200000799e+01,-1.600000075995922089e-02,2.600000053644180298e-02,-9.592000007629394531e+00,-1.000000047497451305e-03,-4.000000189989805222e-03,6.000000052154064178e-03
7.537344532600000946e+01,1.700000092387199402e-02,1.200000010430812836e-02,-9.807999610900878906e+00,1.000000047497451305e-03,-2.000000094994902611e-03,6.000000052154064178e-03
7.538343591800000354e+01,1.700000092387199402e-02,1.200000010430812836e-02,-9.807999610900878906e+00,1.000000047497451305e-03,-2.000000094994902611e-03,6.000000052154064178e-03
7.539343382600000609e+01,-1.600000075995922089e-02,-4.100000113248825073e-02,-9.564000129699707031e+00,-1.000000047497451305e-03,-4.000000189989805222e-03,6.000000052154064178e-03
7.540340625200001057e+01,-1.600000075995922089e-02,-4.100000113248825073e-02,-9.564000129699707031e+00,-1.000000047497451305e-03,-4.000000189989805222e-03,6.000000052154064178e-03
7.541359930699999836e+01,-2.099999971687793732e-02,2.000000094994902611e-03,-9.654999732971191406e+00,1.000000047497451305e-03,-2.000000094994902611e-03,7.000000216066837311e-03
7.542345290000000091e+01,-2.099999971687793732e-02,2.000000094994902611e-03,-9.654999732971191406e+00,1.000000047497451305e-03,-2.000000094994902611e-03,7.000000216066837311e-03
7.543360567800000638e+01,-2.000000094994902611e-03,-6.499999761581420898e-02,-9.692999839782714844e+00,-1.000000047497451305e-03,-2.000000094994902611e-03,4.999999888241291046e-03
7.544342415900000276e+01,-2.000000094994902611e-03,-6.499999761581420898e-02,-9.692999839782714844e+00,-1.000000047497451305e-03,-2.000000094994902611e-03,4.999999888241291046e-03
7.545352862200000743e+01,2.199999988079071045e-02,5.499999970197677612e-02,-9.524999618530273438e+00,-1.000000047497451305e-03,-3.000000026077032089e-03,6.000000052154064178e-03
7.546343328900000813e+01,2.199999988079071045e-02,5.499999970197677612e-02,-9.524999618530273438e+00,-1.000000047497451305e-03,-3.000000026077032089e-03,6.000000052154064178e-03
7.547370593700000541e+01,3.099999949336051941e-02,-2.600000053644180298e-02,-9.803000450134277344e+00,-1.000000047497451305e-03,-2.000000094994902611e-03,6.000000052154064178e-03
7.548360890000000722e+01,3.099999949336051941e-02,-2.600000053644180298e-02,-9.803000450134277344e+00,-1.000000047497451305e-03,-2.000000094994902611e-03,6.000000052154064178e-03
7.549374580700001047e+01,3.000000026077032089e-03,-3.099999949336051941e-02,-9.548999786376953125e+00,-2.000000094994902611e-03,-4.000000189989805222e-03,6.000000052154064178e-03
7.550364601100000073e+01,3.000000026077032089e-03,-3.099999949336051941e-02,-9.548999786376953125e+00,-2.000000094994902611e-03,-4.000000189989805222e-03,6.000000052154064178e-03
7.551343756700001109e+01,3.000000026077032089e-03,-3.099999949336051941e-02,-9.548999786376953125e+00,-2.000000094994902611e-03,-4.000000189989805222e-03,6.000000052154064178e-03
7.552353875200000743e+01,-7.000000216066837311e-03,-2.600000053644180298e-02,-9.722000122070312500e+00,2.000000094994902611e-03,-2.000000094994902611e-03,6.000000052154064178e-03
7.553370476999999994e+01,-7.000000216066837311e-03,-2.600000053644180298e-02,-9.722000122070312500e+00,2.000000094994902611e-03,-2.000000094994902611e-03,6.000000052154064178e-03
7.554358477000000960e+01,2.700000070035457611e-02,-3.599999845027923584e-02,-9.678999900817871094e+00,-1.000000047497451305e-03,-2.000000094994902611e-03,7.000000216066837311e-03
7.555343177000000310e+01,-1.600000075995922089e-02,7.000000216066837311e-03,-9.529999732971191406e+00,1.000000047497451305e-03,-3.000000026077032089e-03,6.000000052154064178e-03
7.556342515900000478e+01,-1.600000075995922089e-02,7.000000216066837311e-03,-9.529999732971191406e+00,1.000000047497451305e-03,-3.000000026077032089e-03,6.000000052154064178e-03
7.557346947400000658e+01,-1.600000075995922089e-02,7.000000216066837311e-03,-9.529999732971191406e+00,1.000000047497451305e-03,-3.000000026077032089e-03,6.000000052154064178e-03
7.558341980699999851e+01,2.199999988079071045e-02,-2.199999988079071045e-02,-9.741000175476074219e+00,1.000000047497451305e-03,-3.000000026077032089e-03,6.000000052154064178e-03
7.559344117800000618e+01,-7.000000216066837311e-03,-3.599999845027923584e-02,-9.578000068664550781e+00,-1.000000047497451305e-03,-3.000000026077032089e-03,6.000000052154064178e-03
7.560346836300000462e+01,-7.000000216066837311e-03,-3.599999845027923584e-02,-9.578000068664550781e+00,-1.000000047497451305e-03,-3.000000026077032089e-03,6.000000052154064178e-03
7.561370671500000640e+01,-7.000000216066837311e-03,-3.599999845027923584e-02,-9.578000068664550781e+00,-1.000000047497451305e-03,-3.000000026077032089e-03,6.000000052154064178e-03
7.562347490000000505e+01,1.200000010430812836e-02,-3.099999949336051941e-02,-9.711999893188476562e+00,1.000000047497451305e-03,-3.000000026077032089e-03,7.000000216066837311e-03
7.563343441800000733e+01,-1.200000010430812836e-02,-3.000000026077032089e-03,-9.663999557495117188e+00,1.000000047497451305e-03,-3.000000026077032089e-03,7.000000216066837311e-03
7.564342219600000305e+01,-1.200000010430812836e-02,-3.000000026077032089e-03,-9.663999557495117188e+00,1.000000047497451305e-03,-3.000000026077032089e-03,7.000000216066837311e-03
7.565363775200000873e+01,-1.200000010430812836e-02,-3.000000026077032089e-03,-9.663999557495117188e+00,1.000000047497451305e-03,-3.000000026077032089e-03,7.000000216066837311e-03
7.566359151100000702e+01,-1.600000075995922089e-02,-6.499999761581420898e-02,-9.578000068664550781e+00,1.000000047497451305e-03,-3.000000026077032089e-03,4.999999888241291046e-03
7.567371162199999901e+01,3.099999949336051941e-02,-4.100000113248825073e-02,-9.798000335693359375e+00,-1.000000047497451305e-03,-3.000000026077032089e-03,6.000000052154064178e-03
7.568342608500000779e+01,3.099999949336051941e-02,-4.100000113248825073e-02,-9.798000335693359375e+00,-1.000000047497451305e-03,-3.000000026077032089e-03,6.000000052154064178e-03
7.569342612200000531e+01,3.099999949336051941e-02,-4.100000113248825073e-02,-9.798000335693359375e+00,-1.000000047497451305e-03,-3.000000026077032089e-03,6.000000052154064178e-03
7.570340984400000650e+01,-1.200000010430812836e-02,-3.099999949336051941e-02,-9.472999572753906250e+00,-1.000000047497451305e-03,-3.000000026077032089e-03,7.000000216066837311e-03
7.571347352899999805e+01,-1.600000075995922089e-02,-3.099999949336051941e-02,-9.668999671936035156e+00,1.000000047497451305e-03,-3.000000026077032089e-03,6.000000052154064178e-03
7.572343747400000780e+01,-1.600000075995922089e-02,-3.099999949336051941e-02,-9.668999671936035156e+00,1.000000047497451305e-03,-3.000000026077032089e-03,6.000000052154064178e-03
7.573344114000001071e+01,-1.600000075995922089e-02,-3.099999949336051941e-02,-9.668999671936035156e+00,1.000000047497451305e-03,-3.000000026077032089e-03,6.000000052154064178e-03
7.574347241800001029e+01,1.200000010430812836e-02,-4.600000008940696716e-02,-9.612000465393066406e+00,-1.000000047497451305e-03,-2.000000094994902611e-03,6.000000052154064178e-03
7.575344004800000164e+01,1.200000010430812836e-02,-4.600000008940696716e-02,-9.612000465393066406e+00,-1.000000047497451305e-03,-2.000000094994902611e-03,6.000000052154064178e-03
7.576352054800000246e+01,-2.600000053644180298e-02,-1.700000092387199402e-02,-9.534999847412109375e+00,-1.000000047497451305e-03,-3.000000026077032089e-03,7.000000216066837311e-03
7.577347375200000101e+01,5.999999865889549255e-02,-2.600000053644180298e-02,-9.803000450134277344e+00,1.000000047497451305e-03,-2.000000094994902611e-03,6.000000052154064178e-03
7.578365904800000408e+01,5.999999865889549255e-02,-2.600000053644180298e-02,-9.803000450134277344e+00,1.000000047497451305e-03,-2.000000094994902611e-03,6.000000052154064178e-03
7.579347864000000357e+01,-1.600000075995922089e-02,-7.000000029802322388e-02,-9.515999794006347656e+00,-1.000000047497451305e-03,-3.000000026077032089e-03,7.000000216066837311e-03
7.580360367699999813e+01,-1.600000075995922089e-02,-7.000000029802322388e-02,-9.515999794006347656e+00,-1.000000047497451305e-03,-3.000000026077032089e-03,7.000000216066837311e-03
7.581367964000000370e+01,-2.099999971687793732e-02,-1.200000010430812836e-02,-9.645000457763671875e+00,-1.000000047497451305e-03,-2.000000094994902611e-03,4.999999888241291046e-03
7.582367114000000186e+01,-2.099999971687793732e-02,-1.200000010430812836e-02,-9.645000457763671875e+00,-1.000000047497451305e-03,-2.000000094994902611e-03,4.999999888241291046e-03
7.583379527000001019e+01,1.700000092387199402e-02,-1.700000092387199402e-02,-9.621000289916992188e+00,-1.000000047497451305e-03,-2.000000094994902611e-03,7.000000216066837311e-03
7.584375167700000020e+01,1.700000092387199402e-02,-1.700000092387199402e-02,-9.621000289916992188e+00,-1.000000047497451305e-03,-2.000000094994902611e-03,7.000000216066837311e-03
7.585347943700000428e+01,1.200000010430812836e-02,-5.499999970197677612e-02,-9.583000183105468750e+00,-1.000000047497451305e-03,-2.000000094994902611e-03,6.000000052154064178e-03
7.586347143700000117e+01,1.200000010430812836e-02,-5.499999970197677612e-02,-9.583000183105468750e+00,-1.000000047497451305e-03,-2.000000094994902611e-03,6.000000052154064178e-03
7.587359702900000968e+01,2.700000070035457611e-02,2.600000053644180298e-02,-9.736000061035156250e+00,1.000000047497451305e-03,-3.000000026077032089e-03,6.000000052154064178e-03
7.588344545500000038e+01,2.700000070035457611e-02,2.600000053644180298e-02,-9.736000061035156250e+00,1.000000047497451305e-03,-3.000000026077032089e-03,6.000000052154064178e-03
7.589344969600000468e+01,2.700000070035457611e-02,2.600000053644180298e-02,-9.736000061035156250e+00,1.000000047497451305e-03,-3.000000026077032089e-03,6.000000052154064178e-03
7.590344065900001169e+01,-2.099999971687793732e-02,-1.200000010430812836e-02,-9.496999740600585938e+00,-2.000000094994902611e-03,-2.000000094994902611e-03,7.000000216066837311e-03
7.591361810300000457e+01,2.700000070035457611e-02,-1.200000010430812836e-02,-9.697999954223632812e+00,1.000000047497451305e-03,-3.000000026077032089e-03,6.000000052154064178e-03
7.592342423300000576e+01,2.700000070035457611e-02,-1.200000010430812836e-02,-9.697999954223632812e+00,1.000000047497451305e-03,-3.000000026077032089e-03,6.000000052154064178e-03
7.593352904800001113e+01,2.700000070035457611e-02,-1.200000010430812836e-02,-9.697999954223632812e+00,1.000000047497451305e-03,-3.000000026077032089e-03,6.000000052154064178e-03
7.594359262200001126e+01,-7.000000216066837311e-03,-3.599999845027923584e-02,-9.659000396728515625e+00,-1.000000047497451305e-03,-3.000000026077032089e-03,7.000000216066837311e-03
7.595349999200000468e+01,-3.999999910593032837e-02,-3.599999845027923584e-02,-9.564000129699707031e+00,1.000000047497451305e-03,-1.000000047497451305e-03,6.000000052154064178e-03
7.596351821400000404e+01,-3.999999910593032837e-02,-3.599999845027923584e-02,-9.564000129699707031e+00,1.000000047497451305e-03,-1.000000047497451305e-03,6.000000052154064178e-03
7.597344643700000688e+01,-3.999999910593032837e-02,-3.599999845027923584e-02,-9.564000129699707031e+00,1.000000047497451305e-03,-1.000000047497451305e-03,6.000000052154064178e-03
7.598341617700000938e+01,2.199999988079071045e-02,-3.099999949336051941e-02,-9.836999893188476562e+00,-1.000000047497451305e-03,-1.000000047497451305e-03,6.000000052154064178e-03
7.599360043699999778e+01,-2.000000094994902611e-03,-4.100000113248825073e-02,-9.515999794006347656e+00,-1.000000047497451305e-03,-4.000000189989805222e-03,6.000000052154064178e-03
7.600352782500000615e+01,-2.000000094994902611e-03,-4.100000113248825073e-02,-9.515999794006347656e+00,-1.000000047497451305e-03,-4.000000189989805222e-03,6.000000052154064178e-03
7.601362197400000298e+01,3.000000026077032089e-03,-1.700000092387199402e-02,-9.645000457763671875e+00,2.000000094994902611e-03,-3.000000026077032089e-03,7.000000216066837311e-03
7.602345390000000691e+01,3.000000026077032089e-03,-1.700000092387199402e-02,-9.645000457763671875e+00,2.000000094994902611e-03,-3.000000026077032089e-03,7.000000216066837311e-03
7.603345477000000585e+01,2.199999988079071045e-02,-2.600000053644180298e-02,-9.673999786376953125e+00,-1.000000047497451305e-03,-2.000000094994902611e-03,7.000000216066837311e-03
