#timestamp, acel_linear, vel_angular
1.89647,8.6987,0.148933
1.89651,8.6987,0.148933
1.90763,10.5422,0.080181
1.91634,10.5422,0.080181
1.92449,7.91107,0.0519326
1.93614,7.91107,0.0519326
1.94415,11.5157,0.11435
1.95629,11.5157,0.11435
1.96868,8.73681,0.123527
1.97715,9.29294,0.153382
1.99486,9.29294,0.153382
2.02058,9.29294,0.153382
2.03045,10.5905,0.0539444
2.04309,10.5905,0.0539444
2.05223,6.57332,0.0466262
2.05625,6.57332,0.0466262
2.07096,10.0546,0.0792528
2.07735,10.0546,0.0792528
2.08829,11.4171,0.0422019
2.09704,11.4171,0.0422019
2.10436,8.94771,0.0539351
2.1138,8.94771,0.0539351
2.12435,7.6588,0.139216
2.1348,7.6588,0.139216
2.1466,10.4724,0.194005
2.15355,10.4724,0.194005
2.16551,6.23485,0.272097
2.17616,6.23485,0.272097
2.18395,9.50543,0.261545
2.19568,14.2745,0.10565
2.20392,14.2745,0.10565
2.21485,14.2745,0.10565
2.22354,8.76782,0.183055
2.23452,8.76782,0.183055
2.24742,8.79237,0.176511
2.25358,8.79237,0.176511
2.26596,8.79237,0.176511
2.27485,12.5559,0.155708
2.28384,12.5559,0.155708
2.29434,12.5559,0.155708
2.30449,7.88438,0.163603
2.31355,11.7467,0.102864
2.32359,11.7467,0.102864
2.33528,8.42296,0.0768115
2.34598,8.42296,0.0768115
2.35399,8.42296,0.0768115
2.36612,8.42296,0.0768115
2.37645,11.7431,0.0972677
2.38451,11.5357,0.0638514
2.39495,11.5357,0.0638514
2.40547,9.36965,0.012083
2.41509,9.36965,0.012083
2.42368,10.9841,0.0163401
2.43697,10.9841,0.0163401
2.44463,9.30012,0.0511273
2.45381,9.30012,0.0511273
2.4638,6.45999,0.0720972
2.47603,6.45999,0.0720972
2.48387,9.13279,0.15447
2.49371,9.13279,0.15447
2.5058,7.37748,0.13779
2.51571,7.37748,0.13779
2.52376,5.44444,0.410201
2.53477,5.44444,0.410201
2.54641,10.5445,0.356458
2.55903,10.5445,0.356458
2.56351,9.07934,0.267597
2.57684,9.07934,0.267597
2.58614,11.7454,0.154101
2.59393,11.7454,0.154101
2.60399,8.74781,0.167404
2.61402,8.74781,0.167404
2.62381,8.75818,0.143007
2.63426,8.75818,0.143007
2.64584,9.73873,0.175516
2.65396,9.73873,0.175516
2.66373,9.29328,0.102883
2.67615,9.29328,0.102883
2.68495,9.65252,0.0745721
2.6962,9.65252,0.0745721
2.70364,10.0105,0.0318904
2.71553,10.0105,0.0318904
2.72457,6.6881,0.0369865
2.73784,6.6881,0.0369865
2.74518,10.2023,0.0512738
2.75726,10.2023,0.0512738
2.76442,11.9604,0.0536004
2.77624,11.9604,0.0536004
2.7852,10.2361,0.0765441
2.79436,10.2361,0.0765441
2.8071,8.43516,0.0405216
2.81571,8.43516,0.0405216
2.82399,9.15997,0.0638905
2.83678,9.15997,0.0638905
2.84426,10.5241,0.0440341
2.85409,10.5241,0.0440341
2.86583,9.54083,0.0295635
2.87453,9.54083,0.0295635
2.88429,8.27962,0.0739392
2.89365,8.27962,0.0739392
2.90734,11.5771,0.352956
2.91387,11.5771,0.352956
2.92519,15.3205,0.197975
2.93389,15.3205,0.197975
2.94566,10.8122,0.213312
2.95357,10.8122,0.213312
2.96417,10.8122,0.213312
2.97713,10.8122,0.213312
2.98526,10.8122,0.213312
2.99504,10.8122,0.213312
3.00445,11.141,0.110145
3.0144,11.141,0.110145
3.02622,12.1712,0.0915478
3.03361,12.1712,0.0915478
3.04394,11.0761,0.0930591
3.05495,11.0761,0.0930591
3.06497,8.99145,0.0737089
3.07437,8.99145,0.0737089
3.08431,11.686,0.162533
3.09409,11.686,0.162533
3.10443,4.77273,0.14654
3.11385,4.77273,0.14654
3.12418,10.0648,0.146458
3.13393,10.0648,0.146458
3.14411,10.5018,0.114612
3.15402,10.5018,0.114612
3.16387,12.3252,0.0326956
3.17473,12.3252,0.0326956
3.18509,6.93666,0.143436
3.19393,6.93666,0.143436
3.20444,8.93803,0.0918967
3.21406,8.93803,0.0918967
3.224,7.36276,0.101926
3.2337,7.36276,0.101926
3.24358,10.0398,0.0575587
3.25515,10.0398,0.0575587
3.26648,10.8367,0.0917279
3.2738,10.8367,0.0917279
3.2835,10.8367,0.0917279
3.29481,10.8367,0.0917279
3.30493,10.39,0.0444635
3.31545,10.39,0.0444635
3.3235,10.39,0.0444635
3.33436,10.39,0.0444635
3.34474,7.95068,0.0468295
3.3534,7.95068,0.0468295
3.3654,10.9489,0.0230651
3.37439,10.9489,0.0230651
3.3874,9.72837,0.0389487
3.39685,9.72837,0.0389487
3.406,9.72837,0.0389487
3.41579,9.72837,0.0389487
3.42586,9.71665,0.049295
3.43382,9.71665,0.049295
3.44348,8.82143,0.0636396
3.45342,8.82143,0.0636396
3.46346,10.2805,0.0416773
3.47416,10.2805,0.0416773
3.4837,9.16353,0.0459238
3.49362,9.16353,0.0459238
3.50345,9.83781,0.0470532
3.51352,9.83781,0.0470532
3.52345,9.20048,0.0315436
3.53351,9.20048,0.0315436
3.54353,14.9646,0.046669
3.55358,14.9646,0.046669
3.56345,11.8383,0.0641015
3.57384,11.8383,0.0641015
3.58348,7.38558,0.0709718
3.59405,7.38558,0.0709718
3.6038,7.99078,0.0740675
3.61503,7.99078,0.0740675
3.62343,7.99078,0.0740675
3.63357,7.99078,0.0740675
3.64346,10.466,0.132699
3.65342,10.466,0.132699
3.66363,8.84843,0.104833
3.67362,8.84843,0.104833
3.68351,8.84843,0.104833
3.6949,8.84843,0.104833
3.70424,12.3028,0.0872009
3.71351,12.3028,0.0872009
3.72349,11.5402,0.0938563
3.73364,11.5402,0.0938563
3.74369,14.5381,0.110526
3.75349,14.5381,0.110526
3.76352,14.5381,0.110526
3.77456,14.5381,0.110526
3.78382,9.44249,0.0667158
3.7937,9.44249,0.0667158
3.80388,10.9943,0.043566
3.81388,10.9943,0.043566
3.82376,10.5538,0.11483
3.83363,10.5538,0.11483
3.8436,9.23626,0.032665
3.85368,9.23626,0.032665
3.86364,9.14439,0.101064
3.87376,9.14439,0.101064
3.88348,9.535,0.0783199
3.89356,9.535,0.0783199
3.90351,9.41292,0.142829
3.91381,9.41292,0.142829
3.92347,9.3451,0.0701498
3.93348,9.3451,0.0701498
3.94347,10.1748,0.00948683
3.95382,10.1748,0.00948683
3.96445,9.25939,0.0660606
3.97347,9.25939,0.0660606
3.98457,9.25939,0.0660606
3.99372,9.25939,0.0660606
4.00439,9.70524,0.0446878
4.01403,9.70524,0.0446878
4.02551,3.90495,0.121305
4.03344,3.90495,0.121305
4.04372,3.90495,0.121305
4.05357,3.90495,0.121305
4.06353,9.18331,0.357596
4.07452,9.18331,0.357596
4.0837,11.86,0.307003
4.09373,11.86,0.307003
4.10351,10.2683,0.134722
4.11373,10.2683,0.134722
4.12351,10.2683,0.134722
4.13346,10.2683,0.134722
4.14351,9.19439,0.0304138
4.15369,9.19439,0.0304138
4.16361,9.75125,0.0413401
4.17422,9.75125,0.0413401
4.18383,10.125,0.0107238
4.19543,9.39141,0.00707107
4.20351,9.39141,0.00707107
4.21639,9.7761,0.0194165
4.22345,9.7761,0.0194165
4.23424,9.7761,0.0194165
4.24362,8.94753,0.00509902
4.25436,8.94753,0.00509902
4.26362,9.84018,0.00781025
4.27467,9.84018,0.00781025
4.28385,9.71769,0.00678233
4.29351,9.71769,0.00678233
4.30364,9.77976,0.00547723
4.31387,9.77976,0.00547723
4.32363,9.66965,0.00916515
4.3335,9.66965,0.00916515
4.34384,9.66965,0.00916515
4.35355,9.66965,0.00916515
4.36375,9.70852,0.00812404
4.37354,9.70852,0.00812404
4.38371,9.70345,0.00707107
4.39386,9.70345,0.00707107
4.40348,9.70345,0.00707107
4.41847,9.70345,0.00707107
4.42361,9.63113,0.00761577
4.43371,9.63113,0.00761577
4.44356,9.70321,0.00663325
4.45434,9.70321,0.00663325
4.46351,9.63613,0.00877496
4.47358,9.63613,0.00877496
4.48384,9.63613,0.00877496
4.49349,9.63613,0.00877496
4.50348,9.58815,0.00734847
4.51354,9.58815,0.00734847
4.52369,9.74606,0.007
4.53368,9.74606,0.007
4.54372,9.65,0.00754983
4.5535,9.65,0.00754983
4.56348,9.63111,0.00768115
4.57366,9.63111,0.00768115
4.58362,9.63122,0.00640312
4.59371,9.63122,0.00640312
4.6035,9.70704,0.00787401
4.61374,9.70704,0.00787401
4.6237,9.66407,0.00663325
4.63344,9.66407,0.00663325
4.64345,9.54516,0.00734847
4.65381,9.54516,0.00734847
4.6637,9.67405,0.00678233
4.67371,9.67405,0.00678233
4.68353,9.71704,0.00640312
4.69366,9.71704,0.00640312
4.70347,9.71704,0.00640312
4.71358,9.71704,0.00640312
4.72363,9.564,0.00591608
4.73345,9.564,0.00591608
4.74346,9.58812,0.00860233
4.75359,9.58812,0.00860233
4.76356,9.58812,0.00860233
4.77395,9.58812,0.00860233
4.7835,9.69312,0.00830662
4.7935,9.69312,0.00830662
4.80349,9.60207,0.00768115
4.8135,9.60207,0.00768115
4.8235,9.60202,0.00830662
4.8337,9.60202,0.00830662
4.84346,9.60202,0.00830662
4.85381,9.60202,0.00830662
4.86346,9.65001,0.00748331
4.87347,9.65001,0.00748331
4.88347,9.61204,0.00734847
4.89365,9.61204,0.00734847
4.90348,9.59702,0.00787401
4.91354,9.59702,0.00787401
4.92355,9.77416,0.00678233
4.93348,9.77416,0.00678233
4.94345,9.64505,0.00640312
4.95426,9.64505,0.00640312
4.96355,9.56807,0.00768115
4.97344,9.56807,0.00768115
4.98352,9.57314,0.00748331
4.99411,9.57314,0.00748331
5.0034,9.73603,0.00678233
5.01345,9.73603,0.00678233
5.02345,9.58802,0.00768115
5.03342,9.58802,0.00768115
5.04348,9.59702,0.00640312
5.05346,9.59702,0.00640312
5.06347,9.59702,0.00640312
5.07397,9.59702,0.00640312
5.08351,9.67909,0.00768115
5.09345,9.67909,0.00768115
5.10357,9.65506,0.00787401
5.11343,9.65506,0.00787401
5.12342,9.65506,0.00787401
5.13347,9.65506,0.00787401
5.14363,9.65016,0.00734847
5.15343,9.65016,0.00734847
5.16375,9.731,0.00640312
5.17341,9.731,0.00640312
5.18352,9.64017,0.00616441
5.19354,9.64017,0.00616441
5.20341,9.64017,0.00616441
5.21345,9.64017,0.00616441
5.22348,9.674,0.00640312
5.23342,9.674,0.00640312
5.24341,9.68309,0.007
5.25354,9.68309,0.007
5.26351,9.57814,0.00768115
5.27344,9.57814,0.00768115
5.28368,9.61609,0.00640312
5.29344,9.61609,0.00640312
5.30356,9.69307,0.00640312
5.31359,9.69307,0.00640312
5.32342,9.70302,0.00754983
5.33373,9.70302,0.00754983
5.34339,9.59704,0.00768115
5.35345,9.59704,0.00768115
5.3635,9.59707,0.00754983
5.37345,9.59707,0.00754983
5.38349,9.64511,0.00547723
5.39346,9.64511,0.00547723
5.40348,9.60716,0.00616441
5.41344,9.60716,0.00616441
5.42356,9.60716,0.00616441
5.43347,9.60716,0.00616441
5.44337,9.66412,0.00640312
5.45343,9.66412,0.00640312
5.46341,9.7222,0.00754983
5.47357,9.7222,0.00754983
5.48342,9.7222,0.00754983
5.49345,9.7222,0.00754983
5.50344,9.58306,0.00768115
5.5135,9.58306,0.00768115
5.52348,9.66912,0.00754983
5.53341,9.66912,0.00754983
5.54342,9.69306,0.00678233
5.55365,9.69306,0.00678233
5.5635,9.69306,0.00678233
5.57359,9.69306,0.00678233
5.58344,9.59212,0.00678233
5.59347,9.59212,0.00678233
5.60349,9.65015,0.00768115
5.61349,9.65015,0.00768115
5.62357,9.74136,0.00678233
5.63355,9.74136,0.00678233
5.64347,9.59704,0.00787401
5.65347,9.59704,0.00787401
5.66344,9.66412,0.00754983
5.67342,9.66412,0.00754983
5.68348,9.71707,0.00748331
5.69365,9.71707,0.00748331
5.70364,9.67408,0.00768115
5.71377,9.67408,0.00768115
5.72358,9.53003,0.00768115
5.73344,9.53003,0.00768115
5.74343,9.60714,0.00734847
5.75368,9.60714,0.00734847
5.76345,9.64506,0.00860233
5.7734,9.64506,0.00860233
5.78342,9.64506,0.00860233
5.79344,9.64506,0.00860233
5.80347,9.60736,0.00640312
5.81351,9.60736,0.00640312
5.82355,9.712,0.00830662
5.83347,9.712,0.00830662
5.84343,9.712,0.00830662
5.85343,9.712,0.00830662
5.86344,9.58303,0.00787401
5.87342,9.58303,0.00787401
5.88349,9.62102,0.00768115
5.89369,9.62102,0.00768115
5.90344,9.67919,0.00787401
5.91344,9.67919,0.00787401
5.9235,9.67919,0.00787401
5.93366,9.67919,0.00787401
5.94357,9.58809,0.00574456
5.95345,9.58809,0.00574456
5.96359,9.70711,0.00714143
5.97349,9.70711,0.00714143
5.98348,9.72713,0.00734847
5.99369,9.72713,0.00734847
6.00364,9.62614,0.00678233
6.01362,9.62614,0.00678233
6.02365,9.56414,0.00640312
6.03483,9.56414,0.00640312
6.04352,9.63609,0.00678233
6.05368,9.63609,0.00678233
6.06377,9.66914,0.007
6.07368,9.66914,0.007
6.08349,9.63107,0.00768115
6.0937,9.63107,0.00768115
6.10344,9.66916,0.00734847
6.11345,9.66916,0.00734847
6.12344,9.65529,0.00734847
6.13344,9.65529,0.00734847
6.14346,9.65529,0.00734847
6.15377,9.65529,0.00734847
6.16345,9.54012,0.00616441
6.17374,9.54012,0.00616441
6.18345,9.65501,0.00678233
6.19383,9.65501,0.00678233
6.20372,9.65501,0.00678233
6.21366,9.65501,0.00678233
6.22349,9.65901,0.00640312
6.23364,9.65901,0.00640312
6.24352,9.58304,0.00678233
6.2535,9.58304,0.00678233
6.26366,9.6691,0.00734847
6.27366,9.6691,0.00734847
6.28402,9.6691,0.00734847
6.2937,9.6691,0.00734847
6.30358,9.63603,0.00678233
6.31363,9.63603,0.00678233
6.32348,9.65509,0.00616441
6.33348,9.65509,0.00616441
6.34342,9.74602,0.00734847
6.35368,9.74602,0.00734847
6.36366,9.69303,0.00678233
6.37377,9.69303,0.00678233
6.38353,9.62602,0.00768115
6.39377,9.62602,0.00768115
6.40383,9.65913,0.00734847
6.41358,9.65913,0.00734847
6.42355,9.67903,0.00640312
6.43463,9.67903,0.00640312
6.44347,9.65018,0.00640312
6.45348,9.65018,0.00640312
6.46349,9.54001,0.00640312
6.4739,9.54001,0.00640312
6.48375,9.64504,0.00616441
6.4937,9.64504,0.00616441
6.50352,9.64504,0.00616441
6.51367,9.64504,0.00616441
6.52367,9.58801,0.00640312
6.53345,9.58801,0.00640312
6.54347,9.62609,0.00734847
6.55349,9.62609,0.00734847
6.56346,9.62609,0.00734847
6.57346,9.62609,0.00734847
6.58387,9.73617,0.00734847
6.59351,9.73617,0.00734847
6.60349,9.56419,0.00678233
6.61357,9.56419,0.00678233
6.62349,9.59207,0.00678233
6.63348,9.59207,0.00678233
6.64427,9.59207,0.00678233
6.65375,9.59207,0.00678233
6.66345,9.69316,0.00678233
6.67349,9.69316,0.00678233
6.68348,9.626,0.00678233
6.6935,9.626,0.00678233
6.70394,9.69811,0.00678233
6.71376,9.69811,0.00678233
6.72344,9.70304,0.00734847
6.73375,9.70304,0.00734847
6.74364,9.66905,0.00787401
6.75378,9.66905,0.00787401
6.76378,9.57809,0.00714143
6.77373,9.57809,0.00714143
6.78418,9.65914,0.00768115
6.79348,9.65914,0.00768115
6.80346,9.75013,0.00678233
6.81345,9.75013,0.00678233
6.82346,9.64003,0.00734847
6.83349,9.64003,0.00734847
6.84358,9.62107,0.00616441
6.85346,9.62107,0.00616441
6.86353,9.62107,0.00616441
6.87347,9.62107,0.00616441
6.8835,9.75002,0.00830662
6.89346,9.75002,0.00830662
6.90386,9.59215,0.00734847
6.91351,9.59215,0.00734847
6.92369,9.59215,0.00734847
6.93407,9.59215,0.00734847
6.94344,9.77012,0.007
6.95357,9.77012,0.007
6.96346,9.67404,0.00768115
6.9735,9.67404,0.00768115
6.98347,9.5491,0.00678233
6.99346,9.5491,0.00678233
7.0034,9.5491,0.00678233
7.01345,9.5491,0.00678233
7.0235,9.73602,0.00754983
7.03345,9.73602,0.00754983
7.04347,9.583,0.00734847
7.05378,9.583,0.00734847
7.06342,9.61603,0.00768115
7.07345,9.61603,0.00768115
7.08345,9.6982,0.00640312
7.09365,9.6982,0.00640312
7.10343,9.66407,0.00734847
7.11347,9.66407,0.00734847
7.12348,9.58301,0.00860233
7.13346,9.58301,0.00860233
7.14345,9.64024,0.00728011
7.15374,9.64024,0.00728011
7.16348,9.67909,0.00768115
7.17365,9.67909,0.00768115
7.18363,9.63102,0.007
7.19349,9.63102,0.007
7.2035,9.5731,0.00812404
7.21348,9.5731,0.00812404
7.2235,9.5731,0.00812404
7.23346,9.5731,0.00812404
7.24371,9.71205,0.00640312
7.25348,9.71205,0.00640312
7.26344,9.58316,0.00678233
7.27352,9.58316,0.00678233
7.28359,9.58316,0.00678233
7.29405,9.58316,0.00678233
7.30344,9.65901,0.00663325
7.31349,9.65901,0.00663325
7.3236,9.69306,0.00734847
7.3335,9.69306,0.00734847
7.34347,9.588,0.00768115
7.3535,9.588,0.00768115
7.36419,9.588,0.00768115
7.37345,9.588,0.00768115
7.38346,9.70716,0.00754983
7.39346,9.70716,0.00754983
7.40343,9.62605,0.00678233
7.41345,9.62605,0.00678233
7.42361,9.53009,0.00734847
7.4336,9.53009,0.00734847
7.44359,9.65007,0.00640312
7.45345,9.65007,0.00640312
7.46345,9.74101,0.00640312
7.47345,9.74101,0.00640312
7.48365,9.5781,0.00640312
7.49388,9.5781,0.00640312
7.50393,9.54908,0.00768115
7.51406,9.54908,0.00768115
7.52596,9.66902,0.00787401
7.53544,9.66902,0.00787401
7.54383,9.7031,0.00640312
7.55389,9.7031,0.00640312
7.56389,9.58312,0.00768115
7.57627,9.58312,0.00768115
7.58658,9.58312,0.00768115
7.59465,9.58312,0.00768115
7.60544,9.74621,0.00714143
7.61387,9.74621,0.00714143
7.62421,9.72203,0.00734847
7.63354,9.72203,0.00734847
7.64409,9.57808,0.00860233
7.6536,9.57808,0.00860233
7.66499,9.6311,0.00768115
7.67496,9.6311,0.00768115
7.6861,9.7172,0.00768115
7.69645,9.7172,0.00768115
7.70393,9.61607,0.00734847
7.71451,9.61607,0.00734847
7.72726,9.61607,0.00734847
7.73427,9.61607,0.00734847
7.74517,9.63604,0.00616441
7.75537,9.63604,0.00616441
7.76726,9.63604,0.00616441
7.77482,9.63603,0.00787401
7.78605,9.63603,0.00787401
7.79628,9.63603,0.00787401
7.81179,9.60206,0.00768115
7.82538,9.60206,0.00768115
7.82737,9.71207,0.00640312
7.83664,9.71207,0.00640312
7.84573,9.69319,0.00678233
7.85559,9.69319,0.00678233
7.86427,9.67402,0.00734847
7.87766,9.62103,0.00734847
7.88617,9.62103,0.00734847
7.90541,9.62103,0.00734847
7.91504,9.68801,0.00734847
7.91966,9.68801,0.00734847
7.93313,9.64503,0.00768115
7.9353,9.64503,0.00768115
7.94442,9.64503,0.00768115
7.95988,9.64503,0.00768115
7.96737,9.56401,0.00734847
7.98129,9.56401,0.00734847
7.98423,9.66904,0.00768115
7.99909,9.66904,0.00768115
8.00815,9.65914,0.00678233
8.01506,9.65914,0.00678233
8.02472,9.58802,0.00734847
8.03422,9.58802,0.00734847
8.04626,9.63108,0.00734847
8.05475,9.63108,0.00734847
8.0638,9.69812,0.00640312
8.07393,9.69812,0.00640312
8.08609,9.69812,0.00640312
8.09801,9.69812,0.00640312
8.10438,9.61602,0.00640312
8.11428,9.61602,0.00640312
8.12412,9.61602,0.00640312
8.13375,9.61602,0.00640312
8.14612,5.16329,0.266432
8.15402,5.16329,0.266432
8.16386,13.9658,0.100245
8.17981,13.9658,0.100245
8.18494,13.9658,0.100245
8.19402,13.9658,0.100245
8.20483,20.7286,0.0895154
8.2182,20.7286,0.0895154
8.2249,7.45119,0.0848587
8.23566,7.45119,0.0848587
8.24953,10.7476,0.204834
8.25927,10.7476,0.204834
8.26416,11.2485,0.161419
8.27644,11.2485,0.161419
8.28777,7.63981,0.0412916
8.2943,7.63981,0.0412916
8.30644,6.82328,0.216104
8.3148,6.82328,0.216104
8.32507,11.2033,0.152174
8.33645,11.2033,0.152174
8.34677,10.3787,0.162988
8.35489,10.3787,0.162988
8.36408,10.3787,0.162988
8.37365,10.3787,0.162988
8.38403,9.78805,0.0930914
8.39368,9.78805,0.0930914
8.40518,8.9806,0.050309
8.4151,8.9806,0.050309
8.42507,8.95582,0.0154272
8.43516,8.95582,0.0154272
8.44993,9.88828,0.0543507
8.45578,9.88828,0.0543507
8.46363,9.88828,0.0543507
8.47664,9.88828,0.0543507
8.48376,7.56512,0.0410609
8.49537,7.56512,0.0410609
8.50477,9.09931,0.0383406
8.51518,9.09931,0.0383406
8.52596,9.30975,0.133349
8.5337,9.30975,0.133349
8.54808,10.86,0.0586345
8.55636,10.86,0.0586345
8.56525,9.38878,0.148503
8.57521,9.38878,0.148503
8.58465,11.6931,0.101642
8.59495,11.6931,0.101642
8.60381,11.6931,0.101642
8.61472,11.6931,0.101642
8.62709,9.29657,0.106574
8.63473,9.29657,0.106574
8.6443,9.21743,0.129715
8.6554,9.21743,0.129715
8.66437,9.19644,0.0602163
8.67612,9.19644,0.0602163
8.68474,8.35241,0.044699
8.69772,8.35241,0.044699
8.70351,15.7695,0.119524
8.71716,15.7695,0.119524
8.72479,9.84246,0.127267
8.73603,9.84246,0.127267
8.74813,7.4717,0.0417732
8.75363,7.4717,0.0417732
8.76469,7.4717,0.0417732
8.77546,7.4717,0.0417732
8.78616,13.0508,0.0741957
8.79735,13.0508,0.0741957
8.80728,14.8878,0.0592115
8.81553,14.8878,0.0592115
8.82433,14.8878,0.0592115
8.83575,9.94911,0.0908185
8.84369,9.94911,0.0908185
8.85512,7.45712,0.0453211
8.86361,10.8273,0.172377
8.87396,10.8273,0.172377
8.88404,6.92826,0.200407
8.89472,6.92826,0.200407
8.90495,7.41673,0.182069
8.91678,7.41673,0.182069
8.92537,7.41673,0.182069
8.93706,7.41673,0.182069
8.95049,8.17216,0.0630397
8.95422,8.17216,0.0630397
8.96485,10.4973,0.102308
8.97379,10.4973,0.102308
8.98471,11.8875,0.0419285
8.99852,11.8875,0.0419285
9.00458,9.37702,0.0822314
9.0153,9.37702,0.0822314
9.02454,7.18639,0.0960989
9.03425,7.18639,0.0960989
9.05529,11.27,0.144931
9.05529,11.27,0.144931
9.06412,10.795,0.112076
9.07518,10.795,0.112076
9.0875,10.795,0.112076
9.09787,10.795,0.112076
9.10707,12.571,0.0434626
9.11484,12.571,0.0434626
9.1236,9.16658,0.0602993
9.13494,9.16658,0.0602993
9.14804,9.95211,0.0708661
9.15437,9.95211,0.0708661
9.16431,9.91617,0.0910714
9.17576,9.91617,0.0910714
9.18532,10.4235,0.108729
9.19408,10.4235,0.108729
9.20426,7.86512,0.0375766
9.21612,7.86512,0.0375766
9.22487,12.6046,0.0211187
9.23689,12.6046,0.0211187
9.24611,12.6046,0.0211187
9.25396,12.6046,0.0211187
9.26731,14.0096,0.0600083
9.27769,14.0096,0.0600083
9.28564,7.78247,0.179405
9.2938,7.78247,0.179405
9.3076,7.78247,0.179405
9.31536,10.8665,0.222663
9.32478,10.8665,0.222663
9.33447,6.27722,0.0502295
9.34504,7.6375,0.13808
9.35471,7.6375,0.13808
9.36616,8.57854,0.146523
9.37842,8.57854,0.146523
9.38812,10.9715,0.065582
9.39444,10.9715,0.065582
9.40417,10.9715,0.065582
9.41806,10.9715,0.065582
9.4272,9.54462,0.032311
9.44235,9.27833,0.0476865
9.44644,9.27833,0.0476865
9.45541,9.27833,0.0476865
9.46509,3.61429,0.0551181
9.4766,3.61429,0.0551181
9.48872,11.0038,0.149817
9.49771,7.34235,0.0227376
9.50361,7.34235,0.0227376
9.51527,7.34235,0.0227376
9.52542,11.1792,0.0608851
9.53941,11.1792,0.0608851
9.54585,12.5812,0.0411218
9.55645,12.5812,0.0411218
9.56438,12.5812,0.0411218
9.57812,12.5812,0.0411218
9.58448,10.0597,0.0622495
9.59743,10.0597,0.0622495
9.60674,8.41638,0.0376962
9.61463,8.41638,0.0376962
9.62406,9.32241,0.0443959
9.63616,9.32241,0.0443959
9.64609,8.91683,0.0671789
9.65381,8.91683,0.0671789
9.66474,10.6337,0.0251794
9.67675,10.3948,0.0213776
9.68399,10.3948,0.0213776
9.69468,10.3948,0.0213776
9.70783,9.72073,0.0414729
9.7152,9.72073,0.0414729
9.72413,9.72073,0.0414729
9.73463,9.72073,0.0414729
9.74516,9.63419,0.0712039
9.75505,9.63419,0.0712039
9.7654,10.1227,0.0902607
9.77469,10.1227,0.0902607
9.7837,13.6601,0.00632456
9.7952,13.6601,0.00632456
9.80797,11.1496,0.108908
9.81448,11.1496,0.108908
9.82448,10.1951,0.0450555
9.83398,10.1951,0.0450555
9.84797,5.72574,0.229824
9.8575,5.72574,0.229824
9.86767,8.4646,0.0565243
9.87504,8.4646,0.0565243
9.88535,8.4646,0.0565243
9.90051,8.4646,0.0565243
9.90601,10.2601,0.0761643
9.91617,10.2601,0.0761643
9.92369,12.2827,0.124571
9.93588,12.2827,0.124571
9.94447,10.5531,0.142302
9.95711,10.5531,0.142302
9.96606,9.63072,0.101435
9.97494,9.63072,0.101435
9.98456,9.82472,0.0929839
10.0012,9.82472,0.0929839
10.0045,7.19966,0.12638
10.0142,7.19966,0.12638
10.0246,7.19966,0.12638
10.0345,7.19966,0.12638
10.044,9.2297,0.0447884
10.0542,9.2297,0.0447884
10.0651,9.95433,0.0727599
10.0748,9.95433,0.0727599
10.0841,10.5746,0.125889
10.1008,10.5746,0.125889
10.1051,10.5746,0.125889
10.1213,8.42711,0.0563028
10.1267,8.42711,0.0563028
10.134,10.0832,0.184949
10.1436,10.0832,0.184949
10.1569,8.60492,0.0353695
10.167,8.60492,0.0353695
10.1745,8.51313,0.244743
10.1838,8.51313,0.244743
10.1939,8.51313,0.244743
10.2086,8.51313,0.244743
10.2162,7.89577,0.284916
10.23,7.89577,0.284916
10.2338,11.5708,0.154719
10.2456,11.3856,0.0245967
10.2569,11.3856,0.0245967
10.2681,11.3856,0.0245967
10.2739,11.3856,0.0245967
10.2849,8.84668,0.192276
10.2959,8.84668,0.192276
10.3047,4.79019,0.51071
10.3168,4.79019,0.51071
10.3239,11.4427,0.318146
10.3384,11.4427,0.318146
10.3471,8.9531,0.137572
10.3538,8.9531,0.137572
10.3651,5.72398,0.0775177
10.3749,5.72398,0.0775177
10.3853,9.81377,0.122348
10.3968,9.81377,0.122348
10.4037,9.81377,0.122348
10.4138,9.81377,0.122348
10.4257,9.6705,0.130311
10.4338,9.6705,0.130311
10.4476,9.64069,0.0522398
10.4547,9.64069,0.0522398
10.4652,8.40536,0.12642
10.4759,8.40536,0.12642
10.4851,10.0987,0.18422
10.4948,10.0987,0.18422
10.5044,9.43844,0.238671
10.5171,9.43844,0.238671
10.5267,9.43844,0.238671
10.5342,9.43844,0.238671
10.5453,8.80767,0.171146
10.5541,8.80767,0.171146
10.5655,12.0713,0.0408044
10.5753,12.0713,0.0408044
10.5842,10.099,0.0196214
10.597,10.099,0.0196214
10.6045,17.3829,0.360064
10.615,17.3829,0.360064
10.6238,14.5201,0.273282
10.6342,14.5201,0.273282
10.6445,13.9752,0.264413
10.6564,13.9752,0.264413
10.6643,8.99591,0.117826
10.6737,8.99591,0.117826
10.6848,12.543,0.114569
10.6959,12.543,0.114569
10.7036,10.2217,0.110431
10.716,8.76993,0.0363456
10.7249,8.76993,0.0363456
10.7348,8.76993,0.0363456
10.7452,8.76993,0.0363456
10.7552,8.76993,0.0363456
10.7675,8.98215,0.116142
10.7748,8.98215,0.116142
10.7858,9.86165,0.0704344
10.7943,9.86165,0.0704344
10.8059,11.2475,0.0524881
10.8176,11.2475,0.0524881
10.827,7.51681,0.12274
10.8354,7.51681,0.12274
10.8449,8.55005,0.106644
10.867,8.55005,0.106644
10.8761,8.55005,0.106644
10.884,10.4471,0.0634429
10.8973,10.4471,0.0634429
10.9047,11.1448,0.081939
10.922,11.1448,0.081939
10.9265,13.01,0.104657
10.941,13.01,0.104657
10.9452,11.5181,0.0725121
10.955,11.5181,0.0725121
10.9654,14.0403,0.108167
10.9755,14.0403,0.108167
10.9854,6.82381,0.208876
11,6.82381,0.208876
11.0049,10.0883,0.182508
11.0181,10.0883,0.182508
11.0261,10.4523,0.012083
11.0337,10.4523,0.012083
11.0455,10.2681,0.0366333
11.0538,10.2681,0.0366333
11.065,5.68479,0.120723
11.076,5.68479,0.120723
11.087,12.844,0.12931
11.095,12.844,0.12931
11.1102,12.844,0.12931
11.1149,12.844,0.12931
11.1256,5.14774,0.146414
11.1343,5.14774,0.146414
11.1456,6.51079,0.359419
11.1541,6.51079,0.359419
11.1704,9.59135,0.175
11.174,9.59135,0.175
11.1843,13.5992,0.134078
11.198,13.5992,0.134078
11.2053,9.74315,0.0911098
11.214,9.74315,0.0911098
11.224,10.4613,0.100703
11.234,10.4613,0.100703
11.2482,9.02395,0.128674
11.2543,9.02395,0.128674
11.2638,9.02395,0.128674
11.2767,9.02395,0.128674
11.2848,8.67746,0.287435
11.298,8.67746,0.287435
11.3101,9.34187,0.109366
11.3218,9.34187,0.109366
11.335,8.57759,0.0890562
11.3439,10.9592,0.0283549
11.3568,10.9592,0.0283549
11.3703,9.04045,0.0964832
11.3838,10.7685,0.171785
11.3843,10.7685,0.171785
11.3942,10.7685,0.171785
11.4055,8.50412,0.0564358
11.4164,8.50412,0.0564358
11.4237,7.53659,0.0405463
11.4343,7.53659,0.0405463
11.4458,7.53659,0.0405463
11.4544,7.53659,0.0405463
11.464,9.46916,0.12746
11.4772,9.46916,0.12746
11.4901,14.4064,0.301332
11.4964,14.4064,0.301332
11.5054,13.4864,0.363639
11.5161,13.4864,0.363639
11.5246,10.5334,0.200534
11.5354,10.5334,0.200534
11.5454,6.72114,0.0488876
11.5605,6.72114,0.0488876
11.5706,14.6803,0.166655
11.5744,14.6803,0.166655
11.5862,5.98664,0.120021
11.6014,5.98664,0.120021
11.6041,11.8497,0.198043
11.6171,11.8497,0.198043
11.6251,12.1713,0.0804736
11.6346,12.1713,0.0804736
11.6446,9.76883,0.059279
11.6575,9.76883,0.059279
11.664,9.2427,0.0326956
11.6822,9.2427,0.0326956
11.6868,10.0027,0.104408
11.6965,10.0027,0.104408
11.7063,9.18433,0.160742
11.715,9.18433,0.160742
11.7306,9.67547,0.155901
11.7342,9.67547,0.155901
11.7452,10.6813,0.0852467
11.757,10.6813,0.0852467
11.7637,8.47125,0.0918967
11.7739,8.47125,0.0918967
11.7843,10.2949,0.217016
11.7956,10.2949,0.217016
11.804,11.1638,0.224617
11.816,11.1638,0.224617
11.8243,11.1638,0.224617
11.8339,6.13939,0.0836301
11.844,6.13939,0.0836301
11.857,6.13939,0.0836301
11.8658,6.87912,0.173012
11.8752,6.87912,0.173012
11.8843,13.8521,0.117171
11.8974,13.8521,0.117171
11.9038,8.57217,0.0339706
11.915,8.57217,0.0339706
11.926,10.247,0.100215
11.9366,10.247,0.100215
11.9453,10.9924,0.108568
11.9556,9.80225,0.104971
11.9653,9.80225,0.104971
11.979,9.80225,0.104971
11.9846,9.80225,0.104971
11.9953,10.0588,0.114952
12.0063,8.27162,0.10883
12.0161,8.27162,0.10883
12.0314,10.1076,0.152168
12.0342,10.1076,0.152168
12.0453,10.1076,0.152168
12.054,10.1076,0.152168
12.065,9.15951,0.126436
12.0764,9.15951,0.126436
12.0845,5.76926,0.389772
12.0972,5.76926,0.389772
12.104,9.26111,0.323002
12.1137,9.26111,0.323002
12.1265,14.3402,0.306237
12.1359,14.3402,0.306237
12.1442,12.8696,0.111176
12.1552,12.8696,0.111176
12.1666,12.8696,0.111176
12.1806,12.8696,0.111176
12.1841,9.16164,0.0587367
12.1949,9.16164,0.0587367
12.205,10.2948,0.128658
12.2176,10.2948,0.128658
12.2263,10.0105,0.152801
12.2353,10.0105,0.152801
12.2454,12.2948,0.109206
12.2562,12.2948,0.109206
12.2675,7.39316,0.111683
12.2747,7.39316,0.111683
12.2904,10.9077,0.0751133
12.2975,10.9077,0.0751133
12.3057,9.98001,0.0932845
12.3168,9.98001,0.0932845
12.325,10.099,0.0325883
12.3376,10.099,0.0325883
12.3475,10.099,0.0325883
12.3541,10.099,0.0325883
12.3654,10.4595,0.0845104
12.3745,10.4595,0.0845104
12.3845,12.8182,0.160091
12.3949,12.8182,0.160091
12.405,6.53271,0.176085
12.4249,9.42721,0.166114
12.4349,9.42721,0.166114
12.4351,9.42721,0.166114
12.4441,11.4638,0.0991211
12.4549,11.4638,0.0991211
12.4656,6.74156,0.153147
12.4762,6.74156,0.153147
12.4844,13.0534,0.191034
12.4948,11.3293,0.0201246
12.505,11.3293,0.0201246
12.5157,11.3293,0.0201246
12.5253,9.48294,0.0277489
12.5342,9.48294,0.0277489
12.5478,10.4748,0.0818413
12.5618,10.4748,0.0818413
12.5698,10.4748,0.0818413
12.5782,10.4748,0.0818413
12.5864,8.79275,0.137619
12.5982,8.79275,0.137619
12.6055,9.7171,0.0959687
12.6261,9.7171,0.0959687
12.6293,10.5684,0.165257
12.6375,7.91986,0.0645678
12.651,7.91986,0.0645678
12.6608,7.91986,0.0645678
12.6637,6.81286,0.0643739
12.6771,6.81286,0.0643739
12.686,10.7905,0.165967
12.698,10.7905,0.165967
12.7068,8.70212,0.229212
12.7171,8.70212,0.229212
12.7297,8.70212,0.229212
12.74,8.70212,0.229212
12.7532,10.1382,0.179449
12.7572,6.9725,0.0645136
12.7694,6.9725,0.0645136
12.7788,6.9725,0.0645136
12.7863,9.85367,0.163887
12.7978,9.85367,0.163887
12.8114,11.2916,0.0736274
12.8347,8.71375,0.0832226
12.837,8.71375,0.0832226
12.8506,8.71375,0.0832226
12.8583,8.71375,0.0832226
12.8708,6.53335,0.32649
12.8761,6.53335,0.32649
12.8868,6.53335,0.32649
12.9026,6.53335,0.32649
12.9062,12.7491,0.19382
12.9135,12.7491,0.19382
12.9261,9.27849,0.0981275
12.9352,9.27849,0.0981275
12.9456,8.10317,0.0141774
12.9603,8.10317,0.0141774
12.971,9.07092,0.106038
12.9827,9.07092,0.106038
12.9843,11.26,0.296791
13.002,11.26,0.296791
13.0211,9.46396,0.150818
13.0223,9.46396,0.150818
13.026,9.46396,0.150818
13.0344,9.46396,0.150818
13.0467,10.0584,0.224822
13.0561,10.0584,0.224822
13.0652,12.5192,0.329741
13.0765,12.5192,0.329741
13.0904,9.7966,0.0998899
13.0959,9.7966,0.0998899
13.1046,14.3397,0.317246
13.1144,14.3397,0.317246
13.1261,10.9968,0.255004
13.1352,10.9968,0.255004
13.145,10.9968,0.255004
13.1543,10.9968,0.255004
13.166,9.11485,0.0437493
13.1751,9.11485,0.0437493
13.1838,11.3603,0.0306757
13.1949,11.3603,0.0306757
13.2114,6.52268,0.221463
13.227,9.07399,0.437
13.2401,8.17,0.271273
13.2461,8.17,0.271273
13.2652,8.33704,0.0541202
13.2673,8.33704,0.0541202
13.2744,8.33704,0.0541202
13.2845,9.15719,0.0711407
13.2938,9.15719,0.0711407
13.3045,10.3098,0.457586
13.3163,8.97547,0.556468
13.3238,8.97547,0.556468
13.3344,8.97547,0.556468
13.3439,9.87822,0.283357
13.3551,9.87822,0.283357
13.3635,9.87822,0.283357
13.3751,9.87822,0.283357
13.3943,10.7905,0.0618789
13.4004,10.7905,0.0618789
13.4144,9.26248,0.354799
13.4241,9.26248,0.354799
13.4356,13.8278,0.265302
13.4358,13.8278,0.265302
13.445,7.81466,0.055254
13.4584,7.81466,0.055254
13.4647,7.44578,0.170297
13.4746,7.44578,0.170297
13.4847,9.15088,0.201735
13.499,9.15088,0.201735
13.5049,10.1352,0.0717217
13.5201,10.0626,0.156336
13.529,10.0626,0.156336
13.5358,10.4303,0.210193
13.5444,10.4303,0.210193
13.5564,7.47072,0.561444
13.5645,7.47072,0.561444
13.5761,15.2377,0.535284
13.5876,15.2377,0.535284
13.5935,15.2377,0.535284
13.6119,10.1892,0.255693
13.6346,8.06746,0.0574978
13.644,9.14364,0.0425911
13.6587,9.14364,0.0425911
13.6648,9.14364,0.0425911
13.6755,9.14364,0.0425911
13.6874,11.1734,0.289106
13.6985,11.1734,0.289106
13.7053,10.707,0.17057
13.7165,10.707,0.17057
13.7277,11.0295,0.151361
13.7339,11.0295,0.151361
13.745,7.05652,0.295576
13.7647,9.21155,0.151192
13.7648,9.21155,0.151192
13.7824,9.21155,0.151192
13.7929,9.21155,0.151192
13.7955,9.21155,0.151192
13.8063,5.8758,0.587208
13.8184,5.8758,0.587208
13.8316,9.90634,0.426864
13.8388,9.90634,0.426864
13.8473,10.5773,0.0217486
13.8561,10.5773,0.0217486
13.8637,12.8563,0.320031
13.8748,12.8563,0.320031
13.8911,9.41288,0.212419
13.8951,9.41288,0.212419
13.9049,8.19414,0.261851
13.9155,7.93408,0.0983158
13.927,7.93408,0.0983158
13.9343,7.93408,0.0983158
13.953,11.7923,0.465242
13.9641,11.3575,0.248276
13.9675,11.3575,0.248276
13.9773,11.3575,0.248276
13.9838,6.43282,0.322163
13.9944,6.43282,0.322163
14.0063,6.43282,0.322163
14.0149,9.9261,0.045288
14.035,9.9261,0.045288
14.0351,9.9261,0.045288
14.0458,10.0498,0.0192614
14.0548,10.0498,0.0192614
14.0643,12.7246,0.0600916
14.0752,12.7246,0.0600916
14.088,10.8171,0.238948
14.0947,10.8171,0.238948
14.1043,8.33006,0.397666
14.1144,8.33006,0.397666
14.1242,9.09048,0.16054
14.1367,8.50598,0.0831565
14.1444,8.50598,0.0831565
14.1548,8.50598,0.0831565
14.1636,7.59571,0.16281
14.1758,7.59571,0.16281
14.1855,9.52672,0.473087
14.1964,9.52672,0.473087
14.2078,7.96245,0.522569
14.2163,7.96245,0.522569
14.225,4.14769,0.585778
14.2396,4.14769,0.585778
14.2457,10.4432,0.415338
14.2538,10.4432,0.415338
14.2639,9.97535,0.341428
14.2758,9.97535,0.341428
14.2837,8.28304,0.0859302
14.3034,8.28304,0.0859302
14.3058,3.69045,0.120121
14.3158,3.69045,0.120121
14.3261,3.69045,0.120121
14.3351,3.69045,0.120121
14.3441,17.2912,0.125611
14.3557,17.2912,0.125611
14.3644,11.196,0.459524
14.376,8.69889,0.405706
14.3854,8.69889,0.405706
14.3971,8.69889,0.405706
14.4048,10.0642,0.0887074
14.4158,10.0642,0.0887074
14.4269,7.71164,0.133825
14.4346,7.71164,0.133825
14.4502,12.0187,0.13175
14.4548,12.0187,0.13175
14.469,8.19358,0.0763806
14.4757,8.19358,0.0763806
14.4869,12.2587,0.250841
14.4942,12.2587,0.250841
14.5036,10.9803,0.13604
14.5157,10.9803,0.13604
14.5243,12.0356,0.112645
14.534,12.0356,0.112645
14.546,9.50602,0.343507
14.5538,9.50602,0.343507
14.5637,8.41722,0.480555
14.5739,10.1822,0.474177
14.584,10.1822,0.474177
14.5951,10.1822,0.474177
14.6098,6.95765,0.118296
14.6142,6.95765,0.118296
14.6238,6.95765,0.118296
14.6366,6.95765,0.118296
14.6504,10.2574,0.125304
14.6566,10.2574,0.125304
14.6675,10.2574,0.125304
14.6826,9.17824,0.310081
14.6852,9.17824,0.310081
14.7016,12.2889,0.274264
14.7145,12.2889,0.274264
14.7216,9.50584,0.268585
14.7307,9.50584,0.268585
14.7382,9.25684,0.0794103
14.7455,9.25684,0.0794103
14.7553,9.25684,0.0794103
14.7662,7.7665,0.330657
14.7748,7.7665,0.330657
14.7838,7.67641,0.0362767
14.7941,7.67641,0.0362767
14.8042,9.92374,0.178267
14.8159,10.2846,0.105019
14.8239,10.2846,0.105019
14.8337,10.2846,0.105019
14.844,12.7842,0.203477
14.8555,12.7842,0.203477
14.8662,10.2063,0.0416653
14.8742,10.2063,0.0416653
14.8846,9.13497,0.12313
14.8939,9.13497,0.12313
14.9054,9.13497,0.12313
14.915,9.37125,0.135923
14.9234,9.37125,0.135923
14.9336,9.37125,0.135923
14.9448,8.37623,0.0824621
14.955,8.37623,0.0824621
14.9653,9.92771,0.297684
14.9734,9.92771,0.297684
14.9836,8.79774,0.372372
14.9939,8.79774,0.372372
15.0088,11.6568,0.42323
15.0156,11.6568,0.42323
15.0235,8.62876,0.450383
15.0338,8.62876,0.450383
15.0436,6.88845,0.465698
15.0555,6.88845,0.465698
15.0675,10.0934,0.204517
15.0734,10.0934,0.204517
15.084,9.56069,0.0239374
15.0936,9.56069,0.0239374
15.106,9.88254,0.12672
15.1157,9.88254,0.12672
15.1235,10.4929,0.0797183
15.1335,10.4929,0.0797183
15.1436,9.72096,0.0546809
15.1574,9.72096,0.0546809
15.1634,8.51633,0.0679191
15.175,8.51633,0.0679191
15.1836,8.51633,0.0679191
15.1942,5.73402,0.205597
15.2046,5.73402,0.205597
15.2152,5.73402,0.205597
15.2234,5.73402,0.205597
15.2336,8.45536,0.272885
15.2436,16.019,0.382693
15.2559,16.019,0.382693
15.2636,8.95578,0.471964
15.2737,8.95578,0.471964
15.2846,8.84527,0.232959
15.2953,8.84527,0.232959
15.3044,6.79372,0.231864
15.3136,6.79372,0.231864
15.3237,11.1352,0.188722
15.3335,11.1352,0.188722
15.3439,9.3354,0.0819451
15.3562,9.3354,0.0819451
15.3636,6.33262,0.152135
15.3746,6.33262,0.152135
15.3838,10.383,0.101247
15.3946,10.383,0.101247
15.4047,9.1984,0.0552992
15.4143,9.1984,0.0552992
15.4235,9.1599,0.0945992
15.4341,9.1599,0.0945992
15.4438,9.3434,0.209907
15.4544,9.3434,0.209907
15.4638,9.3434,0.209907
15.4807,9.3434,0.209907
15.4881,9.29358,0.193644
15.4977,8.01036,0.0537122
15.5047,8.01036,0.0537122
15.5148,8.01036,0.0537122
15.5239,8.40539,0.378292
15.5347,8.40539,0.378292
15.5451,7.4986,0.677316
15.5539,7.4986,0.677316
15.5656,10.8793,0.677128
15.5748,10.8793,0.677128
15.5863,8.66696,0.383711
15.5994,8.66696,0.383711
15.6053,6.90638,0.176241
15.6145,6.90638,0.176241
15.6305,10.0307,0.0849117
15.6378,10.0307,0.0849117
15.6459,9.86632,0.170977
15.654,9.86632,0.170977
15.6661,11.2351,0.313544
15.6775,11.2351,0.313544
15.6837,10.601,0.099945
15.6976,10.601,0.099945
15.705,8.91245,0.145585
15.7159,8.91245,0.145585
15.7283,9.09453,0.0512445
15.738,9.09453,0.0512445
15.7436,10.3928,0.0177482
15.7562,10.3928,0.0177482
15.7643,9.16907,0.0234307
15.7827,9.16907,0.0234307
15.7841,9.16907,0.0234307
15.7939,9.16907,0.0234307
15.8041,9.59386,0.0110454
15.8162,9.59386,0.0110454
15.8256,9.6215,0.0123288
15.835,9.6215,0.0123288
15.8437,9.42044,0.00458258
15.8539,9.42044,0.00458258
15.8649,9.81756,0.00860233
15.8745,9.81756,0.00860233
15.8838,9.55942,0.0067082
15.8938,9.55942,0.0067082
15.9056,9.81349,0.00678233
15.917,9.81349,0.00678233
15.9239,9.50142,0.00728011
15.9382,4.62754,0.211057
15.9462,4.62754,0.211057
15.9538,4.62754,0.211057
15.9696,4.62754,0.211057
15.9751,4.62754,0.211057
15.9842,14.8245,0.111633
15.9943,14.8245,0.111633
16.0037,11.1529,0.251462
16.0139,11.1529,0.251462
16.0248,6.38929,0.142482
16.035,6.38929,0.142482
16.0447,7.16461,0.097432
16.0539,7.16461,0.097432
16.0647,7.65656,0.0553624
16.0779,9.94939,0.0775822
16.0839,9.94939,0.0775822
16.0936,9.94939,0.0775822
16.1038,9.09009,0.0540833
16.1148,9.09009,0.0540833
16.1267,9.09009,0.0540833
16.1344,9.09009,0.0540833
16.1435,8.909,0.313626
16.1545,8.909,0.313626
16.1639,8.32453,0.391603
16.1749,8.32453,0.391603
16.1839,8.32453,0.391603
16.1949,8.32453,0.391603
16.2056,15.8904,0.612736
16.2167,12.7579,0.467946
16.2239,12.7579,0.467946
16.2337,12.7579,0.467946
16.2437,9.60682,0.526297
16.2571,11.3692,0.313946
16.266,11.3692,0.313946
16.2765,11.3692,0.313946
16.2872,7.67121,0.0808146
16.2943,7.67121,0.0808146
16.3036,9.6877,0.122552
16.3146,9.6877,0.122552
16.3234,10.3203,0.0990051
16.3365,10.3203,0.0990051
16.344,10.3844,0.0531037
16.3538,10.3844,0.0531037
16.3636,9.40136,0.250046
16.3763,9.40136,0.250046
16.3839,8.62603,0.126143
16.3941,8.62603,0.126143
16.404,12.9463,0.36148
16.4136,12.9463,0.36148
16.4258,11.8469,0.220712
16.4342,11.8469,0.220712
16.4436,7.35414,0.219413
16.4543,7.35414,0.219413
16.4649,15.0211,0.498447
16.4742,15.0211,0.498447
16.485,13.2124,0.197823
16.4938,13.2124,0.197823
16.5042,4.02928,0.204287
16.514,4.02928,0.204287
16.5264,6.24427,0.394512
16.5341,6.24427,0.394512
16.544,12.9175,0.269292
16.554,12.9175,0.269292
16.5656,12.9175,0.269292
16.5739,12.9175,0.269292
16.5851,7.98667,0.0645755
16.5941,7.98667,0.0645755
16.605,9.50017,0.188425
16.6144,9.50017,0.188425
16.6237,11.1237,0.0404228
16.6341,11.1237,0.0404228
16.6442,8.96921,0.178225
16.6544,8.96921,0.178225
16.6642,10.7387,0.12037
16.674,10.7387,0.12037
16.6839,10.7987,0.133847
16.6941,10.7987,0.133847
16.7041,11.3279,0.156799
16.7154,11.3279,0.156799
16.724,10.2505,0.0198494
16.7362,10.2505,0.0198494
16.7537,8.88132,0.0583181
16.7544,8.88132,0.0583181
16.7645,10.9462,0.154422
16.7774,10.9462,0.154422
16.7844,18.4333,0.160116
16.7937,18.4333,0.160116
16.8036,2.92416,0.511521
16.8148,2.92416,0.511521
16.8234,9.29536,0.13932
16.834,9.29536,0.13932
16.8438,11.9211,0.191966
16.8571,11.9211,0.191966
16.8636,10.063,0.334097
16.8761,8.86316,0.481296
16.8848,8.86316,0.481296
16.8937,8.86316,0.481296
16.9037,8.86316,0.481296
16.9147,8.86316,0.481296
16.9276,7.44882,0.235799
16.9364,7.44882,0.235799
16.9504,10.671,0.11664
16.9567,10.671,0.11664
16.9644,10.4243,0.191084
16.9763,10.4243,0.191084
16.985,10.7521,0.0564358
16.9962,10.7521,0.0564358
17.0053,10.7521,0.0564358
17.018,10.7521,0.0564358
17.0252,8.48997,0.17168
17.0349,8.48997,0.17168
17.0436,10.9344,0.202894
17.0544,10.9344,0.202894
17.0643,10.5656,0.0161245
17.074,10.5656,0.0161245
17.0838,10.5656,0.0161245
17.0936,8.14774,0.129823
17.1043,8.14774,0.129823
17.1139,8.79242,0.037
17.1252,8.79242,0.037
17.134,12.4323,0.304266
17.1438,12.4323,0.304266
17.1552,14.6773,0.0901665
17.164,14.6773,0.0901665
17.1739,14.6773,0.0901665
17.1843,8.65422,0.140656
17.1937,8.65422,0.140656
17.2046,8.65422,0.140656
17.2139,10.7857,0.0778524
17.2245,10.7857,0.0778524
17.2337,10.7857,0.0778524
17.2439,9.75525,0.101814
17.254,9.75525,0.101814
17.2638,9.28633,0.1001
17.2736,9.28633,0.1001
17.2841,10.1588,0.053376
17.2958,10.1588,0.053376
17.304,9.89693,0.232144
17.3146,9.89693,0.232144
17.3247,10.765,0.386329
17.334,10.765,0.386329
17.3443,10.0717,0.342735
17.3555,10.0717,0.342735
17.3649,5.99261,0.408729
17.3741,5.99261,0.408729
17.3851,9.53136,0.367153
17.3959,9.53136,0.367153
17.4046,4.04752,0.207164
17.4144,4.04752,0.207164
17.4264,10.5349,0.255047
17.4365,10.5349,0.255047
17.4437,9.10201,0.138051
17.4541,9.10201,0.138051
17.4708,9.48454,0.126412
17.4734,9.48454,0.126412
17.4857,10.304,0.101774
17.4936,10.304,0.101774
17.5041,10.9467,0.327747
17.5138,10.9467,0.327747
17.5251,10.9467,0.327747
17.5339,11.7712,0.441298
17.5446,10.8689,0.429066
17.5537,10.8689,0.429066
17.5646,11.1769,0.438139
17.5734,11.1769,0.438139
17.5851,9.82835,0.35965
17.5942,9.82835,0.35965
17.6035,9.01858,0.0529434
17.6141,9.01858,0.0529434
17.6246,9.06652,0.0681616
17.635,9.06652,0.0681616
17.6436,10.1988,0.0998299
17.6543,10.1988,0.0998299
17.6653,10.3771,0.403144
17.6735,10.3771,0.403144
17.6851,11.5389,0.438782
17.6941,11.5389,0.438782
17.7036,8.00443,0.238657
17.7157,8.00443,0.238657
17.7235,10.4359,0.145674
17.7348,8.15741,0.213621
17.744,8.15741,0.213621
17.7546,8.15741,0.213621
17.7646,10.1931,0.480452
17.776,10.1931,0.480452
17.7853,4.34449,0.646638
17.8006,4.34449,0.646638
17.8037,14.908,0.553841
17.8145,14.908,0.553841
17.8234,11.6752,0.28856
17.8356,11.6752,0.28856
17.8437,8.5594,0.0941754
17.8545,8.5594,0.0941754
17.8653,8.5594,0.0941754
17.8781,8.5594,0.0941754
17.8848,10.3144,0.0124097
17.894,10.3144,0.0124097
17.9039,9.77074,0.00781025
17.9142,9.77074,0.00781025
17.9235,6.77609,0.120719
17.9377,6.77609,0.120719
17.9436,10.1711,0.173799
17.9546,10.1711,0.173799
17.9643,9.34279,0.0508527
17.9735,9.34279,0.0508527
17.9868,7.25464,0.207446
17.9943,7.25464,0.207446
18.0055,8.10522,0.202121
18.0171,8.10522,0.202121
18.0251,3.26209,0.32818
18.0354,3.26209,0.32818
18.0436,2.77293,0.191296
18.0537,2.77293,0.191296
18.0662,10.8751,0.433029
18.0735,10.8751,0.433029
18.0864,8.96893,0.400044
18.0941,8.96893,0.400044
18.1036,12.0812,0.0413159
18.1151,12.0812,0.0413159
18.1263,9.70138,0.0128841
18.1337,9.70138,0.0128841
18.1435,11.8754,0.173196
18.1547,11.8754,0.173196
18.1639,11.8754,0.173196
18.1751,10.2279,0.251052
18.1838,10.2279,0.251052
18.1938,9.68915,0.244422
18.2039,9.68915,0.244422
18.2188,8.84932,0.550486
18.2252,9.80412,0.636363
18.2343,9.80412,0.636363
18.2436,6.57517,0.26503
18.2549,6.57517,0.26503
18.2643,6.57517,0.26503
18.2737,11.1835,0.282726
18.2837,8.48373,0.423619
18.2936,8.48373,0.423619
18.3039,7.57549,0.152948
18.3148,7.57549,0.152948
18.3239,11.1736,0.303495
18.3336,11.1736,0.303495
18.3446,11.7258,0.144139
18.3585,11.7258,0.144139
18.3662,12.7228,0.158858
18.3736,12.7228,0.158858
18.3839,9.65331,0.241431
18.3938,9.65331,0.241431
18.4055,9.65331,0.241431
18.417,9.65331,0.241431
18.425,8.11759,0.0972985
18.4365,13.8333,0.254268
18.4441,13.8333,0.254268
18.4537,13.8333,0.254268
18.4663,12.2,0.0976678
18.4739,12.2,0.0976678
18.4839,6.98408,0.0814923
18.4937,6.98408,0.0814923
18.5036,12.2673,0.426087
18.5145,12.2673,0.426087
18.5234,21.2733,0.229656
18.5372,21.2733,0.229656
18.5443,21.2733,0.229656
18.5547,7.34645,0.393148
18.5646,7.34645,0.393148
18.5752,7.34645,0.393148
18.5838,9.29173,0.350755
18.5936,9.29173,0.350755
18.6035,11.2969,0.693191
18.6138,11.2969,0.693191
18.6254,11.2969,0.693191
18.6355,10.2256,0.966451
18.6436,6.87537,0.895335
18.6539,6.87537,0.895335
18.6638,13.5288,0.687075
18.6747,13.5288,0.687075
18.6844,10.8807,0.113561
18.6937,10.8807,0.113561
18.7039,10.8807,0.113561
18.7152,9.15612,0.14991
18.7243,9.15612,0.14991
18.7337,13.1656,0.230206
18.7443,6.92065,0.211644
18.7551,6.92065,0.211644
18.77,6.34903,0.198409
18.7736,6.34903,0.198409
18.7839,8.81332,0.138694
18.7935,8.81332,0.138694
18.8044,8.1973,0.142176
18.8145,8.1973,0.142176
18.8256,11.0879,0.183227
18.8336,9.673,0.0851469
18.8447,9.673,0.0851469
18.8541,9.673,0.0851469
18.8651,8.98031,0.062554
18.874,8.98031,0.062554
18.8862,9.87739,0.025318
18.8938,9.87739,0.025318
18.9039,9.87739,0.025318
18.9145,9.87739,0.025318
18.9272,3.77795,0.19859
18.9338,3.77795,0.19859
18.9434,9.26372,0.077479
18.955,9.26372,0.077479
18.9642,6.07136,0.143464
18.9738,6.07136,0.143464
18.9838,9.14103,0.330294
18.9952,9.14103,0.330294
19.0037,8.56414,0.107322
19.0174,8.56414,0.107322
19.0234,10.8422,0.332606
19.0363,10.8422,0.332606
19.0435,16.5107,0.0506063
19.0538,16.5107,0.0506063
19.0639,7.63568,0.110114
19.0762,7.63568,0.110114
19.0844,11.8304,0.164222
19.0938,11.8304,0.164222
19.1038,11.8304,0.164222
19.1141,9.303,0.282747
19.1261,9.303,0.282747
19.1357,9.80031,0.21417
19.1436,9.31781,0.0715681
19.1539,9.31781,0.0715681
19.165,9.31781,0.0715681
19.1747,6.98587,0.184445
19.1839,11.708,0.481017
19.1947,11.708,0.481017
19.2045,10.7948,0.48377
19.2169,10.7948,0.48377
19.2241,7.8044,0.166508
19.2357,7.8044,0.166508
19.2445,8.33993,0.286206
19.2535,8.33993,0.286206
19.2637,8.45995,0.0684763
19.2755,8.45995,0.0684763
19.2843,11.8147,0.116336
19.2937,11.8147,0.116336
19.3036,11.5439,0.317197
19.3137,11.5439,0.317197
19.3236,14.5429,0.295327
19.3353,4.67519,0.227939
19.3435,4.67519,0.227939
19.3537,4.67519,0.227939
19.3666,4.67519,0.227939
19.3755,4.67519,0.227939
19.3842,8.87751,0.330486
19.3936,8.87751,0.330486
19.4041,12.9915,0.2786
19.4138,12.9915,0.2786
19.4244,11.7972,0.0948367
19.4344,11.7972,0.0948367
19.4437,9.82539,0.307199
19.4541,9.82539,0.307199
19.4659,9.82539,0.307199
19.4741,9.82539,0.307199
19.4845,8.00058,0.0710352
19.4937,8.00058,0.0710352
19.5038,10.7385,0.146711
19.5163,10.7385,0.146711
19.5234,11.3853,0.0419285
19.5339,11.3853,0.0419285
19.5436,8.2721,0.0911537
19.5555,8.2721,0.0911537
19.5646,10.3436,0.0546809
19.5735,10.3436,0.0546809
19.5845,10.3436,0.0546809
19.5939,9.32026,0.150911
19.6052,9.32026,0.150911
19.6137,8.76847,0.444833
19.6236,8.76847,0.444833
19.6338,8.76847,0.444833
19.6436,8.76847,0.444833
19.6545,10.7547,0.0994485
19.6641,10.7547,0.0994485
19.6763,10.7547,0.0994485
19.6838,4.47306,0.135374
19.6938,4.47306,0.135374
19.7047,4.47306,0.135374
19.7142,4.47306,0.135374
19.7235,8.65054,0.0868735
19.7337,9.87003,0.132827
19.7436,9.87003,0.132827
19.7552,9.87003,0.132827
19.7649,9.87003,0.132827
19.7764,9.14544,0.0317962
19.7836,10.1115,0.0230434
19.7945,10.1115,0.0230434
19.8038,10.0699,0.0166132
19.8152,10.0699,0.0166132
19.8252,11.341,0.0219545
19.8338,11.341,0.0219545
19.8435,11.341,0.0219545
19.8539,7.44131,0.0853815
19.8646,7.44131,0.0853815
19.8753,3.70299,0.0892525
19.887,9.45979,0.366224
19.8935,9.45979,0.366224
19.904,15.1197,0.142074
19.9158,15.1197,0.142074
19.9238,8.65558,0.377788
19.9343,8.65558,0.377788
19.944,8.65558,0.377788
19.955,8.65558,0.377788
19.967,6.87892,0.273331
19.9748,6.87892,0.273331
19.9836,12.3724,0.30538
19.994,12.3724,0.30538
20.0047,13.517,0.120814
20.0152,13.517,0.120814
20.0236,7.08445,0.150867
20.0337,7.08445,0.150867
20.0436,9.15381,0.0483632
20.0548,9.15381,0.0483632
20.0645,10.4578,0.0395601
20.0736,10.4578,0.0395601
20.0867,8.39432,0.0170294
20.0938,8.39432,0.0170294
20.1043,8.31468,0.228572
20.1154,8.31468,0.228572
20.1238,8.31468,0.228572
20.1336,8.31468,0.228572
20.1444,9.38847,0.153264
20.1558,9.38847,0.153264
20.1665,12.3753,0.305843
20.1767,12.3753,0.305843
20.1861,1.23341,0.317517
20.1983,1.23341,0.317517
20.2065,12.3844,0.126724
20.2165,12.3844,0.126724
20.2241,12.3844,0.126724
20.2367,12.3844,0.126724
20.2492,13.1931,0.124984
20.2543,13.1931,0.124984
20.2665,9.64448,0.311116
20.278,9.64448,0.311116
20.2838,15.4244,0.170168
20.2945,15.4244,0.170168
20.3128,10.7601,0.1349
20.3169,10.7601,0.1349
20.3238,10.2719,0.215968
20.3362,10.2719,0.215968
20.3455,3.91405,0.212177
20.3562,3.91405,0.212177
20.3639,7.34192,0.190426
20.376,7.34192,0.190426
20.3849,9.4813,0.17522
20.396,9.4813,0.17522
20.4048,11.9767,0.0816946
20.4161,11.9767,0.0816946
20.4242,11.9767,0.0816946
20.4338,11.9767,0.0816946
20.4441,11.7333,0.193391
20.4564,11.7333,0.193391
20.465,12.2694,0.242545
20.4736,12.2694,0.242545
20.4841,4.71787,0.215235
20.4937,4.71787,0.215235
20.5039,10.538,0.120636
20.5135,10.538,0.120636
20.5237,9.03428,0.202576
20.5336,9.03428,0.202576
20.5446,10.0482,0.078702
20.5541,10.0482,0.078702
20.564,6.33954,0.103644
20.5747,6.33954,0.103644
20.584,6.33954,0.103644
20.5942,6.33954,0.103644
20.6038,10.078,0.115395
20.6142,10.078,0.115395
20.6247,5.61079,0.177893
20.6337,5.61079,0.177893
20.6436,5.61079,0.177893
20.6562,10.0539,0.118097
20.6635,13.3453,0.187147
20.6743,13.3453,0.187147
20.6844,8.99351,0.0532729
20.6951,8.99351,0.0532729
20.7047,21.5141,0.0913564
20.714,21.5141,0.0913564
20.7239,6.58203,0.287991
20.7337,6.58203,0.287991
20.7437,6.40101,0.262122
20.7536,6.40101,0.262122
20.7636,13.6399,0.142597
20.774,13.6399,0.142597
20.7836,13.6399,0.142597
20.7952,13.6399,0.142597
20.8051,5.78424,0.304797
20.8138,5.78424,0.304797
20.8236,10.1012,0.222016
20.8347,10.1012,0.222016
20.8437,7.33552,0.22886
20.8551,7.33552,0.22886
20.864,11.3893,0.299334
20.8742,11.3893,0.299334
20.8836,10.4975,0.195195
20.895,10.4975,0.195195
20.9044,10.5928,0.0662495
20.9136,10.5928,0.0662495
20.9262,8.59334,0.169154
20.9339,8.59334,0.169154
20.9439,9.41812,0.081939
20.954,9.41812,0.081939
20.9637,9.41812,0.081939
20.9743,9.41812,0.081939
20.9836,12.5144,0.481137
20.996,12.5144,0.481137
21.0043,15.3852,0.406481
21.0135,15.3852,0.406481
21.0242,3.24077,0.216382
21.0337,3.24077,0.216382
21.0465,7.83266,0.161747
21.0551,7.83266,0.161747
21.0636,14.8285,0.16123
21.0736,14.8285,0.16123
21.0837,6.69698,0.24963
21.0942,6.69698,0.24963
21.1072,11.1705,0.704824
21.1151,11.1705,0.704824
21.1245,10.7588,0.68116
21.1338,10.7588,0.68116
21.1457,10.0131,0.603407
21.1557,10.0131,0.603407
21.1636,3.43223,0.714776
21.1742,3.43223,0.714776
21.1837,0.870272,0.513828
21.1957,0.870272,0.513828
21.2066,10.4176,0.291429
21.2136,10.4176,0.291429
21.2242,13.2017,0.32724
21.2335,13.2017,0.32724
21.2439,13.2017,0.32724
21.2572,13.2017,0.32724
21.2636,8.98228,0.233927
21.2738,8.98228,0.233927
21.2837,11.0903,0.356385
21.2936,11.0903,0.356385
21.3036,11.0903,0.356385
21.3136,11.0903,0.356385
21.3236,10.1968,0.436947
21.3336,10.1968,0.436947
21.344,9.5301,0.464442
21.354,9.5301,0.464442
21.3639,12.1451,0.339719
21.3758,12.1451,0.339719
21.3838,9.27842,0.0516333
21.3938,9.27842,0.0516333
21.4053,8.4412,0.12302
21.4135,8.4412,0.12302
21.4236,8.4412,0.12302
21.4362,8.4412,0.12302
21.4436,11.2262,0.0769285
21.4542,11.2262,0.0769285
21.4638,10.0339,0.048518
21.4736,10.0339,0.048518
21.4838,10.0339,0.048518
21.4941,10.0339,0.048518
21.5037,13.5215,0.26822
21.5143,13.5215,0.26822
21.5241,10.5138,0.361505
21.535,10.5138,0.361505
21.5438,9.9322,0.131689
21.5565,9.9322,0.131689
21.5641,12.3784,0.156173
21.5744,12.3784,0.156173
21.5839,8.15763,0.0287576
21.5935,8.15763,0.0287576
21.6073,13.2633,0.074364
21.6143,13.2633,0.074364
21.6249,7.16367,0.224067
21.6338,7.16367,0.224067
21.6445,11.6089,0.201886
21.6539,11.6089,0.201886
21.6636,12.4532,0.36898
21.6746,12.4532,0.36898
21.6838,7.26279,0.370095
21.694,7.26279,0.370095
21.7042,11.2556,0.544197
21.7161,11.2556,0.544197
21.7241,11.2556,0.544197
21.7363,11.2556,0.544197
21.7437,10.1888,0.0794733
21.7556,10.1888,0.0794733
21.7637,13.0566,0.100135
21.775,13.0566,0.100135
21.7844,8.34903,0.111405
21.7945,8.34903,0.111405
21.8045,10.9509,0.0771816
21.8136,9.44776,0.0407185
21.8238,9.44776,0.0407185
21.8338,9.44776,0.0407185
21.8451,10.843,0.27627
21.855,10.843,0.27627
21.865,8.99984,0.323297
21.8743,8.99984,0.323297
21.8837,12.2602,0.231348
21.8936,12.2602,0.231348
21.9052,12.2602,0.231348
21.9136,12.2602,0.231348
21.9244,8.30457,0.219256
21.9367,10.6097,0.131917
21.9446,10.6097,0.131917
21.9536,10.6097,0.131917
21.9636,8.01186,0.112045
21.9759,8.01186,0.112045
21.9835,9.64547,0.113234
21.9938,9.64547,0.113234
22.006,9.19603,0.0335261
22.0137,9.19603,0.0335261
22.0251,8.28943,0.098102
22.0338,8.28943,0.098102
22.0439,11.7028,0.123766
22.0541,11.7028,0.123766
22.0639,8.86075,0.172493
22.0743,8.86075,0.172493
22.0843,13.6789,0.221165
22.0937,13.6789,0.221165
22.1041,8.2875,0.369286
22.1134,8.2875,0.369286
22.1243,8.41394,0.396246
22.1335,8.41394,0.396246
22.1465,9.91711,0.590103
22.1543,9.91711,0.590103
22.1652,12.0255,0.529415
22.1748,12.0255,0.529415
22.184,12.9158,0.194908
22.1946,12.9158,0.194908
22.2042,9.04741,0.0698999
22.2172,10.3758,0.263714
22.2236,10.3758,0.263714
22.2339,10.3758,0.263714
22.2441,10.3758,0.263714
22.2541,10.3758,0.263714
22.2634,9.86569,0.00943398
22.2738,9.86569,0.00943398
22.284,9.38108,0.110892
22.2946,9.38108,0.110892
22.3051,6.75228,0.220447
22.3135,6.75228,0.220447
22.3239,10.7801,0.50105
22.3336,10.7801,0.50105
22.344,13.021,0.642892
22.3559,13.021,0.642892
22.3647,13.9715,0.696934
22.3781,11.1121,0.52703
22.3838,11.1121,0.52703
22.3937,11.1121,0.52703
22.4048,12.3863,0.125555
22.4144,12.3863,0.125555
22.424,12.3863,0.125555
22.434,12.3863,0.125555
22.4442,12.9644,0.069455
22.4549,12.9644,0.069455
22.4634,7.58327,0.135344
22.4742,7.58327,0.135344
22.4842,9.54163,0.159978
22.4947,9.54163,0.159978
22.5042,9.46283,0.0282312
22.5154,9.46283,0.0282312
22.5237,8.65653,0.136341
22.5339,8.65653,0.136341
22.544,9.7096,0.130733
22.5563,9.7096,0.130733
22.5637,7.561,0.305198
22.5737,7.561,0.305198
22.5836,11.6487,0.303534
22.5938,11.6487,0.303534
22.6049,11.6487,0.303534
22.6156,11.6487,0.303534
22.6236,11.1632,0.101143
22.634,11.1632,0.101143
22.6461,9.75554,0.129715
22.6567,9.75554,0.129715
22.6635,9.42683,0.0976217
22.6763,13.2835,0.483499
22.6836,13.2835,0.483499
22.6942,13.2835,0.483499
22.7039,12.919,0.363849
22.7134,12.919,0.363849
22.7244,6.96849,0.0966023
22.7337,6.96849,0.0966023
22.7461,6.96849,0.0966023
22.7555,10.2008,0.0959687
22.7639,10.2008,0.0959687
22.7756,10.2008,0.0959687
22.7836,9.96694,0.0778781
22.7953,10.4381,0.0871665
22.8038,10.4381,0.0871665
22.8135,10.4381,0.0871665
22.8258,9.39412,0.0651383
22.8343,9.39412,0.0651383
22.8437,9.84785,0.0159374
22.855,9.84785,0.0159374
22.8649,11.1361,0.0453431
22.8765,11.1361,0.0453431
22.8836,5.2932,0.206969
22.8945,5.2932,0.206969
22.9079,6.29134,0.306821
22.914,6.29134,0.306821
22.9245,8.34227,0.208559
22.9362,8.34227,0.208559
22.9436,9.88538,0.0952785
22.955,9.88538,0.0952785
22.9645,13.2048,0.0916842
22.9738,13.2048,0.0916842
22.9895,7.08727,0.371537
22.9957,7.08727,0.371537
23.0037,7.08727,0.371537
23.0138,7.08727,0.371537
23.0237,3.69213,1.04269
23.0335,3.69213,1.04269
23.0446,9.38811,0.737258
23.0545,9.38811,0.737258
23.0635,7.06321,0.36886
23.074,7.06321,0.36886
23.0835,10.3467,0.206983
23.0937,10.3467,0.206983
23.1072,10.5396,0.109659
23.1134,10.5396,0.109659
23.1278,10.5396,0.109659
23.1336,10.5396,0.109659
23.1437,11.482,0.292561
23.1557,11.482,0.292561
23.164,9.52023,0.399767
23.1777,9.52023,0.399767
23.1836,9.52023,0.399767
23.1936,9.52023,0.399767
23.2041,13.7521,0.389693
23.2155,13.7521,0.389693
23.2241,6.05836,0.259147
23.2341,6.05836,0.259147
23.2442,13.1331,0.142429
23.2539,13.1331,0.142429
23.2636,4.88324,0.0666483
23.2741,4.88324,0.0666483
23.2836,13.4612,0.211995
23.2971,13.4612,0.211995
23.3045,10.2199,0.0947998
23.3134,10.2199,0.0947998
23.3237,8.6815,0.0823529
23.3336,8.6815,0.0823529
23.3442,8.71699,0.346742
23.3566,8.71699,0.346742
23.3634,7.17503,0.440992
23.3774,7.17503,0.440992
23.3839,7.99197,0.642427
23.397,7.99197,0.642427
23.4038,11.6172,0.54054
23.4142,11.6172,0.54054
23.4238,9.57666,0.148714
23.4339,9.57666,0.148714
23.444,10.9048,0.091444
23.4556,10.9048,0.091444
23.4637,10.5588,0.156349
23.4745,10.5588,0.156349
23.4837,9.39551,0.0505767
23.4984,9.39551,0.0505767
23.5042,9.28413,0.018412
23.5135,9.28413,0.018412
23.5246,9.28413,0.018412
23.5338,9.28413,0.018412
23.5439,5.88842,0.640154
23.5557,5.88842,0.640154
23.5635,10.2905,0.543623
23.5738,10.2905,0.543623
23.5836,7.46281,0.288685
23.5946,7.46281,0.288685
23.604,9.69274,0.15938
23.6146,9.69274,0.15938
23.6241,15.2319,0.349228
23.6338,15.2319,0.349228
23.644,9.19962,0.136883
23.6553,9.19962,0.136883
23.664,8.42801,0.16483
23.6749,8.42801,0.16483
23.684,7.78501,0.13467
23.6946,7.78501,0.13467
23.7054,11.1946,0.160474
23.714,11.1946,0.160474
23.7237,6.48597,0.332835
23.7337,6.48597,0.332835
23.7438,6.48597,0.332835
23.7566,6.48597,0.332835
23.7634,9.41573,0.220719
23.7738,9.41573,0.220719
23.7851,12.1162,0.121268
23.7981,12.1162,0.121268
23.8058,5.93641,0.233405
23.8149,5.93641,0.233405
23.8256,11.659,0.14359
23.8337,11.659,0.14359
23.8436,8.55264,0.27995
23.8539,8.55264,0.27995
23.8652,18.2619,0.16749
23.874,18.2619,0.16749
23.8848,6.06205,0.362531
23.8993,6.06205,0.362531
23.9056,7.45789,0.411265
23.9138,7.45789,0.411265
23.924,9.60778,0.112419
23.9337,9.60778,0.112419
23.944,10.3165,0.11229
23.9552,10.3165,0.11229
23.9636,8.26829,0.0576021
23.9741,8.26829,0.0576021
23.984,10.3859,0.0656125
23.995,10.3859,0.0656125
24.0041,9.36842,0.0701498
24.0135,9.36842,0.0701498
24.0239,9.36842,0.0701498
24.0337,11.8875,0.253797
24.0445,11.8875,0.253797
24.0558,11.8875,0.253797
24.0636,10.4344,0.32653
24.0742,10.4344,0.32653
24.0836,9.27438,0.364161
24.0957,9.27438,0.364161
24.1049,10.676,0.440623
24.1135,10.676,0.440623
24.1238,10.1403,0.203909
24.1335,10.1403,0.203909
24.144,10.1403,0.203909
24.1565,10.1403,0.203909
24.1635,5.9102,0.326012
24.174,5.9102,0.326012
24.184,11.8377,0.314239
24.1969,11.8377,0.314239
24.2067,8.44512,0.213771
24.214,8.44512,0.213771
24.2238,7.37489,0.199885
24.2344,7.37489,0.199885
24.2443,7.37489,0.199885
24.2543,7.37489,0.199885
24.2635,12.4276,0.124792
24.2736,12.4276,0.124792
24.2844,7.94091,0.0781345
24.2961,7.94091,0.0781345
24.3043,10.8017,0.143419
24.3137,10.8017,0.143419
24.324,12.2738,0.315541
24.3354,12.2738,0.315541
24.3446,7.87769,0.625084
24.3542,7.87769,0.625084
24.3636,11.8131,0.632598
24.3754,11.8131,0.632598
24.3837,12.0717,0.0780256
24.394,12.0717,0.0780256
24.4035,16.1091,0.423313
24.4136,16.1091,0.423313
24.4237,7.30778,0.12919
24.4336,7.30778,0.12919
24.4448,7.30778,0.12919
24.455,7.30778,0.12919
24.4634,12.0068,0.0888032
24.4742,12.0068,0.0888032
24.4837,7.93721,0.137266
24.4944,7.93721,0.137266
24.5062,9.69436,0.0959323
24.5136,9.69436,0.0959323
24.5236,9.61783,0.157978
24.534,9.61783,0.157978
24.5438,10.7706,0.124262
24.5566,10.7706,0.124262
24.5634,8.07428,0.171985
24.5742,8.07428,0.171985
24.5836,9.85364,0.107079
24.5982,10.1459,0.284079
24.605,10.1459,0.284079
24.6137,10.1459,0.284079
24.6237,10.9819,0.264647
24.6337,10.9819,0.264647
24.6452,11.1063,0.160215
24.6574,11.5246,0.0409023
24.6634,11.5246,0.0409023
24.6761,11.5246,0.0409023
24.6835,11.5246,0.0409023
24.6937,11.5246,0.0409023
24.7047,5.68142,0.142478
24.7134,5.68142,0.142478
24.7272,9.5756,0.089
24.7342,9.5756,0.089
24.7437,11.5724,0.0617981
24.7546,11.5724,0.0617981
24.764,6.30928,0.0684763
24.7736,6.30928,0.0684763
24.7867,10.9705,0.296675
24.796,10.9705,0.296675
24.805,9.8275,0.0890056
24.8136,9.8275,0.0890056
24.8237,11.8387,0.18715
24.8352,11.8387,0.18715
24.8487,6.87861,0.34046
24.8566,6.87861,0.34046
24.8636,10.5711,0.576431
24.8739,10.5711,0.576431
24.8853,10.5711,0.576431
24.8938,10.5711,0.576431
24.9068,9.6588,0.334174
24.9137,9.6588,0.334174
24.9268,8.91334,0.124956
24.9336,8.91334,0.124956
24.9436,10.7398,0.025865
24.9575,10.7398,0.025865
24.9644,11.7085,0.0876698
24.974,11.7085,0.0876698
24.9836,9.89135,0.172377
24.994,9.89135,0.172377
25.0037,9.11101,0.454349
25.0144,9.11101,0.454349
25.0237,18.4198,0.202092
25.0338,18.4198,0.202092
25.0444,6.61883,0.202988
25.0575,6.61883,0.202988
25.0634,18.1306,0.130146
25.0753,18.1306,0.130146
25.0838,7.69464,0.21221
25.0935,7.69464,0.21221
25.1046,9.21957,0.110824
25.114,9.21957,0.110824
25.1262,11.2847,0.0439773
25.1342,11.2847,0.0439773
25.1438,11.2847,0.0439773
25.1539,11.2847,0.0439773
25.1653,11.3713,0.0755579
25.1736,11.3713,0.0755579
25.1837,8.90753,0.00707107
25.1941,8.90753,0.00707107
25.2088,8.90753,0.00707107
25.2136,8.90753,0.00707107
25.2247,8.47026,0.477723
25.2339,8.47026,0.477723
25.2437,13.1485,0.0745721
25.2544,13.1485,0.0745721
25.2643,8.0104,0.191207
25.2742,8.0104,0.191207
25.2838,11.3919,0.284187
25.2939,11.3919,0.284187
25.3057,7.13771,0.324244
25.3159,7.13771,0.324244
25.3239,7.13771,0.324244
25.3337,7.13771,0.324244
25.3455,8.35717,0.423729
25.3545,8.35717,0.423729
25.3634,12.2067,0.154353
25.3764,11.135,0.0585577
25.3848,11.135,0.0585577
25.3936,11.135,0.0585577
25.4043,8.12303,0.0724845
25.4136,8.12303,0.0724845
25.4254,9.11,0.0431277
25.4335,9.11,0.0431277
25.4436,10.3291,0.0470425
25.4551,10.3291,0.0470425
25.4645,9.50457,0.10435
25.4741,9.50457,0.10435
25.4835,9.28747,0.0224944
25.4937,9.28747,0.0224944
25.5037,9.28747,0.0224944
25.5141,9.28747,0.0224944
25.5246,7.22157,0.306586
25.5336,7.22157,0.306586
25.5442,9.82615,0.344205
25.5558,9.82615,0.344205
26.2752,9.23498,0.103663
26.2845,9.21997,0.0849117
26.2961,9.21997,0.0849117
26.3054,8.99055,0.148963
26.3161,8.99055,0.148963
26.3237,8.99055,0.148963
26.3352,8.99055,0.148963
26.3478,5.84783,0.141513
26.3578,5.84783,0.141513
26.3651,8.87105,0.0586941
26.3747,8.87105,0.0586941
26.3838,10.2957,0.169266
26.3944,10.2957,0.169266
26.4046,10.2957,0.169266
26.4137,10.2957,0.169266
26.424,10.3175,0.035609
26.4338,10.3175,0.035609
26.444,9.90492,0.0526403
26.4543,9.90492,0.0526403
26.4639,11.1273,0.122581
26.4748,11.1273,0.122581
26.484,9.52124,0.18333
26.496,9.52124,0.18333
26.5051,10.6131,0.12138
26.516,10.6131,0.12138
26.5238,9.74684,0.115542
26.5352,9.74684,0.115542
26.5439,10.5229,0.0690869
26.556,10.5229,0.0690869
26.5637,7.99564,0.0399375
26.5783,7.99564,0.0399375
26.5839,8.32306,0.0517204
26.5937,8.32306,0.0517204
26.6039,9.81883,0.0250799
26.6142,9.81883,0.0250799
26.625,10.1895,0.113728
26.634,10.1895,0.113728
26.6445,8.21199,0.0563826
26.6548,8.21199,0.0563826
26.6647,7.06237,0.110095
26.6737,7.06237,0.110095
26.6835,9.49922,0.0666408
26.694,9.49922,0.0666408
26.7064,7.41365,0.303811
26.7154,7.41365,0.303811
26.7265,7.41365,0.303811
26.734,7.41365,0.303811
26.7473,8.43535,0.414107
26.7538,8.43535,0.414107
26.7637,5.31908,0.387362
26.7749,5.31908,0.387362
26.784,8.54135,0.30813
26.7936,8.54135,0.30813
26.8043,8.54135,0.30813
26.8152,8.54135,0.30813
26.8236,8.03072,0.0833127
26.8341,8.03072,0.0833127
26.8439,8.03072,0.0833127
26.8539,8.03072,0.0833127
26.864,9.63114,0.0899889
26.876,9.63114,0.0899889
26.8841,8.4844,0.118469
26.8936,8.4844,0.118469
26.9083,7.42318,0.107861
26.9149,7.42318,0.107861
26.9243,10.4034,0.082813
26.937,10.4034,0.082813
26.9441,8.56,0.10686
26.9538,8.56,0.10686
26.9657,8.56,0.10686
26.9773,8.56,0.10686
26.9863,10.9922,0.0461411
26.9956,10.9922,0.0461411
27.0035,10.9922,0.0461411
27.0155,10.0209,0.123859
27.0254,10.0209,0.123859
27.0345,10.7624,0.175003
27.0448,10.7624,0.175003
27.0539,10.7624,0.175003
27.0651,10.0907,0.152869
27.0745,10.0907,0.152869
27.0842,10.0907,0.152869
27.0943,10.0907,0.152869
27.104,10.0907,0.152869
27.1147,10.7837,0.0758551
27.1274,10.7837,0.0758551
27.1339,10.3571,0.120801
27.147,9.30843,0.102864
27.154,9.30843,0.102864
27.1639,8.79778,0.0834925
27.1743,8.79778,0.0834925
27.1838,8.79778,0.0834925
27.1942,8.79778,0.0834925
27.2038,9.15171,0.0959062
27.2149,9.15171,0.0959062
27.2249,8.0477,0.142636
27.2345,8.0477,0.142636
27.2461,8.0477,0.142636
27.2547,8.9611,0.0948736
27.2648,9.91528,0.0477284
27.2765,9.91528,0.0477284
27.2846,9.69337,0.153877
27.2942,9.69337,0.153877
27.3036,9.69337,0.153877
27.3144,10.2579,0.0841606
27.3247,7.52103,0.101573
27.3347,7.52103,0.101573
27.3464,7.52103,0.101573
27.3541,9.25822,0.0871493
27.3691,8.68354,0.153525
27.3787,8.68354,0.153525
27.3839,13.6841,0.0994786
27.394,13.6841,0.0994786
27.4038,11.5602,0.155907
27.415,11.5602,0.155907
27.4236,11.5602,0.155907
27.4341,11.0299,0.0916842
27.4439,11.0299,0.0916842
27.4538,9.77122,0.0660681
27.4637,10.3733,0.0401622
27.4771,10.3733,0.0401622
27.4838,8.8684,0.116563
27.494,8.8684,0.116563
28.0051,8.33807,0.334715
28.0154,8.33807,0.334715
28.024,10.9303,0.431661
28.0352,10.9303,0.431661
28.0441,12.153,0.557658
28.057,12.153,0.557658
28.064,8.16642,0.448343
28.0791,8.16642,0.448343
28.0835,9.96372,0.243774
28.0948,9.96372,0.243774
28.1047,9.00839,0.223488
28.1137,9.00839,0.223488
28.1235,9.00839,0.223488
28.1352,10.9956,0.439827
28.1475,7.58566,0.371314
28.1564,7.58566,0.371314
28.1636,7.15113,0.366161
28.1737,7.15113,0.366161
28.1839,4.60155,0.288468
28.1947,4.60155,0.288468
28.205,10.6652,0.14588
28.2193,10.6652,0.14588
28.2237,10.3964,0.152089
28.2355,10.3964,0.152089
28.2468,10.3964,0.152089
28.2557,12.0342,0.0974885
28.2636,10.0901,0.0222935
28.2757,10.0901,0.0222935
28.2835,7.04921,0.164736
28.2941,7.04921,0.164736
28.3052,9.39632,0.134707
28.3135,9.39632,0.134707
28.324,11.1472,0.314563
28.3341,11.1472,0.314563
28.3441,12.9233,0.651197
28.3546,12.9233,0.651197
28.3642,12.8909,0.614162
28.3736,12.8909,0.614162
28.3844,12.8909,0.614162
28.397,12.8909,0.614162
28.4042,10.6052,0.500197
28.4139,10.6052,0.500197
28.425,12.7495,0.35705
28.4342,12.7495,0.35705
28.4477,11.2655,0.375667
28.4563,11.2655,0.375667
28.4654,9.32276,0.336244
28.4742,9.32276,0.336244
28.4842,7.01298,0.450329
28.4942,7.01298,0.450329
28.5038,10.0968,0.318435
28.5135,10.0968,0.318435
28.5239,12.2966,0.268693
28.5342,12.2966,0.268693
28.5445,10.6721,0.0795362
28.5562,10.6721,0.0795362
28.5634,10.6721,0.0795362
28.5743,11.2405,0.296003
28.5846,11.2405,0.296003
28.5958,10.5017,0.380007
28.606,10.4664,0.637305
28.6156,10.4664,0.637305
28.6252,9.57106,0.668784
28.6337,9.57106,0.668784
28.6473,9.62931,0.532114
28.6543,9.62931,0.532114
28.6657,7.81114,0.379083
28.6793,7.81114,0.379083
28.6845,10.5349,0.107657
28.6965,10.5349,0.107657
28.7044,11.0441,0.197102
28.715,11.0441,0.197102
28.7261,7.82228,0.13937
28.7347,7.82228,0.13937
28.7491,7.82228,0.13937
28.7549,7.82228,0.13937
28.7643,10.0765,0.194445
28.7739,10.0765,0.194445
28.7838,8.82923,0.127252
28.7951,8.82923,0.127252
28.8076,9.86584,0.172664
28.8192,9.86584,0.172664
28.8246,9.56269,0.098737
28.8349,9.56269,0.098737
28.8448,9.43542,0.0763217
28.8573,9.43542,0.0763217
28.8681,12.8811,0.151374
28.8743,12.8811,0.151374
28.8844,7.7349,0.327643
28.8951,7.7349,0.327643
28.9041,6.99413,0.437407
28.9163,6.99413,0.437407
28.924,7.84665,0.330506
28.935,7.84665,0.330506
28.9475,8.60117,0.26301
28.9544,8.60117,0.26301
28.9635,8.22944,0.208149
28.9753,8.22944,0.208149
28.985,8.22944,0.208149
28.9951,8.22944,0.208149
29.0052,9.98233,0.0631031
29.0158,9.98233,0.0631031
29.03,8.90907,0.0412311
29.0342,8.90907,0.0412311
29.0521,10.0337,0.0346987
29.0577,10.0337,0.0346987
29.0636,9.33112,0.334042
29.0748,9.33112,0.334042
29.0846,8.28468,0.278435
29.0956,8.28468,0.278435
29.1044,8.33035,0.262238
29.1148,8.33035,0.262238
29.1257,10.9586,0.158433
29.1352,10.9586,0.158433
29.1445,6.13398,0.224477
29.1555,6.13398,0.224477
29.8042,8.82116,0.389424
29.8139,8.82116,0.389424
29.8268,8.82116,0.389424
29.8339,11.1497,0.264063
29.8436,11.1497,0.264063
29.855,11.1497,0.264063
29.8647,8.71685,0.0554977
29.8738,8.71685,0.0554977
29.8854,8.49765,0.0502195
29.8983,8.49765,0.0502195
29.9042,8.49765,0.0502195
29.9149,10.1953,0.095462
29.9238,10.1953,0.095462
29.9356,9.53158,0.0404722
29.9461,9.53158,0.0404722
29.9546,7.01167,0.0573236
29.9636,11.8419,0.0804363
29.9736,11.8419,0.0804363
29.9837,11.8419,0.0804363
29.995,11.8419,0.0804363
30.0037,10.8544,0.0998549
30.0134,10.8544,0.0998549
30.0257,11.0159,0.148792
30.0341,11.0159,0.148792
30.0439,10.6022,0.0667683
30.0559,10.6022,0.0667683
30.0651,11.7383,0.0463573
30.0756,11.7383,0.0463573
30.0851,11.7383,0.0463573
30.0935,11.7383,0.0463573
30.1046,10.8762,0.412797
30.1158,10.8762,0.412797
30.1244,15.192,0.459427
30.1342,15.192,0.459427
30.1437,11.2785,0.57284
30.154,11.2785,0.57284
30.1662,4.26077,0.524799
30.174,4.26077,0.524799
30.1835,4.26077,0.524799
30.1951,7.52299,0.421521
30.2056,7.52299,0.421521
30.2138,9.02859,0.291201
30.2238,9.02859,0.291201
30.2338,11.3652,0.196319
30.2441,11.3652,0.196319
30.2541,13.5092,0.143196
30.2636,11.3201,0.0679043
30.2748,11.3201,0.0679043
30.2884,9.28408,0.0912688
30.2946,9.28408,0.0912688
30.3059,9.28408,0.0912688
30.3175,8.43276,0.10538
30.3236,8.43276,0.10538
30.3341,11.8726,0.0295466
30.3437,11.8726,0.0295466
30.3547,9.41391,0.077923
30.3638,7.98751,0.194574
30.3737,7.98751,0.194574
30.3835,9.42618,0.0834026
30.3939,9.42618,0.0834026
30.4036,8.61981,0.102127
30.4135,8.61981,0.102127
30.4251,8.61981,0.102127
30.4338,8.61981,0.102127
30.4435,9.82401,0.190725
30.4542,9.82401,0.190725
30.4635,10.0663,0.154874
30.4756,10.0663,0.154874
30.4837,8.74826,0.0695773
30.4936,8.74826,0.0695773
30.5072,9.98088,0.0640859
30.5171,9.98088,0.0640859
30.5238,11.3921,0.0298831
30.5351,11.3921,0.0298831
30.5435,11.3921,0.0298831
30.554,4.94756,0.108264
30.5642,10.1146,0.0717635
30.5747,10.1146,0.0717635
30.5847,10.1146,0.0717635
30.5955,10.1146,0.0717635
30.6061,11.5661,0.0599416
30.6165,11.5661,0.0599416
30.6236,11.5661,0.0599416
30.6339,10.9267,0.0646838
30.6437,10.9267,0.0646838
30.656,5.08413,0.0748665
30.665,12.348,0.220638
30.6735,12.348,0.220638
30.6836,6.2861,0.222589
30.6948,6.2861,0.222589
30.7075,1.81289,0.168985
30.7152,1.81289,0.168985
30.727,11.9967,0.150579
30.7352,11.9967,0.150579
30.7448,10.8308,0.131738
30.756,10.8308,0.131738
30.765,7.96913,0.104254
30.7755,7.96913,0.104254
30.7838,7.96913,0.104254
30.7936,9.55675,0.0505371
30.8101,9.55675,0.0505371
30.8154,1.65729,0.115434
30.8235,1.65729,0.115434
30.8335,12.425,0.0965867
30.8471,10.9352,0.113798
30.8589,10.9352,0.113798
30.8664,9.51251,0.0847408
30.8735,9.51251,0.0847408
30.8837,9.25492,0.0480104
30.8937,9.25492,0.0480104
30.9048,12.2445,0.0591354
32.5134,12.652,0.0231084
32.5238,12.652,0.0231084
32.5336,11.329,0.124888
32.5439,12.2937,0.0962133
32.5537,12.2937,0.0962133
32.5644,12.2937,0.0962133
32.575,7.88345,0.111036
32.5835,11.0934,0.126258
32.5942,11.0934,0.126258
32.6041,11.0934,0.126258
32.6148,8.42322,0.0392683
32.6235,8.42322,0.0392683
32.6342,11.9285,0.040025
32.6438,11.9285,0.040025
32.6542,11.1396,0.0419762
32.6634,11.1396,0.0419762
32.6757,11.0086,0.037855
32.6839,11.0086,0.037855
32.6943,10.8971,0.03937
32.7042,10.8971,0.03937
32.7135,9.10568,0.0727324
32.7239,9.10568,0.0727324
32.7345,9.48409,0.00787401
32.7437,11.8611,0.0133791
32.7545,11.8611,0.0133791
32.765,11.8611,0.0133791
32.7737,11.8611,0.0133791
32.785,13.345,0.0971905
32.7963,13.345,0.0971905
32.8053,14.4395,0.0458039
32.8157,14.4395,0.0458039
32.8241,12.1781,0.0441588
32.8357,12.1781,0.0441588
32.8436,10.7518,0.0155563
32.8557,10.7518,0.0155563
32.8636,12.4486,0.0245357
32.8745,12.4486,0.0245357
32.8835,12.9929,0.0918749
32.8942,12.9929,0.0918749
32.9065,4.06635,0.0795299
32.9138,10.5986,0.0537773
32.9243,10.5986,0.0537773
32.9335,10.5986,0.0537773
32.9443,10.9444,0.0375366
32.9558,10.9444,0.0375366
32.9646,9.1348,0.0310161
32.974,10.792,0.0423556
32.9863,10.792,0.0423556
32.9944,10.792,0.0423556
33.0068,9.84129,0.0509608
33.0162,13.2726,0.0995892
33.0235,13.2726,0.0995892
33.0348,13.2726,0.0995892
33.0442,13.2726,0.0995892
33.0539,13.2726,0.0995892
33.0638,11.692,0.0392683
33.0737,11.692,0.0392683
33.0841,12.0329,0.0195192
33.0941,12.0329,0.0195192
33.104,11.848,0.0273679
33.1138,11.848,0.0273679
33.124,12.3878,0.0565509
33.1339,12.3878,0.0565509
33.1441,12.3878,0.0565509
33.1536,12.3878,0.0565509
33.1639,12.8319,0.373537
33.1737,12.8319,0.373537
33.1863,14.7388,0.274308
33.1945,14.7388,0.274308
33.2068,9.61248,0.288045
33.2138,9.61248,0.288045
33.2249,8.7475,0.228661
33.2341,8.7475,0.228661
33.2447,8.19047,0.125718
33.2538,8.19047,0.125718
33.2665,12.3949,0.0796555
33.2735,12.3949,0.0796555
33.285,8.69738,0.113882
33.2938,8.69738,0.113882
33.3041,8.69738,0.113882
33.3138,8.69738,0.113882
33.3235,6.69711,0.169614
33.3337,6.69711,0.169614
33.3437,12.3703,0.0745453
33.3573,12.3703,0.0745453
33.3646,11.094,0.136814
33.3739,11.094,0.136814
33.3846,9.88785,0.109595
33.3996,9.88785,0.109595
33.4036,6.18069,0.105309
33.4183,6.18069,0.105309
33.4254,6.61646,0.035242
33.438,6.61646,0.035242
33.4438,10.0502,0.0987775
33.4542,10.0502,0.0987775
33.4649,10.0502,0.0987775
33.4735,10.0502,0.0987775
33.4851,11.5557,0.12328
33.4937,8.20171,0.0590931
33.504,8.20171,0.0590931
33.5141,8.20171,0.0590931
33.5234,11.3904,0.0758288
33.5336,11.3904,0.0758288
33.5436,10.4964,0.056648
33.5553,10.4964,0.056648
33.5642,11.0296,0.104513
33.5746,11.0296,0.104513
33.5836,10.7151,0.0924067
33.5956,10.7151,0.0924067
33.6092,9.91454,0.0409023
33.6158,9.91454,0.0409023
33.6257,9.4798,0.00953939
33.6338,9.4798,0.00953939
33.6439,10.124,0.0403237
33.6555,10.124,0.0403237
33.665,10.0671,0.0540185
33.6735,10.0671,0.0540185
37.395,9.54057,0.00678233
37.4039,9.54057,0.00678233
37.4162,9.73731,0.007
37.4239,9.73731,0.007
37.4338,9.73731,0.007
37.4437,9.77467,0.00754983
37.4542,9.62691,0.00812404
37.4638,9.62691,0.00812404
37.4738,9.62691,0.00812404
37.4841,9.62691,0.00812404
37.4937,9.62691,0.00812404
37.5045,9.46844,0.00678233
37.5148,9.46844,0.00678233
37.5244,9.46844,0.00678233
37.535,9.46844,0.00678233
37.5436,9.70771,0.00678233
37.5541,9.70771,0.00678233
37.5645,9.73762,0.00591608
37.5735,9.73762,0.00591608
37.5842,9.72294,0.00678233
37.5939,9.72294,0.00678233
37.6039,9.58374,0.00574456
37.6152,9.48711,0.00678233
37.6236,9.48711,0.00678233
37.634,9.63172,0.00734847
37.6438,9.63172,0.00734847
37.6539,9.63172,0.00734847
37.666,9.63172,0.00734847
37.678,9.8244,0.00754983
37.6835,9.8244,0.00754983
37.6935,9.8244,0.00754983
37.7039,9.8244,0.00754983
37.714,9.50188,0.00640312
37.7236,9.50188,0.00640312
37.734,9.50202,0.00678233
37.7435,9.50202,0.00678233
37.7546,9.50202,0.00678233
37.7653,9.55973,0.00768115
37.7735,9.55973,0.00768115
37.7836,9.69914,0.007
37.7938,9.72339,0.00678233
37.8037,9.72339,0.00678233
37.815,9.72339,0.00678233
37.8235,9.79545,0.007
37.8347,9.79545,0.007
37.8438,9.79545,0.007
37.8545,9.65582,0.00866025
37.8658,9.65582,0.00866025
37.8751,9.57888,0.00728011
37.8851,9.57888,0.00728011
37.8942,9.58853,0.00640312
37.9037,9.58853,0.00640312
37.9151,9.58853,0.00640312
37.9238,9.76641,0.00678233
37.9339,9.76641,0.00678233
37.9439,9.76641,0.00678233
37.9549,9.76641,0.00678233
37.9642,9.66478,0.00678233
37.9734,9.66478,0.00678233
37.9841,9.54055,0.00678233
37.9937,9.54055,0.00678233
38.0041,9.47331,0.00748331
38.0157,9.47331,0.00748331
38.0251,9.47331,0.00748331
38.0338,9.47331,0.00748331
38.0435,9.76635,0.00728011
38.0545,9.76635,0.00728011
38.0638,9.81394,0.00678233
38.0734,9.75119,0.00640312
38.0835,9.75119,0.00640312
38.0945,9.75119,0.00640312
38.1038,9.75119,0.00640312
38.1158,9.75119,0.00640312
38.1242,9.52555,0.00678233
38.1337,9.52555,0.00678233
38.1436,9.62691,0.00591608
38.1543,9.62691,0.00591608
38.1654,9.73722,0.00648074
38.1734,9.73722,0.00648074
38.1837,9.82355,0.007
38.1935,9.82355,0.007
38.2047,9.82355,0.007
38.2156,9.56489,0.00728011
38.2236,9.56489,0.00728011
38.2337,9.54542,0.00591608
38.2438,9.54542,0.00591608
38.256,9.52147,0.00728011
38.2674,9.52147,0.00728011
38.2747,9.52147,0.00728011
38.2835,9.52147,0.00728011
38.2936,9.76078,0.00678233
38.3036,9.76078,0.00678233
38.3154,9.76078,0.00678233
38.3253,9.81815,0.00678233
38.3336,9.81815,0.00678233
38.3437,9.67451,0.00728011
38.3556,9.67451,0.00728011
38.3659,9.52572,0.00591608
38.3743,9.52572,0.00591608
38.3835,9.52572,0.00591608
38.3946,9.52572,0.00591608
38.4084,9.62166,0.00640312
38.4151,9.62166,0.00640312
38.4242,9.77491,0.00768115
38.4337,9.77491,0.00768115
38.444,9.84725,0.00640312
38.4558,9.84725,0.00640312
38.4667,9.68437,0.00591608
38.4734,9.56024,0.00678233
38.4835,9.56024,0.00678233
38.4944,9.56024,0.00678233
38.5037,9.52551,0.00678233
38.5151,9.52551,0.00678233
38.5235,9.62629,0.00547723
38.535,9.62629,0.00547723
38.5439,9.62629,0.00547723
38.5536,9.79054,0.00591608
38.564,9.79054,0.00591608
38.5737,9.76137,0.00591608
38.5851,9.76137,0.00591608
40.8165,9.52153,0.00591608
40.8242,9.53519,0.00768115
40.8336,9.53519,0.00768115
40.8437,9.53519,0.00768115
40.8541,9.53519,0.00768115
40.8636,9.75587,0.00728011
40.8735,9.75587,0.00728011
40.8864,9.79029,0.00812404
40.8939,9.6841,0.007
40.9048,9.6841,0.007
40.9176,9.63618,0.00591608
40.9248,9.63618,0.00591608
40.9338,9.63618,0.00591608
40.9468,9.63618,0.00591608
40.9534,9.63618,0.00591608
40.9635,9.55464,0.00728011
40.9735,9.55464,0.00728011
40.9837,9.67499,0.00678233
40.9937,9.67499,0.00678233
41.0036,9.66485,0.00640312
41.0166,9.79036,0.00591608
41.0243,9.79036,0.00591608
41.0351,9.79036,0.00591608
41.0435,9.68012,0.00640312
41.0536,9.68012,0.00640312
41.0642,9.5161,0.00734847
41.0751,9.47872,0.00678233
41.0836,9.47872,0.00678233
41.0936,9.47872,0.00678233
41.1039,9.47872,0.00678233
41.1141,9.47872,0.00678233
41.1235,9.68883,0.00616441
41.1336,9.68883,0.00616441
41.1436,9.84756,0.00640312
41.1542,9.84756,0.00640312
41.1666,9.68385,0.00678233
41.1754,9.68385,0.00678233
41.1837,9.68385,0.00678233
41.1935,9.68385,0.00678233
41.2037,9.5549,0.00728011
41.2139,9.5549,0.00728011
41.2237,9.54529,0.00591608
41.2335,9.54529,0.00591608
41.2437,9.54529,0.00591608
41.2541,9.74739,0.00591608
41.2655,9.74739,0.00591608
41.2758,9.74739,0.00591608
41.2835,9.67013,0.00640312
41.2935,9.67013,0.00640312
41.3038,9.61315,0.00640312
41.3136,9.61315,0.00640312
41.3237,9.61315,0.00640312
41.3337,9.61315,0.00640312
41.344,9.45456,0.00678233
41.3542,9.45456,0.00678233
41.3645,9.45456,0.00678233
41.3734,9.45456,0.00678233
41.3837,9.67957,0.00640312
41.3942,9.83325,0.00591608
41.4041,9.83325,0.00591608
41.4142,9.77511,0.00678233
41.4235,9.77511,0.00678233
41.4337,9.64127,0.00591608
41.4436,9.64127,0.00591608
41.454,9.64127,0.00591608
41.4638,9.57366,0.00728011
41.4734,9.57366,0.00728011
41.484,9.53035,0.00678233
41.4935,9.53035,0.00678233
41.5041,9.53035,0.00678233
41.5138,9.77504,0.00678233
41.5235,9.77504,0.00678233
41.5339,9.77504,0.00678233
41.5438,9.77504,0.00678233
41.5535,9.70812,0.00678233
41.5649,9.70812,0.00678233
41.5735,9.70812,0.00678233
41.5836,9.57368,0.00728011
41.5937,9.57368,0.00728011
41.6036,9.50142,0.00678233
41.6147,9.50142,0.00678233
41.6234,9.54926,0.00734847
41.6339,9.54926,0.00734847
41.6435,9.64039,0.00678233
41.6538,9.64039,0.00678233
41.6653,9.78505,0.00640312
41.6735,9.78505,0.00640312
41.684,9.78505,0.00640312
41.6935,9.70795,0.00640312
41.7039,9.70795,0.00640312
41.7159,9.53011,0.00768115
41.7235,9.53011,0.00768115
41.7335,9.45831,0.00728011
41.7435,9.45831,0.00728011
41.7542,9.45831,0.00728011
41.7638,9.57387,0.00591608
41.7736,9.57387,0.00591608
41.7853,9.57387,0.00591608
41.7935,9.57387,0.00591608
41.8045,9.80398,0.00648074
41.8143,9.80398,0.00648074
41.8246,9.79001,0.00547723
41.8338,9.79001,0.00547723
41.8436,9.5887,0.00812404
41.8539,9.5887,0.00812404
41.8646,9.5887,0.00812404
41.8739,9.5887,0.00812404
41.8835,9.52515,0.0067082
41.8936,9.52515,0.0067082
41.9038,9.57831,0.00678233
41.9161,9.57831,0.00678233
41.9236,9.69402,0.00640312
41.9338,9.69402,0.00640312
41.9435,9.69402,0.00640312
41.9545,9.69402,0.00640312
41.9666,9.77124,0.007
41.9739,9.77124,0.007
44.1738,10.1577,0.115806
44.184,10.1577,0.115806
44.1947,10.9008,0.0553624
44.2059,8.57127,0.0637024
44.2161,8.57127,0.0637024
44.2235,8.10923,0.0596741
44.2338,8.10923,0.0596741
44.2438,10.0025,0.103759
44.2557,10.0025,0.103759
44.2637,10.0025,0.103759
44.2736,10.0025,0.103759
44.2838,10.342,0.0257876
44.294,10.342,0.0257876
44.3036,9.81725,0.0224944
44.3143,9.81725,0.0224944
44.3234,9.46383,0.00538516
44.3339,9.46383,0.00538516
44.3437,11.6837,0.0404228
44.3541,11.6837,0.0404228
44.3642,11.6837,0.0404228
44.3734,11.8041,0.453848
44.3838,11.8041,0.453848
44.3938,5.84411,0.593736
44.4038,9.96832,0.230378
44.4153,9.96832,0.230378
44.4236,9.29078,0.319983
44.4337,9.29078,0.319983
44.4436,8.93109,0.208909
44.4544,8.93109,0.208909
44.4637,5.78544,0.120938
44.4737,5.78544,0.120938
44.4839,7.73664,0.685794
44.4938,7.73664,0.685794
44.5039,9.52863,0.579184
44.5143,9.52863,0.579184
44.5237,14.4932,0.443594
44.5341,14.4932,0.443594
44.5438,14.4932,0.443594
44.5541,11.1868,0.240062
44.564,7.78709,0.503502
44.5736,7.78709,0.503502
44.5837,13.7921,0.273079
44.5939,13.7921,0.273079
44.606,11.7597,0.0728286
44.6149,11.7597,0.0728286
44.6235,13.8059,0.12302
44.635,13.8059,0.12302
44.6436,13.8059,0.12302
44.6546,13.8059,0.12302
44.6636,4.85919,0.0660681
44.674,4.85919,0.0660681
44.6836,15.9786,0.222948
44.6935,15.9786,0.222948
44.7038,8.65325,0.50977
44.7141,8.65325,0.50977
44.7234,6.52642,0.466336
44.7338,6.52642,0.466336
44.7438,16.8899,0.224225
44.7546,16.8899,0.224225
44.7638,5.86692,0.169756
44.7735,5.86692,0.169756
44.7838,12.3261,0.0577408
44.794,12.3261,0.0577408
44.8035,9.18716,0.264131
44.8136,9.18716,0.264131
44.8235,9.18716,0.264131
44.8335,9.18716,0.264131
44.8438,9.4592,0.343087
44.8556,9.4592,0.343087
44.8641,9.92759,0.588498
44.8737,9.92759,0.588498
44.8837,9.92759,0.588498
44.8938,10.742,0.529436
44.9048,18.9231,0.294253
44.9137,18.9231,0.294253
44.9237,9.66737,0.0863597
44.9361,9.66737,0.0863597
44.9435,7.81258,0.023622
44.9539,7.81258,0.023622
44.9639,10.0367,0.0457056
44.9735,10.0367,0.0457056
44.9842,9.54098,0.0541572
44.9936,9.54098,0.0541572
45.0051,11.2107,0.056542
45.0168,11.2107,0.056542
45.0235,8.34465,0.0452769
45.0344,8.34465,0.0452769
45.0436,8.34465,0.0452769
45.0538,10.5884,0.171056
45.0644,10.5884,0.171056
45.0736,10.5884,0.171056
45.0836,8.67268,0.406757
45.0938,10.3129,0.5175
45.1045,10.3129,0.5175
45.1162,9.50444,0.565587
45.1236,8.91984,0.506953
45.1335,8.91984,0.506953
45.1439,8.91984,0.506953
45.1542,13.2597,0.347478
45.1645,8.9019,0.235807
45.1745,8.9019,0.235807
45.1836,9.47453,0.136217
45.1939,9.47453,0.136217
45.2055,9.66056,0.112942
45.2164,9.66056,0.112942
45.2234,9.27904,0.0749533
45.234,9.27904,0.0749533
45.2436,14.1217,0.270292
45.2596,14.1217,0.270292
45.2643,14.1217,0.270292
45.2735,16.0397,0.123657
45.2837,15.3034,0.401882
45.294,15.3034,0.401882
45.3052,15.3034,0.401882
45.3143,15.3034,0.401882
47.6238,15.2059,0.523305
47.6342,15.2059,0.523305
47.6441,15.2059,0.523305
47.6543,15.2059,0.523305
47.6706,8.26592,0.12627
47.6736,8.26592,0.12627
47.6835,8.26592,0.12627
47.6954,8.26592,0.12627
47.7064,8.37144,0.0488569
47.715,8.37144,0.0488569
47.7254,8.57134,0.0298496
47.7341,8.57134,0.0298496
47.7436,8.16434,0.0179165
47.7543,8.16434,0.0179165
47.7642,8.16434,0.0179165
47.7738,8.16434,0.0179165
47.7852,10.1813,0.133638
47.7945,10.1813,0.133638
47.8043,10.1813,0.133638
47.8154,10.4469,0.0995892
47.8244,10.4469,0.0995892
47.834,10.975,0.15715
47.8438,9.65617,0.146352
47.8542,9.65617,0.146352
47.8645,10.5928,0.122413
47.8761,10.5928,0.122413
47.8835,8.48285,0.0676831
47.8941,8.48285,0.0676831
47.9046,10.1316,0.0606795
47.9145,10.1316,0.0606795
47.9242,6.10777,0.127287
47.9337,6.10777,0.127287
47.9436,6.10777,0.127287
47.9537,6.31597,0.651725
47.9673,6.31597,0.651725
47.9735,11.9348,0.549534
47.9838,11.9348,0.549534
47.9937,11.9348,0.549534
48.0036,9.88829,0.185151
48.0138,9.88829,0.185151
48.0236,12.1813,0.119512
48.0337,12.1813,0.119512
48.0439,12.1813,0.119512
48.054,12.1813,0.119512
48.0669,10.3865,0.189634
48.0756,10.3865,0.189634
48.0834,9.53621,0.152384
48.0941,9.53621,0.152384
48.1037,9.53621,0.152384
48.1166,9.53621,0.152384
48.1242,9.71689,0.0472123
48.1339,9.71689,0.0472123
48.1438,9.08505,0.0226936
48.1546,9.08505,0.0226936
48.1666,9.30019,0.0103441
48.1753,9.30019,0.0103441
48.1835,9.30019,0.0103441
48.1937,9.30019,0.0103441
48.2035,9.63376,0.0166733
48.2142,9.63376,0.0166733
48.2247,9.63376,0.0166733
48.234,9.63376,0.0166733
48.2447,9.99572,0.00830662
48.2545,9.99572,0.00830662
48.2673,9.91369,0.0128841
48.2758,9.91369,0.0128841
48.2838,9.70779,0.00860233
48.2941,9.70779,0.00860233
48.3036,9.68587,0.00787401
48.3165,9.68587,0.00787401
48.3236,9.38751,0.0087178
48.3336,9.38751,0.0087178
48.3438,9.38751,0.0087178
48.3536,9.38751,0.0087178
48.368,9.51309,0.00640312
48.3739,9.51309,0.00640312
48.3842,9.63171,0.00734847
48.3945,9.63171,0.00734847
48.4043,9.63171,0.00734847
48.4153,9.63171,0.00734847
48.424,9.87203,0.00707107
48.4377,9.87203,0.00707107
48.4437,9.80479,0.00734847
48.4553,9.80479,0.00734847
48.4666,9.6162,0.009
48.4757,9.6162,0.009
48.4836,9.41014,0.00640312
48.4939,9.41014,0.00640312
48.5043,9.43456,0.00640312
48.5169,9.43456,0.00640312
48.5239,9.43456,0.00640312
48.534,9.43456,0.00640312
48.544,9.72751,0.00830662
48.554,9.72751,0.00830662
48.5648,9.85351,0.00714143
48.575,9.85351,0.00714143
48.5837,9.91005,0.00678233
48.5935,9.91005,0.00678233
48.6099,9.82871,0.00768115
48.6184,9.82871,0.00768115
48.6238,9.61297,0.00754983
48.6351,9.61297,0.00754983
48.6436,9.4542,0.00812404
48.654,9.4542,0.00812404
48.6697,9.39605,0.00927362
48.6742,9.39605,0.00927362
48.6843,9.39605,0.00927362
48.6941,9.46337,0.00734847
48.7055,9.46337,0.00734847
48.7154,9.46337,0.00734847
48.7238,9.82903,0.00734847
48.7341,9.82903,0.00734847
48.7438,9.95396,0.00734847
48.7544,9.95396,0.00734847
52.4544,11.9745,0.637926
52.4692,11.8301,0.433503
52.4784,11.8301,0.433503
52.4841,11.8301,0.433503
52.4944,11.8301,0.433503
52.5044,11.8301,0.433503
52.5185,9.20342,0.208214
52.5239,9.20342,0.208214
52.5344,13.8795,0.237859
52.5436,13.8795,0.237859
52.5548,11.0415,0.0850764
52.5679,11.0415,0.0850764
52.5743,12.1737,0.136165
52.5848,12.1737,0.136165
52.5936,13.4447,0.198759
52.6041,13.4447,0.198759
52.615,13.4447,0.198759
52.6237,5.60749,0.0873899
52.6337,8.1958,0.123102
52.644,8.1958,0.123102
52.6538,14.2544,0.0970206
52.6647,14.2544,0.0970206
52.6742,3.10975,0.194785
52.6842,3.10975,0.194785
52.6936,12.388,0.0801124
52.704,10.3673,0.281491
52.7157,10.3673,0.281491
52.7239,8.98038,0.236614
52.734,8.98038,0.236614
52.7437,8.98038,0.236614
52.754,11.13,0.148866
52.7661,8.90432,0.21833
52.777,8.90432,0.21833
52.785,8.90432,0.21833
52.7938,9.57518,0.130736
52.8037,9.57518,0.130736
52.8156,11.5066,0.225679
52.8245,11.5066,0.225679
52.834,11.3983,0.536062
52.8439,11.3983,0.536062
52.8561,11.3983,0.536062
52.8657,8.77565,0.768573
52.8747,8.77565,0.768573
52.8835,8.77565,0.768573
52.8956,8.77565,0.768573
52.9052,8.77565,0.768573
52.9143,8.29601,0.321755
52.9234,8.29601,0.321755
52.9341,9.79297,0.058112
52.9445,9.79297,0.058112
52.9558,9.31669,0.06179
52.9657,9.31669,0.06179
52.9744,8.51816,0.104312
52.9836,12.059,0.0547814
52.9936,12.059,0.0547814
53.0046,10.2951,0.0921846
53.017,10.2951,0.0921846
53.0269,10.2951,0.0921846
53.0344,10.7382,0.0459238
53.0439,10.7382,0.0459238
53.0539,9.50955,0.0722842
53.0649,9.50955,0.0722842
53.0741,16.4417,0.0240416
53.0837,16.4417,0.0240416
53.0937,16.4417,0.0240416
53.1048,7.02442,0.198361
53.1161,7.02442,0.198361
53.1264,7.02442,0.198361
53.1334,10.4389,0.16735
53.1447,10.4389,0.16735
53.1535,10.4389,0.16735
53.1661,11.5853,0.302056
53.174,11.6239,0.178561
53.1846,11.6239,0.178561
53.1935,12.3796,0.29626
53.2043,12.3796,0.29626
53.2175,9.76164,0.689514
53.2257,9.76164,0.689514
53.234,10.5918,0.601301
53.2438,10.5918,0.601301
53.2535,9.99303,0.432095
53.2638,13.1711,0.329498
53.2764,13.1711,0.329498
53.2843,8.84126,0.218884
53.2935,8.84126,0.218884
53.3049,12.069,0.102577
53.3139,12.069,0.102577
53.3241,12.069,0.102577
53.3336,8.22927,0.202864
53.3436,8.22927,0.202864
53.3535,10.412,0.158975
53.3653,10.412,0.158975
53.3772,8.4519,0.305265
53.3862,8.4519,0.305265
53.3955,6.44871,0.221192
53.4035,6.44871,0.221192
53.4146,6.52494,0.160627
53.4241,6.56829,0.218829
53.4373,6.56829,0.218829
53.4436,8.87931,0.093397
53.4545,8.87931,0.093397
53.4639,8.87931,0.093397
53.4756,7.80848,0.381479
53.4836,7.80848,0.381479
53.4938,9.3185,0.376703
53.5035,9.3185,0.376703
53.5152,8.03166,0.2655
53.5247,8.03166,0.2655
53.5336,8.03166,0.2655
53.5437,9.78626,0.040694
53.5543,9.78626,0.040694
53.5636,9.73822,0.100648
53.5748,9.73822,0.100648
53.5846,9.73822,0.100648
56.4641,9.99759,0.583446
56.4746,9.99759,0.583446
56.4851,9.31727,0.676398
56.4939,9.31727,0.676398
56.5047,12.2549,0.699196
56.514,12.2549,0.699196
56.524,15.0693,0.560464
56.5338,15.0693,0.560464
56.5449,15.7128,0.338093
56.5541,11.1291,0.405782
56.564,11.1291,0.405782
56.5752,11.1291,0.405782
56.5837,16.0562,0.21225
56.5939,16.0562,0.21225
56.6039,14.6516,0.422481
56.6169,15.0206,0.475623
56.624,15.0206,0.475623
56.6342,15.0125,0.621652
56.6439,15.0125,0.621652
56.6541,13.4913,0.477019
56.6659,13.4913,0.477019
56.6752,13.4913,0.477019
56.6838,23.0917,0.402472
56.6944,10.3509,0.0764264
56.704,10.3509,0.0764264
56.7156,8.15057,0.122323
56.7268,8.15057,0.122323
56.737,8.15057,0.122323
56.7436,10.7308,0.15446
56.7535,10.7308,0.15446
56.7658,10.1459,0.0143527
56.7758,10.1459,0.0143527
56.7842,8.12944,0.03245
56.7937,8.12944,0.03245
56.8035,11.2216,0.0695414
56.8166,11.2216,0.0695414
56.8248,10.3333,0.172003
56.8343,10.3333,0.172003
56.8435,7.10507,0.123649
56.8539,7.10507,0.123649
56.8683,7.10507,0.123649
56.8739,7.10507,0.123649
56.8837,8.92422,0.197066
56.8963,8.92422,0.197066
56.9065,16.3673,0.377892
56.9141,16.3673,0.377892
56.9237,4.35128,0.35699
56.9341,4.35128,0.35699
56.9446,11.2336,0.543925
56.9536,11.2336,0.543925
56.9644,9.27255,0.632966
56.9781,9.27255,0.632966
56.9861,10.3612,0.651925
56.9937,10.3612,0.651925
57.0038,11.8921,0.622532
57.0188,8.65274,0.539468
57.0249,8.65274,0.539468
57.0336,8.65274,0.539468
57.0437,9.32961,0.42795
57.054,9.32961,0.42795
57.0637,9.1045,0.349487
57.0752,9.1045,0.349487
57.0835,12.0878,0.245481
57.0938,12.0878,0.245481
57.104,7.73674,0.197003
57.1165,7.73674,0.197003
57.1248,8.22717,0.299013
57.1341,8.22717,0.299013
57.1447,7.83098,0.297017
57.1537,11.8466,0.224691
57.1656,11.8466,0.224691
57.175,7.18755,0.32484
57.1853,7.18755,0.32484
57.1953,7.18755,0.32484
57.2041,9.50777,0.357986
57.2136,9.50777,0.357986
57.226,5.09698,0.375758
57.2335,5.09698,0.375758
57.2473,11.2572,0.200195
57.2535,11.2572,0.200195
57.2655,11.2572,0.200195
57.2801,9.58056,0.0946256
57.284,9.88026,0.0711758
57.2937,9.88026,0.0711758
57.3035,7.27713,0.116164
57.3148,7.27713,0.116164
57.3313,7.27713,0.116164
57.3369,7.27713,0.116164
57.3438,7.27713,0.116164
57.3536,7.27713,0.116164
57.3637,9.63887,0.353517
57.3767,9.63887,0.353517
57.3838,12.3381,0.332181
57.3937,6.09585,0.495106
57.4037,6.09585,0.495106
57.4137,6.09585,0.495106
57.4259,7.99335,0.593054
57.4346,7.99335,0.593054
57.4436,5.66257,0.693857
57.4538,5.66257,0.693857
57.4641,9.86833,0.543767
57.4782,9.86833,0.543767
57.4843,10.5356,0.281274
57.4935,10.5356,0.281274
57.5035,4.98027,0.0602744
57.5139,4.98027,0.0602744
57.53,13.5962,0.0781473
57.5336,8.96359,0.125483
57.5453,8.96359,0.125483
57.5548,8.96359,0.125483
57.5713,10.8904,0.159809
57.5745,10.8904,0.159809
57.5888,6.52769,0.378947
57.594,6.52769,0.378947
57.6036,15.0846,0.431834
57.6145,15.0846,0.431834
59.2858,6.10485,0.0767919
59.2934,6.10485,0.0767919
59.3037,7.30592,0.0224944
59.3138,7.30592,0.0224944
59.325,11.7214,0.0955249
59.3339,11.7214,0.0955249
59.3436,10.3242,0.139732
59.3543,10.3242,0.139732
59.3644,9.35457,0.072208
59.3755,9.35457,0.072208
59.3838,14.7608,0.076974
59.4012,14.7608,0.076974
59.4049,11.6122,0.342759
59.4138,9.19349,0.409343
59.4247,9.19349,0.409343
59.4387,9.66684,0.360353
59.4455,9.66684,0.360353
59.4549,9.66684,0.360353
59.4655,11.6339,0.29259
59.4755,11.6339,0.29259
59.4844,11.0958,0.221723
59.4934,11.0958,0.221723
59.5035,10.1892,0.206824
59.5138,10.1892,0.206824
59.5305,11.4072,0.167705
59.5368,11.4072,0.167705
59.5436,9.59086,0.0398497
59.5541,4.81945,0.188714
59.5643,4.81945,0.188714
59.5756,4.81945,0.188714
59.5861,10.5329,0.20618
59.5941,10.5329,0.20618
59.6057,8.36851,0.258174
59.6141,8.36851,0.258174
59.6283,11.2476,0.157737
59.6369,8.20642,0.0828251
59.6435,8.20642,0.0828251
59.6535,8.20642,0.0828251
59.6638,10.5689,0.0582838
59.6773,10.5689,0.0582838
59.6846,10.7867,0.165242
59.6936,10.7867,0.165242
59.7035,10.7867,0.165242
59.7156,9.80424,0.0792212
59.7275,9.71387,0.0846818
59.7337,9.71387,0.0846818
59.744,8.80727,0.10098
59.7535,8.80727,0.10098
59.7648,8.80727,0.10098
59.7774,8.80727,0.10098
59.786,11.0778,0.0877325
59.7935,11.0778,0.0877325
59.8076,11.0778,0.0877325
59.8136,11.0778,0.0877325
59.8236,7.58898,0.117754
59.8351,7.58898,0.117754
59.8467,7.91484,0.110454
59.8539,7.91484,0.110454
59.8637,8.90653,0.0705762
59.8758,8.90653,0.0705762
59.8843,7.35684,0.0595147
59.8935,7.35684,0.0595147
59.9039,7.92767,0.0470213
59.9138,7.92767,0.0470213
59.93,7.92767,0.0470213
59.936,9.57462,0.0164012
59.9435,9.57462,0.0164012
59.9538,9.57462,0.0164012
59.9652,9.95505,0.0282312
59.9753,9.95505,0.0282312
59.9843,9.80222,0.11095
59.9934,9.80222,0.11095
60.0039,9.30814,0.0336006
60.0167,9.30814,0.0336006
60.0257,9.4623,0.0342053
60.0342,9.4623,0.0342053
60.0442,9.32097,0.0711407
60.0553,9.32097,0.0711407
60.0641,5.33666,0.106696
60.0761,5.33666,0.106696
60.0879,13.443,0.0572276
60.0935,13.443,0.0572276
60.1037,9.15337,0.0454973
60.1139,9.15337,0.0454973
60.1237,11.2538,0.0145258
60.1339,11.2538,0.0145258
60.1437,11.0318,0.0821401
60.1539,10.2109,0.0301662
60.1638,10.2109,0.0301662
60.174,10.2109,0.0301662
60.1839,7.01267,0.0951788
60.1935,7.01267,0.0951788
60.2035,7.01267,0.0951788
60.2157,9.32218,0.0422137
60.2257,9.49318,0.0514393
60.2381,9.49318,0.0514393
60.2437,9.79625,0.0364692
60.2536,9.79625,0.0364692
60.2645,10.7516,0.0905207
60.2758,10.7516,0.0905207
60.2841,10.7516,0.0905207
60.2941,10.7516,0.0905207
60.3041,11.4726,0.0958436
60.3147,11.4726,0.0958436
60.3278,7.17983,0.0940904
60.3346,7.17983,0.0940904
60.3436,11.8038,0.0357351
60.3542,11.8038,0.0357351
60.3641,8.93152,0.00458258
60.3742,8.93152,0.00458258
60.3845,7.35817,0.0403609
60.3937,7.35817,0.0403609
60.4047,9.65384,0.0270924
60.415,9.65384,0.0270924
62.3252,9.87315,0.172409
62.334,9.87315,0.172409
62.3462,7.55623,0.0928063
62.3551,7.55623,0.0928063
62.3684,9.05471,0.108264
62.3744,9.05471,0.108264
62.3836,9.05849,0.141655
62.3973,9.05849,0.141655
62.4059,7.41112,0.0327109
62.4144,7.41112,0.0327109
62.4241,7.2535,0.0856563
62.4362,7.2535,0.0856563
62.4446,10.312,0.179627
62.4552,10.312,0.179627
62.4645,9.92696,0.0476025
62.4744,9.92696,0.0476025
62.4839,9.93871,0.0831204
62.4942,8.93104,0.340367
62.5041,8.93104,0.340367
62.5135,8.93104,0.340367
62.5239,8.94543,0.318718
62.5338,5.61441,0.158174
62.544,5.61441,0.158174
62.5588,5.61441,0.158174
62.5639,5.87023,0.0940532
62.5739,5.87023,0.0940532
62.5835,4.16982,0.117584
62.594,4.16982,0.117584
62.6088,10.9014,0.213792
62.6153,10.9014,0.213792
62.6256,11.7052,0.0973447
62.6349,8.38082,0.136989
62.646,8.38082,0.136989
62.6541,8.38082,0.136989
62.6656,8.23016,0.113903
62.6755,10.8824,0.100802
62.6838,10.8824,0.100802
62.6938,10.8824,0.100802
62.7043,10.5597,0.070157
62.7134,10.5597,0.070157
62.7246,10.5597,0.070157
62.7397,10.5597,0.070157
62.7446,10.5597,0.070157
62.759,10.5597,0.070157
62.7648,8.31492,0.053
62.7763,8.31492,0.053
62.7853,8.4917,0.144776
62.7969,8.4917,0.144776
62.8049,10.0814,0.104714
62.817,5.78128,0.0981122
62.8242,5.78128,0.0981122
62.8353,5.78128,0.0981122
62.8457,7.91382,0.067897
62.8617,7.91382,0.067897
62.8639,8.84918,0.194615
62.8774,9.66021,0.494908
62.8843,9.66021,0.494908
62.8945,9.66021,0.494908
62.905,6.83838,0.320381
62.9146,6.83838,0.320381
62.9239,7.21088,0.111319
62.9354,8.53306,0.129298
62.9458,8.53306,0.129298
62.9568,8.53306,0.129298
62.9669,9.91034,0.0797809
62.974,9.91034,0.0797809
62.9865,9.64735,0.106705
62.9957,12.4346,0.130755
63.0072,12.4346,0.130755
63.0138,8.52861,0.0583181
63.0252,8.52861,0.0583181
63.0357,8.52861,0.0583181
63.0504,9.95015,0.0570263
63.06,9.95015,0.0570263
63.0651,9.31232,0.0626418
63.0745,9.31232,0.0626418
63.0841,8.61805,0.124551
63.0991,8.61805,0.124551
63.1047,11.8329,0.0393192
63.116,11.8329,0.0393192
63.1264,10.8231,0.0618708
63.1336,10.8231,0.0618708
63.1454,9.44624,0.279095
63.1588,9.44624,0.279095
63.1656,10.9958,0.189911
63.1735,10.9958,0.189911
63.184,9.9404,0.0474342
63.1963,10.4548,0.0834925
63.2036,10.4548,0.0834925
63.218,10.4548,0.0834925
63.2236,9.53103,0.163417
63.2478,9.53103,0.163417
63.2557,11.1881,0.101218
63.2653,6.47894,0.0667158
63.2757,6.47894,0.0667158
63.2838,4.67364,0.351189
63.2945,4.67364,0.351189
63.3041,19.2366,0.0807775
63.3146,4.89899,0.0866545
63.3245,4.89899,0.0866545
63.3341,4.89899,0.0866545
63.3447,10.1277,0.0807465
63.3543,10.1277,0.0807465
63.3664,10.2661,0.121569
63.3738,10.2661,0.121569
63.3841,8.72765,0.117958
63.3944,8.72765,0.117958
63.4041,10.5362,0.10458
63.4146,10.5362,0.10458
63.4249,11.6298,0.117987
63.4373,11.6298,0.117987
63.447,9.63451,0.0531037
63.455,9.63451,0.0531037
63.4657,15.922,0.121668
63.4742,15.922,0.121668
63.4865,6.98366,0.254458
63.4936,6.98366,0.254458
63.5039,8.77204,0.244008
63.5141,8.77204,0.244008
63.5239,10.9362,0.233386
63.537,10.9362,0.233386
63.5436,10.7739,0.0676757
65.6968,9.41137,0.00734847
65.7078,9.41137,0.00734847
65.7148,9.41137,0.00734847
65.7246,9.45825,0.00830662
65.7343,9.45825,0.00830662
65.7454,9.56862,0.00640312
65.7538,9.56862,0.00640312
65.766,9.69383,0.00768115
65.7738,9.69383,0.00768115
65.7842,9.69898,0.00830662
65.7948,23.8566,0.0122066
65.8044,23.8566,0.0122066
65.8141,9.00875,0.359118
65.8238,9.00875,0.359118
65.8341,11.4135,0.0884647
65.8437,11.4135,0.0884647
65.8535,11.4135,0.0884647
65.8639,11.2338,0.297733
65.8759,11.2338,0.297733
65.8837,11.2338,0.297733
65.8944,7.11444,0.0475395
65.9034,7.11444,0.0475395
65.9141,13.2978,0.284044
65.9235,13.2978,0.284044
65.9361,10.2042,0.273146
65.9461,9.79499,0.216217
65.9542,9.79499,0.216217
65.9638,9.79499,0.216217
65.9737,9.79499,0.216217
65.9843,11.725,0.169234
65.9958,11.725,0.169234
66.0037,9.89392,0.106066
66.0144,9.89392,0.106066
66.0244,8.31572,0.158931
66.0356,8.31572,0.158931
66.0438,8.59807,0.135518
66.0537,8.59807,0.135518
66.0635,10.859,0.0472229
66.0758,4.94267,0.977387
66.0837,4.94267,0.977387
66.0942,4.94267,0.977387
66.1045,8.03313,1.47157
66.114,8.03313,1.47157
66.1235,11.4746,0.63656
66.1341,5.83706,0.500819
66.144,5.83706,0.500819
66.1536,5.83706,0.500819
66.1641,12.0435,1.0546
66.1738,10.7543,0.388161
66.1841,10.7543,0.388161
66.1945,10.7543,0.388161
66.2038,1.27232,0.160003
66.2139,1.27232,0.160003
66.2238,14.2118,0.160733
66.2341,14.2118,0.160733
66.2452,12.4318,0.149194
66.2538,12.4318,0.149194
66.2639,10.2833,0.123633
66.2742,9.24897,0.107009
66.2837,9.24897,0.107009
66.2944,9.24897,0.107009
66.3037,9.76651,0.0740945
66.3158,9.76651,0.0740945
66.3251,12.1212,0.032573
66.3341,12.1212,0.032573
66.3438,8.56516,0.0346554
66.3536,8.87381,0.0222935
66.3651,8.87381,0.0222935
66.3741,8.87381,0.0222935
66.3845,8.83918,0.0290172
66.394,8.83918,0.0290172
66.4048,11.9174,0.0233452
66.414,11.9174,0.0233452
66.4243,8.6763,0.00916515
66.4349,8.6763,0.00916515
66.4449,8.87367,0.00860233
66.4541,8.87367,0.00860233
66.4635,9.47396,0.00574456
66.4736,9.47396,0.00574456
66.4835,10.5601,0.0139284
66.4943,10.3246,0.00374166
66.5053,10.3246,0.00374166
66.5137,10.3246,0.00374166
66.5238,9.96396,0.0384318
66.5342,6.06629,0.0446878
66.5444,6.06629,0.0446878
66.5543,9.08054,0.0263059
66.5672,9.08054,0.0263059
66.5767,9.08054,0.0263059
66.5903,10.331,0.0284429
66.5982,10.331,0.0284429
66.6046,7.59176,0.0237908
66.6169,7.59176,0.0237908
66.6254,6.77839,0.0106771
66.6336,6.77839,0.0106771
66.6472,9.76059,0.0581034
66.6544,9.76059,0.0581034
66.6647,9.28971,0.0165529
66.6752,9.28971,0.0165529
66.6836,11.0494,0.00648074
66.6957,8.56067,0.0201494
66.7037,8.56067,0.0201494
66.7149,10.2418,0.010247
66.7264,10.2418,0.010247
66.7355,10.2418,0.010247
66.7467,4.41437,0.0641093
66.7563,4.41437,0.0641093
66.7651,6.65087,0.198313
66.7736,6.65087,0.198313
66.784,9.56479,0.479086
66.7941,9.56479,0.479086
66.8041,11.1419,0.126799
66.8174,11.1419,0.126799
66.8237,6.2785,0.3722
66.8337,6.2785,0.3722
66.8438,6.2785,0.3722
66.8541,6.2785,0.3722
69.0034,7.75995,1.47353
69.0134,7.62396,1.48032
69.0235,7.62396,1.48032
69.0335,8.76942,1.50969
69.0434,8.76942,1.50969
69.0534,8.76703,1.55854
69.0636,8.76703,1.55854
69.0746,9.12468,1.63197
69.0836,9.12468,1.63197
69.0934,9.03822,1.67398
69.1035,9.03822,1.67398
69.1137,9.34496,1.66682
69.1235,9.34496,1.66682
69.1335,10.0238,1.63542
69.1434,10.0238,1.63542
69.1535,10.665,1.59843
69.1636,10.665,1.59843
69.1735,10.665,1.59843
69.1836,11.0429,1.5975
69.1937,11.6768,1.64905
69.2036,11.6768,1.64905
69.2136,12.4047,1.70171
69.2235,12.4047,1.70171
69.2336,12.8752,1.75756
69.2436,12.8752,1.75756
69.2534,12.9127,1.83859
69.2635,12.9127,1.83859
69.2737,12.6746,1.97088
69.2836,12.6746,1.97088
69.2936,13.1631,2.10504
69.3036,13.1631,2.10504
69.3137,13.1631,2.10504
69.3236,12.3285,2.16579
69.3335,12.1156,2.19237
69.3434,12.1156,2.19237
69.3537,12.1156,2.19237
69.3635,11.7174,2.31249
69.3734,11.1714,2.42738
69.3835,11.1714,2.42738
69.3936,10.3664,2.51225
69.4035,10.3664,2.51225
69.4137,9.51992,2.57154
69.4235,9.51992,2.57154
69.4337,9.51992,2.57154
69.4436,8.60539,2.57949
69.4535,7.99618,2.54615
69.4636,7.99618,2.54615
69.4736,7.41012,2.47903
69.4835,7.41012,2.47903
69.4936,7.34362,2.41853
69.5035,7.34362,2.41853
69.5136,7.34362,2.41853
69.5237,7.01517,2.38627
69.5335,6.91725,2.38986
69.5434,6.91725,2.38986
69.5534,6.57469,2.38281
69.5635,6.57469,2.38281
69.5735,6.58534,2.34319
69.5837,6.58534,2.34319
69.5937,6.80779,2.28508
69.6034,6.80779,2.28508
69.6135,7.27547,2.22797
69.6235,7.27547,2.22797
69.6335,7.41408,2.16947
69.6434,7.41408,2.16947
69.6537,7.59597,2.08639
69.6636,7.59597,2.08639
69.6735,7.59597,2.08639
69.6834,8.1148,2.03464
69.6935,8.528,1.99235
69.7034,8.528,1.99235
69.7134,9.1896,1.88629
69.7234,9.1896,1.88629
69.7336,9.71607,1.78054
69.7434,9.71607,1.78054
69.7536,10.357,1.71379
69.7634,10.357,1.71379
69.7737,10.357,1.71379
69.7834,10.6529,1.67782
69.7936,10.6529,1.67782
69.8038,11.1745,1.63969
69.8143,11.0955,1.72535
69.8235,11.0955,1.72535
69.8335,11.0955,1.72535
69.8435,10.7085,1.82245
69.8537,10.424,1.814
69.8635,10.424,1.814
69.8744,10.346,1.72027
69.8837,10.346,1.72027
69.8934,10.5149,1.70437
69.9036,10.5149,1.70437
69.9135,10.1448,1.80653
69.9236,10.1448,1.80653
69.9337,10.0152,1.86115
69.9436,10.0152,1.86115
69.9536,9.988,1.86017
69.9635,9.988,1.86017
69.9735,9.82023,1.90571
69.9834,9.82023,1.90571
69.9935,9.82023,1.90571
70.0036,9.38485,1.98277
70.0135,8.77874,2.02876
70.0236,8.77874,2.02876
70.0335,8.35777,2.04122
70.0434,8.35777,2.04122
70.0534,7.86519,2.04151
70.0635,7.86519,2.04151
70.0738,7.86519,2.04151
70.0834,8.13742,2.08218
70.0934,7.80223,2.15109
70.1035,7.80223,2.15109
70.1136,7.94873,2.21952
70.1234,7.94873,2.21952
70.1334,8.00732,2.2604
70.1436,8.00732,2.2604
70.1534,8.4671,2.30909
70.1636,8.4671,2.30909
70.1737,8.54582,2.38475
70.1834,8.54582,2.38475
70.1934,9.01827,2.47541
70.2036,9.01827,2.47541
70.2134,9.30459,2.58979
70.2235,9.30459,2.58979
70.2336,9.35277,2.71997
70.2435,9.35277,2.71997
70.2534,9.35277,2.71997
70.2636,9.25653,2.87639
70.2739,9.00047,3.00293
70.2835,9.00047,3.00293
70.2934,8.96851,3.02143
70.3034,8.96851,3.02143
70.3134,9.04943,2.96996
70.3236,9.04943,2.96996
70.3335,9.01891,2.92905
70.3435,9.01891,2.92905
70.3536,9.17576,2.9154
70.3635,9.17576,2.9154
70.3736,9.24217,2.94697
70.3835,9.24217,2.94697
70.3937,9.24217,2.94697
70.4034,9.15908,3.03475
70.4135,9.15908,3.03475
70.4237,9.00764,3.13449
70.4334,8.74621,3.1591
70.4434,8.74621,3.1591
70.4534,8.70209,3.01711
70.4634,8.70209,3.01711
70.4738,8.99735,2.80423
70.4835,8.99735,2.80423
70.4937,9.04712,2.66505
70.5035,9.04712,2.66505
70.5135,8.88159,2.56732
70.5236,8.88159,2.56732
70.5335,8.75612,2.40456
70.5434,8.75612,2.40456
70.5534,9.31449,2.20901
70.5636,9.31449,2.20901
70.5734,8.76638,2.08626
70.5835,8.76638,2.08626
70.5935,8.49888,2.04165
70.6035,8.49888,2.04165
70.6135,8.07334,2.04102
70.6235,8.07334,2.04102
70.6334,8.07334,2.04102
70.6435,7.76988,2.01227
70.6537,7.32328,1.93134
70.6635,7.32328,1.93134
70.6734,7.32328,1.93134
70.6836,7.05636,1.81751
70.6936,6.81967,1.69076
70.7035,6.81967,1.69076
70.7135,6.31648,1.52985
70.7234,6.31648,1.52985
70.7334,6.01503,1.37114
70.7434,6.01503,1.37114
70.7534,6.0369,1.21875
70.7635,6.0369,1.21875
70.7735,6.63201,1.08644
70.7835,6.63201,1.08644
70.7936,7.68778,0.992763
70.8036,7.68778,0.992763
70.8137,7.68778,0.992763
70.8235,8.17707,0.97374
70.8335,7.86275,1.03713
70.8437,7.86275,1.03713
70.8534,7.78063,1.09999
70.8635,7.78063,1.09999
70.8741,7.9696,1.12346
70.8834,7.9696,1.12346
70.8938,8.24197,1.12733
70.9035,8.24197,1.12733
70.9135,7.70956,1.0827
70.9234,7.70956,1.0827
70.9339,7.64635,0.959085
70.9442,7.64635,0.959085
70.9544,7.64635,0.959085
70.9635,8.37477,0.835365
70.9734,8.76443,0.743872
70.9835,8.76443,0.743872
70.9934,8.6056,0.666191
71.0036,8.6056,0.666191
71.0137,9.04797,0.649084
71.0235,9.04797,0.649084
71.0336,9.04797,0.649084
71.0436,8.9801,0.665404
71.0535,8.86092,0.568251
71.0636,8.86092,0.568251
71.0736,9.33479,0.32097
71.0835,9.33479,0.32097
71.0934,9.86006,0.266103
71.1036,9.86006,0.266103
71.1135,10.5308,0.464126
71.1236,10.5308,0.464126
71.1334,10.7674,0.678279
71.1434,10.7674,0.678279
71.1535,11.3253,0.87667
71.1637,11.3253,0.87667
71.1737,11.7033,1.01576
71.1836,11.7033,1.01576
71.1935,11.4149,1.12127
71.2036,11.4149,1.12127
71.2135,11.3063,1.19874
71.2236,11.3063,1.19874
71.2337,11.3063,1.19874
71.2435,11.7973,1.24377
71.2536,12.1387,1.27145
71.2635,12.1387,1.27145
71.2741,12.1387,1.27145
71.2835,12.1884,1.22762
71.2935,12.1102,1.09295
71.3035,12.1102,1.09295
71.3138,12.4805,0.93633
71.3238,12.4805,0.93633
71.3336,12.0862,0.803514
71.3435,12.0862,0.803514
71.3534,12.5927,0.673946
71.3637,12.5927,0.673946
71.3737,11.958,0.57426
71.3835,11.958,0.57426
71.3935,12.3202,0.548294
71.4035,12.3202,0.548294
71.4137,12.3202,0.548294
71.4237,12.0707,0.408375
71.4335,61.1439,0.610955
71.4434,61.1439,0.610955
71.4538,17.6149,2.97491
71.4635,17.6149,2.97491
71.4738,16.3625,2.07368
71.4835,16.3625,2.07368
71.4937,16.3625,2.07368
71.5037,11.5583,1.40454
71.5135,8.45333,1.1974
71.5236,8.45333,1.1974
71.5335,10.5145,1.23337
71.5436,10.5145,1.23337
71.5535,10.8333,1.08608
71.5634,10.8333,1.08608
71.5737,10.8333,1.08608
71.5835,20.7908,1.0628
71.5934,20.7908,1.0628
71.6034,9.65417,0.197013
71.6137,7.28403,0.354737
71.6234,7.28403,0.354737
71.6335,16.0724,0.146646
71.6437,16.0724,0.146646
71.6535,16.0724,0.146646
71.6634,3.44914,0.124431
71.6737,7.98263,0.226579
71.6837,7.98263,0.226579
71.6934,7.66675,0.334703
71.7034,7.66675,0.334703
71.7136,7.66675,0.334703
71.7237,11.8284,0.0555878
71.7334,9.67221,0.208677
71.7434,9.67221,0.208677
71.7535,9.3438,0.0644127
71.7635,9.3438,0.0644127
71.7738,11.1149,0.0658939
71.7851,11.1149,0.0658939
71.7935,10.0612,0.0551906
71.8035,10.0612,0.0551906
71.8135,10.0612,0.0551906
71.8235,9.58789,0.139352
71.8338,9.58789,0.139352
71.8434,6.95871,0.301133
71.8534,8.8976,0.214495
71.8634,8.8976,0.214495
71.8735,10.0283,0.0755513
71.8835,10.0283,0.0755513
71.8934,10.2113,0.182027
71.9035,10.2113,0.182027
71.9136,9.53326,0.119967
71.9236,9.53326,0.119967
71.9337,9.53326,0.119967
71.9437,9.31937,0.037
71.9535,9.89764,0.0291376
71.9636,9.89764,0.0291376
71.9734,10.8748,0.0922876
71.9834,10.8748,0.0922876
71.9934,8.80259,0.0987674
72.0035,8.80259,0.0987674
72.0135,10.0967,0.127098
72.0235,10.0967,0.127098
72.0334,10.2191,0.0152643
72.0434,10.2191,0.0152643
72.0535,10.2191,0.0152643
72.0635,7.03858,0.04994
72.0738,7.03858,0.04994
72.0835,15.0316,0.107355
72.0934,15.0316,0.107355
72.1039,10.3226,0.139879
72.1134,7.86758,0.0807651
72.1235,7.86758,0.0807651
72.1335,7.86758,0.0807651
72.1437,8.41137,0.00678233
72.1536,8.41137,0.00678233
72.1636,12.3604,0.0347707
72.1735,12.3604,0.0347707
72.1837,10.2669,0.261084
72.1935,11.4567,0.37002
72.2035,11.4567,0.37002
72.2134,11.4567,0.37002
72.2236,9.46276,0.424466
72.2335,7.0531,0.159116
72.2437,7.0531,0.159116
72.2538,7.0531,0.159116
72.2634,11.3937,0.0986458
72.2736,8.8533,0.11769
72.2834,8.8533,0.11769
72.2935,9.83325,0.0347275
72.3035,9.83325,0.0347275
72.3135,9.75047,0.0457493
72.3235,9.75047,0.0457493
72.3334,9.78912,0.0505272
72.3435,9.78912,0.0505272
72.3534,9.43832,0.0335559
72.3635,9.43832,0.0335559
72.3738,9.70459,0.0302324
72.3834,9.70459,0.0302324
72.3936,9.64902,0.00943398
72.4034,9.64902,0.00943398
72.4135,9.79035,0.0139284
72.4235,9.79035,0.0139284
72.4336,9.79035,0.0139284
72.4435,9.52758,0.00994987
72.4534,9.67435,0.0181108
72.4642,9.67435,0.0181108
72.4736,9.60202,0.00509902
72.4835,9.60202,0.00509902
72.4935,9.60202,0.00509902
72.5034,9.57344,0.011225
72.5134,9.82205,0.00591608
72.5235,9.82205,0.00591608
72.5338,9.64521,0.010247
72.5434,9.64521,0.010247
72.5538,9.64521,0.010247
72.5634,9.61202,0.00616441
72.5737,9.60712,0.00714143
72.5834,9.60712,0.00714143
72.5939,9.60712,0.00714143
72.6035,9.6123,0.00748331
72.6135,9.78914,0.00812404
72.6234,9.78914,0.00812404
72.6335,9.5213,0.00678233
72.6436,9.5213,0.00678233
72.6534,9.7792,0.00860233
72.6635,9.7792,0.00860233
72.6735,9.52504,0.00728011
72.6835,9.52504,0.00728011
72.6934,9.5491,0.00768115
72.7034,9.5491,0.00768115
72.7138,10.6736,0.00787401
72.7235,10.6736,0.00787401
72.7336,9.25912,0.00781025
72.7434,9.25912,0.00781025
72.7534,9.25912,0.00781025
72.7634,9.90894,0.00748331
72.7734,9.377,0.00734847
72.7836,9.377,0.00734847
72.7935,9.76016,0.00707107
72.8037,9.76016,0.00707107
72.8141,9.55448,0.008544
72.8234,9.55448,0.008544
72.8338,9.61244,0.00848528
72.8435,9.61244,0.00848528
72.8535,9.79416,0.00768115
72.8634,9.79416,0.00768115
72.8738,9.57346,0.00830662
72.8835,9.57346,0.00830662
72.8934,9.66913,0.00616441
72.9036,9.66913,0.00616441
72.9136,9.65903,0.00768115
72.9234,9.65903,0.00768115
72.9336,9.65903,0.00768115
72.9436,9.52121,0.00640312
72.9535,9.66406,0.00678233
72.9635,9.66406,0.00678233
72.9736,9.63119,0.00678233
72.9834,9.63119,0.00678233
72.9936,9.43004,0.00547723
73.0034,9.43004,0.00547723
73.0135,9.84602,0.00848528
73.0236,9.84602,0.00848528
73.0335,9.51113,0.00768115
73.0434,9.51113,0.00768115
73.0534,9.77401,0.00714143
73.0634,9.77401,0.00714143
73.074,9.6162,0.00678233
73.0835,9.6162,0.00678233
73.0934,9.66918,0.00768115
73.1035,9.66918,0.00768115
73.1136,9.69805,0.00678233
73.1234,9.69805,0.00678233
73.1335,9.69805,0.00678233
73.1436,9.5451,0.00754983
73.1538,9.5451,0.00754983
73.1634,9.7313,0.00734847
73.1736,9.7313,0.00734847
73.1834,9.7035,0.00734847
73.1936,9.48207,0.00678233
73.2036,9.48207,0.00678233
73.2138,9.83229,0.00640312
73.2235,9.83229,0.00640312
73.2335,9.57803,0.00812404
73.2434,9.57803,0.00812404
73.2535,9.62601,0.00734847
73.2634,9.62601,0.00734847
73.2736,9.65506,0.00734847
73.2834,9.65506,0.00734847
73.2934,9.5541,0.00734847
73.3035,9.5541,0.00734847
73.3136,9.78429,0.00640312
73.3236,9.78429,0.00640312
73.3335,9.78429,0.00640312
73.3435,9.54919,0.00768115
73.3537,9.74107,0.00754983
73.3636,9.74107,0.00754983
73.3735,9.74107,0.00754983
73.3834,9.6361,0.00678233
73.3935,9.59705,0.00734847
73.4036,9.59705,0.00734847
73.4135,9.59705,0.00734847
73.4236,9.80807,0.00734847
73.4339,9.54004,0.00812404
73.4435,9.54004,0.00812404
73.4535,9.69311,0.00678233
73.4635,9.69311,0.00678233
73.4735,9.68309,0.00748331
73.4836,9.68309,0.00748331
73.4935,9.50139,0.00640312
73.5034,9.50139,0.00640312
73.5135,9.77416,0.00640312
73.5235,9.77416,0.00640312
73.5336,9.62601,0.00678233
73.5435,9.62601,0.00678233
73.5534,9.62601,0.00678233
73.5636,9.63605,0.00678233
73.5734,9.65502,0.00640312
73.5835,9.65502,0.00640312
73.5937,9.65502,0.00640312
73.6036,9.50109,0.00768115
73.6135,9.85626,0.00768115
73.6237,9.85626,0.00768115
73.6334,9.85626,0.00768115
73.6435,9.55939,0.00678233
73.6534,9.64503,0.00830662
73.6635,9.64503,0.00830662
73.6735,9.66406,0.007
73.6836,9.66406,0.007
73.6935,9.66406,0.007
73.7034,9.54,0.00663325
73.7135,9.80303,0.00678233
73.7234,9.80303,0.00678233
73.7337,9.80303,0.00678233
73.7437,9.55421,0.00678233
73.7536,9.58308,0.00640312
73.7635,9.58308,0.00640312
73.7735,9.65501,0.00678233
73.7834,9.65501,0.00678233
73.7934,9.626,0.00678233
73.8036,9.626,0.00678233
73.8137,9.80308,0.00768115
73.8234,9.80308,0.00768115
73.8338,9.80308,0.00768115
73.8435,9.55904,0.00640312
73.8534,9.55904,0.00640312
73.8636,9.75502,0.00768115
73.8745,9.69804,0.00768115
73.8835,9.69804,0.00768115
73.8938,9.55902,0.00768115
73.9034,9.55902,0.00768115
73.9135,9.71214,0.00734847
73.9235,9.71214,0.00734847
73.9337,9.52117,0.00678233
73.9439,9.52117,0.00678233
73.9537,9.67903,0.00734847
73.9636,9.67903,0.00734847
73.9734,9.67402,0.00678233
73.9834,9.67402,0.00678233
73.9934,9.48214,0.00640312
74.0034,9.48214,0.00640312
74.0137,9.75503,0.00616441
74.0235,9.75503,0.00616441
74.0335,9.75503,0.00616441
74.0435,9.60711,0.00640312
74.0534,9.68304,0.00640312
74.0634,9.68304,0.00640312
74.0738,9.72205,0.00519615
74.0834,9.72205,0.00519615
74.0934,9.51609,0.007
74.1036,9.51609,0.007
74.1138,9.77014,0.00640312
74.1234,9.77014,0.00640312
74.1335,9.54012,0.00728011
74.1437,9.54012,0.00728011
74.1537,9.54012,0.00728011
74.1634,9.588,0.00678233
74.1735,9.74119,0.00678233
74.1834,9.74119,0.00678233
74.1934,9.49214,0.00728011
74.2034,9.49214,0.00728011
74.2142,9.71207,0.00734847
74.2235,9.71207,0.00734847
74.2336,9.71207,0.00734847
74.2434,9.60702,0.00728011
74.2535,9.58809,0.00678233
74.2635,9.58809,0.00678233
74.2737,9.58809,0.00678233
74.2834,9.7791,0.00640312
74.2936,9.54016,0.00734847
74.304,9.54016,0.00734847
74.3137,9.76007,0.00519615
74.3236,9.76007,0.00519615
74.3336,9.76007,0.00519615
74.3435,9.57307,0.00678233
74.3534,9.58818,0.00734847
74.3634,9.58818,0.00734847
74.3735,9.58818,0.00734847
74.3835,9.73112,0.00754983
74.3934,9.55903,0.00812404
74.4034,9.55903,0.00812404
74.4136,9.55903,0.00812404
74.4236,9.67902,0.00640312
74.4335,9.67902,0.00640312
74.4434,9.70319,0.00768115
74.4539,9.63105,0.00787401
74.4635,9.63105,0.00787401
74.4737,9.83716,0.00678233
74.4834,9.83716,0.00678233
74.4935,9.43913,0.00509902
74.5035,9.43913,0.00509902
74.5135,9.74114,0.00768115
74.5236,9.74114,0.00768115
74.5336,9.58307,0.00812404
74.5434,9.58307,0.00812404
74.5537,9.55905,0.00768115
74.5635,9.55905,0.00768115
74.5734,9.73611,0.00640312
74.5835,9.73611,0.00640312
74.5934,9.43902,0.00830662
74.6034,9.43902,0.00830662
74.6137,9.68819,0.00787401
74.6234,9.68819,0.00787401
74.6334,9.69321,0.00591608
74.6436,9.69321,0.00591608
74.6534,9.55928,0.00640312
74.6634,9.55928,0.00640312
74.6736,9.76525,0.00734847
74.6835,9.76525,0.00734847
74.6934,9.54507,0.00728011
74.7034,9.54507,0.00728011
74.7146,9.54507,0.00728011
74.7234,9.68801,0.00734847
74.7335,9.71207,0.00678233
74.7436,9.71207,0.00678233
74.7537,9.5491,0.00640312
74.7634,9.5491,0.00640312
74.7734,9.81702,0.00754983
74.7834,9.81702,0.00754983
74.7936,9.81702,0.00754983
74.8035,9.525,0.00768115
74.8136,9.67416,0.00860233
74.8234,9.67416,0.00860233
74.8336,9.67416,0.00860233
74.8434,9.65926,0.00663325
74.8535,9.53513,0.00734847
74.8634,9.53513,0.00734847
74.8738,9.731,0.00547723
74.8836,9.731,0.00547723
74.8935,9.731,0.00547723
74.9036,9.48207,0.00616441
74.9136,9.48207,0.00616441
74.9236,9.68802,0.00678233
74.9336,9.6741,0.00734847
74.9435,9.6741,0.00734847
74.9534,9.53507,0.00678233
74.9635,9.53507,0.00678233
74.9742,9.53507,0.00678233
74.9837,9.84102,0.00734847
74.9936,9.53517,0.00734847
75.0035,9.53517,0.00734847
75.0135,9.53517,0.00734847
75.0234,9.72705,0.00678233
75.0335,9.6641,0.00640312
75.0436,9.6641,0.00640312
75.0534,9.52502,0.00678233
75.0635,9.52502,0.00678233
75.0737,9.755,0.00768115
75.0837,9.755,0.00768115
75.0936,9.755,0.00768115
75.1034,9.52507,0.00640312
75.1136,9.76506,0.00640312
75.1236,9.76506,0.00640312
75.1334,9.76506,0.00640312
75.1436,9.73124,0.00678233
75.1534,9.41014,0.00768115
75.1635,9.41014,0.00768115
75.1736,9.8321,0.00640312
75.1836,9.8321,0.00640312
75.1936,9.59712,0.00768115
75.2034,9.59712,0.00768115
75.2136,9.59712,0.00768115
75.2234,9.68804,0.00640312
75.2334,9.68804,0.00640312
75.2435,9.69302,0.00547723
75.2537,9.50602,0.00787401
75.2636,9.50602,0.00787401
75.2738,9.77015,0.00754983
75.2834,9.77015,0.00754983
75.2935,9.47304,0.00640312
75.3037,9.47304,0.00640312
75.3138,9.47304,0.00640312
75.3234,9.67401,0.00714143
75.3334,9.66416,0.00591608
75.3435,9.66416,0.00591608
75.3543,9.59205,0.00728011
75.3634,9.59205,0.00728011
75.3734,9.80802,0.00640312
75.3834,9.80802,0.00640312
75.3934,9.5641,0.00728011
75.4034,9.5641,0.00728011
75.4136,9.65502,0.00734847
75.4235,9.65502,0.00734847
75.4336,9.69322,0.00547723
75.4434,9.69322,0.00547723
75.4535,9.52518,0.00678233
75.4634,9.52518,0.00678233
75.4737,9.80308,0.00640312
75.4836,9.80308,0.00640312
75.4937,9.54905,0.00748331
75.5036,9.54905,0.00748331
75.5134,9.54905,0.00748331
75.5235,9.72204,0.00663325
75.5337,9.72204,0.00663325
75.5436,9.6791,0.00734847
75.5534,9.53002,0.00678233
75.5634,9.53002,0.00678233
75.5735,9.53002,0.00678233
75.5834,9.74105,0.00678233
75.5934,9.57807,0.00678233
75.6035,9.57807,0.00678233
75.6137,9.57807,0.00678233
75.6235,9.71206,0.00768115
75.6334,9.66401,0.00768115
75.6434,9.66401,0.00768115
75.6536,9.66401,0.00768115
75.6636,9.57823,0.00591608
75.6737,9.79814,0.00678233
75.6834,9.79814,0.00678233
75.6934,9.79814,0.00678233
75.7034,9.47306,0.00768115
75.7135,9.66906,0.00678233
75.7234,9.66906,0.00678233
75.7334,9.66906,0.00678233
75.7435,9.61212,0.00640312
75.7534,9.61212,0.00640312
75.7635,9.53505,0.00768115
75.7735,9.80322,0.00640312
75.7837,9.80322,0.00640312
75.7935,9.51627,0.00768115
75.8036,9.51627,0.00768115
75.8137,9.64503,0.00547723
75.8237,9.64503,0.00547723
75.8338,9.62103,0.00734847
75.8438,9.62103,0.00734847
75.8535,9.58317,0.00640312
75.8635,9.58317,0.00640312
75.8736,9.73607,0.00678233
75.8834,9.73607,0.00678233
75.8934,9.73607,0.00678233
75.9034,9.49703,0.00754983
75.9136,9.69804,0.00678233
75.9234,9.69804,0.00678233
75.9335,9.69804,0.00678233
75.9436,9.65907,0.00768115
75.9535,9.56415,0.00616441
75.9635,9.56415,0.00616441
75.9734,9.56415,0.00616441
75.9834,9.83707,0.00616441
75.9936,9.51609,0.00728011
76.0035,9.51609,0.00728011
76.0136,9.64502,0.00787401
76.0235,9.64502,0.00787401
76.0335,9.67406,0.00734847
