#timestamp, acel_linear, vel_angular
1.89647,8.6987,0.148933
1.89651,8.6987,0.148933
1.90763,9.3132,0.126016
1.91634,9.62045,0.114557
1.92449,9.27857,0.102032
1.93614,9.05066,0.0936822
1.94415,9.40281,0.0966347
1.95629,9.66692,0.0988491
1.96868,9.56357,0.101591
1.97715,9.53651,0.10677
1.99486,9.51437,0.111008
2.02058,9.49591,0.114539
2.03045,9.58011,0.109878
2.04309,9.65228,0.105882
2.05223,9.44702,0.101932
2.05625,9.26741,0.0984755
2.07096,9.31372,0.0973447
2.07735,9.35488,0.0963396
2.08829,9.46342,0.0934903
2.09704,9.5611,0.0909258
2.10436,9.53189,0.0891644
2.1138,9.50534,0.087563
2.12435,9.42505,0.0898088
2.1348,9.35146,0.0918675
2.1466,9.3963,0.095953
2.15355,9.43769,0.0997242
2.16551,9.31906,0.106108
2.17616,9.20891,0.112037
2.18395,9.21914,0.117192
2.19568,9.38765,0.116807
2.20392,9.57351,0.115364
2.21485,9.75937,0.113922
2.22354,9.70022,0.117351
2.23452,9.64108,0.12078
2.24742,9.67045,0.124933
2.25358,9.69983,0.129085
2.26596,9.60905,0.131157
2.27485,9.64373,0.132536
2.28384,9.77103,0.133609
2.29434,9.87979,0.133686
2.30449,9.83284,0.134027
2.31355,9.91463,0.132343
2.32359,9.95317,0.133974
2.33528,9.88092,0.134736
2.34598,9.94258,0.135742
2.35399,10.0042,0.136748
2.36612,9.94984,0.136667
2.37645,10.0061,0.137267
2.38451,10.0101,0.137989
2.39495,10.014,0.138711
2.40547,10.0281,0.137315
2.41509,10.0422,0.13592
2.42368,10.153,0.131825
2.43697,10.2638,0.127729
2.44463,10.2248,0.122966
2.45381,10.1857,0.118203
2.4638,10.1932,0.111537
2.47603,10.2007,0.10487
2.48387,10.1883,0.101301
2.49371,10.0169,0.102928
2.5058,9.78699,0.104
2.51571,9.55709,0.105071
2.52376,9.44631,0.112643
2.53477,9.33554,0.120214
2.54641,9.39394,0.126212
2.55903,9.45234,0.132211
2.56351,9.46191,0.135247
2.57684,9.34602,0.138976
2.58614,9.31901,0.138923
2.59393,9.29199,0.138869
2.60399,9.32077,0.138996
2.61402,9.22081,0.141147
2.62381,9.12119,0.142485
2.63426,9.13237,0.144692
2.64584,9.17622,0.147982
2.65396,9.22008,0.151272
2.66373,9.24909,0.152141
2.67615,9.16743,0.152328
2.68495,9.10466,0.152686
2.6962,9.04189,0.153043
2.70364,9.06325,0.153703
2.71553,9.08461,0.154364
2.72457,8.94141,0.155052
2.73784,8.79821,0.15574
2.74518,8.82828,0.155745
2.75726,8.85836,0.15575
2.76442,9.0417,0.155133
2.77624,9.22505,0.154517
2.7852,9.26183,0.151919
2.79436,9.29861,0.149322
2.8071,9.33386,0.146079
2.81571,9.36912,0.142837
2.82399,9.49297,0.131293
2.83678,9.61682,0.11975
2.84426,9.61614,0.109336
2.85409,9.61546,0.0989214
2.86583,9.63084,0.090987
2.87453,9.64623,0.0830525
2.88429,9.5307,0.0803805
2.89365,9.41517,0.0777084
2.90734,9.50948,0.0838935
2.91387,9.60379,0.0900785
2.92519,9.82254,0.0919108
2.93389,10.0413,0.0937431
2.94566,10.0771,0.0950029
2.95357,10.1128,0.0962628
2.96417,10.1635,0.0999438
2.97713,10.2141,0.103625
2.98526,10.2528,0.108249
2.99504,10.2914,0.112874
3.00445,10.3291,0.115483
3.0144,10.3668,0.118091
3.02622,10.5496,0.11991
3.03361,10.7323,0.121728
3.04394,10.7615,0.123121
3.05495,10.7906,0.124514
3.06497,10.6916,0.125184
3.07437,10.5926,0.125855
3.08431,10.641,0.128721
3.09409,10.6893,0.131587
3.10443,10.5672,0.135121
3.11385,10.4451,0.138655
3.12418,10.4753,0.141407
3.13393,10.5055,0.14416
3.14411,10.5047,0.146512
3.15402,10.504,0.148865
3.16387,10.5968,0.148969
3.17473,10.6896,0.149074
3.18509,10.6448,0.15139
3.19393,10.6001,0.153707
3.20444,10.5121,0.145005
3.21406,10.4241,0.136303
3.224,10.1589,0.133101
3.2337,9.89362,0.1299
3.24358,9.86788,0.124708
3.25515,9.84213,0.119516
3.26648,9.84295,0.115463
3.2738,9.84376,0.11141
3.2835,9.84458,0.107358
3.29481,9.8454,0.103305
3.30493,9.82036,0.101115
3.31545,9.79533,0.0989261
3.3235,9.73596,0.0973566
3.33436,9.67658,0.0957871
3.34474,9.5724,0.0942461
3.3534,9.46822,0.0927051
3.3654,9.53347,0.091017
3.37439,9.59872,0.0893289
3.3874,9.53346,0.0852094
3.39685,9.46821,0.0810899
3.406,9.6334,0.0775036
3.41579,9.79858,0.0739172
3.42586,9.78698,0.0706784
3.43382,9.77537,0.0674397
3.44348,9.71936,0.0657406
3.45342,9.66335,0.0640415
3.46346,9.59519,0.0643409
3.47416,9.52704,0.0646403
3.4837,9.60127,0.0613899
3.49362,9.67549,0.0581395
3.50345,9.70549,0.0566447
3.51352,9.73548,0.0551499
3.52345,9.79674,0.0528038
3.53351,9.85799,0.0504577
3.54353,10.0222,0.0500947
3.55358,10.1863,0.0497318
3.56345,10.2197,0.0488109
3.57384,10.2531,0.04789
3.58348,10.1381,0.0471981
3.59405,10.023,0.0465063
3.6038,9.94304,0.0474931
3.61503,9.86307,0.0484799
3.62343,9.78309,0.0494667
3.63357,9.70312,0.0504535
3.64346,9.78696,0.0533158
3.65342,9.87081,0.0561781
3.66363,9.80079,0.0589037
3.67362,9.73077,0.0616293
3.68351,9.70144,0.0638254
3.6949,9.67211,0.0660216
3.70424,9.75793,0.06763
3.71351,9.84374,0.0692384
3.72349,9.90453,0.0707238
3.73364,9.96531,0.0722091
3.74369,10.1559,0.073772
3.75349,10.3464,0.0753349
3.76352,10.4883,0.0776299
3.77456,10.6303,0.0799248
3.78382,10.6396,0.0806179
3.7937,10.6489,0.0813109
3.80388,10.6874,0.0811947
3.81388,10.726,0.0810785
3.82376,10.7711,0.0838547
3.83363,10.8162,0.0866309
3.8436,10.6252,0.0861641
3.85368,10.4343,0.0856973
3.86364,10.3445,0.0869294
3.87376,10.2547,0.0881615
3.88348,10.3263,0.0884064
3.89356,10.398,0.0886513
3.90351,10.4454,0.0909434
3.91381,10.4928,0.0932354
3.92347,10.5379,0.0931048
3.93348,10.5831,0.0929742
3.94347,10.5734,0.0888672
3.95382,10.5637,0.0847601
3.96445,10.5774,0.0834677
3.97347,10.5911,0.0821753
3.98457,10.6048,0.0808829
3.99372,10.6185,0.0795904
4.00439,10.5319,0.0781733
4.01403,10.4453,0.0767562
4.02551,10.1908,0.0776712
4.03344,9.93628,0.0785862
4.04372,9.58184,0.0789455
4.05357,9.22741,0.0793048
4.06353,9.04891,0.0875404
4.07452,8.87042,0.0957761
4.0837,8.951,0.103786
4.09373,9.03159,0.111795
4.10351,9.00739,0.114834
4.11373,8.98319,0.117872
4.12351,8.97367,0.118535
4.13346,8.96415,0.119198
4.14351,8.96276,0.119123
4.15369,8.96136,0.119048
4.16361,8.98159,0.117058
4.17422,9.00182,0.115067
4.18383,9.02149,0.112814
4.19543,9.0167,0.110439
4.20351,9.01598,0.105913
4.21639,9.02809,0.1018
4.22345,9.04246,0.100108
4.23424,9.05682,0.0984174
4.24362,9.01591,0.0982711
4.25436,8.975,0.0981248
4.26362,8.99436,0.0961832
4.27467,9.01372,0.0942415
4.28385,9.029,0.0922655
4.29351,9.04428,0.0902896
4.30364,9.04676,0.0889826
4.31387,9.04924,0.0876756
4.32363,9.2414,0.0839376
4.3335,9.43356,0.0801996
4.34384,9.62571,0.0764616
4.35355,9.81787,0.0727236
4.36375,9.83538,0.0610745
4.37354,9.85289,0.0494255
4.38371,9.781,0.0394277
4.39386,9.70912,0.02943
4.40348,9.69029,0.025175
4.41847,9.67146,0.0209199
4.42361,9.65022,0.0166831
4.43371,9.62898,0.0124462
4.44356,9.64594,0.0116535
4.45434,9.6629,0.0108608
4.46351,9.65906,0.00977531
4.47358,9.65523,0.0086898
4.48384,9.63893,0.00862484
4.49349,9.64709,0.00868164
4.50348,9.65365,0.00869088
4.51354,9.64738,0.00828861
4.52369,9.64638,0.00787473
4.53368,9.64538,0.00746085
4.54372,9.6688,0.00754254
4.5535,9.69221,0.00762424
4.56348,9.68524,0.00761993
4.57366,9.67827,0.00761563
4.58362,9.67539,0.00760299
4.59371,9.67251,0.00759035
4.6035,9.67008,0.00767024
4.61374,9.66766,0.00775013
4.6237,9.66747,0.00766574
4.63344,9.66729,0.00758134
4.64345,9.66314,0.00752078
4.65381,9.65899,0.00746023
4.6637,9.65784,0.0074155
4.67371,9.65669,0.00737078
4.68353,9.65714,0.00734852
4.69366,9.6576,0.00732625
4.70347,9.65805,0.00730399
4.71358,9.6585,0.00728172
4.72363,9.65626,0.00722506
4.73345,9.65403,0.00716841
4.74346,9.65019,0.00723404
4.75359,9.64635,0.00729968
4.76356,9.64475,0.00729393
4.77395,9.64315,0.00728817
4.7835,9.64505,0.00727256
4.7935,9.64695,0.00725695
4.80349,9.64742,0.00726804
4.8135,9.64788,0.00727913
4.8235,9.64308,0.00732268
4.8337,9.63828,0.00736624
4.84346,9.63668,0.00739146
4.85381,9.63508,0.00741669
4.86346,9.63571,0.00741009
4.87347,9.63634,0.0074035
4.88347,9.6357,0.00743501
4.89365,9.63506,0.00746652
4.90348,9.63139,0.00746652
4.91354,9.62773,0.00746652
4.92355,9.6314,0.00747149
4.93348,9.63507,0.00747646
4.94345,9.6384,0.00744495
4.95426,9.64173,0.00741344
4.96355,9.63819,0.0074434
4.97344,9.63466,0.00747336
4.98352,9.62986,0.00750936
4.99411,9.62507,0.00754537
5.0034,9.6257,0.00755801
5.01345,9.62633,0.00757065
5.02345,9.62713,0.00762949
5.03342,9.62793,0.00768832
5.04348,9.62823,0.00761502
5.05346,9.62853,0.00754171
5.06347,9.62882,0.0074684
5.07397,9.62912,0.0073951
5.08351,9.62865,0.00737425
5.09345,9.62819,0.0073534
5.10357,9.62995,0.00735983
5.11343,9.63172,0.00736625
5.12342,9.63349,0.00735183
5.13347,9.63525,0.00733741
5.14363,9.63686,0.00730548
5.15343,9.63846,0.00727354
5.16375,9.64116,0.00723753
5.17341,9.64386,0.00720152
5.18352,9.6448,0.00716206
5.19354,9.64574,0.00712259
5.20341,9.64718,0.0070656
5.21345,9.64861,0.00700861
5.22348,9.64528,0.00699597
5.23342,9.64194,0.00698333
5.24341,9.64321,0.00700323
5.25354,9.64447,0.00702313
5.26351,9.64481,0.00702313
5.27344,9.64514,0.00702313
5.28368,9.64658,0.00698712
5.29344,9.64801,0.00695111
5.30356,9.64658,0.00693847
5.31359,9.64514,0.00692583
5.32342,9.64898,0.00692145
5.33373,9.65281,0.00691708
5.34339,9.65281,0.00695968
5.35345,9.65281,0.00700228
5.3635,9.65281,0.0070405
5.37345,9.65282,0.00707873
5.38349,9.65168,0.00700526
5.39346,9.65055,0.0069318
5.40348,9.64895,0.00687481
5.41344,9.64736,0.00681783
5.42356,9.64576,0.00676084
5.43347,9.64416,0.00670385
5.44337,9.64463,0.00667234
5.45343,9.64509,0.00664083
5.46341,9.6448,0.00667905
5.47357,9.64451,0.00671728
5.48342,9.64724,0.00676346
5.49345,9.64998,0.00680964
5.50344,9.64807,0.0068602
5.5135,9.64617,0.00691075
5.52348,9.64601,0.00694898
5.53341,9.64584,0.0069872
5.54342,9.64618,0.00697995
5.55365,9.64651,0.00697269
5.5635,9.65034,0.00694273
5.57359,9.65417,0.00691277
5.58344,9.65337,0.00692541
5.59347,9.65257,0.00693805
5.60349,9.65114,0.00698065
5.61349,9.64971,0.00702325
5.62357,9.65099,0.00699767
5.63355,9.65227,0.00697208
5.64347,9.65227,0.00697851
5.65347,9.65227,0.00698494
5.66344,9.6545,0.00698494
5.67342,9.65674,0.00698494
5.68348,9.65913,0.00705181
5.69365,9.66153,0.00711868
5.70364,9.66376,0.00716924
5.71377,9.66599,0.0072198
5.72358,9.66342,0.00727035
5.73344,9.66085,0.00732091
5.74343,9.65895,0.00735242
5.75368,9.65705,0.00738394
5.76345,9.65448,0.00741902
5.7734,9.65191,0.0074541
5.78342,9.64934,0.00748919
5.79344,9.64677,0.00752427
5.80347,9.64758,0.00748167
5.81351,9.64839,0.00743907
5.82355,9.64982,0.00746429
5.83347,9.65125,0.00748952
5.84343,9.65188,0.00754033
5.85343,9.65251,0.00759114
5.86344,9.64884,0.00762753
5.87342,9.64517,0.00766392
5.88349,9.64614,0.00769388
5.89369,9.6471,0.00772384
5.90344,9.64807,0.00773027
5.91344,9.64904,0.0077367
5.9235,9.64696,0.00777309
5.93366,9.64489,0.00780947
5.94357,9.64459,0.00773849
5.95345,9.6443,0.00766751
5.96359,9.64573,0.0076539
5.97349,9.64716,0.00764028
5.98348,9.6475,0.00763579
5.99369,9.64783,0.0076313
6.00364,9.64623,0.00760133
6.01362,9.64464,0.00757137
6.02365,9.64577,0.00752877
6.03483,9.64691,0.00748617
6.04352,9.64788,0.0074673
6.05368,9.64884,0.00744843
6.06377,9.64964,0.00739502
6.07368,9.65045,0.00734161
6.08349,9.64998,0.0073109
6.0937,9.64951,0.0072802
6.10344,9.65157,0.00731171
6.11345,9.65363,0.00734322
6.12344,9.65174,0.00731128
6.13344,9.64985,0.00727934
6.14346,9.64796,0.0072474
6.15377,9.64607,0.00721547
6.16345,9.64464,0.00715848
6.17374,9.64321,0.00710149
6.18345,9.64434,0.00707153
6.19383,9.64548,0.00704157
6.20372,9.64467,0.00700518
6.21366,9.64387,0.00696879
6.22349,9.64319,0.00691976
6.23364,9.64252,0.00687073
6.24352,9.64235,0.00690533
6.2535,9.64218,0.00693992
6.26366,9.64092,0.00694682
6.27366,9.63965,0.00695372
6.28402,9.63772,0.00695372
6.2937,9.63578,0.00695372
6.30358,9.63611,0.00695372
6.31363,9.63644,0.00695372
6.32348,9.63947,0.00694576
6.33348,9.6425,0.00693781
6.34342,9.64617,0.00695668
6.35368,9.64983,0.00697555
6.36366,9.65063,0.00696829
6.37377,9.65142,0.00696104
6.38353,9.65126,0.00696104
6.39377,9.65109,0.00696104
6.40383,9.65075,0.00696104
6.41358,9.65042,0.00696104
6.42355,9.65121,0.00692953
6.43463,9.652,0.00689801
6.44347,9.65183,0.0068665
6.45348,9.65166,0.00683499
6.46349,9.65166,0.00684295
6.4739,9.65165,0.0068509
6.48375,9.65132,0.00683031
6.4937,9.65099,0.00680971
6.50352,9.65066,0.00678911
6.51367,9.65032,0.00676852
6.52367,9.64796,0.00676852
6.53345,9.64559,0.00676852
6.54347,9.64703,0.00678739
6.55349,9.64846,0.00680626
6.56346,9.64703,0.00680626
6.57346,9.64559,0.00680626
6.58387,9.64783,0.00680626
6.59351,9.65007,0.00680626
6.60349,9.64767,0.00680626
6.61357,9.64528,0.00680626
6.62349,9.64318,0.00682686
6.63348,9.64107,0.00684745
6.64427,9.63594,0.00682858
6.65375,9.63081,0.00680971
6.66345,9.63082,0.00680971
6.67349,9.63082,0.00680971
6.68348,9.63082,0.00677975
6.6935,9.63082,0.00674979
6.70394,9.63212,0.00673092
6.71376,9.63342,0.00671205
6.72344,9.63422,0.00674356
6.73375,9.63502,0.00677507
6.74364,9.63565,0.0068241
6.75378,9.63628,0.00687313
6.76378,9.63755,0.00689774
6.77373,9.63881,0.00692235
6.78418,9.63928,0.00697291
6.79348,9.63975,0.00702347
6.80346,9.64326,0.00704406
6.81345,9.64676,0.00706466
6.82346,9.64849,0.00709617
6.83349,9.65023,0.00712768
6.84358,9.65006,0.00708821
6.85346,9.64989,0.00704875
6.86353,9.64973,0.00700928
6.87347,9.64956,0.00696981
6.8835,9.65002,0.00700175
6.89346,9.65048,0.00703369
6.90386,9.65141,0.00705256
6.91351,9.65235,0.00707143
6.92369,9.65235,0.0070903
6.93407,9.65235,0.00710917
6.94344,9.65829,0.00711643
6.95357,9.66422,0.00712368
6.96346,9.66358,0.00715364
6.9735,9.66295,0.0071836
6.98347,9.66038,0.0071836
6.99346,9.65782,0.0071836
7.0034,9.65285,0.0071836
7.01345,9.64789,0.0071836
7.0235,9.64899,0.00719032
7.03345,9.65009,0.00719703
7.04347,9.64722,0.00717951
7.05378,9.64435,0.00716199
7.06342,9.64561,0.00717998
7.07345,9.64688,0.00719797
7.08345,9.64818,0.00715537
7.09365,9.64948,0.00711277
7.10343,9.64661,0.00713164
7.11347,9.64374,0.00715051
7.12348,9.64184,0.00719231
7.13346,9.63994,0.0072341
7.14345,9.64058,0.00727129
7.15374,9.64122,0.00730848
7.16348,9.64316,0.00735904
7.17365,9.64509,0.0074096
7.18363,9.64112,0.00736605
7.19349,9.63716,0.00732249
7.2035,9.63652,0.00734834
7.21348,9.63589,0.0073742
7.2235,9.63525,0.00740005
7.23346,9.63462,0.0074259
7.24371,9.63268,0.00740601
7.25348,9.63074,0.00738611
7.26344,9.62772,0.00735615
7.27352,9.62469,0.00732619
7.28359,9.62582,0.00732619
7.29405,9.62696,0.00732619
7.30344,9.63062,0.00732122
7.31349,9.63428,0.00731625
7.3236,9.63285,0.00730954
7.3335,9.63142,0.00730283
7.34347,9.63159,0.00731391
7.3535,9.63175,0.007325
7.36419,9.63082,0.007325
7.37345,9.62988,0.007325
7.38346,9.63018,0.00736323
7.39346,9.63048,0.00740145
7.40343,9.62921,0.00738258
7.41345,9.62795,0.00736371
7.42361,9.62618,0.00732191
7.4336,9.62442,0.00728012
7.44359,9.62475,0.00725089
7.45345,9.62507,0.00722165
7.46345,9.62714,0.00717905
7.47345,9.6292,0.00713645
7.48365,9.62744,0.00711655
7.49388,9.62567,0.00709666
7.50393,9.62487,0.0070819
7.51406,9.62407,0.00706713
7.52596,9.62727,0.0070588
7.53544,9.63047,0.00705046
7.54383,9.63017,0.00705046
7.55389,9.62987,0.00705046
7.56389,9.62987,0.00708042
7.57627,9.62987,0.00711038
7.58658,9.62987,0.00714035
7.59465,9.62987,0.00717031
7.60544,9.63277,0.00718725
7.61387,9.63568,0.00720418
7.62421,9.63664,0.00720418
7.63354,9.63761,0.00720418
7.64409,9.63728,0.00723489
7.6536,9.63695,0.0072656
7.66499,9.63839,0.0072656
7.67496,9.63982,0.0072656
7.6861,9.64016,0.00726997
7.69645,9.64049,0.00727435
7.70393,9.64016,0.00729322
7.71451,9.63983,0.00731209
7.72726,9.64269,0.00731209
7.73427,9.64556,0.00731209
7.74517,9.64509,0.00730414
7.75537,9.64462,0.00729618
7.76726,9.64112,0.00728822
7.77482,9.63763,0.00733725
7.78605,9.63956,0.00738628
7.79628,9.64149,0.00743531
7.81179,9.64325,0.00743531
7.82538,9.64502,0.00743531
7.82737,9.64645,0.00738628
7.83664,9.64789,0.00733725
7.84573,9.64756,0.00734989
7.85559,9.64723,0.00736253
7.86427,9.65026,0.00735144
7.87766,9.65152,0.00734035
7.88617,9.65279,0.00732927
7.90541,9.65405,0.00731818
7.91504,9.65211,0.00732508
7.91966,9.65017,0.00733198
7.93313,9.6476,0.00734307
7.9353,9.64504,0.00735416
7.94442,9.64727,0.00732345
7.95988,9.6495,0.00729275
7.96737,9.64726,0.00728166
7.98129,9.64503,0.00727057
7.98423,9.64342,0.00727057
7.99909,9.64182,0.00727057
8.00815,9.64325,0.0072517
8.01506,9.64469,0.00723282
8.02472,9.64375,0.00723282
8.03422,9.64282,0.00723282
8.04626,9.64265,0.00727229
8.05475,9.64249,0.00731176
8.0638,9.64456,0.00731972
8.07393,9.64663,0.00727069
8.08609,9.6487,0.00722166
8.09801,9.65076,0.00717263
8.10438,9.65123,0.00713003
8.11428,9.6517,0.00708743
8.12412,9.64849,0.00708743
8.13375,9.64529,0.00708743
8.14612,9.4943,0.0157424
8.15402,9.3433,0.0243974
8.16386,9.48636,0.027494
8.17981,9.63118,0.0305905
8.18494,9.77601,0.0336871
8.19402,9.92084,0.0367836
8.20483,10.2889,0.0395225
8.2182,10.6569,0.0422614
8.2249,10.5837,0.044834
8.23566,10.5106,0.0474066
8.24953,10.5474,0.0539783
8.25927,10.5841,0.0605501
8.26416,10.6403,0.0656858
8.27644,10.6964,0.0708215
8.28777,10.6288,0.0719418
8.2943,10.5611,0.0730622
8.30644,10.4666,0.0800396
8.3148,10.3721,0.0870169
8.32507,10.4259,0.0918445
8.33645,10.4798,0.096672
8.34677,10.5047,0.10186
8.35489,10.5296,0.107048
8.36408,10.5523,0.112267
8.37365,10.575,0.117487
8.38403,10.578,0.120377
8.39368,10.581,0.123266
8.40518,10.5598,0.12473
8.4151,10.5386,0.126193
8.42507,10.5166,0.126494
8.43516,10.4946,0.126795
8.44993,10.6521,0.119725
8.45578,10.8096,0.112656
8.46363,10.6737,0.111126
8.47664,10.5378,0.109596
8.48376,10.3244,0.107624
8.49537,10.1111,0.105651
8.50477,9.72341,0.103945
8.51518,9.33577,0.102239
8.52596,9.39772,0.103856
8.5337,9.45967,0.105472
8.54808,9.46342,0.100599
8.55636,9.46717,0.0957252
8.56525,9.40518,0.0952947
8.57521,9.34319,0.0948642
8.58465,9.4783,0.0968759
8.59495,9.6134,0.0988875
8.60381,9.77573,0.0950721
8.61472,9.93806,0.0912567
8.62709,9.8745,0.0897367
8.63473,9.81094,0.0882167
8.6443,9.77224,0.0871076
8.6554,9.73353,0.0859985
8.66437,9.69412,0.0825728
8.67612,9.65471,0.0791471
8.68474,9.60685,0.077534
8.69772,9.559,0.0759209
8.70351,9.7853,0.0782281
8.71716,10.0116,0.0805353
8.72479,10.0411,0.0842633
8.73603,10.0707,0.0879912
8.74813,9.99015,0.087572
8.75363,9.9096,0.0871527
8.76469,9.82904,0.0867335
8.77546,9.74849,0.0863142
8.78616,9.93135,0.0874187
8.79735,10.1142,0.0885232
8.80728,10.3072,0.0892189
8.81553,10.5001,0.0899146
8.82433,10.686,0.0874434
8.83575,10.7073,0.0860257
8.84369,10.677,0.0870985
8.85512,10.5636,0.0866547
8.86361,10.6115,0.0874505
8.87396,10.6595,0.0882463
8.88404,10.5006,0.0915385
8.89472,10.3418,0.0948306
8.90495,10.1993,0.0975115
8.91678,10.0567,0.100192
8.92537,9.99405,0.102709
8.93706,9.93139,0.105225
8.95049,9.89655,0.103003
8.95422,9.8617,0.10078
8.96485,9.90507,0.102183
8.97379,9.94843,0.103587
8.98471,10.0663,0.103494
8.99852,10.1841,0.103402
9.00458,9.97102,0.102159
9.0153,9.75794,0.100916
9.02454,9.6694,0.0998767
9.03425,9.58086,0.0988378
9.05529,9.70747,0.102276
9.05529,9.83408,0.105715
9.06412,9.94486,0.108058
9.07518,10.0556,0.110402
9.0875,9.98044,0.111665
9.09787,9.90525,0.112927
9.10707,9.82802,0.112402
9.11484,9.7508,0.111877
9.1236,9.56009,0.111914
9.13494,9.53401,0.110896
9.14804,9.53411,0.110231
9.15437,9.61727,0.111083
9.16431,9.5869,0.108372
9.17576,9.55653,0.105662
9.18532,9.67304,0.102606
9.19408,9.78955,0.0995504
9.20426,9.80449,0.094734
9.21612,9.81944,0.0899176
9.22487,9.99237,0.0845526
9.23689,10.1653,0.0791875
9.24611,10.313,0.0777902
9.25396,10.4608,0.0763928
9.26731,10.5779,0.0749828
9.27769,10.6949,0.0735728
9.28564,10.5581,0.0781554
9.2938,10.4213,0.0827379
9.3076,10.3681,0.0859771
9.31536,10.4178,0.0906581
9.32478,10.5404,0.0948769
9.33447,10.5101,0.0933479
9.34504,10.3891,0.0931196
9.35471,10.268,0.0928912
9.36616,10.1941,0.0940394
9.37842,10.1202,0.0951877
9.38812,10.1261,0.0936379
9.39444,10.132,0.0920881
9.40417,10.0787,0.0928254
9.41806,10.0253,0.0935627
9.4272,10.0379,0.0926297
9.44235,10.0417,0.0922093
9.44644,10.0192,0.0914367
9.45541,9.99675,0.090664
9.46509,9.78669,0.0894656
9.4766,9.57662,0.0882671
9.48872,9.59597,0.0896367
9.49771,9.49326,0.0867703
9.50361,9.47584,0.0862757
9.51527,9.45841,0.0857811
9.52542,9.4109,0.0871066
9.53941,9.36338,0.0884322
9.54585,9.3626,0.0890989
9.55645,9.36182,0.0897657
9.56438,9.31421,0.0891362
9.57812,9.2666,0.0885066
9.58448,9.34251,0.0846014
9.59743,9.41841,0.0806962
9.60674,9.43954,0.0759726
9.61463,9.35787,0.0698071
9.62406,9.3064,0.0638648
9.63616,9.40791,0.0636704
9.64609,9.45055,0.061307
9.65381,9.4932,0.0589436
9.66474,9.5617,0.0548988
9.67675,9.62225,0.0507273
9.68399,9.60302,0.0492539
9.69468,9.5838,0.0477804
9.70783,9.54211,0.0469767
9.7152,9.50041,0.0461731
9.72413,9.50628,0.0464785
9.73463,9.52103,0.0462714
9.74516,9.53289,0.0470553
9.75505,9.54476,0.0478392
9.7654,9.7617,0.0490106
9.77469,9.97865,0.050182
9.7837,10.0672,0.045399
9.7952,10.2778,0.0448519
9.80797,10.4047,0.0477242
9.81448,10.5316,0.0505966
9.82448,10.4988,0.0500689
9.83398,10.466,0.0495412
9.84797,10.2375,0.0558313
9.8575,10.009,0.0621214
9.86767,9.87174,0.0626348
9.87504,9.73452,0.0631482
9.88535,9.68135,0.0629574
9.90051,9.62818,0.0627665
9.90601,9.68964,0.0640488
9.91617,9.7511,0.0653311
9.92369,9.84977,0.0680036
9.93588,9.94845,0.0706761
9.94447,10.003,0.0731802
9.95711,10.0575,0.0756843
9.96606,10.0241,0.0782262
9.97494,9.99863,0.0808947
9.98456,9.97963,0.0832816
10.0012,9.96063,0.0856685
10.0045,9.87659,0.0884987
10.0142,9.79256,0.091329
10.0246,9.70852,0.0941592
10.0345,9.62449,0.0969894
10.044,9.611,0.0961089
10.0542,9.59752,0.0952284
10.0651,9.59191,0.094645
10.0748,9.5863,0.0940617
10.0841,9.48345,0.0980472
10.1008,9.3806,0.102033
10.1051,9.36143,0.102599
10.1213,9.27068,0.100845
10.1267,9.21175,0.10122
10.134,9.20802,0.105883
10.1436,9.35326,0.104387
10.1569,9.44924,0.0979055
10.167,9.45391,0.0972004
10.1745,9.45553,0.103474
10.1838,9.45715,0.109748
10.1939,9.45877,0.116022
10.2086,9.40054,0.121642
10.2162,9.32172,0.1286
10.23,9.17549,0.133945
10.2338,9.15176,0.13495
10.2456,9.17951,0.131026
10.2569,9.20726,0.127103
10.2681,9.26576,0.124541
10.2739,9.32426,0.12198
10.2849,9.29165,0.12529
10.2959,9.25905,0.1286
10.3047,9.17874,0.141411
10.3168,9.09842,0.154222
10.3239,9.23986,0.160614
10.3384,9.38129,0.167006
10.3471,9.37207,0.170099
10.3538,9.36285,0.173192
10.3651,9.22184,0.17335
10.3749,9.08083,0.173509
10.3853,9.05547,0.173391
10.3968,9.03011,0.173273
10.4037,9.00474,0.173155
10.4138,9.05097,0.175356
10.4257,9.09241,0.177823
10.4338,9.07866,0.176002
10.4476,9.06391,0.171578
10.4547,9.09843,0.172141
10.4652,9.09178,0.175176
10.4759,9.08819,0.171231
10.4851,9.14104,0.169214
10.4948,9.19389,0.167197
10.5044,9.22474,0.166994
10.5171,9.27616,0.165453
10.5267,9.32758,0.163911
10.5342,9.2565,0.16671
10.5453,9.17057,0.171595
10.5541,9.08464,0.17648
10.5655,9.1075,0.17702
10.5753,9.13035,0.17756
10.5842,9.1721,0.171805
10.597,9.21384,0.16605
10.6045,9.6336,0.161028
10.615,10.0534,0.156007
10.6238,10.1559,0.154511
10.6342,10.2585,0.153016
10.6445,10.4259,0.157244
10.6564,10.5933,0.161472
10.6643,10.7024,0.162815
10.6737,10.8115,0.164159
10.6848,10.9024,0.1639
10.6959,10.9934,0.16364
10.7036,11.007,0.163243
10.716,10.9722,0.160376
10.7249,10.9422,0.157244
10.7348,10.9122,0.154112
10.7452,10.8831,0.153582
10.7552,10.8541,0.153052
10.7675,10.8733,0.15271
10.7748,10.8926,0.152367
10.7858,10.8847,0.148574
10.7943,10.8768,0.144782
10.8059,10.9371,0.138575
10.8176,10.9974,0.132369
10.827,10.9333,0.128505
10.8354,10.8693,0.124641
10.8449,10.8607,0.122491
10.867,10.8521,0.120341
10.8761,10.7347,0.122535
10.884,10.6806,0.12329
10.8973,10.6922,0.124751
10.9047,10.727,0.126828
10.922,10.5191,0.117557
10.9265,10.3733,0.109043
10.941,10.323,0.103423
10.9452,10.2229,0.0967302
10.955,10.141,0.0903335
10.9654,10.1432,0.0851253
10.9755,10.3113,0.0848033
10.9854,10.2389,0.0878383
11,10.0483,0.0909819
11.0049,9.96647,0.0932465
11.0181,9.96203,0.0956491
11.0261,10.0181,0.0948403
11.0337,10.0742,0.0940316
11.0455,10.1241,0.0940412
11.0538,10.1741,0.0940508
11.065,10.0712,0.0968634
11.076,9.96131,0.0970161
11.087,10.09,0.097455
11.095,10.1895,0.0994175
11.1102,10.2889,0.10138
11.1149,10.3421,0.103941
11.1256,10.1388,0.107072
11.1343,10.0598,0.107861
11.1456,10.0263,0.11575
11.1541,9.95828,0.124176
11.1704,9.99299,0.126454
11.174,10.0277,0.128733
11.1843,10.1328,0.131087
11.198,10.2378,0.133442
11.2053,10.1911,0.133748
11.214,10.1444,0.134053
11.224,10.0594,0.133922
11.234,9.97448,0.13379
11.2482,9.89134,0.135662
11.2543,9.80821,0.137534
11.2638,9.64099,0.138217
11.2767,9.47378,0.138901
11.2848,9.53557,0.14152
11.298,9.59736,0.144138
11.3101,9.57248,0.1417
11.3218,9.5476,0.139262
11.335,9.48511,0.141828
11.3439,9.502,0.14237
11.3568,9.52504,0.142094
11.3703,9.48412,0.144089
11.3838,9.65357,0.145791
11.3843,9.82303,0.147493
11.3942,9.75385,0.148909
11.4055,9.60919,0.14648
11.4164,9.46452,0.144051
11.4237,9.28761,0.141092
11.4343,9.36724,0.137563
11.4458,9.44687,0.134034
11.4544,9.48106,0.123405
11.464,9.57967,0.115673
11.4772,9.5756,0.114089
11.4901,9.7361,0.1183
11.4964,9.76301,0.123875
11.5054,9.75925,0.131527
11.5161,9.88402,0.140611
11.5246,9.91036,0.144259
11.5354,9.91277,0.147586
11.5454,9.7881,0.145859
11.5605,9.71133,0.1432
11.5706,9.89988,0.144466
11.5744,10.0884,0.145732
11.5862,9.98718,0.145443
11.6014,9.89749,0.139863
11.6041,10.0032,0.136883
11.6171,10.0868,0.139839
11.6251,10.1811,0.138876
11.6346,10.3009,0.13859
11.6446,10.2612,0.139621
11.6575,10.2216,0.140651
11.664,10.2283,0.138525
11.6822,10.1775,0.133889
11.6868,10.1519,0.131643
11.6965,10.1264,0.129397
11.7063,10.1491,0.132874
11.715,10.1717,0.136351
11.7306,10.243,0.140196
11.7342,10.3143,0.144041
11.7452,10.4192,0.145531
11.757,10.524,0.147021
11.7637,10.4907,0.145836
11.7739,10.4575,0.14465
11.7843,10.3204,0.14184
11.7956,10.1834,0.139029
11.804,10.1059,0.134395
11.816,10.0285,0.129761
11.8243,10.0495,0.130564
11.8339,9.90306,0.126667
11.844,9.88367,0.127825
11.857,9.86428,0.128983
11.8658,9.60424,0.129195
11.8752,9.3442,0.129407
11.8843,9.60638,0.129312
11.8974,9.86857,0.129217
11.9038,9.75931,0.123748
11.915,9.65006,0.118279
11.926,9.58592,0.118937
11.9366,9.52178,0.119595
11.9453,9.56256,0.121238
11.9556,9.56368,0.122761
11.9653,9.58233,0.12517
11.979,9.60098,0.127579
11.9846,9.5943,0.127598
11.9953,9.59617,0.12795
12.0063,9.56574,0.126219
12.0161,9.53532,0.124489
12.0314,9.54973,0.124364
12.0342,9.56413,0.12424
12.0453,9.54501,0.126471
12.054,9.52588,0.128701
12.065,9.54882,0.129853
12.0764,9.57177,0.131004
12.0845,9.42091,0.136762
12.0972,9.27006,0.142521
12.104,9.20663,0.145801
12.1137,9.14321,0.14908
12.1265,9.24909,0.151801
12.1359,9.52245,0.159221
12.1442,9.74679,0.160139
12.1552,9.97113,0.161057
12.1666,10.1708,0.158996
12.1806,10.3705,0.156935
12.1841,10.2141,0.154987
12.1949,10.0578,0.153039
12.205,10.1152,0.156196
12.2176,10.1726,0.159352
12.2263,10.1648,0.161105
12.2353,10.1569,0.162858
12.2454,10.2003,0.162879
12.2562,10.2834,0.16302
12.2675,10.2031,0.163244
12.2747,10.1228,0.163467
12.2904,10.1596,0.162472
12.2975,10.1879,0.161144
12.3057,10.2449,0.160626
12.3168,10.3018,0.160108
12.325,10.3015,0.156122
12.3376,10.3012,0.152136
12.3475,10.3009,0.14815
12.3541,10.3007,0.144164
12.3654,10.344,0.142766
12.3745,10.3873,0.141369
12.3845,10.6223,0.133713
12.3949,10.8573,0.126057
12.405,10.7663,0.12116
12.4249,10.7718,0.11593
12.4349,10.6081,0.111259
12.4351,10.4443,0.106588
12.4441,10.3975,0.106187
12.4549,10.3506,0.105785
12.4656,10.1463,0.107184
12.4762,9.94206,0.108583
12.4844,10.0718,0.112993
12.4948,10.144,0.111706
12.505,10.1785,0.108088
12.5157,10.213,0.10447
12.5253,10.1954,0.100302
12.5342,10.1778,0.0961333
12.5478,10.1172,0.0952211
12.5618,10.0565,0.094309
12.5698,10.1592,0.0933142
12.5782,10.2619,0.0923195
12.5864,10.1914,0.094403
12.5982,10.1209,0.0964866
12.6055,10.1122,0.096576
12.6261,10.1034,0.0966655
12.6293,10.1191,0.101088
12.6375,10.0464,0.102154
12.651,9.97379,0.10322
12.6608,9.90115,0.104286
12.6637,9.7796,0.103615
12.6771,9.65804,0.102943
12.686,9.59045,0.103139
12.698,9.52286,0.103335
12.7068,9.59517,0.105106
12.7171,9.57101,0.107209
12.7297,9.54684,0.109312
12.74,9.52267,0.111416
12.7532,9.47848,0.114093
12.7572,9.32877,0.11294
12.7694,9.33647,0.109985
12.7788,9.34417,0.107031
12.7863,9.23751,0.106126
12.7978,9.18832,0.110918
12.8114,9.18706,0.112701
12.8347,9.09988,0.114805
12.837,9.07424,0.116654
12.8506,9.0486,0.118503
12.8583,8.9899,0.118549
12.8708,8.85852,0.126704
12.8761,8.72713,0.134859
12.8868,8.59575,0.143014
12.9026,8.52044,0.14931
12.9062,8.65232,0.151183
12.9135,8.75338,0.154445
12.9261,8.73876,0.154517
12.9352,8.69577,0.152279
12.9456,8.70188,0.150599
12.9603,8.70799,0.14892
12.971,8.74636,0.150302
12.9827,8.82162,0.151691
12.9843,8.96986,0.159438
13.002,8.98551,0.163799
13.0211,8.94129,0.163294
13.0223,8.96669,0.160681
13.026,8.99208,0.158068
13.0344,9.01748,0.155454
13.0467,9.06269,0.155308
13.0561,9.06003,0.156821
13.0652,9.24492,0.165661
13.0765,9.42981,0.174502
13.0904,9.52394,0.175682
13.0959,9.52204,0.173548
13.1046,9.67158,0.17866
13.1144,9.77318,0.186781
13.1261,9.84928,0.192507
13.1352,9.92538,0.198233
13.145,10.0015,0.203959
13.1543,10.0776,0.209685
13.166,10.1636,0.20026
13.1751,10.2497,0.190836
13.1838,10.4106,0.180975
13.1949,10.5715,0.171115
13.2114,10.3639,0.172036
13.227,10.2414,0.180142
13.2401,10.2045,0.185914
13.2461,10.1675,0.191685
13.2652,10.1753,0.193017
13.2673,10.1831,0.194348
13.2744,10.1587,0.192618
13.2845,10.1615,0.191454
13.2938,10.0914,0.183933
13.3045,10.0598,0.189292
13.3163,10.0435,0.202814
13.3238,10.0272,0.216336
13.3344,10.0109,0.229857
13.3439,10.0247,0.234275
13.3551,10.0187,0.236227
13.3635,10.0127,0.238178
13.3751,9.92469,0.236632
13.3943,9.86706,0.227703
13.4004,9.90019,0.226436
13.4144,9.88239,0.234933
13.4241,9.71315,0.236185
13.4356,9.69608,0.234453
13.4358,9.79045,0.234796
13.445,9.68438,0.228138
13.4584,9.57831,0.22148
13.4647,9.45994,0.218656
13.4746,9.4043,0.222874
13.4847,9.40551,0.228141
13.499,9.33186,0.233843
13.5049,9.29102,0.235211
13.5201,9.40902,0.23304
13.529,9.44197,0.223684
13.5358,9.51732,0.221648
13.5444,9.59266,0.219612
13.5564,9.56378,0.236523
13.5645,9.5349,0.253434
13.5761,9.76493,0.269473
13.5876,9.96761,0.284944
13.5935,10.1703,0.300416
13.6119,10.1663,0.293686
13.6346,10.136,0.277054
13.644,10.1416,0.259924
13.6587,10.1472,0.242795
13.6648,10.1227,0.23477
13.6755,10.0982,0.226744
13.6874,10.1414,0.226936
13.6985,10.1846,0.227127
13.7053,10.1818,0.23075
13.7165,10.179,0.234373
13.7277,10.2379,0.227592
13.7339,10.2968,0.220811
13.745,10.0711,0.22182
13.7647,9.91724,0.218016
13.7648,9.96381,0.221214
13.7824,10.0104,0.224412
13.7929,10.0692,0.223775
13.7955,10.1281,0.223138
13.8063,10.0189,0.235988
13.8184,9.90975,0.248837
13.8316,9.90212,0.260675
13.8388,9.89691,0.269692
13.8473,9.91407,0.265206
13.8561,9.91897,0.258925
13.8637,9.99983,0.262586
13.8748,10.1794,0.254539
13.8911,10.2441,0.242905
13.8951,10.0499,0.232142
13.9049,9.81515,0.223028
13.9155,9.57169,0.208462
13.927,9.49652,0.203217
13.9343,9.49208,0.204577
13.953,9.58036,0.218665
13.9641,9.65416,0.225522
13.9675,9.72795,0.232378
13.9773,9.80175,0.239234
13.9838,9.64373,0.240336
13.9944,9.48571,0.241438
14.0063,9.34324,0.246491
14.0149,9.31721,0.242315
14.035,9.28043,0.238779
14.0351,9.24365,0.235243
14.0458,9.34342,0.226033
14.0548,9.37137,0.221635
14.0643,9.48847,0.218598
14.0752,9.60557,0.215562
14.088,9.65909,0.218487
14.0947,9.71261,0.221412
14.1043,9.79441,0.215094
14.1144,9.87622,0.208776
14.1242,9.84903,0.199899
14.1367,9.80235,0.188442
14.1444,9.73331,0.190489
14.1548,9.66426,0.192535
14.1636,9.48891,0.187295
14.1758,9.31356,0.182054
14.1855,9.31735,0.190743
14.1964,9.32114,0.199432
14.2078,9.31342,0.208123
14.2163,9.31437,0.222264
14.225,9.18815,0.238513
14.2396,9.06194,0.254762
14.2457,9.01697,0.253098
14.2538,8.98649,0.258667
14.2639,8.94042,0.261772
14.2758,8.89435,0.264877
14.2837,8.95603,0.257003
14.3034,9.0177,0.249128
14.3058,8.92629,0.242394
14.3158,8.71843,0.244888
14.3261,8.51058,0.247382
14.3351,8.30272,0.249877
14.3441,8.5441,0.253422
14.3557,8.78548,0.256967
14.3644,8.73453,0.270281
14.376,8.60034,0.281802
14.3854,8.52973,0.28736
14.3971,8.45912,0.292919
14.4048,8.51693,0.28262
14.4158,8.57473,0.272322
14.4269,8.52877,0.271431
14.4346,8.50229,0.27312
14.4502,8.61938,0.27474
14.4548,8.73648,0.27636
14.469,8.7564,0.273479
14.4757,8.77633,0.270598
14.4869,8.8674,0.26319
14.4942,8.95847,0.255781
14.5036,9.05906,0.242897
14.5157,9.15966,0.230013
14.5243,9.42259,0.214242
14.534,9.68552,0.198471
14.546,9.65428,0.196076
14.5538,9.62304,0.193682
14.5637,9.5711,0.198319
14.5739,9.57799,0.202744
14.584,9.6413,0.215686
14.5951,9.70461,0.228628
14.6098,9.81351,0.228567
14.6142,9.92242,0.228506
14.6238,10.0313,0.228445
14.6366,10.1402,0.228384
14.6504,9.90577,0.228374
14.6566,9.67131,0.228364
14.6675,9.64003,0.217223
14.6826,9.656,0.214036
14.6852,9.67198,0.210848
14.7016,9.79165,0.206467
14.7145,9.86581,0.212652
14.7216,9.84719,0.218648
14.7307,9.907,0.22314
14.7382,9.95851,0.221326
14.7455,9.86645,0.219581
14.7553,9.77438,0.217837
14.7662,9.76015,0.226313
14.7748,9.74591,0.234788
14.7838,9.59317,0.227636
14.7941,9.44043,0.220484
14.8042,9.40521,0.221892
14.8159,9.38202,0.220858
14.8239,9.32365,0.220603
14.8337,9.26528,0.220349
14.844,9.37456,0.215682
14.8555,9.48383,0.211014
14.8662,9.54346,0.196384
14.8742,9.54427,0.181967
14.8846,9.50936,0.170266
14.8939,9.47445,0.158564
14.9054,9.54703,0.158725
14.915,9.62748,0.159313
14.9234,9.70794,0.1599
14.9336,9.78839,0.160488
14.9448,9.72568,0.15906
14.955,9.66298,0.157632
14.9653,9.65199,0.163378
14.9734,9.67697,0.162965
14.9836,9.66429,0.165041
14.9939,9.54792,0.168311
15.0088,9.52685,0.173277
15.0156,9.59854,0.178432
15.0235,9.56931,0.184492
15.0338,9.54837,0.196857
15.0436,9.46943,0.209734
15.0555,9.39048,0.22261
15.0675,9.46804,0.218405
15.0734,9.54561,0.2142
15.084,9.60842,0.213789
15.0936,9.67123,0.213378
15.106,9.66985,0.21166
15.1157,9.65645,0.212383
15.1235,9.66339,0.21154
15.1335,9.67034,0.210696
15.1436,9.56823,0.205736
15.1574,9.46612,0.200776
15.1634,9.40979,0.201652
15.175,9.35346,0.202527
15.1836,9.33283,0.200686
15.1942,9.21947,0.203435
15.2046,9.1061,0.206184
15.2152,8.98486,0.208507
15.2234,8.86362,0.210829
15.2336,8.83309,0.215395
15.2436,9.08785,0.225402
15.2559,9.34261,0.23541
15.2636,9.31021,0.241219
15.2737,9.27782,0.247029
15.2846,9.2794,0.242381
15.2953,9.28098,0.237734
15.3044,9.11888,0.231356
15.3136,8.95678,0.224977
15.3237,9.04033,0.216255
15.3335,9.12387,0.207533
15.3439,9.20544,0.194741
15.3562,9.287,0.181949
15.3636,9.16165,0.180203
15.3746,9.03629,0.178457
15.3838,9.0637,0.181034
15.3946,9.09111,0.183611
15.4047,9.0683,0.18123
15.4143,9.0455,0.17885
15.4235,9.00106,0.179346
15.4341,8.95663,0.179842
15.4438,8.94405,0.185016
15.4544,8.93146,0.19019
15.4638,8.95903,0.194923
15.4807,8.9866,0.199656
15.4881,9.01251,0.203847
15.4977,9.08838,0.198784
15.5047,9.16426,0.193721
15.5148,9.24014,0.188658
15.5239,9.32919,0.194415
15.5347,9.32752,0.197928
15.5451,9.04351,0.207749
15.5539,8.75949,0.21757
15.5656,8.82361,0.224409
15.5748,8.88773,0.231247
15.5863,8.88178,0.236272
15.5994,8.87584,0.241298
15.6053,8.8796,0.239443
15.6145,8.88335,0.237589
15.6305,8.84654,0.234129
15.6378,8.80972,0.230669
15.6459,8.82742,0.233636
15.654,8.84511,0.236604
15.6661,9.00853,0.241984
15.6775,9.17195,0.247365
15.6837,9.17921,0.247321
15.6976,9.18648,0.247278
15.705,9.17695,0.250287
15.7159,9.16742,0.253297
15.7283,9.16524,0.251852
15.738,9.16306,0.250407
15.7436,9.19804,0.244001
15.7562,9.23302,0.237596
15.7643,9.22721,0.23138
15.7827,9.2214,0.225164
15.7841,9.21725,0.219491
15.7939,9.25587,0.218481
15.8041,9.30865,0.217059
15.8162,9.36144,0.215637
15.8256,9.40197,0.203438
15.835,9.44251,0.191239
15.8437,9.50657,0.168815
15.8539,9.57063,0.14639
15.8649,9.53524,0.124106
15.8745,9.49985,0.101822
15.8838,9.5296,0.0892551
15.8938,9.55935,0.0766883
15.9056,9.65625,0.0710397
15.917,9.75315,0.0653911
15.9239,9.73551,0.0628034
15.9382,9.55541,0.0670082
15.9462,9.38078,0.0683442
15.9538,9.20615,0.0696802
15.9696,8.9859,0.066264
15.9751,8.76565,0.0628478
15.9842,8.90643,0.0632374
15.9943,9.04722,0.063627
16.0037,9.1219,0.0671562
16.0139,9.19658,0.0706854
16.0248,9.10641,0.0737267
16.035,9.01623,0.0767679
16.0447,8.90862,0.079424
16.0539,8.80102,0.0820802
16.0647,8.7506,0.0831446
16.0779,8.77661,0.0849496
16.0839,8.80262,0.0867547
16.0936,8.82863,0.0885597
16.1038,8.81184,0.0899943
16.1148,8.79505,0.0914289
16.1267,8.77733,0.0928207
16.1344,8.75962,0.0942125
16.1435,8.74257,0.104514
16.1545,8.72553,0.114815
16.1639,8.67576,0.127582
16.1749,8.62599,0.140349
16.1839,8.58483,0.153179
16.1949,8.54366,0.166008
16.2056,8.74623,0.186207
16.2167,8.84437,0.201579
16.2239,8.95292,0.216935
16.2337,9.22394,0.225498
16.2437,9.38991,0.236006
16.2571,9.61463,0.239435
16.266,9.83936,0.242865
16.2765,10.0641,0.246294
16.2872,9.82563,0.245267
16.2943,9.58719,0.24424
16.3036,9.53835,0.239943
16.3146,9.48951,0.235646
16.3234,9.62055,0.234197
16.3365,9.75158,0.232747
16.344,9.85891,0.23127
16.3538,9.96623,0.229792
16.3636,10.0244,0.236282
16.3763,10.0061,0.24203
16.3839,9.96201,0.243649
16.3941,9.9179,0.245268
16.404,10.0464,0.255514
16.4136,10.175,0.265761
16.4258,10.2669,0.271315
16.4342,10.3588,0.27687
16.4436,10.3069,0.273729
16.4543,10.2551,0.270589
16.4649,10.4783,0.27415
16.4742,10.7015,0.277712
16.485,10.8645,0.271252
16.4938,11.0274,0.264793
16.5042,10.632,0.251178
16.514,10.3411,0.242389
16.5264,10.124,0.239942
16.5341,9.90684,0.237494
16.544,10.0172,0.228927
16.554,10.0688,0.227438
16.5656,10.1204,0.22595
16.5739,10.172,0.224461
16.5851,10.1825,0.22392
16.5941,10.1931,0.223379
16.605,10.1868,0.225575
16.6144,10.1806,0.22777
16.6237,10.2073,0.225818
16.6341,10.2341,0.223865
16.6442,10.1869,0.228036
16.6544,10.1398,0.232206
16.6642,10.1843,0.227884
16.674,10.2289,0.223561
16.6839,10.3013,0.223818
16.6941,10.3738,0.224075
16.7041,10.3198,0.217252
16.7154,10.2659,0.210429
16.724,10.2127,0.203734
16.7362,10.1594,0.197039
16.7537,10.2104,0.191669
16.7544,10.2613,0.186299
16.7645,10.1254,0.174831
16.7774,9.9896,0.163364
16.7844,10.1636,0.162107
16.7937,10.3377,0.16085
16.8036,10.3008,0.171091
16.8148,10.264,0.181332
16.8234,10.3657,0.172826
16.834,10.4674,0.16432
16.8438,10.4342,0.161742
16.8571,10.401,0.159165
16.8636,10.3058,0.161325
16.8761,10.1707,0.168392
16.8848,10.1999,0.182282
16.8937,10.2291,0.196173
16.9037,10.2079,0.205935
16.9147,10.1866,0.215698
16.9276,10.0641,0.22221
16.9364,9.94164,0.228723
16.9504,9.99837,0.22667
16.9567,10.0551,0.224617
16.9644,10.0446,0.226974
16.9763,10.0341,0.229331
16.985,10.0326,0.226751
16.9962,10.031,0.224171
17.0053,10.0118,0.220825
17.018,9.99264,0.21748
17.0252,9.93396,0.222541
17.0349,9.87528,0.227602
17.0436,9.94371,0.232421
17.0544,10.0121,0.23724
17.0643,9.99946,0.23263
17.074,9.98677,0.22802
17.0838,9.72452,0.223221
17.0936,9.38167,0.222211
17.1043,9.55578,0.209488
17.1139,9.75139,0.19367
17.1252,9.73463,0.19026
17.134,9.83919,0.195758
17.1438,9.85623,0.199501
17.1552,9.94811,0.196108
17.164,10.1019,0.187977
17.1739,10.2957,0.174939
17.1843,10.2888,0.163584
17.1937,10.2818,0.15223
17.2046,10.2748,0.140875
17.2139,10.3389,0.127427
17.2245,10.4501,0.122162
17.2337,10.5614,0.116897
17.2439,10.5308,0.116403
17.254,10.5003,0.115909
17.2638,10.4624,0.112876
17.2736,10.4245,0.109843
17.2841,10.4047,0.109741
17.2958,10.3849,0.109639
17.304,10.3564,0.115496
17.3146,10.3279,0.121353
17.3247,10.4037,0.128508
17.334,10.4796,0.135663
17.3443,10.4508,0.140324
17.3555,10.422,0.144986
17.3649,10.2696,0.158073
17.3741,10.1172,0.171159
17.3851,10.0827,0.18286
17.3959,10.1288,0.190771
17.4046,9.99215,0.193349
17.4144,9.83399,0.199021
17.4264,9.89207,0.20629
17.4365,9.82883,0.204649
17.4437,9.71782,0.199109
17.4541,9.53197,0.200705
17.4708,9.35888,0.201913
17.4734,9.18579,0.203121
17.4857,9.24078,0.201825
17.4936,9.29577,0.200529
17.5041,9.37219,0.206765
17.5138,9.37756,0.215095
17.5251,9.38292,0.223425
17.5339,9.41577,0.23554
17.5446,9.45289,0.246448
17.5537,9.49002,0.257357
17.5646,9.55304,0.268625
17.5734,9.61605,0.279893
17.5851,9.60504,0.290102
17.5942,9.59402,0.300311
17.6035,9.56475,0.294337
17.6141,9.53547,0.288364
17.6246,9.47885,0.277759
17.635,9.42224,0.267153
17.6436,9.42647,0.259056
17.6543,9.43071,0.250959
17.6653,9.57686,0.250773
17.6735,9.72301,0.250587
17.6851,9.78993,0.252975
17.6941,9.85684,0.255362
17.7036,9.98874,0.256412
17.7157,10.1206,0.257462
17.7235,10.1173,0.253816
17.7348,10.0381,0.252435
17.744,10.0066,0.254954
17.7546,9.97512,0.257473
17.7646,9.99873,0.269274
17.776,10.0224,0.281076
17.7853,9.8237,0.299238
17.8006,9.62505,0.3174
17.8037,9.7571,0.324937
17.8145,9.88914,0.332473
17.8234,9.91342,0.331167
17.8356,9.91022,0.326075
17.8437,9.83324,0.314912
17.8545,9.75626,0.303749
17.8653,9.66901,0.292284
17.8781,9.58176,0.280819
17.8848,9.59796,0.269244
17.894,9.61416,0.257669
17.9039,9.63923,0.256165
17.9142,9.6643,0.25466
17.9235,9.58796,0.256412
17.9377,9.51161,0.258164
17.9436,9.51068,0.26063
17.9546,9.50976,0.263095
17.9643,9.47528,0.251352
17.9735,9.44081,0.239609
17.9868,9.298,0.231898
17.9943,9.15519,0.224187
18.0055,9.15855,0.222969
18.0171,9.16191,0.221751
18.0251,8.92278,0.227835
18.0354,8.7596,0.231653
18.0436,8.58012,0.230909
18.0537,8.40064,0.230165
18.0662,8.42337,0.228584
18.0735,8.44611,0.227003
18.0864,8.60025,0.218784
18.0941,8.7544,0.210564
18.1036,8.66018,0.19348
18.1151,8.56595,0.176396
18.1263,8.50015,0.167206
18.1337,8.43436,0.158017
18.1435,8.54489,0.160651
18.1547,8.65543,0.163285
18.1639,8.76596,0.165919
18.1751,8.82158,0.171148
18.1838,8.81869,0.179103
18.1938,8.79785,0.186837
18.2039,8.79513,0.194724
18.2188,8.76442,0.212813
18.2252,8.86535,0.230001
18.2343,8.96629,0.247189
18.2436,8.84642,0.25023
18.2549,8.72656,0.253272
18.2643,8.6343,0.260411
18.2737,8.69566,0.26814
18.2837,8.73663,0.275346
18.2936,8.7776,0.282551
18.3039,8.75994,0.280912
18.3148,8.74229,0.279273
18.3239,9.006,0.27845
18.3336,9.26972,0.277628
18.3446,9.56815,0.276056
18.3585,9.86658,0.274484
18.3662,9.92817,0.265345
18.3736,9.98976,0.256206
18.3839,10.0126,0.250919
18.3938,10.0354,0.245631
18.4055,9.95445,0.252302
18.417,9.87352,0.258972
18.425,9.82073,0.261786
18.4365,9.95846,0.269832
18.4441,10.0237,0.272535
18.4537,10.089,0.275237
18.4663,10.0998,0.27272
18.4739,10.1655,0.267607
18.4839,10.0574,0.261955
18.4937,9.96725,0.256524
18.5036,10.0532,0.262579
18.5145,10.1671,0.258433
18.5234,10.5494,0.244876
18.5372,10.9317,0.231319
18.5443,11.4217,0.23014
18.5547,11.4474,0.23441
18.5646,11.4731,0.238681
18.5752,11.3452,0.242362
18.5838,11.3721,0.239933
18.5936,11.3991,0.237504
18.6035,11.5231,0.255512
18.6138,11.6471,0.27352
18.6254,11.6513,0.28651
18.6355,11.6197,0.308609
18.6436,11.458,0.333649
18.6539,11.2963,0.358688
18.6638,11.3232,0.376296
18.6747,11.35,0.393903
18.6844,11.3909,0.389641
18.6937,11.4319,0.385378
18.7039,11.4728,0.381116
18.7152,11.4562,0.378065
18.7243,11.4908,0.379819
18.7337,11.4686,0.379017
18.7443,11.2381,0.377596
18.7551,11.0077,0.376175
18.77,10.8127,0.379533
18.7736,10.6176,0.382891
18.7839,10.6786,0.384798
18.7935,10.7396,0.386705
18.8044,10.6039,0.377241
18.8145,10.4683,0.367777
18.8256,10.1287,0.36623
18.8336,9.74207,0.361413
18.8447,9.3554,0.356596
18.8541,9.43295,0.346329
18.8651,9.48741,0.335309
18.874,9.54187,0.324289
18.8862,9.56139,0.313442
18.8938,9.58092,0.302594
18.9039,9.5336,0.280331
18.9145,9.48628,0.258069
18.9272,9.23565,0.241582
18.9338,9.02073,0.215987
18.9434,9.10034,0.188725
18.955,9.17995,0.161463
18.9642,8.93137,0.143343
18.9738,8.68279,0.125222
18.9838,8.6248,0.132447
18.9952,8.56681,0.139671
19.0037,8.48959,0.139463
19.0174,8.46986,0.138044
19.0234,8.52606,0.144133
19.0363,8.44862,0.147547
19.0435,8.76828,0.142179
19.0538,9.08795,0.136811
19.0639,9.13084,0.133868
19.0762,9.17373,0.130925
19.0844,9.2743,0.131776
19.0938,9.37487,0.132626
19.1038,9.49597,0.133361
19.1141,9.53283,0.138047
19.1261,9.47333,0.141364
19.1357,9.47757,0.145665
19.1436,9.46574,0.145213
19.1539,9.4539,0.14476
19.165,9.46515,0.14506
19.1747,9.39866,0.149123
19.1839,9.45968,0.164313
19.1947,9.5207,0.179503
19.2045,9.55129,0.194785
19.2169,9.58187,0.210067
19.2241,9.71608,0.208997
19.2357,9.8503,0.207928
19.2445,9.8195,0.214886
19.2535,9.78871,0.221843
19.2637,9.86833,0.219344
19.2755,9.94795,0.216844
19.2843,10.0371,0.209712
19.2937,10.1262,0.20258
19.3036,10.2255,0.209576
19.3137,10.3248,0.216572
19.3236,10.4482,0.215329
19.3353,10.2426,0.21184
19.3435,9.84812,0.217751
19.3537,9.4536,0.223662
19.3666,9.35492,0.22759
19.3755,9.25623,0.231517
19.3842,9.1578,0.23706
19.3936,9.05937,0.242602
19.4041,9.09808,0.246414
19.4138,9.22103,0.246276
19.4244,9.30417,0.240012
19.4344,9.37073,0.236035
19.4437,9.38765,0.243889
19.4541,9.40457,0.251743
19.4659,9.42149,0.259598
19.4741,9.51614,0.263689
19.4845,9.39256,0.250023
19.4937,9.26898,0.236357
19.5038,9.2671,0.225122
19.5163,9.26522,0.213887
19.5234,9.38459,0.209734
19.5339,9.50395,0.205581
19.5436,9.50169,0.19908
19.5555,9.49943,0.192578
19.5646,9.56222,0.192118
19.5735,9.62501,0.191658
19.5845,9.57597,0.189603
19.5939,9.49282,0.190756
19.6052,9.4187,0.185213
19.6137,9.32619,0.189467
19.6236,9.1337,0.194451
19.6338,9.27015,0.201681
19.6436,9.40659,0.20891
19.6545,9.60924,0.204627
19.6641,9.81189,0.200344
19.6763,10.0145,0.196061
19.6838,9.86773,0.189558
19.6938,9.72091,0.183054
19.7047,9.43696,0.17828
19.7142,9.15302,0.173505
19.7235,9.04813,0.17324
19.7337,8.98389,0.174506
19.7436,8.98538,0.168694
19.7552,8.98686,0.162882
19.7649,8.98835,0.157069
19.7764,8.96569,0.147889
19.7836,9.03605,0.146289
19.7945,9.10641,0.14469
19.8038,9.08413,0.140353
19.8152,9.06184,0.136016
19.8252,9.06036,0.135351
19.8338,9.05889,0.134685
19.8435,9.16118,0.132378
19.8539,9.13349,0.132186
19.8646,9.03675,0.133209
19.8753,8.8154,0.134362
19.887,8.78593,0.144746
19.8935,8.79059,0.151923
19.904,8.9839,0.151629
19.9158,9.19561,0.141537
19.9238,9.19184,0.139302
19.9343,9.18808,0.137067
19.944,9.18432,0.134832
19.955,9.11435,0.14411
19.967,8.98516,0.149906
19.9748,8.85596,0.155703
19.9836,9.11927,0.161369
19.994,9.38259,0.167036
20.0047,9.68405,0.166551
20.0152,9.98551,0.166066
20.0236,9.93331,0.168199
20.0337,9.84046,0.1688
20.0436,9.81659,0.165985
20.0548,9.79271,0.163169
20.0645,9.8123,0.16006
20.0736,9.85605,0.160319
20.0867,9.79881,0.160119
20.0938,9.74157,0.159918
20.1043,9.68306,0.166983
20.1154,9.62456,0.174049
20.1238,9.52368,0.180936
20.1336,9.4228,0.187823
20.1444,9.35772,0.1922
20.1558,9.42262,0.194463
20.1665,9.58709,0.201812
20.1767,9.87617,0.209031
20.1861,9.60195,0.207408
20.1983,9.32774,0.205784
20.2065,9.23656,0.205273
20.2165,9.14539,0.204761
20.2241,9.26968,0.196392
20.2367,9.39397,0.188023
20.2492,9.54523,0.179596
20.2543,9.69648,0.17117
20.2665,9.78866,0.172429
20.278,9.88085,0.173689
20.2838,9.98258,0.169182
20.2945,10.0843,0.164675
20.3128,9.99242,0.165144
20.3169,9.90052,0.165614
20.3238,10.0068,0.167784
20.3362,10.113,0.169954
20.3455,9.93836,0.175414
20.3562,9.7637,0.180875
20.3639,9.65984,0.185903
20.376,9.55597,0.190932
20.3849,9.59221,0.196205
20.396,9.62844,0.201478
20.4048,9.75051,0.196582
20.4161,9.87257,0.191687
20.4242,9.99464,0.186791
20.4338,10.1167,0.181895
20.4441,10.1949,0.183232
20.4564,10.273,0.18457
20.465,10.2695,0.18246
20.4736,10.266,0.18035
20.4841,10.3821,0.176941
20.4937,10.4983,0.173531
20.5039,10.4367,0.173328
20.5135,10.3752,0.173125
20.5237,10.2635,0.175654
20.5336,10.1518,0.178182
20.5446,10.047,0.176639
20.5541,9.94217,0.175097
20.564,9.83201,0.168181
20.5747,9.72184,0.161265
20.584,9.41902,0.159048
20.5942,9.11619,0.15683
20.6038,9.09345,0.15618
20.6142,9.07071,0.15553
20.6247,8.91534,0.154261
20.6337,8.75997,0.152992
20.6436,8.81653,0.151849
20.6562,9.02119,0.148713
20.6635,9.22131,0.148603
20.6743,9.42142,0.148494
20.6844,9.40516,0.144429
20.6951,9.3889,0.140364
20.7047,9.70681,0.140686
20.714,10.0247,0.141008
20.7239,9.8449,0.147885
20.7337,9.66508,0.154762
20.7437,9.48734,0.157053
20.7536,9.30959,0.159344
20.7636,9.35528,0.156012
20.774,9.40096,0.15268
20.7836,9.69836,0.150259
20.7952,9.99576,0.147838
20.8051,9.8373,0.153977
20.8138,9.67885,0.160115
20.8236,9.71441,0.160763
20.8347,9.74997,0.161411
20.8437,9.65955,0.166417
20.8551,9.56913,0.171422
20.864,9.73745,0.177945
20.8742,9.90578,0.184468
20.8836,10.0444,0.18752
20.895,10.183,0.190571
20.9044,10.2001,0.188933
20.9136,10.2173,0.187295
20.9262,10.3167,0.187004
20.9339,10.4161,0.186712
20.9439,10.543,0.183514
20.954,10.5219,0.182309
20.9637,10.3909,0.178802
20.9743,10.26,0.175295
20.9836,10.3774,0.189557
20.996,10.4948,0.203819
21.0043,10.2905,0.214323
21.0135,10.0862,0.224827
21.0242,9.9748,0.22244
21.0337,9.86342,0.220053
21.0465,9.91114,0.216707
21.0551,9.95886,0.213362
21.0636,9.99848,0.213983
21.0736,10.0381,0.214604
21.0837,9.80667,0.218172
21.0942,9.57524,0.221739
21.1072,9.75479,0.235074
21.1151,9.93433,0.248408
21.1245,9.95625,0.263713
21.1338,9.97817,0.279017
21.1457,10.0674,0.291502
21.1557,10.1567,0.303987
21.1636,9.89144,0.317835
21.1742,9.6262,0.331683
21.1837,9.30529,0.342304
21.1957,8.98439,0.352926
21.2066,8.97855,0.360432
21.2136,8.97271,0.367938
21.2242,9.12632,0.373207
21.2335,9.27993,0.378477
21.2439,9.40605,0.386653
21.2572,9.53217,0.39483
21.2636,9.51764,0.399896
21.2738,9.50311,0.404963
21.2837,9.45564,0.400804
21.2936,9.40817,0.396646
21.3036,9.26501,0.394976
21.3136,9.12185,0.393306
21.3236,9.35371,0.400658
21.3336,9.58558,0.40801
21.344,9.64216,0.4181
21.354,9.69874,0.42819
21.3639,9.6093,0.43414
21.3758,9.51985,0.440089
21.3838,9.6059,0.433489
21.3938,9.69195,0.426889
21.4053,9.60097,0.407496
21.4135,9.50999,0.388103
21.4236,9.43274,0.369498
21.4362,9.35549,0.350893
21.4436,9.39592,0.333344
21.4542,9.43636,0.315795
21.4638,9.65642,0.293586
21.4736,9.87647,0.271377
21.4838,10.1819,0.255867
21.4941,10.4874,0.240357
21.5037,10.5908,0.239583
21.5143,10.6943,0.23881
21.5241,10.6047,0.239952
21.535,10.5151,0.241094
21.5438,10.4061,0.234575
21.5565,10.2971,0.228057
21.5641,10.4104,0.225465
21.5744,10.5236,0.222874
21.5839,10.4258,0.211953
21.5935,10.328,0.201032
21.6073,10.4005,0.191631
21.6143,10.4729,0.18223
21.6249,10.3718,0.175134
21.6338,10.2707,0.168038
21.6445,10.34,0.159286
21.6539,10.4093,0.150535
21.6636,10.4196,0.15151
21.6746,10.4298,0.152485
21.6838,10.3626,0.163101
21.694,10.2955,0.173716
21.7042,10.3893,0.187755
21.7161,10.4831,0.201795
21.7241,10.5769,0.215834
21.7363,10.6707,0.229873
21.7437,10.6361,0.229958
21.7556,10.6015,0.230043
21.7637,10.7023,0.231763
21.775,10.8031,0.233484
21.7844,10.7469,0.23558
21.7945,10.6907,0.237676
21.8045,10.605,0.231308
21.8136,10.4693,0.223725
21.8238,10.4337,0.213032
21.8338,10.3982,0.202339
21.8451,10.4285,0.207159
21.855,10.4589,0.211978
21.865,10.3463,0.217549
21.8743,10.2337,0.223119
21.8837,10.3704,0.229873
21.8936,10.5072,0.236626
21.9052,10.4737,0.241858
21.9136,10.4403,0.247091
21.9244,10.4783,0.246931
21.9367,10.5932,0.243859
21.9446,10.5599,0.241527
21.9536,10.5266,0.239194
21.9636,10.3785,0.23063
21.9759,10.2305,0.222065
21.9835,10.3099,0.213503
21.9938,10.3893,0.204941
22.006,10.3207,0.187919
22.0137,10.252,0.170897
22.0251,10.1532,0.156027
22.0338,10.0543,0.141157
22.0439,10.1048,0.142633
22.0541,10.1552,0.14411
22.0639,10.0154,0.146522
22.0743,9.8755,0.148934
22.0843,10.0532,0.152592
22.0937,10.2308,0.156251
22.1041,10.142,0.165988
22.1134,10.1034,0.17694
22.1243,10.0689,0.188791
22.1335,10.0345,0.200642
22.1465,10.0036,0.211103
22.1543,9.97272,0.221564
22.1652,10.0736,0.228435
22.1748,10.1744,0.235305
22.184,10.1963,0.234091
22.1946,10.2181,0.232876
22.2042,10.111,0.227494
22.2172,10.0482,0.228573
22.2236,10.1173,0.230055
22.2339,10.1095,0.234448
22.2441,10.1017,0.238842
22.2541,10.0939,0.243235
22.2634,10.1557,0.239815
22.2738,10.2175,0.236394
22.284,10.2087,0.236316
22.2946,10.1998,0.236238
22.3051,10.1184,0.242469
22.3135,10.0369,0.248699
22.3239,10.12,0.262131
22.3336,10.203,0.275563
22.344,10.2469,0.292867
22.3559,10.2909,0.310171
22.3647,10.4612,0.327652
22.3781,10.5363,0.33947
22.3838,10.4507,0.349666
22.3937,10.3651,0.359861
22.4048,10.5018,0.351737
22.4144,10.6384,0.343613
22.424,10.7708,0.33459
22.434,10.9032,0.325567
22.4442,11.0048,0.308212
22.4549,11.1064,0.290857
22.4634,10.9583,0.277721
22.4742,10.8102,0.264585
22.4842,10.6977,0.263421
22.4947,10.5853,0.262257
22.5042,10.5991,0.260868
22.5154,10.5687,0.253018
22.5237,10.5114,0.248772
22.5339,10.4541,0.244527
22.544,10.4319,0.240094
22.5563,10.4097,0.235661
22.5637,10.3328,0.24552
22.5737,10.256,0.255379
22.5836,10.3316,0.2618
22.5938,10.4072,0.268222
22.6049,10.5704,0.270991
22.6156,10.7336,0.273761
22.6236,10.7464,0.260431
22.634,10.7592,0.2471
22.6461,10.6503,0.229994
22.6567,10.5415,0.212889
22.6635,10.39,0.192911
22.6763,10.4624,0.19146
22.6836,10.5347,0.190009
22.6942,10.6071,0.188558
22.7039,10.6249,0.196502
22.7134,10.6426,0.204445
22.7244,10.462,0.20348
22.7337,10.2814,0.202514
22.7461,10.0816,0.203419
22.7555,9.98945,0.204303
22.7639,10.0767,0.202991
22.7756,10.164,0.201678
22.7836,10.1781,0.198941
22.7953,10.208,0.196514
22.8038,10.2405,0.198479
22.8135,10.273,0.200443
22.8258,10.2976,0.19807
22.8343,10.3222,0.195697
22.8437,10.3268,0.19187
22.855,10.3314,0.188044
22.8649,10.4506,0.179382
22.8765,10.5698,0.17072
22.8836,10.3579,0.167501
22.8945,10.1461,0.164282
22.9079,9.96748,0.164392
22.914,9.7889,0.164501
22.9245,9.69487,0.168082
22.9362,9.60084,0.171662
22.9436,9.60517,0.170515
22.955,9.6095,0.169367
22.9645,9.73543,0.169169
22.9738,9.73281,0.156108
22.9895,9.52627,0.152376
22.9957,9.31973,0.148644
23.0037,9.12533,0.1489
23.0138,8.93094,0.149157
23.0237,8.82173,0.180693
23.0335,8.71252,0.212229
23.0446,8.79317,0.233584
23.0545,8.76608,0.254961
23.0635,8.6615,0.264057
23.074,8.55691,0.273153
23.0835,8.56957,0.277457
23.0937,8.56652,0.281451
23.1072,8.56991,0.282201
23.1134,8.57329,0.28295
23.1278,8.61147,0.284434
23.1336,8.64966,0.285918
23.1437,8.70413,0.295139
23.1557,8.7586,0.30436
23.164,8.70474,0.316174
23.1777,8.65087,0.327988
23.1836,8.79177,0.334415
23.1936,8.93268,0.340841
23.2041,9.18137,0.343604
23.2155,9.43006,0.346366
23.2241,9.35393,0.348052
23.2341,9.2778,0.349739
23.2442,9.38606,0.35131
23.2539,9.49431,0.352882
23.2636,9.21693,0.352048
23.2741,8.93954,0.351213
23.2836,9.15201,0.345895
23.2971,9.36447,0.340577
23.3045,9.46889,0.331352
23.3134,9.57331,0.322128
23.3237,9.73963,0.290117
23.3336,9.90594,0.258105
23.3442,9.88357,0.245088
23.3566,9.8612,0.232071
23.3634,9.86492,0.234475
23.3774,9.86865,0.23688
23.3839,9.79016,0.251394
23.397,9.71167,0.265909
23.4038,9.74759,0.280272
23.4142,9.78351,0.294635
23.4238,9.75141,0.295936
23.4339,9.71931,0.297238
23.444,9.70007,0.290534
23.4556,9.68083,0.283831
23.4637,9.71545,0.275717
23.4745,9.75007,0.267603
23.4837,9.74591,0.255963
23.4984,9.74176,0.244323
23.5042,9.59282,0.231947
23.5135,9.44389,0.219571
23.5246,9.55142,0.211547
23.5338,9.65894,0.203522
23.5439,9.41745,0.220113
23.5557,9.17597,0.236704
23.5635,9.35621,0.252603
23.5738,9.53645,0.268502
23.5836,9.3365,0.271059
23.5946,9.13656,0.273615
23.604,9.11898,0.275768
23.6146,9.10141,0.27792
23.6241,9.31976,0.286816
23.6338,9.53811,0.295712
23.644,9.55419,0.288717
23.6553,9.57028,0.281721
23.664,9.61205,0.272516
23.6749,9.65381,0.263311
23.684,9.64691,0.246385
23.6946,9.64002,0.22946
23.7054,9.62593,0.216791
23.714,9.61184,0.204122
23.7237,9.50882,0.21026
23.7337,9.4058,0.216397
23.7438,9.2585,0.224443
23.7566,9.11121,0.23249
23.7634,9.07311,0.234635
23.7738,9.035,0.236781
23.7851,9.12569,0.239137
23.7981,9.21638,0.241494
23.8058,9.10479,0.24866
23.8149,8.9932,0.255827
23.8256,9.07236,0.259999
23.8337,9.15153,0.264172
23.8436,9.24033,0.252165
23.8539,9.32914,0.240158
23.8652,9.59485,0.227621
23.874,9.86057,0.215083
23.8848,9.81388,0.217544
23.8993,9.76718,0.220006
23.9056,9.69269,0.228402
23.9138,9.61819,0.236798
23.924,9.43072,0.228905
23.9337,9.24325,0.221011
23.944,9.28048,0.220191
23.9552,9.31771,0.219371
23.9636,9.31239,0.215797
23.9741,9.30706,0.212223
23.984,9.39376,0.209921
23.995,9.48046,0.207619
24.0041,9.41958,0.204608
24.0135,9.35871,0.201597
24.0239,9.45479,0.192841
24.0337,9.63484,0.190207
24.0445,9.81489,0.187572
24.0558,9.99494,0.184937
24.0636,10.0289,0.188464
24.0742,10.0629,0.191992
24.0836,9.96813,0.200088
24.0957,9.8734,0.208184
24.1049,10.0314,0.215092
24.1135,10.1894,0.221999
24.1238,10.1388,0.22401
24.1335,10.0881,0.22602
24.144,10.141,0.223485
24.1565,10.194,0.220951
24.1635,9.78225,0.226235
24.174,9.37052,0.231519
24.184,9.56305,0.229909
24.1969,9.75557,0.228299
24.2067,9.78848,0.221716
24.214,9.82138,0.215133
24.2238,9.74695,0.218049
24.2344,9.67252,0.220964
24.2443,9.57447,0.223884
24.2543,9.47642,0.226804
24.2635,9.61506,0.229044
24.2736,9.7537,0.231283
24.2844,9.6722,0.231701
24.2961,9.5907,0.232118
24.3043,9.63848,0.23456
24.3137,9.68626,0.237003
24.324,9.7831,0.245182
24.3354,9.79598,0.247241
24.3446,9.66232,0.259617
24.3542,9.52866,0.271993
24.3636,9.57462,0.282195
24.3754,9.62057,0.292397
24.3837,9.71382,0.28286
24.394,9.80706,0.273322
24.4035,9.98816,0.272745
24.4136,10.1693,0.272168
24.4237,10.0748,0.269677
24.4336,9.98043,0.267187
24.4448,9.88601,0.264696
24.455,9.7916,0.262205
24.4634,9.99482,0.254298
24.4742,10.198,0.246391
24.4837,10.068,0.240492
24.4944,9.938,0.234593
24.5062,9.97965,0.230665
24.5136,10.0213,0.226737
24.5236,10.0961,0.22534
24.534,10.1708,0.223943
24.5438,10.284,0.221423
24.5566,10.3972,0.218902
24.5634,10.2521,0.220475
24.5742,10.107,0.222048
24.5836,10.1707,0.223013
24.5982,10.2442,0.229878
24.605,10.2224,0.234566
24.6137,10.2005,0.239255
24.6237,10.1574,0.237559
24.6337,10.1144,0.235862
24.6452,10.222,0.220367
24.6574,10.3436,0.200894
24.6634,10.334,0.181171
24.6761,10.3243,0.161447
24.6835,10.3061,0.16021
24.6937,10.2879,0.158973
24.7047,9.94027,0.149611
24.7134,9.59269,0.14025
24.7272,9.66828,0.138911
24.7342,9.74387,0.137571
24.7437,9.88603,0.135324
24.7546,10.0282,0.133078
24.764,9.83826,0.1324
24.7736,9.64835,0.131723
24.7867,9.74946,0.137037
24.796,9.85057,0.14235
24.805,9.855,0.142119
24.8136,9.85944,0.141888
24.8237,9.93347,0.142861
24.8352,10.0075,0.143833
24.8487,9.87777,0.15104
24.8566,9.74803,0.158246
24.8636,9.83126,0.171728
24.8739,9.91449,0.185209
24.8853,9.9384,0.200855
24.8938,9.95258,0.2106
24.9068,9.93634,0.212269
24.9137,9.9201,0.213939
24.9268,9.85115,0.209283
24.9336,9.7822,0.204627
24.9436,9.76998,0.200148
24.9575,9.74382,0.199647
24.9644,9.74995,0.201206
24.974,9.75608,0.202765
24.9836,9.70164,0.207147
24.994,9.6472,0.21153
25.0037,9.76152,0.221925
25.0144,9.87584,0.232321
25.0237,10.1706,0.236091
25.0338,10.4655,0.239861
25.0444,10.3003,0.244567
25.0575,10.1352,0.249273
25.0634,10.5293,0.251329
25.0753,10.9233,0.253385
25.0838,10.8141,0.250569
25.0935,10.7049,0.247754
25.1046,10.6846,0.248481
25.114,10.6644,0.249208
25.1262,10.6459,0.244436
25.1342,10.6275,0.239663
25.1438,10.7743,0.229781
25.1539,10.9212,0.219898
25.1653,10.9479,0.203202
25.1736,10.9745,0.186506
25.1837,10.9191,0.167528
25.1941,10.8636,0.148549
25.2088,10.8386,0.137646
25.2136,10.8135,0.126742
25.2247,10.7988,0.138501
25.2339,10.784,0.15026
25.2437,10.8643,0.151883
25.2544,10.9446,0.153507
25.2643,10.8213,0.156958
25.2742,10.698,0.16041
25.2838,10.7481,0.164137
25.2939,10.7981,0.167864
25.3057,10.7323,0.163527
25.3159,10.6665,0.15919
25.3239,10.2905,0.163262
25.3337,9.91439,0.167333
25.3455,9.97234,0.174691
25.3545,10.0303,0.182049
25.3634,9.83282,0.182856
25.3764,9.59963,0.18047
25.3848,9.71431,0.175348
25.3936,9.82899,0.170227
25.4043,9.79244,0.168949
25.4136,9.75589,0.167671
25.4254,9.6834,0.167642
25.4335,9.61091,0.167614
25.4436,9.57905,0.167716
25.4551,9.5472,0.167818
25.4645,9.48498,0.168778
25.4741,9.42275,0.169738
25.4835,9.43542,0.170252
25.4937,9.44808,0.170766
25.5037,9.46074,0.17128
25.5141,9.47341,0.171794
25.5246,9.43179,0.16609
25.5336,9.39016,0.160385
25.5442,9.27942,0.169373
25.5558,9.16867,0.178361
26.2752,9.20949,0.175442
26.2845,9.24981,0.171899
26.2961,9.17741,0.165257
26.3054,9.09737,0.160749
26.3161,9.15913,0.154907
26.3237,9.22089,0.149064
26.3352,9.28265,0.143221
26.3478,9.23966,0.13713
26.3578,9.15601,0.127723
26.3651,9.17314,0.115555
26.3747,9.06195,0.112366
26.3838,9.03398,0.116057
26.3944,9.006,0.119747
26.4046,8.97802,0.123437
26.4137,9.05045,0.126663
26.424,9.12359,0.125434
26.4338,9.16384,0.125184
26.444,9.19034,0.125501
26.4543,9.1762,0.125687
26.4639,9.20281,0.128205
26.4748,9.2569,0.128813
26.484,9.25746,0.131446
26.496,9.26525,0.136807
26.5051,9.30944,0.140103
26.516,9.35362,0.143399
26.5238,9.36894,0.146501
26.5352,9.45311,0.140133
26.5439,9.56316,0.132216
26.556,9.58638,0.123045
26.5637,9.52536,0.112903
26.5783,9.48405,0.110779
26.5839,9.45416,0.109673
26.5937,9.42426,0.108566
26.6039,9.45187,0.104437
26.6142,9.47948,0.100307
26.625,9.51944,0.0991328
26.634,9.55941,0.0979583
26.6445,9.63821,0.0951206
26.6548,9.71702,0.0922829
26.6647,9.65673,0.0939963
26.6737,9.59644,0.0957096
26.6835,9.56989,0.0922888
26.694,9.54334,0.088868
26.7064,9.44727,0.0933528
26.7154,9.3512,0.0978376
26.7265,9.25441,0.106778
26.734,9.15761,0.115718
26.7473,9.10863,0.127767
26.7538,9.05964,0.139816
26.7637,8.86604,0.148642
26.7749,8.67243,0.157468
26.784,8.63977,0.161628
26.7936,8.6071,0.165788
26.8043,8.53804,0.172013
26.8152,8.46899,0.178238
26.8236,8.41178,0.177163
26.8341,8.35458,0.176089
26.8439,8.2715,0.176563
26.8539,8.18843,0.177037
26.864,8.24295,0.178706
26.876,8.29747,0.180374
26.8841,8.30284,0.182599
26.8936,8.30822,0.184824
26.9083,8.22837,0.187583
26.9149,8.14851,0.190343
26.9243,8.15564,0.189312
26.937,8.16277,0.188282
26.9441,8.17437,0.189964
26.9538,8.18597,0.191647
26.9657,8.23589,0.191539
26.9773,8.28581,0.191431
26.9863,8.33558,0.190748
26.9956,8.38535,0.190065
27.0035,8.50463,0.181476
27.0155,8.59154,0.175477
27.0254,8.67845,0.169479
27.0345,8.79007,0.165185
27.0448,8.86764,0.157215
27.0539,8.94521,0.149245
27.0651,9.10426,0.141429
27.0745,9.26332,0.133612
27.0842,9.31496,0.128437
27.0943,9.36661,0.123261
27.104,9.41825,0.118086
27.1147,9.493,0.110343
27.1274,9.58476,0.110095
27.1339,9.66231,0.111345
27.147,9.7049,0.111996
27.154,9.74749,0.112648
27.1639,9.71971,0.112431
27.1743,9.69193,0.112215
27.1838,9.70238,0.111049
27.1942,9.71282,0.109883
27.2038,9.77044,0.109485
27.2149,9.82806,0.109086
27.2249,9.74954,0.11108
27.2345,9.67101,0.113074
27.2461,9.65394,0.114267
27.2547,9.66731,0.113867
27.2648,9.71248,0.111896
27.2765,9.75766,0.109925
27.2846,9.71436,0.113516
27.2942,9.67107,0.117108
27.3036,9.62778,0.120699
27.3144,9.63568,0.119375
27.3247,9.55235,0.118633
27.3347,9.4443,0.116185
27.3464,9.33626,0.113737
27.3541,9.28612,0.110809
27.3691,9.23921,0.110831
27.3787,9.19231,0.110853
27.3839,9.31209,0.109073
27.394,9.43187,0.107293
27.4038,9.48085,0.107394
27.415,9.50673,0.110063
27.4236,9.53262,0.112731
27.4341,9.55504,0.111761
27.4439,9.61242,0.111388
27.4538,9.62785,0.110162
27.4637,9.68037,0.108717
27.4771,9.73289,0.107273
27.4838,9.73524,0.108375
27.494,9.73759,0.109478
28.0051,9.71047,0.117438
28.0154,9.68335,0.125398
28.024,9.77944,0.135032
28.0352,9.87552,0.144666
28.0441,10.0124,0.158501
28.057,10.1188,0.173927
28.064,10.0605,0.18728
28.0791,10.0022,0.200634
28.0835,10.0112,0.203631
28.0948,10.0202,0.206627
28.1047,9.99736,0.208948
28.1137,9.95571,0.213592
28.1235,10.0053,0.217656
28.1352,10.1211,0.228931
28.1475,10.1233,0.237922
28.1564,10.0675,0.247395
28.1636,10.0164,0.254482
28.1737,9.96535,0.26157
28.1839,9.6626,0.26787
28.1947,9.35985,0.27417
28.205,9.33002,0.273835
28.2193,9.30018,0.273501
28.2237,9.26139,0.273374
28.2355,9.24027,0.275387
28.2468,9.21916,0.277401
28.2557,9.29459,0.278448
28.2636,9.28515,0.277853
28.2757,9.27571,0.277257
28.2835,9.21507,0.278863
28.2941,9.15443,0.280468
28.3052,9.1897,0.273802
28.3135,9.22498,0.267135
28.324,9.23221,0.263231
28.3341,9.23944,0.259328
28.3441,9.26512,0.262446
28.3546,9.29079,0.265564
28.3642,9.44828,0.271091
28.3736,9.60576,0.276619
28.3844,9.70333,0.288965
28.397,9.8009,0.301311
28.4042,9.85413,0.310535
28.4139,9.90736,0.319758
28.425,10.0321,0.32421
28.4342,10.0905,0.321451
28.4477,10.2132,0.321596
28.4563,10.3358,0.321741
28.4654,10.4082,0.320744
28.4742,10.4806,0.319747
28.4842,10.561,0.325142
28.4942,10.6414,0.330538
28.5038,10.6224,0.33629
28.5135,10.6035,0.342041
28.5239,10.6668,0.345928
28.5342,10.7302,0.349815
28.5445,10.7394,0.347397
28.5562,10.694,0.346798
28.5634,10.7134,0.348706
28.5743,10.7517,0.35783
28.5846,10.8914,0.362205
28.5958,11.0065,0.369381
28.606,11.0422,0.386134
28.6156,11.0778,0.402888
28.6252,11.0253,0.414695
28.6337,10.9728,0.426502
28.6473,10.863,0.422533
28.6543,10.7532,0.418564
28.6657,10.5838,0.410728
28.6793,10.4145,0.402892
28.6845,10.336,0.386008
28.6965,10.2574,0.369125
28.7044,10.2721,0.359021
28.715,10.2867,0.348918
28.7261,10.1225,0.341662
28.7347,9.95822,0.334406
28.7491,9.84345,0.32653
28.7549,9.72867,0.318653
28.7643,9.7538,0.313926
28.7739,9.77892,0.3092
28.7838,9.83946,0.298431
28.7951,9.90001,0.287661
28.8076,9.89231,0.282802
28.8192,9.88461,0.277943
28.8246,9.79348,0.272278
28.8349,9.70235,0.266613
28.8448,9.66113,0.266506
28.8573,9.6199,0.266399
28.8681,9.69354,0.268793
28.8743,9.74822,0.263972
28.8844,9.63137,0.265027
28.8951,9.53914,0.263281
28.9041,9.4234,0.256618
28.9163,9.30766,0.249955
28.924,9.25018,0.238679
28.935,9.1927,0.227403
28.9475,9.15843,0.218433
28.9544,9.12416,0.209463
28.9635,9.1381,0.203765
28.9753,9.15204,0.198067
28.985,9.07519,0.201417
28.9951,8.99834,0.204767
29.0052,8.96295,0.2003
29.0158,8.92756,0.195833
29.03,8.96379,0.192562
29.0342,9.00001,0.189291
29.0521,9.07373,0.185802
29.0577,9.14744,0.182313
29.0636,9.12259,0.186966
29.0748,9.09775,0.191619
29.0846,9.0796,0.196659
29.0956,9.06145,0.201698
29.1044,9.01026,0.204684
29.1148,8.95908,0.20767
29.1257,9.00561,0.20966
29.1352,9.05214,0.211649
29.1445,8.94209,0.216588
29.1555,8.83204,0.221526
29.8042,8.69671,0.229461
29.8139,8.56138,0.237396
29.8268,8.59759,0.239456
29.8339,8.71142,0.237336
29.8436,8.84994,0.231558
29.855,8.98845,0.22578
29.8647,9.01746,0.216613
29.8738,9.04647,0.207446
29.8854,9.04302,0.200353
29.8983,9.03957,0.19326
29.9042,9.04851,0.187996
29.9149,9.11404,0.18424
29.9238,9.17956,0.180483
29.9356,9.22297,0.174894
29.9461,9.20794,0.17414
29.9546,9.10892,0.173947
29.9636,9.20668,0.175254
29.9736,9.30444,0.176561
29.9837,9.36472,0.178085
29.995,9.42499,0.17961
30.0037,9.47577,0.171804
30.0134,9.52654,0.163998
30.0257,9.61758,0.159676
30.0341,9.70862,0.155355
30.0439,9.78435,0.148839
30.0559,9.86008,0.142323
30.0651,9.88607,0.138588
30.0756,9.91206,0.134852
30.0851,10.0989,0.128914
30.0935,10.2857,0.122977
30.1046,10.3542,0.123756
30.1158,10.4227,0.124535
30.1244,10.635,0.126869
30.1342,10.7698,0.133381
30.1437,10.7741,0.143673
30.154,10.7784,0.153966
30.1662,10.6298,0.169609
30.174,10.4813,0.185253
30.1835,10.3401,0.201072
30.1951,10.3076,0.213449
30.2056,10.2751,0.225825
30.2138,10.2362,0.23235
30.2238,10.1973,0.238875
30.2338,10.2584,0.24407
30.2441,10.3196,0.249265
30.2541,10.5361,0.252127
30.2636,10.5187,0.251709
30.2748,10.5014,0.251291
30.2884,10.4161,0.251653
30.2946,10.3308,0.252014
30.3059,10.2785,0.251727
30.3175,10.1978,0.251912
30.3236,10.1117,0.250465
30.3341,10.1402,0.24649
30.3437,10.1826,0.245249
30.3547,10.143,0.245621
30.3638,10.0179,0.250561
30.3737,9.89291,0.255502
30.3835,9.81583,0.256737
30.3939,9.73876,0.257972
30.4036,9.66355,0.247616
30.4135,9.58834,0.23726
30.4251,9.36926,0.22535
30.4338,9.15019,0.21344
30.4435,9.10171,0.200703
30.4542,9.05323,0.187966
30.4635,9.24674,0.175635
30.4756,9.44026,0.163304
30.4837,9.58984,0.14813
30.4936,9.63069,0.136399
30.5072,9.71262,0.124484
30.5171,9.74436,0.116914
30.5238,9.82314,0.108203
30.5351,9.82404,0.102655
30.5435,9.82494,0.0971074
30.554,9.53955,0.095943
30.5642,9.49937,0.0960716
30.5747,9.45918,0.0962003
30.5847,9.48687,0.0955501
30.5955,9.51455,0.0948999
30.6061,9.59062,0.0938557
30.6165,9.69506,0.0923411
30.6236,9.79951,0.0908265
30.6339,9.76798,0.0919977
30.6437,9.73645,0.0931689
30.656,9.59212,0.0930671
30.665,9.73747,0.0939359
30.6735,9.88282,0.0948047
30.6836,9.77815,0.0994442
30.6948,9.67348,0.104084
30.7075,9.44658,0.106312
30.7152,9.21969,0.108541
30.727,9.33225,0.110156
30.7352,9.44481,0.111771
30.7448,9.47837,0.109805
30.756,9.51193,0.107839
30.765,9.44203,0.106151
30.7755,9.37212,0.104464
30.7838,9.34615,0.10562
30.7936,9.3731,0.104985
30.8101,9.35896,0.104534
30.8154,9.08151,0.106245
30.8235,8.75701,0.109097
30.8335,8.79144,0.11132
30.8471,8.77621,0.114117
30.8589,8.9758,0.114302
30.8664,8.95573,0.114735
30.8735,8.93566,0.115167
30.8837,8.90701,0.114375
30.8937,8.87835,0.113584
30.9048,8.90096,0.113557
32.5134,8.93716,0.112329
32.5238,8.97336,0.111101
32.5336,8.98677,0.113108
32.5439,9.03233,0.114159
32.5537,9.27265,0.11487
32.5644,9.27084,0.110723
32.575,9.12203,0.10707
32.5835,9.28227,0.103859
32.5942,9.44251,0.100648
32.6041,9.75186,0.0992233
32.6148,9.97221,0.0948994
32.6235,9.85309,0.091189
32.6342,9.85082,0.0875039
32.6438,9.88741,0.0844468
32.6542,9.8977,0.0814547
32.6634,10.0034,0.0793788
32.6757,10.1047,0.0771655
32.6839,10.206,0.0749522
32.6943,10.2507,0.07458
32.7042,10.2954,0.0742077
32.7135,10.5437,0.0727844
32.7239,10.7919,0.071361
32.7345,10.6939,0.0684039
32.7437,10.7248,0.0650566
32.7545,10.7556,0.0617093
32.765,10.8339,0.0593306
32.7737,10.9122,0.0569518
32.785,11.0485,0.0585912
32.7963,11.1849,0.0602305
32.8053,11.258,0.0597861
32.8157,11.3176,0.0605426
32.8241,11.3018,0.0612443
32.8357,11.3301,0.0585534
32.8436,11.2787,0.0558648
32.8557,11.2273,0.0531762
32.8636,11.2325,0.050787
32.8745,11.3847,0.0479036
32.8835,11.448,0.0467575
32.8942,11.5113,0.0456114
32.9065,11.2771,0.0440538
32.9138,11.3496,0.0445374
32.9243,11.4221,0.0450211
32.9335,11.3778,0.0454795
32.9443,11.345,0.0453965
32.9558,11.3385,0.0452486
32.9646,11.2716,0.0448832
32.974,11.2644,0.0450332
32.9863,11.2572,0.0451833
32.9944,11.2537,0.0452828
33.0068,11.2185,0.0456691
33.0162,11.3574,0.0465644
33.0235,11.4963,0.0474596
33.0348,11.6226,0.0505168
33.0442,11.6696,0.0533904
33.0539,11.7167,0.0562641
33.0638,11.711,0.0571271
33.0737,11.7054,0.05799
33.0841,11.6617,0.055401
33.0941,11.6179,0.052812
33.104,11.5315,0.0521974
33.1138,11.4452,0.0515829
33.124,11.4521,0.051996
33.1339,11.4591,0.052409
33.1441,11.5137,0.0537755
33.1536,11.5682,0.055142
33.1639,11.581,0.0667754
33.1737,11.5938,0.0784088
33.1863,11.652,0.0844899
33.1945,11.7101,0.090571
33.2068,11.895,0.0975215
33.2138,11.8621,0.10533
33.2249,11.8004,0.11116
33.2341,11.7387,0.116989
33.2447,11.6469,0.119929
33.2538,11.5551,0.122868
33.2665,11.6638,0.124489
33.2735,11.7172,0.125733
33.285,11.6474,0.128117
33.2938,11.5776,0.130501
33.3041,11.5395,0.132599
33.3138,11.387,0.133075
33.3235,11.1678,0.135409
33.3337,10.9486,0.137743
33.3437,10.9185,0.136908
33.3573,10.8884,0.136074
33.3646,10.8685,0.139325
33.3739,10.8486,0.142577
33.3846,10.7771,0.145579
33.3996,10.7056,0.148582
33.4036,10.5167,0.15118
33.4183,10.3278,0.153778
33.4254,10.1354,0.153068
33.438,9.943,0.152357
33.4438,9.86508,0.153765
33.4542,9.78716,0.155172
33.4649,9.69444,0.146014
33.4735,9.60171,0.136855
33.4851,9.49561,0.131821
33.4937,9.27771,0.124647
33.504,9.23068,0.117015
33.5141,9.18366,0.109383
33.5234,9.27175,0.104289
33.5336,9.35985,0.0991947
33.5436,9.43671,0.0968923
33.5553,9.51358,0.09459
33.5642,9.46807,0.0954186
33.5746,9.42256,0.0962472
33.5836,9.48982,0.0955313
33.5956,9.55707,0.0948155
33.6092,9.59765,0.0923828
33.6158,9.63822,0.0899502
33.6257,9.73097,0.0846144
33.6338,9.82373,0.0792785
33.6439,9.74885,0.0781378
33.6555,9.67398,0.0769971
33.665,9.63975,0.0742373
33.6735,9.60552,0.0714774
37.395,9.59394,0.0680503
37.4039,9.58236,0.0646232
37.4162,9.70092,0.0613463
37.4239,9.81947,0.0580693
37.4338,9.9235,0.0571279
37.4437,10.0288,0.0562048
37.4542,10.0147,0.053183
37.4638,10.0006,0.0501613
37.4738,9.98645,0.0471395
37.4841,9.97234,0.0441177
37.4937,9.90804,0.0402792
37.5045,9.95027,0.0385355
37.5148,9.99249,0.0367918
37.5244,10.0347,0.0350481
37.535,9.97065,0.0327465
37.5436,9.91456,0.030445
37.5541,9.88827,0.0287828
37.5645,9.86298,0.0270917
37.5735,9.81991,0.0238052
37.5842,9.77636,0.0205475
37.5939,9.74329,0.0176933
37.6039,9.70557,0.0148046
37.6152,9.69133,0.0136673
37.6236,9.67708,0.0125299
37.634,9.68214,0.0124569
37.6438,9.68721,0.0123839
37.6539,9.6708,0.0112847
37.666,9.65439,0.0101855
37.678,9.6463,0.00863656
37.6835,9.63821,0.00708761
37.6935,9.64767,0.00711319
37.7039,9.65713,0.00713878
37.714,9.64928,0.00711888
37.7236,9.64143,0.00709898
37.734,9.63359,0.00709173
37.7435,9.6245,0.00706614
37.7546,9.62034,0.00702142
37.7653,9.6181,0.00700666
37.7735,9.61586,0.00699189
37.7836,9.61827,0.00695443
37.7938,9.62148,0.0069097
37.8037,9.62998,0.0069097
37.815,9.63848,0.0069097
37.8235,9.64938,0.00691696
37.8347,9.66028,0.00692421
37.8438,9.66321,0.00693147
37.8545,9.66148,0.00699407
37.8658,9.65875,0.00708554
37.8751,9.65346,0.00713101
37.8851,9.64866,0.0071476
37.8942,9.64418,0.00713496
37.9037,9.64434,0.00715691
37.9151,9.64772,0.00714427
37.9238,9.65703,0.00714427
37.9339,9.66152,0.0071254
37.9439,9.66601,0.00710653
37.9549,9.6705,0.00708766
37.9642,9.6716,0.00706879
37.9734,9.66628,0.0070432
37.9841,9.65682,0.00701762
37.9937,9.64735,0.00699204
38.0041,9.63565,0.00698982
38.0157,9.6347,0.00702582
38.0251,9.63375,0.00706183
38.0338,9.63279,0.0070852
38.0435,9.6416,0.00710179
38.0545,9.65041,0.00711838
38.0638,9.65889,0.00708842
38.0734,9.66527,0.00704582
38.0835,9.667,0.00702592
38.0945,9.66793,0.00701328
38.1038,9.66886,0.00700064
38.1158,9.66978,0.006988
38.1242,9.66079,0.00698075
38.1337,9.65179,0.00697349
38.1436,9.64617,0.00693736
38.1543,9.64521,0.00684589
38.1654,9.64792,0.00677324
38.1734,9.6532,0.00674659
38.1837,9.66135,0.00673726
38.1935,9.66919,0.00675715
38.2047,9.67702,0.00677705
38.2156,9.67623,0.00680628
38.2236,9.66952,0.00682287
38.2337,9.66215,0.006794
38.2438,9.65478,0.00676512
38.256,9.64662,0.00678172
38.2674,9.64184,0.00679831
38.2747,9.63707,0.0068149
38.2835,9.63643,0.00683149
38.2936,9.64377,0.00683149
38.3036,9.65335,0.00680813
38.3154,9.66294,0.00678476
38.3253,9.67443,0.0067614
38.3336,9.68592,0.00673803
38.3437,9.68286,0.00673803
38.3556,9.6798,0.00673803
38.3659,9.67019,0.00670916
38.3743,9.66268,0.00669292
38.3835,9.65516,0.00667669
38.3946,9.64765,0.00666045
38.4084,9.64333,0.00666045
38.4151,9.63901,0.00666045
38.4242,9.64732,0.00669041
38.4337,9.65564,0.00672037
38.444,9.66298,0.00673661
38.4558,9.67033,0.00675284
38.4667,9.66856,0.00673402
38.4734,9.66266,0.00674407
38.4835,9.65389,0.00673682
38.4944,9.64511,0.00672956
38.5037,9.63518,0.00672231
38.5151,9.63386,0.00670571
38.5235,9.63591,0.00664562
38.535,9.63861,0.00663099
38.5439,9.6413,0.00661636
38.5536,9.65027,0.00657089
38.564,9.65924,0.00652543
38.5737,9.66724,0.00647996
38.5851,9.67523,0.00643449
40.8165,9.66726,0.00640562
40.8242,9.65974,0.00643558
40.8336,9.65222,0.00646554
40.8437,9.64279,0.0064955
40.8541,9.63335,0.00652546
40.8636,9.63607,0.00652546
40.8735,9.63878,0.00652546
40.8864,9.6476,0.00659906
40.8939,9.65288,0.00663519
40.9048,9.65816,0.00667132
40.9176,9.66184,0.00667132
40.9248,9.66232,0.00665508
40.9338,9.66281,0.00663885
40.9468,9.65818,0.00658001
40.9534,9.65356,0.00652118
40.9635,9.6438,0.00655041
40.9735,9.63405,0.00657964
40.9837,9.63374,0.00660852
40.9937,9.63756,0.00660852
41.0036,9.64105,0.00659588
41.0166,9.64872,0.006567
41.0243,9.65755,0.00653813
41.0351,9.66638,0.00650925
41.0435,9.66817,0.00654012
41.0536,9.66997,0.00657098
41.0642,9.66629,0.00663335
41.0751,9.6559,0.00666223
41.0836,9.6455,0.0066911
41.0936,9.63608,0.00671998
41.1039,9.62666,0.00674885
41.1141,9.62523,0.00677773
41.1235,9.63036,0.00672717
41.1336,9.63548,0.00667661
41.1436,9.64589,0.00663401
41.1542,9.6563,0.00659141
41.1666,9.6539,0.00657482
41.1754,9.6515,0.00655823
41.1837,9.64795,0.0065135
41.1935,9.64794,0.00650625
41.2037,9.64364,0.00651558
41.2139,9.64093,0.00656105
41.2237,9.6379,0.00656105
41.2335,9.63487,0.00656105
41.2437,9.63184,0.00656105
41.2541,9.63555,0.00656105
41.2655,9.64197,0.00651558
41.2758,9.6484,0.00647012
41.2835,9.64823,0.00645747
41.2935,9.64807,0.00644483
41.3038,9.64635,0.00644483
41.3136,9.64044,0.00646107
41.3237,9.63453,0.0064773
41.3337,9.62863,0.00649354
41.344,9.62111,0.00650618
41.3542,9.61359,0.00651882
41.3645,9.61154,0.00649995
41.3734,9.61073,0.00649995
41.3837,9.61743,0.00648731
41.3942,9.62925,0.00645843
41.4041,9.64106,0.00642956
41.4142,9.65094,0.00642956
41.4235,9.65382,0.00645016
41.4337,9.65223,0.00644188
41.4436,9.64536,0.00642564
41.454,9.63848,0.00640941
41.4638,9.63481,0.006426
41.4734,9.63114,0.00644259
41.484,9.62602,0.00644259
41.4935,9.6209,0.00644259
41.5041,9.62008,0.006426
41.5138,9.62742,0.00640941
41.5235,9.63508,0.00643828
41.5339,9.64274,0.00646716
41.5438,9.6504,0.00649603
41.5535,9.64909,0.00652491
41.5649,9.64778,0.00655378
41.5735,9.64647,0.00658266
41.5836,9.64325,0.00661189
41.5937,9.64004,0.00664112
41.6036,9.63632,0.00665376
41.6147,9.63259,0.0066664
41.6234,9.63046,0.00669792
41.6339,9.62833,0.00672943
41.6435,9.63453,0.00672943
41.6538,9.64072,0.00672943
41.6653,9.65174,0.00671679
41.6735,9.66275,0.00670415
41.684,9.66627,0.00670415
41.6935,9.66209,0.00672038
41.7039,9.65792,0.00673662
41.7159,9.64975,0.00676658
41.7235,9.64158,0.00679654
41.7335,9.63548,0.00684201
41.7435,9.62939,0.00688747
41.7542,9.62329,0.00693294
41.7638,9.62329,0.00688747
41.7736,9.6233,0.00684201
41.7853,9.62475,0.00681313
41.7935,9.6262,0.00678426
41.8045,9.63532,0.0067742
41.8143,9.63629,0.00676415
41.8246,9.63679,0.00672065
41.8338,9.63729,0.00667714
41.8436,9.63107,0.00672187
41.8539,9.62709,0.00676659
41.8646,9.62311,0.00681131
41.8739,9.61913,0.00685604
41.8835,9.61751,0.00683697
41.8936,9.6159,0.00681791
41.9038,9.61846,0.00681791
41.9161,9.62102,0.00681791
41.9236,9.62585,0.0067864
41.9338,9.63067,0.00675489
41.9435,9.63246,0.00674225
41.9545,9.63425,0.00672961
41.9666,9.63379,0.0067495
41.9739,9.63333,0.0067694
44.1738,9.64575,0.0104162
44.184,9.66074,0.0140629
44.1947,9.7005,0.0156949
44.2059,9.66854,0.0175623
44.2161,9.63658,0.0194296
44.2235,9.59161,0.0211761
44.2338,9.54664,0.0229226
44.2438,9.56478,0.0261385
44.2557,9.57907,0.0294
44.2637,9.59336,0.0326614
44.2736,9.60764,0.0359228
44.2838,9.63325,0.0365852
44.294,9.65118,0.0372288
44.3036,9.65162,0.0377626
44.3143,9.65253,0.0383298
44.3234,9.64166,0.0383267
44.3339,9.6375,0.0382354
44.3437,9.70733,0.0393121
44.3541,9.77716,0.0403887
44.3642,9.847,0.0414653
44.3734,9.92296,0.05637
44.3838,9.99893,0.0712746
44.3938,9.87445,0.0908398
44.4038,9.88746,0.098293
44.4153,9.8966,0.105759
44.4236,9.88316,0.116211
44.4337,9.86972,0.126664
44.4436,9.84428,0.133414
44.4544,9.81628,0.140145
44.4637,9.68342,0.143943
44.4737,9.53768,0.144114
44.4839,9.45698,0.163113
44.4938,9.3515,0.184128
44.5039,9.38342,0.20131
44.5143,9.41533,0.218493
44.5237,9.62813,0.23129
44.5341,9.84093,0.244088
44.5438,9.99062,0.255416
44.5541,10.0301,0.259959
44.564,9.95625,0.273284
44.5736,9.8824,0.286608
44.5837,9.9974,0.294852
44.5939,10.1124,0.303095
44.606,10.1772,0.304772
44.6149,10.2419,0.30645
44.6235,10.3866,0.310371
44.635,10.5314,0.314293
44.6436,10.6021,0.317046
44.6546,10.6729,0.319799
44.6636,10.4454,0.320654
44.674,10.2139,0.307728
44.6836,10.353,0.300031
44.6935,10.6908,0.287672
44.7038,10.647,0.296985
44.7141,10.6032,0.306298
44.7234,10.511,0.311176
44.7338,10.4189,0.316055
44.7438,10.6842,0.316565
44.7546,10.9495,0.317076
44.7638,10.9522,0.318703
44.7735,10.9549,0.32033
44.7838,11.1079,0.299395
44.794,11.2609,0.27846
44.8035,11.2495,0.267958
44.8136,11.2381,0.257456
44.8235,11.0612,0.251474
44.8335,10.8844,0.245492
44.8438,10.7166,0.242142
44.8556,10.659,0.245576
44.8641,10.7303,0.248409
44.8737,10.8017,0.251243
44.8837,10.6729,0.261757
44.8938,10.5712,0.270302
44.9048,10.81,0.277683
44.9137,11.0487,0.285063
44.9237,10.9108,0.283841
44.9361,10.7728,0.282619
44.9435,10.5731,0.279306
44.9539,10.3733,0.275993
44.9639,10.5459,0.275314
44.9735,10.7185,0.274635
44.9842,10.5039,0.269009
44.9936,10.2893,0.263383
45.0051,10.3745,0.248275
45.0168,10.4598,0.233167
45.0235,10.5204,0.219132
45.0344,10.581,0.205097
45.0436,10.2962,0.199132
45.0538,10.0861,0.19736
45.0644,10.2435,0.197403
45.0736,10.4009,0.197446
45.0836,10.2791,0.20908
45.0938,10.212,0.224405
45.1045,10.2495,0.232851
45.1162,10.2601,0.2429
45.1236,10.2512,0.250994
45.1335,10.2423,0.259088
45.1439,10.2243,0.26455
45.1542,10.351,0.264696
45.1645,10.3168,0.25294
45.1745,10.2826,0.241184
45.1836,10.2675,0.226108
45.1939,10.2252,0.213
45.2055,9.91648,0.206957
45.2164,9.60773,0.200913
45.2234,9.59479,0.200533
45.234,9.58184,0.200152
45.2436,9.79215,0.208375
45.2596,10.0025,0.216597
45.2643,10.1386,0.224083
45.2735,10.3387,0.226682
45.2837,10.5308,0.238272
45.294,10.7229,0.249863
45.3052,10.8593,0.261375
45.3143,10.9957,0.272886
47.6238,11.2244,0.28882
47.6342,11.4531,0.304755
47.6441,11.6819,0.320689
47.6543,11.8358,0.33243
47.6706,11.7584,0.330938
47.6736,11.6809,0.329445
47.6835,11.6674,0.320095
47.6954,11.5991,0.307054
47.7064,11.5344,0.291433
47.715,11.4967,0.274208
47.7254,11.485,0.258305
47.7341,11.4734,0.242401
47.7436,11.4482,0.2261
47.7543,11.2784,0.215115
47.7642,11.2538,0.207852
47.7738,11.2292,0.200589
47.7852,11.2528,0.200503
47.7945,11.2763,0.200417
47.8043,11.2937,0.201107
47.8154,11.3199,0.200662
47.8244,11.3588,0.201483
47.834,11.4154,0.204223
47.8438,11.2665,0.200091
47.8542,11.1177,0.19596
47.8645,11,0.191031
47.8761,10.8185,0.190989
47.8835,10.5911,0.179849
47.8941,10.3638,0.168709
47.9046,10.1914,0.157336
47.9145,10.019,0.145963
47.9242,9.71572,0.132762
47.9337,9.41245,0.119561
47.9436,9.10918,0.106361
47.9537,8.81285,0.110641
47.9673,8.74785,0.128157
47.9735,8.87014,0.142265
47.9838,8.99244,0.156374
47.9937,9.11474,0.170483
48.0036,9.1653,0.175026
48.0138,9.21586,0.179569
48.0236,9.33619,0.182558
48.0337,9.45652,0.185547
48.0439,9.59042,0.188933
48.054,9.72432,0.19232
48.0669,9.79839,0.198044
48.0756,9.87247,0.203768
48.0834,9.85096,0.204392
48.0941,9.82946,0.205017
48.1037,9.80796,0.205642
48.1166,9.7776,0.207402
48.1242,9.75327,0.205656
48.1339,9.71133,0.201992
48.1438,9.69229,0.19787
48.1546,9.67326,0.193748
48.1666,9.63017,0.190012
48.1753,9.58708,0.186276
48.1835,9.61433,0.184365
48.1937,9.64157,0.182454
48.2035,9.62498,0.180987
48.2142,9.60838,0.17952
48.2247,9.72591,0.175833
48.234,9.84345,0.172146
48.2447,9.97305,0.16818
48.2545,10.0957,0.146733
48.2673,10.2156,0.125438
48.2758,10.1483,0.107549
48.2838,10.074,0.0895184
48.2941,9.99979,0.0714874
48.3036,9.99304,0.0655782
48.3165,9.9863,0.0596689
48.3236,9.89317,0.0559758
48.3336,9.80004,0.0522826
48.3438,9.70692,0.0485895
48.3536,9.61379,0.0448964
48.368,9.58468,0.0387887
48.3739,9.55556,0.032681
48.3842,9.55875,0.0278464
48.3945,9.56193,0.0230119
48.4043,9.56511,0.0181774
48.4153,9.5683,0.0133429
48.424,9.57347,0.0120049
48.4377,9.57864,0.0106668
48.4437,9.60263,0.0101553
48.4553,9.62662,0.0096438
48.4666,9.63715,0.009599
48.4757,9.64769,0.0095542
48.4836,9.65135,0.00942283
48.4939,9.65502,0.00929147
48.5043,9.64838,0.00894913
48.5169,9.64174,0.00860679
48.5239,9.6351,0.00826445
48.534,9.62846,0.00792211
48.544,9.61952,0.00792211
48.554,9.61058,0.00792211
48.5648,9.60857,0.00773069
48.575,9.60657,0.00753926
48.5837,9.61331,0.0074786
48.5935,9.62005,0.00741793
48.6099,9.62481,0.0074115
48.6184,9.62957,0.00740507
48.6238,9.63709,0.00736614
48.6351,9.6446,0.00732721
48.6436,9.64683,0.00730742
48.654,9.64905,0.00728762
48.6697,9.64515,0.00738331
48.6742,9.64125,0.00747899
48.6843,9.63339,0.00754316
48.6941,9.62778,0.00754316
48.7055,9.62217,0.00754316
48.7154,9.61656,0.00754316
48.7238,9.61512,0.00755241
48.7341,9.61369,0.00756166
48.7438,9.61866,0.00756166
48.7544,9.62364,0.00756166
52.4544,9.70225,0.0285259
52.4692,9.77604,0.042676
52.4784,9.85671,0.0569126
52.4841,9.93737,0.0711493
52.4944,10.0172,0.0853859
52.5044,10.0971,0.0996226
52.5185,10.0894,0.10635
52.5239,10.0817,0.113077
52.5344,10.2201,0.120728
52.5436,10.3585,0.12838
52.5548,10.3981,0.130978
52.5679,10.4377,0.133576
52.5743,10.5131,0.137889
52.5848,10.5886,0.142201
52.5936,10.7091,0.148571
52.6041,10.8296,0.15494
52.615,10.9574,0.161313
52.6237,10.8238,0.163975
52.6337,10.7819,0.167807
52.644,10.74,0.17164
52.6538,10.9019,0.174565
52.6647,11.0638,0.17749
52.6742,10.8543,0.183674
52.6842,10.6425,0.189921
52.6936,10.74,0.192347
52.704,10.7701,0.201485
52.7157,10.7881,0.210623
52.7239,10.7598,0.218265
52.734,10.7273,0.225907
52.7437,10.6949,0.23355
52.754,10.6667,0.217248
52.7661,10.5692,0.210075
52.777,10.4717,0.202903
52.785,10.3742,0.19573
52.7938,10.299,0.185638
52.8037,10.2238,0.175546
52.8156,10.3006,0.176128
52.8245,10.3774,0.17671
52.834,10.2947,0.18665
52.8439,10.212,0.19659
52.8561,10.2239,0.211623
52.8657,10.1483,0.234406
52.8747,10.0351,0.255487
52.8835,9.92179,0.276567
52.8956,9.76615,0.295561
52.9052,9.61052,0.314555
52.9143,9.43889,0.318654
52.9234,9.52851,0.326467
52.9341,9.58175,0.3243
52.9445,9.63499,0.322134
52.9558,9.4704,0.32096
52.9657,9.30581,0.319785
52.9744,9.48609,0.316769
52.9836,9.7844,0.312103
52.9936,9.77343,0.311258
53.0046,9.77102,0.304948
53.017,9.76862,0.298638
53.0269,9.81244,0.293824
53.0344,9.87103,0.287467
53.0439,9.92963,0.281111
53.0539,9.87561,0.278558
53.0649,9.89579,0.27369
53.0741,10.147,0.267214
53.0837,10.3983,0.260737
53.0937,10.6272,0.257181
53.1048,10.5421,0.259435
53.1161,10.3927,0.258525
53.1264,10.2433,0.257614
53.1334,10.2113,0.245324
53.1447,10.1794,0.233033
53.1535,10.1474,0.220743
53.1661,10.241,0.205192
53.174,10.336,0.185525
53.1846,10.4309,0.165858
53.1935,10.5511,0.150114
53.2043,10.6712,0.13437
53.2175,10.72,0.146629
53.2257,10.7689,0.158888
53.234,10.7955,0.176994
53.2438,10.8222,0.1951
53.2535,10.8447,0.207444
53.2638,10.9732,0.216367
53.2764,11.1283,0.223874
53.2843,11.021,0.229344
53.2935,10.9138,0.234814
53.3049,10.9729,0.23516
53.3139,11.032,0.235507
53.3241,11.0911,0.235853
53.3336,11.0075,0.241084
53.3436,10.9239,0.246316
53.3535,10.954,0.249205
53.3653,10.9841,0.252095
53.3772,10.7177,0.261469
53.3862,10.4514,0.270843
53.3955,10.1183,0.277415
53.4035,10.0991,0.278176
53.4146,10.0825,0.276918
53.4241,10.0673,0.277601
53.4373,9.93823,0.279317
53.4436,9.88625,0.276851
53.4545,9.83426,0.274386
53.4639,9.74406,0.267431
53.4756,9.61688,0.274195
53.4836,9.4897,0.280959
53.4938,9.38766,0.28364
53.5035,9.28563,0.286322
53.5152,9.22796,0.272188
53.5247,9.17029,0.258054
53.5336,9.08496,0.246861
53.5437,9.05811,0.228174
53.5543,9.05121,0.215127
53.5636,8.93678,0.207499
53.5748,8.82235,0.199871
53.5846,8.85225,0.195929
56.4641,8.8908,0.208081
56.4746,8.82175,0.22411
56.4851,8.73003,0.243238
56.4939,8.6383,0.262365
56.5047,8.77249,0.278909
56.514,8.90668,0.295454
56.524,9.06192,0.308837
56.5338,9.21716,0.32222
56.5449,9.45919,0.323314
56.5541,9.54843,0.326665
56.564,9.70445,0.332818
56.5752,9.86046,0.338971
56.5837,10.1782,0.340691
56.5939,10.4944,0.340472
56.6039,10.7639,0.34726
56.6169,10.9686,0.360001
56.624,11.1733,0.372742
56.6342,11.3777,0.390351
56.6439,11.6179,0.398357
56.6541,11.8073,0.401541
56.6659,11.9464,0.404885
56.6752,12.0855,0.408229
56.6838,12.5875,0.412795
56.6944,12.6648,0.406492
56.704,12.7421,0.40019
56.7156,12.6876,0.402911
56.7268,12.6331,0.405632
56.737,12.5801,0.406354
56.7436,12.6132,0.408148
56.7535,12.6463,0.409942
56.7658,12.6512,0.390972
56.7758,12.6562,0.372002
56.7842,12.6166,0.350537
56.7937,12.577,0.329072
56.8035,12.5426,0.308084
56.8166,12.5081,0.287095
56.8248,12.3502,0.274147
56.8343,12.1924,0.261198
56.8435,11.9055,0.25405
56.8539,11.7713,0.244645
56.8683,11.6372,0.235241
56.8739,11.5031,0.225836
56.8837,11.2653,0.22533
56.8963,11.0276,0.224824
56.9065,11.0848,0.223338
56.9141,11.1297,0.22008
56.9237,10.774,0.216126
56.9341,10.4187,0.207304
56.9446,10.2927,0.204713
56.9536,10.2174,0.206943
56.9644,10.0768,0.212141
56.9781,9.93618,0.217339
56.9861,9.51183,0.225655
56.9937,9.51218,0.244838
57.0038,9.56355,0.263041
57.0188,9.58029,0.276946
57.0249,9.59703,0.290851
57.0336,9.61377,0.304756
57.0437,9.56706,0.313872
57.054,9.52035,0.322988
57.0637,9.48564,0.33416
57.0752,9.45093,0.345331
57.0835,9.58287,0.352432
57.0938,9.71482,0.359533
57.104,9.59866,0.363782
57.1165,9.48249,0.36803
57.1248,9.41229,0.372264
57.1341,9.34208,0.376498
57.1447,9.36628,0.382277
57.1537,9.52433,0.385645
57.1656,9.68238,0.389013
57.175,9.68513,0.395719
57.1853,9.62724,0.399978
57.1953,9.56935,0.404237
57.2041,9.3407,0.403574
57.2136,9.11205,0.40291
57.226,9.13691,0.403536
57.2335,9.16177,0.404161
57.2473,9.16255,0.392704
57.2535,9.16334,0.381246
57.2655,9.22949,0.36682
57.2801,9.23976,0.348876
57.284,9.22373,0.329517
57.2937,9.2077,0.310159
57.3035,9.05387,0.29328
57.3148,9.00801,0.27917
57.3313,8.96216,0.26506
57.3369,8.91631,0.25095
57.3438,8.84789,0.240557
57.3536,8.77947,0.230164
57.3637,8.79729,0.230298
57.3767,8.8151,0.230433
57.3838,8.82344,0.233323
57.3937,8.62371,0.241644
57.4037,8.56901,0.25158
57.4137,8.51432,0.261517
57.4259,8.50652,0.271318
57.4346,8.49873,0.28112
57.4436,8.42645,0.294348
57.4538,8.22031,0.309987
57.4641,8.15437,0.320623
57.4782,8.24373,0.32792
57.4843,8.35533,0.326468
57.4935,8.46693,0.325016
57.5035,8.31602,0.315092
57.5139,8.1651,0.305168
57.53,8.44841,0.295248
57.5336,8.5773,0.286905
57.5453,8.50084,0.284415
57.5548,8.42439,0.281925
57.5713,8.41216,0.280578
57.5745,8.45582,0.282751
57.5888,8.34407,0.29301
57.594,8.23232,0.303269
57.6036,8.49257,0.313792
57.6145,8.75282,0.324314
59.2858,8.71374,0.323002
59.2934,8.67466,0.321689
59.3037,8.67562,0.318567
59.3138,8.67658,0.315444
59.325,8.746,0.306845
59.3339,8.81542,0.298245
59.3436,8.74829,0.29183
59.3543,8.88923,0.279984
59.3644,8.99786,0.265888
59.3755,9.10648,0.251791
59.3838,9.33206,0.234588
59.4012,9.55765,0.217386
59.4049,9.75597,0.205682
59.4138,9.87366,0.196199
59.4247,9.85117,0.191718
59.4387,9.84445,0.185604
59.4455,9.81549,0.18824
59.4549,9.78654,0.190876
59.4655,10.0083,0.19862
59.4755,10.2301,0.206364
59.4844,10.1468,0.21115
59.4934,10.2178,0.214358
59.5035,10.2587,0.217069
59.5138,10.2995,0.21978
59.5305,10.3168,0.220043
59.5368,10.334,0.220307
59.5436,10.4361,0.209003
59.5541,10.3792,0.202662
59.5643,10.037,0.194558
59.5756,9.69482,0.186454
59.5861,9.84242,0.190767
59.5941,9.99002,0.19508
59.6057,10.0254,0.202936
59.6141,10.0609,0.210792
59.6283,10.0451,0.212866
59.6369,9.9279,0.212443
59.6435,9.85731,0.210546
59.6535,9.78672,0.208649
59.6638,9.8272,0.208185
59.6773,9.86767,0.207721
59.6846,9.7352,0.210663
59.6936,9.60273,0.213605
59.7035,9.57522,0.207688
59.7156,9.59557,0.196684
59.7275,9.61292,0.185862
59.7337,9.61449,0.176673
59.744,9.58584,0.168027
59.7535,9.55718,0.159381
59.7648,9.46296,0.152994
59.7774,9.36874,0.146607
59.786,9.36814,0.142141
59.7935,9.36754,0.137674
59.8076,9.39716,0.133705
59.8136,9.42678,0.129735
59.8236,9.29951,0.12807
59.8351,9.17223,0.126405
59.8467,9.11637,0.128758
59.8539,9.21955,0.12615
59.8637,9.35578,0.122212
59.8758,9.49202,0.118274
59.8843,9.38615,0.113385
59.8935,9.28028,0.108496
59.9039,9.26559,0.101458
59.9138,9.25089,0.0944194
59.93,9.14023,0.0907288
59.936,9.18583,0.0885147
59.9435,9.23144,0.0863006
59.9538,9.27705,0.0840865
59.9652,9.25659,0.0830847
59.9753,9.23612,0.082083
59.9843,9.20331,0.0802732
59.9934,9.17049,0.0784635
60.0039,9.12121,0.0740754
60.0167,9.10467,0.0725547
60.0257,9.09628,0.0708722
60.0342,9.0879,0.0691896
60.0442,9.10502,0.068195
60.0553,9.12215,0.0672004
60.0641,9.00646,0.0673909
60.0761,8.89077,0.0675814
60.0879,8.96961,0.0665646
60.0935,9.04845,0.0655478
60.1037,8.9843,0.0641399
60.1139,8.92016,0.0627321
60.1237,9.04232,0.0592911
60.1339,9.16448,0.0558502
60.1437,9.26838,0.0549064
60.1539,9.34491,0.0522302
60.1638,9.38839,0.0508832
60.174,9.43187,0.0495362
60.1839,9.4204,0.050725
60.1935,9.40892,0.0519138
60.2035,9.37842,0.053519
60.2157,9.42491,0.0533588
60.2257,9.47709,0.053506
60.2381,9.47438,0.054674
60.2437,9.48176,0.0553429
60.2536,9.48915,0.0560118
60.2645,9.5157,0.0580881
60.2758,9.54226,0.0601645
60.2841,9.5739,0.0594835
60.2941,9.60555,0.0588025
60.3041,9.6777,0.0608773
60.3147,9.74985,0.062952
60.3278,9.67376,0.0649482
60.3346,9.59768,0.0669444
60.3436,9.68044,0.0657642
60.3542,9.7632,0.064584
60.3641,9.88303,0.0611802
60.3742,10.0029,0.0577764
60.3845,9.80003,0.0572142
60.3937,9.5972,0.056652
60.4047,9.61389,0.0560385
60.415,9.63057,0.055425
62.3252,9.58455,0.0606878
62.334,9.53853,0.0659506
62.3462,9.42267,0.0663061
62.3551,9.33418,0.0683941
62.3684,9.29564,0.0709974
62.3744,9.2571,0.0736006
62.3836,9.3253,0.0751498
62.3973,9.39349,0.076699
62.4059,9.40677,0.0746168
62.4144,9.34307,0.0743
62.4241,9.26842,0.0754406
62.4362,9.19376,0.0765811
62.4446,9.21095,0.0813531
62.4552,9.22814,0.086125
62.4645,9.20066,0.0846944
62.4744,9.17317,0.0832638
62.4839,9.14607,0.0830171
62.4942,9.08539,0.0913453
62.5041,9.00067,0.0994961
62.5135,8.91595,0.107647
62.5239,8.9748,0.115134
62.5338,8.92262,0.117271
62.544,8.71631,0.121352
62.5588,8.51,0.125433
62.5639,8.40795,0.128416
62.5739,8.30591,0.131398
62.5835,8.19963,0.133972
62.594,8.09335,0.136546
62.6088,8.13494,0.142769
62.6153,8.17652,0.148993
62.6256,8.23759,0.146491
62.6349,8.18785,0.14531
62.646,8.21533,0.146783
62.6541,8.24282,0.148255
62.6656,8.21534,0.148443
62.6755,8.27626,0.148195
62.6838,8.33706,0.146833
62.6938,8.39785,0.145471
62.7043,8.50281,0.146719
62.7134,8.60776,0.147968
62.7246,8.71796,0.147451
62.7397,8.82817,0.146934
62.7446,8.83643,0.143285
62.759,8.84468,0.139636
62.7648,8.79095,0.139816
62.7763,8.73721,0.139996
62.7853,8.68898,0.142051
62.7969,8.67434,0.135532
62.8049,8.71268,0.127676
62.817,8.60769,0.119601
62.8242,8.50222,0.112248
62.8353,8.50778,0.110246
62.8457,8.58443,0.107236
62.8617,8.66107,0.104227
62.8639,8.76037,0.107579
62.8774,8.88671,0.120941
62.8843,9.06972,0.133519
62.8945,9.25273,0.146096
62.905,9.1173,0.149649
62.9146,8.98186,0.153202
62.9239,8.83205,0.153668
62.9354,8.83713,0.153411
62.9458,8.8422,0.153155
62.9568,8.84728,0.152899
62.9669,8.90328,0.151761
62.974,8.87088,0.151061
62.9865,8.82971,0.151257
62.9957,8.88145,0.152256
63.0072,8.94395,0.154276
63.0138,8.87625,0.153881
63.0252,8.80854,0.153486
63.0357,8.74084,0.153092
63.0504,8.72052,0.152654
63.06,8.7002,0.152216
63.0651,8.73345,0.152538
63.0745,8.7667,0.152859
63.0841,8.77091,0.152185
63.0991,8.77512,0.151511
63.1047,8.8335,0.149331
63.116,9.03522,0.147371
63.1264,9.20329,0.146163
63.1336,9.37135,0.144955
63.1454,9.42243,0.151995
63.1588,9.47351,0.159035
63.1656,9.54506,0.158878
63.1735,9.58958,0.148712
63.184,9.59892,0.133796
63.1963,9.62541,0.120082
63.2036,9.74595,0.112186
63.218,9.8665,0.10429
63.2236,9.94384,0.106026
63.2478,9.97711,0.107163
63.2557,10.0656,0.106227
63.2653,9.99714,0.104141
63.2757,9.88276,0.103706
63.2838,9.7082,0.112753
63.2945,9.54241,0.120902
63.3041,9.76914,0.119236
63.3146,9.51796,0.117766
63.3245,9.39697,0.118711
63.3341,9.27598,0.119655
63.3447,9.32928,0.120403
63.3543,9.3352,0.121194
63.3664,9.34573,0.123345
63.3738,9.37753,0.125309
63.3841,9.35804,0.127153
63.3944,9.36169,0.126933
63.4041,9.42563,0.126268
63.4146,9.38241,0.128443
63.4249,9.37564,0.131065
63.4373,9.40253,0.132936
63.447,9.36291,0.132644
63.455,9.36918,0.125111
63.4657,9.58504,0.119863
63.4742,9.74925,0.117588
63.4865,9.61551,0.11974
63.4936,9.51695,0.126641
63.5039,9.46086,0.131991
63.5141,9.40477,0.137342
63.5239,9.42081,0.142338
63.537,9.46765,0.14467
63.5436,9.50908,0.141479
65.6968,9.44986,0.13835
65.7078,9.54761,0.136371
65.7148,9.64535,0.134392
65.7246,9.80484,0.122963
65.7343,9.96433,0.111533
65.7454,9.64206,0.109054
65.7538,9.79772,0.106379
65.766,9.95754,0.103747
65.7738,10.1174,0.101114
65.7842,10.1031,0.0986997
65.7948,10.5607,0.0964151
65.8044,11.0137,0.0927696
65.8141,10.9718,0.100688
65.8238,10.9812,0.108727
65.8341,11.0707,0.107743
65.8437,11.1,0.107206
65.8535,11.1292,0.106669
65.8639,11.116,0.112661
65.8759,11.1028,0.118652
65.8837,11.1561,0.126807
65.8944,11.0721,0.126621
65.9034,10.7785,0.12415
65.9141,10.691,0.129563
65.9235,10.9015,0.130549
65.9361,11.0089,0.131172
65.9461,11.043,0.130245
65.9542,11.0771,0.129319
65.9638,11.039,0.128747
65.9737,11.001,0.128174
65.9843,11.0327,0.13156
65.9958,11.1098,0.136956
66.0037,11.1259,0.140246
66.0144,11.142,0.143537
66.0244,11.1039,0.148558
66.0356,11.0658,0.153579
66.0438,11.0335,0.157883
66.0537,11.0011,0.162186
66.0635,11.0399,0.163504
66.0758,10.8816,0.195828
66.0837,10.723,0.228131
66.0942,10.0926,0.260303
66.1045,9.56512,0.308949
66.114,9.5326,0.34603
66.1235,9.61479,0.355279
66.1341,9.42891,0.369024
66.144,9.24303,0.382769
66.1536,9.05715,0.396514
66.1641,9.08414,0.421743
66.1738,9.06816,0.424757
66.1841,9.05217,0.427771
66.1945,9.1735,0.439125
66.2038,8.97877,0.442874
66.2139,8.57792,0.43874
66.2238,8.60838,0.434629
66.2341,8.74197,0.430882
66.2452,8.82986,0.428648
66.2538,8.91776,0.426414
66.2639,8.93403,0.423328
66.2742,8.91583,0.419687
66.2837,8.8333,0.417613
66.2944,8.75076,0.415539
66.3037,8.74652,0.414473
66.3158,8.74227,0.413408
66.3251,8.86912,0.409196
66.3341,8.99597,0.404984
66.3438,8.99487,0.401622
66.3536,9.00406,0.397848
66.3651,8.93789,0.397017
66.3741,9.06893,0.36518
66.3845,9.19881,0.333568
66.394,9.3287,0.301956
66.4048,9.45817,0.253681
66.414,9.58765,0.205407
66.4243,9.49437,0.184494
66.4349,9.58901,0.168106
66.4449,9.69023,0.151698
66.4541,9.79145,0.135291
66.4635,9.7058,0.100329
66.4736,9.66312,0.0875821
66.4835,9.65665,0.0751076
66.4943,9.64233,0.0622937
66.5053,9.94407,0.0570849
66.5137,10.2458,0.0518762
66.5238,10.1042,0.0477995
66.5342,9.8327,0.0439314
66.5444,9.62052,0.0404478
66.5543,9.50881,0.0363515
66.5672,9.46872,0.0331073
66.5767,9.4631,0.0304172
66.5903,9.49917,0.0277983
66.5982,9.53524,0.0251795
66.6046,9.46274,0.0235027
66.6169,9.39025,0.0218259
66.6254,9.21216,0.021096
66.6336,9.03407,0.0203662
66.6472,9.07391,0.0211478
66.6544,9.10347,0.0223414
66.6647,9.11734,0.0221501
66.6752,9.1312,0.0219587
66.6836,9.20487,0.0212075
66.6957,9.19559,0.0209119
66.7037,9.0837,0.0208054
66.7149,9.02785,0.0203688
66.7264,9.08003,0.0204048
66.7355,9.13221,0.0204409
66.7467,8.98357,0.0222911
66.7563,8.83493,0.0241414
66.7651,8.74082,0.0305603
66.7736,8.64672,0.0369793
66.784,8.61354,0.0524845
66.7941,8.58822,0.0683293
66.8041,8.61546,0.0724312
66.8174,8.6427,0.0765331
66.8237,8.51985,0.0876588
66.8337,8.52693,0.0985758
66.8438,8.534,0.109493
66.8541,8.4406,0.121023
69.0034,8.39658,0.169264
69.0134,8.34803,0.217731
69.0235,8.25779,0.266127
69.0335,8.20574,0.315501
69.0434,8.24499,0.365031
69.0534,8.28417,0.41619
69.0636,8.35046,0.467785
69.0746,8.42867,0.521828
69.0836,8.40747,0.57429
69.0934,8.38339,0.628153
69.1035,8.37501,0.683401
69.1137,8.37685,0.73841
69.1235,8.32004,0.793754
69.1335,8.36881,0.847596
69.1434,8.41758,0.901439
69.1535,8.43168,0.954378
69.1636,8.44579,1.00732
69.1735,8.4599,1.06026
69.1836,8.68085,1.11137
69.1937,8.92293,1.1642
69.2036,9.09046,1.21256
69.2136,9.28226,1.26267
69.2235,9.37692,1.30343
69.2336,9.48727,1.34604
69.2436,9.54504,1.4004
69.2534,9.60407,1.45746
69.2635,9.82521,1.50634
69.2737,10.0384,1.55963
69.2836,10.2516,1.61292
69.2936,10.4811,1.67068
69.3036,10.6612,1.69173
69.3137,10.8458,1.71255
69.3236,11.0027,1.7354
69.3335,11.1142,1.75816
69.3434,11.2257,1.78092
69.3537,11.3374,1.80204
69.3635,11.4357,1.82718
69.3734,11.5039,1.85369
69.3835,11.5722,1.8802
69.3936,11.6164,1.90815
69.4035,11.6607,1.93609
69.4137,11.6665,1.96624
69.4235,11.6724,1.9964
69.4337,11.6556,2.02761
69.4436,11.6083,2.05907
69.4535,11.5193,2.09067
69.4636,11.4304,2.12226
69.4736,11.3219,2.15161
69.4835,11.2008,2.18099
69.4936,11.0563,2.20664
69.5035,10.9119,2.23229
69.5136,10.7432,2.25619
69.5237,10.5635,2.27901
69.5335,10.3649,2.30008
69.5434,10.1663,2.32116
69.5534,9.95508,2.3393
69.5635,9.74382,2.35744
69.5735,9.54084,2.36985
69.5837,9.33786,2.38226
69.5937,9.12602,2.38826
69.6034,8.91418,2.39426
69.6135,8.71792,2.39836
69.6235,8.54949,2.40043
69.6335,8.39277,2.39967
69.6434,8.23605,2.39891
69.6537,8.0854,2.39537
69.6636,7.94802,2.38784
69.6735,7.82884,2.37647
69.6834,7.72695,2.36338
69.6935,7.66567,2.34605
69.7034,7.60439,2.32872
69.7134,7.59338,2.30588
69.7234,7.58237,2.28304
69.7336,7.58891,2.25667
69.7434,7.62593,2.23004
69.7536,7.70462,2.20229
69.7634,7.78332,2.17455
69.7737,7.88155,2.14904
69.7834,7.98964,2.12233
69.7936,8.09995,2.09764
69.8038,8.22765,2.07168
69.8143,8.35271,2.04858
69.8235,8.48872,2.02654
69.8335,8.62799,2.00439
69.8435,8.75437,1.98548
69.8537,8.88268,1.96652
69.8635,9.01099,1.94756
69.8744,9.13635,1.9268
69.8837,9.2617,1.90603
69.8934,9.38527,1.88667
69.9036,9.50884,1.86732
69.9135,9.60449,1.85327
69.9236,9.70013,1.83922
69.9337,9.78683,1.82894
69.9436,9.87354,1.81867
69.9536,9.95327,1.81113
69.9635,10.033,1.80359
69.9735,10.1071,1.79756
69.9834,10.164,1.79327
69.9935,10.2071,1.79038
70.0036,10.2356,1.79006
70.0135,10.2219,1.79481
70.0236,10.2082,1.79956
70.0335,10.163,1.80825
70.0434,10.1177,1.81693
70.0534,10.0346,1.82786
70.0635,9.95157,1.83878
70.0738,9.86851,1.84971
70.0834,9.78466,1.86319
70.0934,9.68964,1.87896
70.1035,9.57723,1.89601
70.1136,9.47233,1.91248
70.1234,9.36744,1.92895
70.1334,9.2645,1.94679
70.1436,9.17446,1.96139
70.1534,9.10923,1.97789
70.1636,9.044,1.99439
70.1737,8.984,2.01654
70.1834,8.92399,2.03869
70.1934,8.8741,2.06439
70.2036,8.82422,2.09009
70.2134,8.79621,2.1162
70.2235,8.7682,2.14231
70.2336,8.74612,2.17094
70.2435,8.72404,2.19957
70.2534,8.70287,2.22823
70.2636,8.67848,2.2621
70.2739,8.65116,2.29867
70.2835,8.62383,2.33525
70.2934,8.59544,2.37244
70.3034,8.58156,2.40706
70.3134,8.59059,2.43843
70.3236,8.59961,2.46981
70.3335,8.62165,2.4994
70.3435,8.64369,2.529
70.3536,8.68737,2.55812
70.3635,8.73106,2.58725
70.3736,8.77696,2.61744
70.3835,8.81378,2.64626
70.3937,8.86178,2.67279
70.4034,8.90701,2.70225
70.4135,8.94735,2.72942
70.4237,8.98265,2.75992
70.4334,9.00728,2.78988
70.4434,9.03191,2.81983
70.4534,9.03974,2.84343
70.4634,9.04758,2.86704
70.4738,9.06263,2.88102
70.4835,9.07768,2.895
70.4937,9.07864,2.90132
70.5035,9.0796,2.90764
70.5135,9.0655,2.90689
70.5236,9.0514,2.90615
70.5335,9.03151,2.89563
70.5434,9.01162,2.88512
70.5534,9.01035,2.86809
70.5636,9.01228,2.84584
70.5734,9.00448,2.81528
70.5835,8.99667,2.78473
70.5935,8.98102,2.75207
70.6035,8.96537,2.71941
70.6135,8.93283,2.68845
70.6235,8.90029,2.65748
70.6334,8.86877,2.62788
70.6435,8.82714,2.59732
70.6537,8.76539,2.56452
70.6635,8.70364,2.53172
70.6734,8.63968,2.49786
70.6836,8.56682,2.46021
70.6936,8.48607,2.41834
70.7035,8.40809,2.37354
70.7135,8.31333,2.32338
70.7234,8.22363,2.26989
70.7334,8.13259,2.21029
70.7434,8.04155,2.15069
70.7534,7.95271,2.09075
70.7635,7.86387,2.0308
70.7735,7.78503,1.97354
70.7835,7.70618,1.91628
70.7936,7.66087,1.86054
70.8036,7.61556,1.8048
70.8137,7.57577,1.75231
70.8235,7.55228,1.69919
70.8335,7.5225,1.65361
70.8437,7.49272,1.60803
70.8534,7.44159,1.57106
70.8635,7.39047,1.53409
70.8741,7.36391,1.502
70.8834,7.33735,1.46991
70.8938,7.32878,1.43943
70.9035,7.32022,1.40895
70.9135,7.30809,1.37701
70.9234,7.29597,1.34506
70.9339,7.28173,1.309
70.9442,7.27762,1.27389
70.9544,7.28839,1.24149
70.9635,7.32344,1.20495
70.9734,7.37147,1.16537
70.9835,7.42841,1.12958
70.9934,7.48794,1.09543
71.0036,7.54747,1.06128
71.0137,7.63852,1.03192
71.0235,7.72957,1.00256
71.0336,7.83067,0.978492
71.0436,7.9295,0.954968
71.0535,8.02364,0.933284
71.0636,8.11777,0.911601
71.0736,8.20787,0.886085
71.0835,8.29796,0.86057
71.0934,8.37037,0.836348
71.1036,8.44278,0.812126
71.1135,8.53754,0.794505
71.1236,8.616,0.777517
71.1334,8.71282,0.765556
71.1434,8.80965,0.753594
71.1535,8.9278,0.74615
71.1637,9.04596,0.738706
71.1737,9.17041,0.735116
71.1836,9.29487,0.731526
71.1935,9.40063,0.731324
71.2036,9.5064,0.731122
71.2135,9.62629,0.73499
71.2236,9.74618,0.738858
71.2337,9.86818,0.746846
71.2435,10.0065,0.756336
71.2536,10.1563,0.766748
71.2635,10.2818,0.781284
71.2741,10.3942,0.79887
71.2835,10.5084,0.814995
71.2935,10.6252,0.829221
71.3035,10.742,0.843446
71.3138,10.8564,0.853021
71.3238,10.9708,0.862596
71.3336,11.0721,0.867743
71.3435,11.1756,0.872347
71.3534,11.3,0.87587
71.3637,11.4244,0.879393
71.3737,11.5119,0.887836
71.3835,11.5993,0.896279
71.3935,11.6813,0.905686
71.4035,11.7633,0.915092
71.4137,11.823,0.917898
71.4237,11.8743,0.916039
71.4538,12.1026,0.992594
71.4635,12.3308,1.06915
71.4738,12.4987,1.10905
71.4835,12.6666,1.14895
71.4937,12.8219,1.18421
71.5037,12.8171,1.19717
71.5135,12.7184,1.19971
71.5236,12.6196,1.20225
71.5335,12.5933,1.2034
71.5436,12.5669,1.20456
71.5535,12.5511,1.2008
71.5634,12.519,1.19554
71.5737,12.4754,1.18937
71.5835,12.7639,1.18241
71.5934,13.0523,1.17546
71.6034,12.9678,1.1411
71.6137,12.8069,1.11649
71.6234,12.646,1.09189
71.6335,12.7658,1.06556
71.6437,12.8855,1.03924
71.6535,13.0184,1.01735
71.6634,12.7305,0.99471
71.6737,12.5768,0.979798
71.6837,12.4231,0.964886
71.6934,12.2801,0.9569
71.7034,12.137,0.948915
71.7136,11.9819,0.941796
71.7237,11.9655,0.925372
71.7334,11.8773,0.914051
71.7434,11.7973,0.907395
71.7535,11.5216,0.810378
71.7635,11.2459,0.713362
71.7738,11.071,0.646435
71.7851,10.8961,0.579509
71.7935,10.686,0.512226
71.8035,10.6361,0.467248
71.8135,10.6897,0.429174
71.8235,10.7275,0.393906
71.8338,10.6967,0.357439
71.8434,10.5781,0.326364
71.8534,10.5136,0.297311
71.8634,10.4491,0.268259
71.8735,10.4222,0.234574
71.8835,10.0635,0.201666
71.8934,9.71085,0.172307
71.9035,9.72942,0.171807
71.9136,9.8044,0.163982
71.9236,9.87937,0.156156
71.9337,9.6614,0.155267
71.9437,9.4363,0.151612
71.9535,9.23047,0.147695
71.9636,9.44542,0.144518
71.9734,9.54183,0.140042
71.9834,9.63823,0.135566
71.9934,9.67609,0.127701
72.0035,9.71396,0.119837
72.0135,9.79495,0.112916
72.0235,9.73723,0.1153
72.0334,9.75546,0.108853
72.0434,9.77369,0.102406
72.0535,9.80287,0.100768
72.0635,9.72603,0.100285
72.0738,9.59015,0.0997535
72.0835,9.72071,0.101136
72.0934,9.88639,0.102874
72.1039,9.8951,0.105697
72.1134,9.82198,0.10655
72.1235,9.76463,0.104597
72.1335,9.70729,0.102644
72.1437,9.75571,0.0928323
72.1536,9.73951,0.0859085
72.1636,9.85493,0.0799177
72.1735,9.93267,0.0785584
72.1837,9.94062,0.0847428
72.1935,9.98213,0.0910092
72.2035,10.0236,0.0972756
72.2134,10.0878,0.105611
72.2236,10.0854,0.115761
72.2335,10.0027,0.117066
72.2437,9.9272,0.121136
72.2538,9.83238,0.125469
72.2634,9.88225,0.127786
72.2736,9.81487,0.128633
72.2834,9.74748,0.129479
72.2935,9.78184,0.127345
72.3035,9.81619,0.12521
72.3135,9.80465,0.122498
72.3235,9.79311,0.119787
72.3334,9.77878,0.120962
72.3435,9.76445,0.122138
72.3534,9.73842,0.122747
72.3635,9.81841,0.122201
72.3738,9.90728,0.121544
72.3834,9.72971,0.118973
72.3936,9.55029,0.115709
72.4034,9.52784,0.111361
72.4135,9.59193,0.109133
72.4235,9.65602,0.106905
72.4336,9.72012,0.104678
72.4435,9.75732,0.104783
72.4534,9.79942,0.105161
72.4642,9.70989,0.104605
72.4736,9.61794,0.103616
72.4835,9.59578,0.0950836
72.4935,9.53396,0.0829195
72.5034,9.47118,0.0709597
72.5134,9.41669,0.0588229
72.5235,9.42867,0.0448712
72.5338,9.51507,0.0399089
72.5434,9.60148,0.0349466
72.5538,9.68788,0.0299843
72.5634,9.62849,0.0269016
72.5737,9.65362,0.0232167
72.5834,9.67875,0.0195317
72.5939,9.67121,0.0186122
72.6035,9.66384,0.017704
72.6135,9.66513,0.0164499
72.6234,9.66642,0.0151957
72.6335,9.65749,0.0137375
72.6436,9.64857,0.0122794
72.6534,9.65993,0.0114476
72.6635,9.67129,0.0106158
72.6735,9.66531,0.00985073
72.6835,9.65932,0.00908565
72.6934,9.65599,0.00902722
72.7034,9.65266,0.00896879
72.7138,9.6821,0.00876698
72.7235,9.71154,0.00856517
72.7336,9.69384,0.00836123
72.7434,9.68489,0.00828991
72.7534,9.67105,0.00794656
72.7634,9.67887,0.00759231
72.7734,9.67137,0.00766729
72.7836,9.66386,0.00774227
72.7935,9.66914,0.00780801
72.8037,9.67536,0.00766954
72.8141,9.66644,0.00775714
72.8234,9.65752,0.00784474
72.8338,9.65643,0.00778601
72.8435,9.65534,0.00772729
72.8535,9.6603,0.00764176
72.8634,9.66637,0.00769232
72.8738,9.66525,0.00773116
72.8835,9.66413,0.00777
72.8934,9.6662,0.00773743
72.9036,9.66809,0.00769347
72.9136,9.66375,0.0076787
72.9234,9.65942,0.00766394
72.9336,9.66401,0.0076939
72.9436,9.664,0.00768126
72.9535,9.66017,0.00762059
72.9635,9.65633,0.00755993
72.9736,9.65987,0.00754333
72.9834,9.66341,0.00752674
72.9936,9.65944,0.00745328
73.0034,9.65547,0.00737981
73.0135,9.62788,0.00740019
73.0236,9.6003,0.00742057
73.0335,9.6087,0.00741626
73.0434,9.6171,0.00741196
73.0534,9.63426,0.00738967
73.0634,9.62976,0.00737827
73.074,9.63774,0.0073594
73.0835,9.64571,0.00734053
73.0934,9.64268,0.00736086
73.1035,9.63964,0.0073812
73.1136,9.64443,0.00732248
73.1234,9.64921,0.00726375
73.1335,9.65207,0.00720699
73.1436,9.64982,0.00717581
73.1538,9.64152,0.00717143
73.1634,9.63943,0.00716034
73.1736,9.64469,0.0071284
73.1834,9.64902,0.00709646
73.1936,9.64279,0.00711706
73.2036,9.63655,0.00713766
73.2138,9.64233,0.00709506
73.2235,9.6481,0.00705246
73.2335,9.6454,0.00706722
73.2434,9.6473,0.00712458
73.2535,9.64603,0.00714345
73.2634,9.64476,0.00716233
73.2736,9.64556,0.0071812
73.2834,9.64635,0.00720007
73.2934,9.65049,0.00726244
73.3035,9.65462,0.00732482
73.3136,9.65256,0.00725541
73.3236,9.65051,0.00718601
73.3335,9.65961,0.00714341
73.3435,9.66088,0.00714341
73.3537,9.65978,0.00715702
73.3636,9.65868,0.00717063
73.3735,9.66285,0.00719622
73.3834,9.66351,0.00719622
73.3935,9.66111,0.00718513
73.4036,9.6587,0.00717404
73.4135,9.65533,0.00719291
73.4236,9.659,0.00721178
73.4339,9.65374,0.0072565
73.4435,9.65357,0.00727564
73.4535,9.6585,0.00725006
73.4635,9.65723,0.00723119
73.4735,9.65562,0.00723568
73.4836,9.65494,0.00724018
73.4935,9.65558,0.00722754
73.5034,9.65623,0.0072149
73.5135,9.65429,0.0072149
73.5235,9.65235,0.0072149
73.5336,9.65395,0.00717017
73.5435,9.65555,0.00712545
73.5534,9.65555,0.00710658
73.5636,9.65589,0.00708771
73.5734,9.65588,0.0070562
73.5835,9.65588,0.00702469
73.5937,9.65925,0.00699317
73.6036,9.65748,0.00700426
73.6135,9.65988,0.00704686
73.6237,9.66228,0.00708946
73.6334,9.66468,0.00713207
73.6435,9.66502,0.00710211
73.6534,9.66182,0.00712733
73.6635,9.65861,0.00715256
73.6735,9.65605,0.00713423
73.6836,9.65698,0.00714149
73.6935,9.65921,0.00712987
73.7034,9.65731,0.00710603
73.7135,9.66418,0.00708716
73.7234,9.66401,0.00706829
73.7337,9.67278,0.00702356
73.7437,9.67325,0.00697884
73.7536,9.66958,0.0069662
73.7635,9.66591,0.00695356
73.7735,9.66498,0.00693019
73.7834,9.66404,0.00690683
73.7934,9.66819,0.00691947
73.8036,9.67235,0.00693211
73.8137,9.67331,0.00697471
73.8234,9.67428,0.00701731
73.8338,9.68018,0.00704727
73.8435,9.67795,0.00703463
73.8534,9.67571,0.00702199
73.8636,9.67968,0.00705195
73.8745,9.68111,0.00709455
73.8835,9.68255,0.00713715
73.8938,9.67935,0.00717975
73.9034,9.68128,0.00717975
73.9135,9.67647,0.00716866
73.9235,9.67167,0.00715757
73.9337,9.6605,0.00712761
73.9439,9.65923,0.00712761
73.9537,9.66036,0.00709568
73.9636,9.66149,0.00706374
73.9734,9.66183,0.00705648
73.9834,9.66216,0.00704923
73.9934,9.65609,0.00702933
74.0034,9.65416,0.00702166
74.0137,9.65256,0.00700106
74.0235,9.65096,0.00698046
74.0335,9.64936,0.00695987
74.0435,9.65113,0.00694723
74.0534,9.65446,0.00694723
74.0634,9.65779,0.00694723
74.0738,9.66003,0.00689435
74.0834,9.66226,0.00684148
74.0934,9.6586,0.00684874
74.1036,9.65493,0.00685599
74.1138,9.65384,0.00681339
74.1234,9.65274,0.00677079
74.1335,9.64397,0.00675742
74.1437,9.64334,0.00678666
74.1537,9.64271,0.00681589
74.1634,9.63714,0.00678593
74.1735,9.63858,0.00675597
74.1834,9.64002,0.00672601
74.1934,9.63779,0.00671264
74.2034,9.63556,0.00669927
74.2142,9.63556,0.00669927
74.2235,9.63556,0.00669927
74.2336,9.64192,0.00671814
74.2434,9.64478,0.00673473
74.2535,9.64175,0.00671586
74.2635,9.63872,0.00669699
74.2737,9.63586,0.00669699
74.2834,9.63936,0.00668435
74.2936,9.64129,0.00671586
74.304,9.64323,0.00674737
74.3137,9.64339,0.0067151
74.3236,9.64356,0.00668282
74.3336,9.64373,0.00665055
74.3435,9.6426,0.00666319
74.3534,9.63943,0.0066947
74.3634,9.63627,0.00672621
74.3735,9.63181,0.00679796
74.3835,9.63211,0.00687641
74.3934,9.63354,0.00691388
74.4034,9.63497,0.00695135
74.4136,9.62794,0.00700871
74.4236,9.6249,0.00700871
74.4335,9.62953,0.00697948
74.4434,9.63497,0.00699285
74.4539,9.638,0.00701264
74.4635,9.63943,0.00704903
74.4737,9.64263,0.00704903
74.4834,9.64583,0.00704903
74.4935,9.64406,0.00697633
74.5035,9.6423,0.00690363
74.5135,9.64326,0.00691472
74.5236,9.64423,0.00692581
74.5336,9.63993,0.00695166
74.5434,9.63913,0.00697979
74.5537,9.63817,0.00700975
74.5635,9.6372,0.00703971
74.5734,9.64213,0.00702707
74.5835,9.6407,0.00702707
74.5934,9.63733,0.00705901
74.6034,9.63396,0.00709095
74.6137,9.63156,0.00718021
74.6234,9.62917,0.00726947
74.6334,9.62694,0.00729347
74.6436,9.63094,0.00726459
74.6534,9.62998,0.00723308
74.6634,9.62901,0.00720157
74.6736,9.63492,0.00720157
74.6835,9.63605,0.00719486
74.6934,9.63559,0.00716673
74.7034,9.63512,0.0071386
74.7146,9.63466,0.00711047
74.7234,9.63496,0.00714198
74.7335,9.63606,0.00715462
74.7436,9.63636,0.00712466
74.7537,9.63362,0.00707563
74.7634,9.63089,0.0070266
74.7734,9.63022,0.00705218
74.7834,9.62955,0.00707776
74.7936,9.64215,0.00715946
74.8035,9.64501,0.00724553
74.8136,9.64278,0.00727623
74.8234,9.64054,0.00730694
74.8336,9.64358,0.00732288
74.8434,9.64612,0.00727319
74.8535,9.64532,0.0072621
74.8634,9.64452,0.00725101
74.8738,9.64435,0.00722015
74.8836,9.64418,0.00718929
74.8935,9.65392,0.00709497
74.9036,9.65535,0.00702357
74.9136,9.64848,0.00696658
74.9236,9.64848,0.00693019
74.9336,9.64784,0.00697794
74.9435,9.6472,0.00702568
74.9534,9.64639,0.00703832
74.9635,9.64559,0.00705096
74.9742,9.63791,0.00703209
74.9837,9.64044,0.00703209
74.9936,9.64011,0.00703437
75.0035,9.63978,0.00703665
75.0135,9.63945,0.00703893
75.0234,9.64075,0.00702006
75.0335,9.63915,0.00700742
75.0436,9.63755,0.00699478
75.0534,9.63675,0.00700742
75.0635,9.63595,0.00702006
75.0737,9.63388,0.00702443
75.0837,9.63181,0.00702881
75.0936,9.62975,0.00703319
75.1034,9.62975,0.00699059
75.1136,9.63278,0.00691728
75.1236,9.63581,0.00684397
75.1334,9.63884,0.00677067
75.1436,9.64124,0.00677564
75.1534,9.63707,0.00678673
75.1635,9.63291,0.00679781
75.1736,9.63628,0.00682868
75.1836,9.63965,0.00685954
75.1936,9.63518,0.006933
75.2034,9.63902,0.00698356
75.2136,9.64285,0.00703412
75.2234,9.64285,0.00702148
75.2334,9.64332,0.00698997
75.2435,9.64395,0.00692759
75.2537,9.64298,0.00696398
75.2636,9.64201,0.00700037
75.2738,9.64985,0.00702596
75.2834,9.64749,0.00703267
75.2935,9.64541,0.00700116
75.3037,9.64334,0.00696964
75.3138,9.64127,0.00693813
75.3234,9.6395,0.0069501
75.3334,9.63951,0.00693387
75.3435,9.63951,0.00691763
75.3543,9.64174,0.00693423
75.3634,9.64398,0.00695082
75.3734,9.64574,0.00690822
75.3834,9.64751,0.00686562
75.3934,9.64115,0.00685225
75.4034,9.64245,0.00688148
75.4136,9.63878,0.00691299
75.4235,9.63511,0.00694451
75.4336,9.63272,0.00691364
75.4434,9.63145,0.00687014
75.4535,9.63529,0.00684018
75.4634,9.63912,0.00681022
75.4737,9.63815,0.00681022
75.4836,9.63719,0.00681022
75.4937,9.63558,0.00680362
75.5036,9.63398,0.00679703
75.5134,9.63238,0.00679043
75.5235,9.63351,0.0067981
75.5337,9.63465,0.00680578
75.5436,9.63418,0.00686815
75.5534,9.63498,0.00683176
75.5634,9.63578,0.00679537
75.5735,9.62778,0.00676979
75.5834,9.62681,0.00674421
75.5934,9.63031,0.00675685
75.6035,9.63381,0.00676949
75.6137,9.63731,0.00678213
75.6235,9.63858,0.00680012
75.6334,9.63857,0.00685895
75.6434,9.63857,0.00691779
75.6536,9.64097,0.00693116
75.6636,9.64051,0.00688569
75.6737,9.64018,0.00689833
75.6834,9.63985,0.00691097
75.6934,9.64765,0.00689438
75.7034,9.64461,0.00690774
75.7135,9.64508,0.00688887
75.7234,9.64555,0.00687
75.7334,9.64475,0.00691351
75.7435,9.64204,0.00694437
75.7534,9.64494,0.00693173
75.7635,9.64527,0.00696169
75.7735,9.64527,0.00696169
75.7837,9.64528,0.00696169
75.7935,9.64419,0.00696828
75.8036,9.64309,0.00697488
75.8137,9.64629,0.00690801
75.8237,9.64373,0.00686947
75.8338,9.64036,0.00689332
75.8438,9.63842,0.00689332
75.8535,9.64019,0.00688067
75.8635,9.64197,0.00686803
75.8736,9.64883,0.00686803
75.8834,9.64867,0.00686803
75.8934,9.65394,0.00686803
75.9034,9.65123,0.00689362
75.9136,9.65523,0.00689362
75.9234,9.65477,0.00686366
75.9335,9.6559,0.0068337
75.9436,9.65574,0.0068337
75.9535,9.65241,0.00678314
75.9635,9.65194,0.00679142
75.9734,9.64414,0.00677082
75.9834,9.64544,0.00675022
75.9936,9.63603,0.00676681
76.0035,9.63747,0.00675345
76.0136,9.63667,0.00678984
76.0235,9.63587,0.00682622
76.0335,9.63603,0.0068451
