IMU,1.89647,acc_magnitude,8.6987
IMU,1.89651,acc_magnitude,8.6987
IMU,1.90763,acc_magnitude,10.5422
IMU,1.91634,acc_magnitude,10.5422
IMU,1.92449,acc_magnitude,7.91107
IMU,1.93614,acc_magnitude,7.91107
IMU,1.94415,acc_magnitude,11.5157
IMU,1.95629,acc_magnitude,11.5157
IMU,1.96868,acc_magnitude,8.73681
IMU,1.97715,acc_magnitude,9.29294
IMU,1.99486,acc_magnitude,9.29294
IMU,2.02058,acc_magnitude,9.29294
IMU,2.03045,acc_magnitude,10.5905
IMU,2.04309,acc_magnitude,10.5905
IMU,2.05223,acc_magnitude,6.57332
IMU,2.05625,acc_magnitude,6.57332
IMU,2.07096,acc_magnitude,10.0546
IMU,2.07735,acc_magnitude,10.0546
IMU,2.08829,acc_magnitude,11.4171
IMU,2.09704,acc_magnitude,11.4171
IMU,2.10436,acc_magnitude,8.94771
IMU,2.1138,acc_magnitude,8.94771
IMU,2.12435,acc_magnitude,7.6588
IMU,2.1348,acc_magnitude,7.6588
IMU,2.1466,acc_magnitude,10.4724
IMU,2.15355,acc_magnitude,10.4724
IMU,2.16551,acc_magnitude,6.23485
IMU,2.17616,acc_magnitude,6.23485
IMU,2.18395,acc_magnitude,9.50543
IMU,2.19568,acc_magnitude,14.2745
IMU,2.20392,acc_magnitude,14.2745
IMU,2.21485,acc_magnitude,14.2745
IMU,2.22354,acc_magnitude,8.76782
IMU,2.23452,acc_magnitude,8.76782
IMU,2.24742,acc_magnitude,8.79237
IMU,2.25358,acc_magnitude,8.79237
IMU,2.26596,acc_magnitude,8.79237
IMU,2.27485,acc_magnitude,12.5559
IMU,2.28384,acc_magnitude,12.5559
IMU,2.29434,acc_magnitude,12.5559
IMU,2.30449,acc_magnitude,7.88438
IMU,2.31355,acc_magnitude,11.7467
IMU,2.32359,acc_magnitude,11.7467
IMU,2.33528,acc_magnitude,8.42296
IMU,2.34598,acc_magnitude,8.42296
IMU,2.35399,acc_magnitude,8.42296
IMU,2.36612,acc_magnitude,8.42296
IMU,2.37645,acc_magnitude,11.7431
IMU,2.38451,acc_magnitude,11.5357
IMU,2.39495,acc_magnitude,11.5357
IMU,2.40547,acc_magnitude,9.36965
IMU,2.41509,acc_magnitude,9.36965
IMU,2.42368,acc_magnitude,10.9841
IMU,2.43697,acc_magnitude,10.9841
IMU,2.44463,acc_magnitude,9.30012
IMU,2.45381,acc_magnitude,9.30012
IMU,2.4638,acc_magnitude,6.45999
IMU,2.47603,acc_magnitude,6.45999
IMU,2.48387,acc_magnitude,9.13279
IMU,2.49371,acc_magnitude,9.13279
IMU,2.5058,acc_magnitude,7.37748
IMU,2.51571,acc_magnitude,7.37748
IMU,2.52376,acc_magnitude,5.44444
IMU,2.53477,acc_magnitude,5.44444
IMU,2.54641,acc_magnitude,10.5445
IMU,2.55903,acc_magnitude,10.5445
IMU,2.56351,acc_magnitude,9.07934
IMU,2.57684,acc_magnitude,9.07934
IMU,2.58614,acc_magnitude,11.7454
IMU,2.59393,acc_magnitude,11.7454
IMU,2.60399,acc_magnitude,8.74781
IMU,2.61402,acc_magnitude,8.74781
IMU,2.62381,acc_magnitude,8.75818
IMU,2.63426,acc_magnitude,8.75818
IMU,2.64584,acc_magnitude,9.73873
IMU,2.65396,acc_magnitude,9.73873
IMU,2.66373,acc_magnitude,9.29328
IMU,2.67615,acc_magnitude,9.29328
IMU,2.68495,acc_magnitude,9.65252
IMU,2.6962,acc_magnitude,9.65252
IMU,2.70364,acc_magnitude,10.0105
IMU,2.71553,acc_magnitude,10.0105
IMU,2.72457,acc_magnitude,6.6881
IMU,2.73784,acc_magnitude,6.6881
IMU,2.74518,acc_magnitude,10.2023
IMU,2.75726,acc_magnitude,10.2023
IMU,2.76442,acc_magnitude,11.9604
IMU,2.77624,acc_magnitude,11.9604
IMU,2.7852,acc_magnitude,10.2361
IMU,2.79436,acc_magnitude,10.2361
IMU,2.8071,acc_magnitude,8.43516
IMU,2.81571,acc_magnitude,8.43516
IMU,2.82399,acc_magnitude,9.15997
IMU,2.83678,acc_magnitude,9.15997
IMU,2.84426,acc_magnitude,10.5241
IMU,2.85409,acc_magnitude,10.5241
IMU,2.86583,acc_magnitude,9.54083
IMU,2.87453,acc_magnitude,9.54083
IMU,2.88429,acc_magnitude,8.27962
IMU,2.89365,acc_magnitude,8.27962
IMU,2.90734,acc_magnitude,11.5771
IMU,2.91387,acc_magnitude,11.5771
IMU,2.92519,acc_magnitude,15.3205
IMU,2.93389,acc_magnitude,15.3205
IMU,2.94566,acc_magnitude,10.8122
IMU,2.95357,acc_magnitude,10.8122
IMU,2.96417,acc_magnitude,10.8122
IMU,2.97713,acc_magnitude,10.8122
IMU,2.98526,acc_magnitude,10.8122
IMU,2.99504,acc_magnitude,10.8122
IMU,3.00445,acc_magnitude,11.141
IMU,3.0144,acc_magnitude,11.141
IMU,3.02622,acc_magnitude,12.1712
IMU,3.03361,acc_magnitude,12.1712
IMU,3.04394,acc_magnitude,11.0761
IMU,3.05495,acc_magnitude,11.0761
IMU,3.06497,acc_magnitude,8.99145
IMU,3.07437,acc_magnitude,8.99145
IMU,3.08431,acc_magnitude,11.686
IMU,3.09409,acc_magnitude,11.686
IMU,3.10443,acc_magnitude,4.77273
IMU,3.11385,acc_magnitude,4.77273
IMU,3.12418,acc_magnitude,10.0648
IMU,3.13393,acc_magnitude,10.0648
IMU,3.14411,acc_magnitude,10.5018
IMU,3.15402,acc_magnitude,10.5018
IMU,3.16387,acc_magnitude,12.3252
IMU,3.17473,acc_magnitude,12.3252
IMU,3.18509,acc_magnitude,6.93666
IMU,3.19393,acc_magnitude,6.93666
IMU,3.20444,acc_magnitude,8.93803
IMU,3.21406,acc_magnitude,8.93803
IMU,3.224,acc_magnitude,7.36276
IMU,3.2337,acc_magnitude,7.36276
IMU,3.24358,acc_magnitude,10.0398
IMU,3.25515,acc_magnitude,10.0398
IMU,3.26648,acc_magnitude,10.8367
IMU,3.2738,acc_magnitude,10.8367
IMU,3.2835,acc_magnitude,10.8367
IMU,3.29481,acc_magnitude,10.8367
IMU,3.30493,acc_magnitude,10.39
IMU,3.31545,acc_magnitude,10.39
IMU,3.3235,acc_magnitude,10.39
IMU,3.33436,acc_magnitude,10.39
IMU,3.34474,acc_magnitude,7.95068
IMU,3.3534,acc_magnitude,7.95068
IMU,3.3654,acc_magnitude,10.9489
IMU,3.37439,acc_magnitude,10.9489
IMU,3.3874,acc_magnitude,9.72837
IMU,3.39685,acc_magnitude,9.72837
IMU,3.406,acc_magnitude,9.72837
IMU,3.41579,acc_magnitude,9.72837
IMU,3.42586,acc_magnitude,9.71665
IMU,3.43382,acc_magnitude,9.71665
IMU,3.44348,acc_magnitude,8.82143
IMU,3.45342,acc_magnitude,8.82143
IMU,3.46346,acc_magnitude,10.2805
IMU,3.47416,acc_magnitude,10.2805
IMU,3.4837,acc_magnitude,9.16353
IMU,3.49362,acc_magnitude,9.16353
IMU,3.50345,acc_magnitude,9.83781
IMU,3.51352,acc_magnitude,9.83781
IMU,3.52345,acc_magnitude,9.20048
IMU,3.53351,acc_magnitude,9.20048
IMU,3.54353,acc_magnitude,14.9646
IMU,3.55358,acc_magnitude,14.9646
IMU,3.56345,acc_magnitude,11.8383
IMU,3.57384,acc_magnitude,11.8383
IMU,3.58348,acc_magnitude,7.38558
IMU,3.59405,acc_magnitude,7.38558
IMU,3.6038,acc_magnitude,7.99078
IMU,3.61503,acc_magnitude,7.99078
IMU,3.62343,acc_magnitude,7.99078
IMU,3.63357,acc_magnitude,7.99078
IMU,3.64346,acc_magnitude,10.466
IMU,3.65342,acc_magnitude,10.466
IMU,3.66363,acc_magnitude,8.84843
IMU,3.67362,acc_magnitude,8.84843
IMU,3.68351,acc_magnitude,8.84843
IMU,3.6949,acc_magnitude,8.84843
IMU,3.70424,acc_magnitude,12.3028
IMU,3.71351,acc_magnitude,12.3028
IMU,3.72349,acc_magnitude,11.5402
IMU,3.73364,acc_magnitude,11.5402
IMU,3.74369,acc_magnitude,14.5381
IMU,3.75349,acc_magnitude,14.5381
IMU,3.76352,acc_magnitude,14.5381
IMU,3.77456,acc_magnitude,14.5381
IMU,3.78382,acc_magnitude,9.44249
IMU,3.7937,acc_magnitude,9.44249
IMU,3.80388,acc_magnitude,10.9943
IMU,3.81388,acc_magnitude,10.9943
IMU,3.82376,acc_magnitude,10.5538
IMU,3.83363,acc_magnitude,10.5538
IMU,3.8436,acc_magnitude,9.23626
IMU,3.85368,acc_magnitude,9.23626
IMU,3.86364,acc_magnitude,9.14439
IMU,3.87376,acc_magnitude,9.14439
IMU,3.88348,acc_magnitude,9.535
IMU,3.89356,acc_magnitude,9.535
IMU,3.90351,acc_magnitude,9.41292
IMU,3.91381,acc_magnitude,9.41292
IMU,3.92347,acc_magnitude,9.3451
IMU,3.93348,acc_magnitude,9.3451
IMU,3.94347,acc_magnitude,10.1748
IMU,3.95382,acc_magnitude,10.1748
IMU,3.96445,acc_magnitude,9.25939
IMU,3.97347,acc_magnitude,9.25939
IMU,3.98457,acc_magnitude,9.25939
IMU,3.99372,acc_magnitude,9.25939
IMU,4.00439,acc_magnitude,9.70524
IMU,4.01403,acc_magnitude,9.70524
IMU,4.02551,acc_magnitude,3.90495
IMU,4.03344,acc_magnitude,3.90495
IMU,4.04372,acc_magnitude,3.90495
IMU,4.05357,acc_magnitude,3.90495
IMU,4.06353,acc_magnitude,9.18331
IMU,4.07452,acc_magnitude,9.18331
IMU,4.0837,acc_magnitude,11.86
IMU,4.09373,acc_magnitude,11.86
IMU,4.10351,acc_magnitude,10.2683
IMU,4.11373,acc_magnitude,10.2683
IMU,4.12351,acc_magnitude,10.2683
IMU,4.13346,acc_magnitude,10.2683
IMU,4.14351,acc_magnitude,9.19439
IMU,4.15369,acc_magnitude,9.19439
IMU,4.16361,acc_magnitude,9.75125
IMU,4.17422,acc_magnitude,9.75125
IMU,4.18383,acc_magnitude,10.125
IMU,4.19543,acc_magnitude,9.39141
IMU,4.20351,acc_magnitude,9.39141
IMU,4.21639,acc_magnitude,9.7761
IMU,4.22345,acc_magnitude,9.7761
IMU,4.23424,acc_magnitude,9.7761
IMU,4.24362,acc_magnitude,8.94753
IMU,4.25436,acc_magnitude,8.94753
IMU,4.26362,acc_magnitude,9.84018
IMU,4.27467,acc_magnitude,9.84018
IMU,4.28385,acc_magnitude,9.71769
IMU,4.29351,acc_magnitude,9.71769
IMU,4.30364,acc_magnitude,9.77976
IMU,4.31387,acc_magnitude,9.77976
IMU,4.32363,acc_magnitude,9.66965
IMU,4.3335,acc_magnitude,9.66965
IMU,4.34384,acc_magnitude,9.66965
IMU,4.35355,acc_magnitude,9.66965
IMU,4.36375,acc_magnitude,9.70852
IMU,4.37354,acc_magnitude,9.70852
IMU,4.38371,acc_magnitude,9.70345
IMU,4.39386,acc_magnitude,9.70345
IMU,4.40348,acc_magnitude,9.70345
IMU,4.41847,acc_magnitude,9.70345
IMU,4.42361,acc_magnitude,9.63113
IMU,4.43371,acc_magnitude,9.63113
IMU,4.44356,acc_magnitude,9.70321
IMU,4.45434,acc_magnitude,9.70321
IMU,4.46351,acc_magnitude,9.63613
IMU,4.47358,acc_magnitude,9.63613
IMU,4.48384,acc_magnitude,9.63613
IMU,4.49349,acc_magnitude,9.63613
IMU,4.50348,acc_magnitude,9.58815
IMU,4.51354,acc_magnitude,9.58815
IMU,4.52369,acc_magnitude,9.74606
IMU,4.53368,acc_magnitude,9.74606
IMU,4.54372,acc_magnitude,9.65
IMU,4.5535,acc_magnitude,9.65
IMU,4.56348,acc_magnitude,9.63111
IMU,4.57366,acc_magnitude,9.63111
IMU,4.58362,acc_magnitude,9.63122
IMU,4.59371,acc_magnitude,9.63122
IMU,4.6035,acc_magnitude,9.70704
IMU,4.61374,acc_magnitude,9.70704
IMU,4.6237,acc_magnitude,9.66407
IMU,4.63344,acc_magnitude,9.66407
IMU,4.64345,acc_magnitude,9.54516
IMU,4.65381,acc_magnitude,9.54516
IMU,4.6637,acc_magnitude,9.67405
IMU,4.67371,acc_magnitude,9.67405
IMU,4.68353,acc_magnitude,9.71704
IMU,4.69366,acc_magnitude,9.71704
IMU,4.70347,acc_magnitude,9.71704
IMU,4.71358,acc_magnitude,9.71704
IMU,4.72363,acc_magnitude,9.564
IMU,4.73345,acc_magnitude,9.564
IMU,4.74346,acc_magnitude,9.58812
IMU,4.75359,acc_magnitude,9.58812
IMU,4.76356,acc_magnitude,9.58812
IMU,4.77395,acc_magnitude,9.58812
IMU,4.7835,acc_magnitude,9.69312
IMU,4.7935,acc_magnitude,9.69312
IMU,4.80349,acc_magnitude,9.60207
IMU,4.8135,acc_magnitude,9.60207
IMU,4.8235,acc_magnitude,9.60202
IMU,4.8337,acc_magnitude,9.60202
IMU,4.84346,acc_magnitude,9.60202
IMU,4.85381,acc_magnitude,9.60202
IMU,4.86346,acc_magnitude,9.65001
IMU,4.87347,acc_magnitude,9.65001
IMU,4.88347,acc_magnitude,9.61204
IMU,4.89365,acc_magnitude,9.61204
IMU,4.90348,acc_magnitude,9.59702
IMU,4.91354,acc_magnitude,9.59702
IMU,4.92355,acc_magnitude,9.77416
IMU,4.93348,acc_magnitude,9.77416
IMU,4.94345,acc_magnitude,9.64505
IMU,4.95426,acc_magnitude,9.64505
IMU,4.96355,acc_magnitude,9.56807
IMU,4.97344,acc_magnitude,9.56807
IMU,4.98352,acc_magnitude,9.57314
IMU,4.99411,acc_magnitude,9.57314
IMU,5.0034,acc_magnitude,9.73603
IMU,5.01345,acc_magnitude,9.73603
IMU,5.02345,acc_magnitude,9.58802
IMU,5.03342,acc_magnitude,9.58802
IMU,5.04348,acc_magnitude,9.59702
IMU,5.05346,acc_magnitude,9.59702
IMU,5.06347,acc_magnitude,9.59702
IMU,5.07397,acc_magnitude,9.59702
IMU,5.08351,acc_magnitude,9.67909
IMU,5.09345,acc_magnitude,9.67909
IMU,5.10357,acc_magnitude,9.65506
IMU,5.11343,acc_magnitude,9.65506
IMU,5.12342,acc_magnitude,9.65506
IMU,5.13347,acc_magnitude,9.65506
IMU,5.14363,acc_magnitude,9.65016
IMU,5.15343,acc_magnitude,9.65016
IMU,5.16375,acc_magnitude,9.731
IMU,5.17341,acc_magnitude,9.731
IMU,5.18352,acc_magnitude,9.64017
IMU,5.19354,acc_magnitude,9.64017
IMU,5.20341,acc_magnitude,9.64017
IMU,5.21345,acc_magnitude,9.64017
IMU,5.22348,acc_magnitude,9.674
IMU,5.23342,acc_magnitude,9.674
IMU,5.24341,acc_magnitude,9.68309
IMU,5.25354,acc_magnitude,9.68309
IMU,5.26351,acc_magnitude,9.57814
IMU,5.27344,acc_magnitude,9.57814
IMU,5.28368,acc_magnitude,9.61609
IMU,5.29344,acc_magnitude,9.61609
IMU,5.30356,acc_magnitude,9.69307
IMU,5.31359,acc_magnitude,9.69307
IMU,5.32342,acc_magnitude,9.70302
IMU,5.33373,acc_magnitude,9.70302
IMU,5.34339,acc_magnitude,9.59704
IMU,5.35345,acc_magnitude,9.59704
IMU,5.3635,acc_magnitude,9.59707
IMU,5.37345,acc_magnitude,9.59707
IMU,5.38349,acc_magnitude,9.64511
IMU,5.39346,acc_magnitude,9.64511
IMU,5.40348,acc_magnitude,9.60716
IMU,5.41344,acc_magnitude,9.60716
IMU,5.42356,acc_magnitude,9.60716
IMU,5.43347,acc_magnitude,9.60716
IMU,5.44337,acc_magnitude,9.66412
IMU,5.45343,acc_magnitude,9.66412
IMU,5.46341,acc_magnitude,9.7222
IMU,5.47357,acc_magnitude,9.7222
IMU,5.48342,acc_magnitude,9.7222
IMU,5.49345,acc_magnitude,9.7222
IMU,5.50344,acc_magnitude,9.58306
IMU,5.5135,acc_magnitude,9.58306
IMU,5.52348,acc_magnitude,9.66912
IMU,5.53341,acc_magnitude,9.66912
IMU,5.54342,acc_magnitude,9.69306
IMU,5.55365,acc_magnitude,9.69306
IMU,5.5635,acc_magnitude,9.69306
IMU,5.57359,acc_magnitude,9.69306
IMU,5.58344,acc_magnitude,9.59212
IMU,5.59347,acc_magnitude,9.59212
IMU,5.60349,acc_magnitude,9.65015
IMU,5.61349,acc_magnitude,9.65015
IMU,5.62357,acc_magnitude,9.74136
IMU,5.63355,acc_magnitude,9.74136
IMU,5.64347,acc_magnitude,9.59704
IMU,5.65347,acc_magnitude,9.59704
IMU,5.66344,acc_magnitude,9.66412
IMU,5.67342,acc_magnitude,9.66412
IMU,5.68348,acc_magnitude,9.71707
IMU,5.69365,acc_magnitude,9.71707
IMU,5.70364,acc_magnitude,9.67408
IMU,5.71377,acc_magnitude,9.67408
IMU,5.72358,acc_magnitude,9.53003
IMU,5.73344,acc_magnitude,9.53003
IMU,5.74343,acc_magnitude,9.60714
IMU,5.75368,acc_magnitude,9.60714
IMU,5.76345,acc_magnitude,9.64506
IMU,5.7734,acc_magnitude,9.64506
IMU,5.78342,acc_magnitude,9.64506
IMU,5.79344,acc_magnitude,9.64506
IMU,5.80347,acc_magnitude,9.60736
IMU,5.81351,acc_magnitude,9.60736
IMU,5.82355,acc_magnitude,9.712
IMU,5.83347,acc_magnitude,9.712
IMU,5.84343,acc_magnitude,9.712
IMU,5.85343,acc_magnitude,9.712
IMU,5.86344,acc_magnitude,9.58303
IMU,5.87342,acc_magnitude,9.58303
IMU,5.88349,acc_magnitude,9.62102
IMU,5.89369,acc_magnitude,9.62102
IMU,5.90344,acc_magnitude,9.67919
IMU,5.91344,acc_magnitude,9.67919
IMU,5.9235,acc_magnitude,9.67919
IMU,5.93366,acc_magnitude,9.67919
IMU,5.94357,acc_magnitude,9.58809
IMU,5.95345,acc_magnitude,9.58809
IMU,5.96359,acc_magnitude,9.70711
IMU,5.97349,acc_magnitude,9.70711
IMU,5.98348,acc_magnitude,9.72713
IMU,5.99369,acc_magnitude,9.72713
IMU,6.00364,acc_magnitude,9.62614
IMU,6.01362,acc_magnitude,9.62614
IMU,6.02365,acc_magnitude,9.56414
IMU,6.03483,acc_magnitude,9.56414
IMU,6.04352,acc_magnitude,9.63609
IMU,6.05368,acc_magnitude,9.63609
IMU,6.06377,acc_magnitude,9.66914
IMU,6.07368,acc_magnitude,9.66914
IMU,6.08349,acc_magnitude,9.63107
IMU,6.0937,acc_magnitude,9.63107
IMU,6.10344,acc_magnitude,9.66916
IMU,6.11345,acc_magnitude,9.66916
IMU,6.12344,acc_magnitude,9.65529
IMU,6.13344,acc_magnitude,9.65529
IMU,6.14346,acc_magnitude,9.65529
IMU,6.15377,acc_magnitude,9.65529
IMU,6.16345,acc_magnitude,9.54012
IMU,6.17374,acc_magnitude,9.54012
IMU,6.18345,acc_magnitude,9.65501
IMU,6.19383,acc_magnitude,9.65501
IMU,6.20372,acc_magnitude,9.65501
IMU,6.21366,acc_magnitude,9.65501
IMU,6.22349,acc_magnitude,9.65901
IMU,6.23364,acc_magnitude,9.65901
IMU,6.24352,acc_magnitude,9.58304
IMU,6.2535,acc_magnitude,9.58304
IMU,6.26366,acc_magnitude,9.6691
IMU,6.27366,acc_magnitude,9.6691
IMU,6.28402,acc_magnitude,9.6691
IMU,6.2937,acc_magnitude,9.6691
IMU,6.30358,acc_magnitude,9.63603
IMU,6.31363,acc_magnitude,9.63603
IMU,6.32348,acc_magnitude,9.65509
IMU,6.33348,acc_magnitude,9.65509
IMU,6.34342,acc_magnitude,9.74602
IMU,6.35368,acc_magnitude,9.74602
IMU,6.36366,acc_magnitude,9.69303
IMU,6.37377,acc_magnitude,9.69303
IMU,6.38353,acc_magnitude,9.62602
IMU,6.39377,acc_magnitude,9.62602
IMU,6.40383,acc_magnitude,9.65913
IMU,6.41358,acc_magnitude,9.65913
IMU,6.42355,acc_magnitude,9.67903
IMU,6.43463,acc_magnitude,9.67903
IMU,6.44347,acc_magnitude,9.65018
IMU,6.45348,acc_magnitude,9.65018
IMU,6.46349,acc_magnitude,9.54001
IMU,6.4739,acc_magnitude,9.54001
IMU,6.48375,acc_magnitude,9.64504
IMU,6.4937,acc_magnitude,9.64504
IMU,6.50352,acc_magnitude,9.64504
IMU,6.51367,acc_magnitude,9.64504
IMU,6.52367,acc_magnitude,9.58801
IMU,6.53345,acc_magnitude,9.58801
IMU,6.54347,acc_magnitude,9.62609
IMU,6.55349,acc_magnitude,9.62609
IMU,6.56346,acc_magnitude,9.62609
IMU,6.57346,acc_magnitude,9.62609
IMU,6.58387,acc_magnitude,9.73617
IMU,6.59351,acc_magnitude,9.73617
IMU,6.60349,acc_magnitude,9.56419
IMU,6.61357,acc_magnitude,9.56419
IMU,6.62349,acc_magnitude,9.59207
IMU,6.63348,acc_magnitude,9.59207
IMU,6.64427,acc_magnitude,9.59207
IMU,6.65375,acc_magnitude,9.59207
IMU,6.66345,acc_magnitude,9.69316
IMU,6.67349,acc_magnitude,9.69316
IMU,6.68348,acc_magnitude,9.626
IMU,6.6935,acc_magnitude,9.626
IMU,6.70394,acc_magnitude,9.69811
IMU,6.71376,acc_magnitude,9.69811
IMU,6.72344,acc_magnitude,9.70304
IMU,6.73375,acc_magnitude,9.70304
IMU,6.74364,acc_magnitude,9.66905
IMU,6.75378,acc_magnitude,9.66905
IMU,6.76378,acc_magnitude,9.57809
IMU,6.77373,acc_magnitude,9.57809
IMU,6.78418,acc_magnitude,9.65914
IMU,6.79348,acc_magnitude,9.65914
IMU,6.80346,acc_magnitude,9.75013
IMU,6.81345,acc_magnitude,9.75013
IMU,6.82346,acc_magnitude,9.64003
IMU,6.83349,acc_magnitude,9.64003
IMU,6.84358,acc_magnitude,9.62107
IMU,6.85346,acc_magnitude,9.62107
IMU,6.86353,acc_magnitude,9.62107
IMU,6.87347,acc_magnitude,9.62107
IMU,6.8835,acc_magnitude,9.75002
IMU,6.89346,acc_magnitude,9.75002
IMU,6.90386,acc_magnitude,9.59215
IMU,6.91351,acc_magnitude,9.59215
IMU,6.92369,acc_magnitude,9.59215
IMU,6.93407,acc_magnitude,9.59215
IMU,6.94344,acc_magnitude,9.77012
IMU,6.95357,acc_magnitude,9.77012
IMU,6.96346,acc_magnitude,9.67404
IMU,6.9735,acc_magnitude,9.67404
IMU,6.98347,acc_magnitude,9.5491
IMU,6.99346,acc_magnitude,9.5491
IMU,7.0034,acc_magnitude,9.5491
IMU,7.01345,acc_magnitude,9.5491
IMU,7.0235,acc_magnitude,9.73602
IMU,7.03345,acc_magnitude,9.73602
IMU,7.04347,acc_magnitude,9.583
IMU,7.05378,acc_magnitude,9.583
IMU,7.06342,acc_magnitude,9.61603
IMU,7.07345,acc_magnitude,9.61603
IMU,7.08345,acc_magnitude,9.6982
IMU,7.09365,acc_magnitude,9.6982
IMU,7.10343,acc_magnitude,9.66407
IMU,7.11347,acc_magnitude,9.66407
IMU,7.12348,acc_magnitude,9.58301
IMU,7.13346,acc_magnitude,9.58301
IMU,7.14345,acc_magnitude,9.64024
IMU,7.15374,acc_magnitude,9.64024
IMU,7.16348,acc_magnitude,9.67909
IMU,7.17365,acc_magnitude,9.67909
IMU,7.18363,acc_magnitude,9.63102
IMU,7.19349,acc_magnitude,9.63102
IMU,7.2035,acc_magnitude,9.5731
IMU,7.21348,acc_magnitude,9.5731
IMU,7.2235,acc_magnitude,9.5731
IMU,7.23346,acc_magnitude,9.5731
IMU,7.24371,acc_magnitude,9.71205
IMU,7.25348,acc_magnitude,9.71205
IMU,7.26344,acc_magnitude,9.58316
IMU,7.27352,acc_magnitude,9.58316
IMU,7.28359,acc_magnitude,9.58316
IMU,7.29405,acc_magnitude,9.58316
IMU,7.30344,acc_magnitude,9.65901
IMU,7.31349,acc_magnitude,9.65901
IMU,7.3236,acc_magnitude,9.69306
IMU,7.3335,acc_magnitude,9.69306
IMU,7.34347,acc_magnitude,9.588
IMU,7.3535,acc_magnitude,9.588
IMU,7.36419,acc_magnitude,9.588
IMU,7.37345,acc_magnitude,9.588
IMU,7.38346,acc_magnitude,9.70716
IMU,7.39346,acc_magnitude,9.70716
IMU,7.40343,acc_magnitude,9.62605
IMU,7.41345,acc_magnitude,9.62605
IMU,7.42361,acc_magnitude,9.53009
IMU,7.4336,acc_magnitude,9.53009
IMU,7.44359,acc_magnitude,9.65007
IMU,7.45345,acc_magnitude,9.65007
IMU,7.46345,acc_magnitude,9.74101
IMU,7.47345,acc_magnitude,9.74101
IMU,7.48365,acc_magnitude,9.5781
IMU,7.49388,acc_magnitude,9.5781
IMU,7.50393,acc_magnitude,9.54908
IMU,7.51406,acc_magnitude,9.54908
IMU,7.52596,acc_magnitude,9.66902
IMU,7.53544,acc_magnitude,9.66902
IMU,7.54383,acc_magnitude,9.7031
IMU,7.55389,acc_magnitude,9.7031
IMU,7.56389,acc_magnitude,9.58312
IMU,7.57627,acc_magnitude,9.58312
IMU,7.58658,acc_magnitude,9.58312
IMU,7.59465,acc_magnitude,9.58312
IMU,7.60544,acc_magnitude,9.74621
IMU,7.61387,acc_magnitude,9.74621
IMU,7.62421,acc_magnitude,9.72203
IMU,7.63354,acc_magnitude,9.72203
IMU,7.64409,acc_magnitude,9.57808
IMU,7.6536,acc_magnitude,9.57808
IMU,7.66499,acc_magnitude,9.6311
IMU,7.67496,acc_magnitude,9.6311
IMU,7.6861,acc_magnitude,9.7172
IMU,7.69645,acc_magnitude,9.7172
IMU,7.70393,acc_magnitude,9.61607
IMU,7.71451,acc_magnitude,9.61607
IMU,7.72726,acc_magnitude,9.61607
IMU,7.73427,acc_magnitude,9.61607
IMU,7.74517,acc_magnitude,9.63604
IMU,7.75537,acc_magnitude,9.63604
IMU,7.76726,acc_magnitude,9.63604
IMU,7.77482,acc_magnitude,9.63603
IMU,7.78605,acc_magnitude,9.63603
IMU,7.79628,acc_magnitude,9.63603
IMU,7.81179,acc_magnitude,9.60206
IMU,7.82538,acc_magnitude,9.60206
IMU,7.82737,acc_magnitude,9.71207
IMU,7.83664,acc_magnitude,9.71207
IMU,7.84573,acc_magnitude,9.69319
IMU,7.85559,acc_magnitude,9.69319
IMU,7.86427,acc_magnitude,9.67402
IMU,7.87766,acc_magnitude,9.62103
IMU,7.88617,acc_magnitude,9.62103
IMU,7.90541,acc_magnitude,9.62103
IMU,7.91504,acc_magnitude,9.68801
IMU,7.91966,acc_magnitude,9.68801
IMU,7.93313,acc_magnitude,9.64503
IMU,7.9353,acc_magnitude,9.64503
IMU,7.94442,acc_magnitude,9.64503
IMU,7.95988,acc_magnitude,9.64503
IMU,7.96737,acc_magnitude,9.56401
IMU,7.98129,acc_magnitude,9.56401
IMU,7.98423,acc_magnitude,9.66904
IMU,7.99909,acc_magnitude,9.66904
IMU,8.00815,acc_magnitude,9.65914
IMU,8.01506,acc_magnitude,9.65914
IMU,8.02472,acc_magnitude,9.58802
IMU,8.03422,acc_magnitude,9.58802
IMU,8.04626,acc_magnitude,9.63108
IMU,8.05475,acc_magnitude,9.63108
IMU,8.0638,acc_magnitude,9.69812
IMU,8.07393,acc_magnitude,9.69812
IMU,8.08609,acc_magnitude,9.69812
IMU,8.09801,acc_magnitude,9.69812
IMU,8.10438,acc_magnitude,9.61602
IMU,8.11428,acc_magnitude,9.61602
IMU,8.12412,acc_magnitude,9.61602
IMU,8.13375,acc_magnitude,9.61602
IMU,8.14612,acc_magnitude,5.16329
IMU,8.15402,acc_magnitude,5.16329
IMU,8.16386,acc_magnitude,13.9658
IMU,8.17981,acc_magnitude,13.9658
IMU,8.18494,acc_magnitude,13.9658
IMU,8.19402,acc_magnitude,13.9658
IMU,8.20483,acc_magnitude,20.7286
IMU,8.2182,acc_magnitude,20.7286
IMU,8.2249,acc_magnitude,7.45119
IMU,8.23566,acc_magnitude,7.45119
IMU,8.24953,acc_magnitude,10.7476
IMU,8.25927,acc_magnitude,10.7476
IMU,8.26416,acc_magnitude,11.2485
IMU,8.27644,acc_magnitude,11.2485
IMU,8.28777,acc_magnitude,7.63981
IMU,8.2943,acc_magnitude,7.63981
IMU,8.30644,acc_magnitude,6.82328
IMU,8.3148,acc_magnitude,6.82328
IMU,8.32507,acc_magnitude,11.2033
IMU,8.33645,acc_magnitude,11.2033
IMU,8.34677,acc_magnitude,10.3787
IMU,8.35489,acc_magnitude,10.3787
IMU,8.36408,acc_magnitude,10.3787
IMU,8.37365,acc_magnitude,10.3787
IMU,8.38403,acc_magnitude,9.78805
IMU,8.39368,acc_magnitude,9.78805
IMU,8.40518,acc_magnitude,8.9806
IMU,8.4151,acc_magnitude,8.9806
IMU,8.42507,acc_magnitude,8.95582
IMU,8.43516,acc_magnitude,8.95582
IMU,8.44993,acc_magnitude,9.88828
IMU,8.45578,acc_magnitude,9.88828
IMU,8.46363,acc_magnitude,9.88828
IMU,8.47664,acc_magnitude,9.88828
IMU,8.48376,acc_magnitude,7.56512
IMU,8.49537,acc_magnitude,7.56512
IMU,8.50477,acc_magnitude,9.09931
IMU,8.51518,acc_magnitude,9.09931
IMU,8.52596,acc_magnitude,9.30975
IMU,8.5337,acc_magnitude,9.30975
IMU,8.54808,acc_magnitude,10.86
IMU,8.55636,acc_magnitude,10.86
IMU,8.56525,acc_magnitude,9.38878
IMU,8.57521,acc_magnitude,9.38878
IMU,8.58465,acc_magnitude,11.6931
IMU,8.59495,acc_magnitude,11.6931
IMU,8.60381,acc_magnitude,11.6931
IMU,8.61472,acc_magnitude,11.6931
IMU,8.62709,acc_magnitude,9.29657
IMU,8.63473,acc_magnitude,9.29657
IMU,8.6443,acc_magnitude,9.21743
IMU,8.6554,acc_magnitude,9.21743
IMU,8.66437,acc_magnitude,9.19644
IMU,8.67612,acc_magnitude,9.19644
IMU,8.68474,acc_magnitude,8.35241
IMU,8.69772,acc_magnitude,8.35241
IMU,8.70351,acc_magnitude,15.7695
IMU,8.71716,acc_magnitude,15.7695
IMU,8.72479,acc_magnitude,9.84246
IMU,8.73603,acc_magnitude,9.84246
IMU,8.74813,acc_magnitude,7.4717
IMU,8.75363,acc_magnitude,7.4717
IMU,8.76469,acc_magnitude,7.4717
IMU,8.77546,acc_magnitude,7.4717
IMU,8.78616,acc_magnitude,13.0508
IMU,8.79735,acc_magnitude,13.0508
IMU,8.80728,acc_magnitude,14.8878
IMU,8.81553,acc_magnitude,14.8878
IMU,8.82433,acc_magnitude,14.8878
IMU,8.83575,acc_magnitude,9.94911
IMU,8.84369,acc_magnitude,9.94911
IMU,8.85512,acc_magnitude,7.45712
IMU,8.86361,acc_magnitude,10.8273
IMU,8.87396,acc_magnitude,10.8273
IMU,8.88404,acc_magnitude,6.92826
IMU,8.89472,acc_magnitude,6.92826
IMU,8.90495,acc_magnitude,7.41673
IMU,8.91678,acc_magnitude,7.41673
IMU,8.92537,acc_magnitude,7.41673
IMU,8.93706,acc_magnitude,7.41673
IMU,8.95049,acc_magnitude,8.17216
IMU,8.95422,acc_magnitude,8.17216
IMU,8.96485,acc_magnitude,10.4973
IMU,8.97379,acc_magnitude,10.4973
IMU,8.98471,acc_magnitude,11.8875
IMU,8.99852,acc_magnitude,11.8875
IMU,9.00458,acc_magnitude,9.37702
IMU,9.0153,acc_magnitude,9.37702
IMU,9.02454,acc_magnitude,7.18639
IMU,9.03425,acc_magnitude,7.18639
IMU,9.05529,acc_magnitude,11.27
IMU,9.05529,acc_magnitude,11.27
IMU,9.06412,acc_magnitude,10.795
IMU,9.07518,acc_magnitude,10.795
IMU,9.0875,acc_magnitude,10.795
IMU,9.09787,acc_magnitude,10.795
IMU,9.10707,acc_magnitude,12.571
IMU,9.11484,acc_magnitude,12.571
IMU,9.1236,acc_magnitude,9.16658
IMU,9.13494,acc_magnitude,9.16658
IMU,9.14804,acc_magnitude,9.95211
IMU,9.15437,acc_magnitude,9.95211
IMU,9.16431,acc_magnitude,9.91617
IMU,9.17576,acc_magnitude,9.91617
IMU,9.18532,acc_magnitude,10.4235
IMU,9.19408,acc_magnitude,10.4235
IMU,9.20426,acc_magnitude,7.86512
IMU,9.21612,acc_magnitude,7.86512
IMU,9.22487,acc_magnitude,12.6046
IMU,9.23689,acc_magnitude,12.6046
IMU,9.24611,acc_magnitude,12.6046
IMU,9.25396,acc_magnitude,12.6046
IMU,9.26731,acc_magnitude,14.0096
IMU,9.27769,acc_magnitude,14.0096
IMU,9.28564,acc_magnitude,7.78247
IMU,9.2938,acc_magnitude,7.78247
IMU,9.3076,acc_magnitude,7.78247
IMU,9.31536,acc_magnitude,10.8665
IMU,9.32478,acc_magnitude,10.8665
IMU,9.33447,acc_magnitude,6.27722
IMU,9.34504,acc_magnitude,7.6375
IMU,9.35471,acc_magnitude,7.6375
IMU,9.36616,acc_magnitude,8.57854
IMU,9.37842,acc_magnitude,8.57854
IMU,9.38812,acc_magnitude,10.9715
IMU,9.39444,acc_magnitude,10.9715
IMU,9.40417,acc_magnitude,10.9715
IMU,9.41806,acc_magnitude,10.9715
IMU,9.4272,acc_magnitude,9.54462
IMU,9.44235,acc_magnitude,9.27833
IMU,9.44644,acc_magnitude,9.27833
IMU,9.45541,acc_magnitude,9.27833
IMU,9.46509,acc_magnitude,3.61429
IMU,9.4766,acc_magnitude,3.61429
IMU,9.48872,acc_magnitude,11.0038
IMU,9.49771,acc_magnitude,7.34235
IMU,9.50361,acc_magnitude,7.34235
IMU,9.51527,acc_magnitude,7.34235
IMU,9.52542,acc_magnitude,11.1792
IMU,9.53941,acc_magnitude,11.1792
IMU,9.54585,acc_magnitude,12.5812
IMU,9.55645,acc_magnitude,12.5812
IMU,9.56438,acc_magnitude,12.5812
IMU,9.57812,acc_magnitude,12.5812
IMU,9.58448,acc_magnitude,10.0597
IMU,9.59743,acc_magnitude,10.0597
IMU,9.60674,acc_magnitude,8.41638
IMU,9.61463,acc_magnitude,8.41638
IMU,9.62406,acc_magnitude,9.32241
IMU,9.63616,acc_magnitude,9.32241
IMU,9.64609,acc_magnitude,8.91683
IMU,9.65381,acc_magnitude,8.91683
IMU,9.66474,acc_magnitude,10.6337
IMU,9.67675,acc_magnitude,10.3948
IMU,9.68399,acc_magnitude,10.3948
IMU,9.69468,acc_magnitude,10.3948
IMU,9.70783,acc_magnitude,9.72073
IMU,9.7152,acc_magnitude,9.72073
IMU,9.72413,acc_magnitude,9.72073
IMU,9.73463,acc_magnitude,9.72073
IMU,9.74516,acc_magnitude,9.63419
IMU,9.75505,acc_magnitude,9.63419
IMU,9.7654,acc_magnitude,10.1227
IMU,9.77469,acc_magnitude,10.1227
IMU,9.7837,acc_magnitude,13.6601
IMU,9.7952,acc_magnitude,13.6601
IMU,9.80797,acc_magnitude,11.1496
IMU,9.81448,acc_magnitude,11.1496
IMU,9.82448,acc_magnitude,10.1951
IMU,9.83398,acc_magnitude,10.1951
IMU,9.84797,acc_magnitude,5.72574
IMU,9.8575,acc_magnitude,5.72574
IMU,9.86767,acc_magnitude,8.4646
IMU,9.87504,acc_magnitude,8.4646
IMU,9.88535,acc_magnitude,8.4646
IMU,9.90051,acc_magnitude,8.4646
IMU,9.90601,acc_magnitude,10.2601
IMU,9.91617,acc_magnitude,10.2601
IMU,9.92369,acc_magnitude,12.2827
IMU,9.93588,acc_magnitude,12.2827
IMU,9.94447,acc_magnitude,10.5531
IMU,9.95711,acc_magnitude,10.5531
IMU,9.96606,acc_magnitude,9.63072
IMU,9.97494,acc_magnitude,9.63072
IMU,9.98456,acc_magnitude,9.82472
IMU,10.0012,acc_magnitude,9.82472
IMU,10.0045,acc_magnitude,7.19966
IMU,10.0142,acc_magnitude,7.19966
IMU,10.0246,acc_magnitude,7.19966
IMU,10.0345,acc_magnitude,7.19966
IMU,10.044,acc_magnitude,9.2297
IMU,10.0542,acc_magnitude,9.2297
IMU,10.0651,acc_magnitude,9.95433
IMU,10.0748,acc_magnitude,9.95433
IMU,10.0841,acc_magnitude,10.5746
IMU,10.1008,acc_magnitude,10.5746
IMU,10.1051,acc_magnitude,10.5746
IMU,10.1213,acc_magnitude,8.42711
IMU,10.1267,acc_magnitude,8.42711
IMU,10.134,acc_magnitude,10.0832
IMU,10.1436,acc_magnitude,10.0832
IMU,10.1569,acc_magnitude,8.60492
IMU,10.167,acc_magnitude,8.60492
IMU,10.1745,acc_magnitude,8.51313
IMU,10.1838,acc_magnitude,8.51313
IMU,10.1939,acc_magnitude,8.51313
IMU,10.2086,acc_magnitude,8.51313
IMU,10.2162,acc_magnitude,7.89577
IMU,10.23,acc_magnitude,7.89577
IMU,10.2338,acc_magnitude,11.5708
IMU,10.2456,acc_magnitude,11.3856
IMU,10.2569,acc_magnitude,11.3856
IMU,10.2681,acc_magnitude,11.3856
IMU,10.2739,acc_magnitude,11.3856
IMU,10.2849,acc_magnitude,8.84668
IMU,10.2959,acc_magnitude,8.84668
IMU,10.3047,acc_magnitude,4.79019
IMU,10.3168,acc_magnitude,4.79019
IMU,10.3239,acc_magnitude,11.4427
IMU,10.3384,acc_magnitude,11.4427
IMU,10.3471,acc_magnitude,8.9531
IMU,10.3538,acc_magnitude,8.9531
IMU,10.3651,acc_magnitude,5.72398
IMU,10.3749,acc_magnitude,5.72398
IMU,10.3853,acc_magnitude,9.81377
IMU,10.3968,acc_magnitude,9.81377
IMU,10.4037,acc_magnitude,9.81377
IMU,10.4138,acc_magnitude,9.81377
IMU,10.4257,acc_magnitude,9.6705
IMU,10.4338,acc_magnitude,9.6705
IMU,10.4476,acc_magnitude,9.64069
IMU,10.4547,acc_magnitude,9.64069
IMU,10.4652,acc_magnitude,8.40536
IMU,10.4759,acc_magnitude,8.40536
IMU,10.4851,acc_magnitude,10.0987
IMU,10.4948,acc_magnitude,10.0987
IMU,10.5044,acc_magnitude,9.43844
IMU,10.5171,acc_magnitude,9.43844
IMU,10.5267,acc_magnitude,9.43844
IMU,10.5342,acc_magnitude,9.43844
IMU,10.5453,acc_magnitude,8.80767
IMU,10.5541,acc_magnitude,8.80767
IMU,10.5655,acc_magnitude,12.0713
IMU,10.5753,acc_magnitude,12.0713
IMU,10.5842,acc_magnitude,10.099
IMU,10.597,acc_magnitude,10.099
IMU,10.6045,acc_magnitude,17.3829
IMU,10.615,acc_magnitude,17.3829
IMU,10.6238,acc_magnitude,14.5201
IMU,10.6342,acc_magnitude,14.5201
IMU,10.6445,acc_magnitude,13.9752
IMU,10.6564,acc_magnitude,13.9752
IMU,10.6643,acc_magnitude,8.99591
IMU,10.6737,acc_magnitude,8.99591
IMU,10.6848,acc_magnitude,12.543
IMU,10.6959,acc_magnitude,12.543
IMU,10.7036,acc_magnitude,10.2217
IMU,10.716,acc_magnitude,8.76993
IMU,10.7249,acc_magnitude,8.76993
IMU,10.7348,acc_magnitude,8.76993
IMU,10.7452,acc_magnitude,8.76993
IMU,10.7552,acc_magnitude,8.76993
IMU,10.7675,acc_magnitude,8.98215
IMU,10.7748,acc_magnitude,8.98215
IMU,10.7858,acc_magnitude,9.86165
IMU,10.7943,acc_magnitude,9.86165
IMU,10.8059,acc_magnitude,11.2475
IMU,10.8176,acc_magnitude,11.2475
IMU,10.827,acc_magnitude,7.51681
IMU,10.8354,acc_magnitude,7.51681
IMU,10.8449,acc_magnitude,8.55005
IMU,10.867,acc_magnitude,8.55005
IMU,10.8761,acc_magnitude,8.55005
IMU,10.884,acc_magnitude,10.4471
IMU,10.8973,acc_magnitude,10.4471
IMU,10.9047,acc_magnitude,11.1448
IMU,10.922,acc_magnitude,11.1448
IMU,10.9265,acc_magnitude,13.01
IMU,10.941,acc_magnitude,13.01
IMU,10.9452,acc_magnitude,11.5181
IMU,10.955,acc_magnitude,11.5181
IMU,10.9654,acc_magnitude,14.0403
IMU,10.9755,acc_magnitude,14.0403
IMU,10.9854,acc_magnitude,6.82381
IMU,11,acc_magnitude,6.82381
IMU,11.0049,acc_magnitude,10.0883
IMU,11.0181,acc_magnitude,10.0883
IMU,11.0261,acc_magnitude,10.4523
IMU,11.0337,acc_magnitude,10.4523
IMU,11.0455,acc_magnitude,10.2681
IMU,11.0538,acc_magnitude,10.2681
IMU,11.065,acc_magnitude,5.68479
IMU,11.076,acc_magnitude,5.68479
IMU,11.087,acc_magnitude,12.844
IMU,11.095,acc_magnitude,12.844
IMU,11.1102,acc_magnitude,12.844
IMU,11.1149,acc_magnitude,12.844
IMU,11.1256,acc_magnitude,5.14774
IMU,11.1343,acc_magnitude,5.14774
IMU,11.1456,acc_magnitude,6.51079
IMU,11.1541,acc_magnitude,6.51079
IMU,11.1704,acc_magnitude,9.59135
IMU,11.174,acc_magnitude,9.59135
IMU,11.1843,acc_magnitude,13.5992
IMU,11.198,acc_magnitude,13.5992
IMU,11.2053,acc_magnitude,9.74315
IMU,11.214,acc_magnitude,9.74315
IMU,11.224,acc_magnitude,10.4613
IMU,11.234,acc_magnitude,10.4613
IMU,11.2482,acc_magnitude,9.02395
IMU,11.2543,acc_magnitude,9.02395
IMU,11.2638,acc_magnitude,9.02395
IMU,11.2767,acc_magnitude,9.02395
IMU,11.2848,acc_magnitude,8.67746
IMU,11.298,acc_magnitude,8.67746
IMU,11.3101,acc_magnitude,9.34187
IMU,11.3218,acc_magnitude,9.34187
IMU,11.335,acc_magnitude,8.57759
IMU,11.3439,acc_magnitude,10.9592
IMU,11.3568,acc_magnitude,10.9592
IMU,11.3703,acc_magnitude,9.04045
IMU,11.3838,acc_magnitude,10.7685
IMU,11.3843,acc_magnitude,10.7685
IMU,11.3942,acc_magnitude,10.7685
IMU,11.4055,acc_magnitude,8.50412
IMU,11.4164,acc_magnitude,8.50412
IMU,11.4237,acc_magnitude,7.53659
IMU,11.4343,acc_magnitude,7.53659
IMU,11.4458,acc_magnitude,7.53659
IMU,11.4544,acc_magnitude,7.53659
IMU,11.464,acc_magnitude,9.46916
IMU,11.4772,acc_magnitude,9.46916
IMU,11.4901,acc_magnitude,14.4064
IMU,11.4964,acc_magnitude,14.4064
IMU,11.5054,acc_magnitude,13.4864
IMU,11.5161,acc_magnitude,13.4864
IMU,11.5246,acc_magnitude,10.5334
IMU,11.5354,acc_magnitude,10.5334
IMU,11.5454,acc_magnitude,6.72114
IMU,11.5605,acc_magnitude,6.72114
IMU,11.5706,acc_magnitude,14.6803
IMU,11.5744,acc_magnitude,14.6803
IMU,11.5862,acc_magnitude,5.98664
IMU,11.6014,acc_magnitude,5.98664
IMU,11.6041,acc_magnitude,11.8497
IMU,11.6171,acc_magnitude,11.8497
IMU,11.6251,acc_magnitude,12.1713
IMU,11.6346,acc_magnitude,12.1713
IMU,11.6446,acc_magnitude,9.76883
IMU,11.6575,acc_magnitude,9.76883
IMU,11.664,acc_magnitude,9.2427
IMU,11.6822,acc_magnitude,9.2427
IMU,11.6868,acc_magnitude,10.0027
IMU,11.6965,acc_magnitude,10.0027
IMU,11.7063,acc_magnitude,9.18433
IMU,11.715,acc_magnitude,9.18433
IMU,11.7306,acc_magnitude,9.67547
IMU,11.7342,acc_magnitude,9.67547
IMU,11.7452,acc_magnitude,10.6813
IMU,11.757,acc_magnitude,10.6813
IMU,11.7637,acc_magnitude,8.47125
IMU,11.7739,acc_magnitude,8.47125
IMU,11.7843,acc_magnitude,10.2949
IMU,11.7956,acc_magnitude,10.2949
IMU,11.804,acc_magnitude,11.1638
IMU,11.816,acc_magnitude,11.1638
IMU,11.8243,acc_magnitude,11.1638
IMU,11.8339,acc_magnitude,6.13939
IMU,11.844,acc_magnitude,6.13939
IMU,11.857,acc_magnitude,6.13939
IMU,11.8658,acc_magnitude,6.87912
IMU,11.8752,acc_magnitude,6.87912
IMU,11.8843,acc_magnitude,13.8521
IMU,11.8974,acc_magnitude,13.8521
IMU,11.9038,acc_magnitude,8.57217
IMU,11.915,acc_magnitude,8.57217
IMU,11.926,acc_magnitude,10.247
IMU,11.9366,acc_magnitude,10.247
IMU,11.9453,acc_magnitude,10.9924
IMU,11.9556,acc_magnitude,9.80225
IMU,11.9653,acc_magnitude,9.80225
IMU,11.979,acc_magnitude,9.80225
IMU,11.9846,acc_magnitude,9.80225
IMU,11.9953,acc_magnitude,10.0588
IMU,12.0063,acc_magnitude,8.27162
IMU,12.0161,acc_magnitude,8.27162
IMU,12.0314,acc_magnitude,10.1076
IMU,12.0342,acc_magnitude,10.1076
IMU,12.0453,acc_magnitude,10.1076
IMU,12.054,acc_magnitude,10.1076
IMU,12.065,acc_magnitude,9.15951
IMU,12.0764,acc_magnitude,9.15951
IMU,12.0845,acc_magnitude,5.76926
IMU,12.0972,acc_magnitude,5.76926
IMU,12.104,acc_magnitude,9.26111
IMU,12.1137,acc_magnitude,9.26111
IMU,12.1265,acc_magnitude,14.3402
IMU,12.1359,acc_magnitude,14.3402
IMU,12.1442,acc_magnitude,12.8696
IMU,12.1552,acc_magnitude,12.8696
IMU,12.1666,acc_magnitude,12.8696
IMU,12.1806,acc_magnitude,12.8696
IMU,12.1841,acc_magnitude,9.16164
IMU,12.1949,acc_magnitude,9.16164
IMU,12.205,acc_magnitude,10.2948
IMU,12.2176,acc_magnitude,10.2948
IMU,12.2263,acc_magnitude,10.0105
IMU,12.2353,acc_magnitude,10.0105
IMU,12.2454,acc_magnitude,12.2948
IMU,12.2562,acc_magnitude,12.2948
IMU,12.2675,acc_magnitude,7.39316
IMU,12.2747,acc_magnitude,7.39316
IMU,12.2904,acc_magnitude,10.9077
IMU,12.2975,acc_magnitude,10.9077
IMU,12.3057,acc_magnitude,9.98001
IMU,12.3168,acc_magnitude,9.98001
IMU,12.325,acc_magnitude,10.099
IMU,12.3376,acc_magnitude,10.099
IMU,12.3475,acc_magnitude,10.099
IMU,12.3541,acc_magnitude,10.099
IMU,12.3654,acc_magnitude,10.4595
IMU,12.3745,acc_magnitude,10.4595
IMU,12.3845,acc_magnitude,12.8182
IMU,12.3949,acc_magnitude,12.8182
IMU,12.405,acc_magnitude,6.53271
IMU,12.4249,acc_magnitude,9.42721
IMU,12.4349,acc_magnitude,9.42721
IMU,12.4351,acc_magnitude,9.42721
IMU,12.4441,acc_magnitude,11.4638
IMU,12.4549,acc_magnitude,11.4638
IMU,12.4656,acc_magnitude,6.74156
IMU,12.4762,acc_magnitude,6.74156
IMU,12.4844,acc_magnitude,13.0534
IMU,12.4948,acc_magnitude,11.3293
IMU,12.505,acc_magnitude,11.3293
IMU,12.5157,acc_magnitude,11.3293
IMU,12.5253,acc_magnitude,9.48294
IMU,12.5342,acc_magnitude,9.48294
IMU,12.5478,acc_magnitude,10.4748
IMU,12.5618,acc_magnitude,10.4748
IMU,12.5698,acc_magnitude,10.4748
IMU,12.5782,acc_magnitude,10.4748
IMU,12.5864,acc_magnitude,8.79275
IMU,12.5982,acc_magnitude,8.79275
IMU,12.6055,acc_magnitude,9.7171
IMU,12.6261,acc_magnitude,9.7171
IMU,12.6293,acc_magnitude,10.5684
IMU,12.6375,acc_magnitude,7.91986
IMU,12.651,acc_magnitude,7.91986
IMU,12.6608,acc_magnitude,7.91986
IMU,12.6637,acc_magnitude,6.81286
IMU,12.6771,acc_magnitude,6.81286
IMU,12.686,acc_magnitude,10.7905
IMU,12.698,acc_magnitude,10.7905
IMU,12.7068,acc_magnitude,8.70212
IMU,12.7171,acc_magnitude,8.70212
IMU,12.7297,acc_magnitude,8.70212
IMU,12.74,acc_magnitude,8.70212
IMU,12.7532,acc_magnitude,10.1382
IMU,12.7572,acc_magnitude,6.9725
IMU,12.7694,acc_magnitude,6.9725
IMU,12.7788,acc_magnitude,6.9725
IMU,12.7863,acc_magnitude,9.85367
IMU,12.7978,acc_magnitude,9.85367
IMU,12.8114,acc_magnitude,11.2916
IMU,12.8347,acc_magnitude,8.71375
IMU,12.837,acc_magnitude,8.71375
IMU,12.8506,acc_magnitude,8.71375
IMU,12.8583,acc_magnitude,8.71375
IMU,12.8708,acc_magnitude,6.53335
IMU,12.8761,acc_magnitude,6.53335
IMU,12.8868,acc_magnitude,6.53335
IMU,12.9026,acc_magnitude,6.53335
IMU,12.9062,acc_magnitude,12.7491
IMU,12.9135,acc_magnitude,12.7491
IMU,12.9261,acc_magnitude,9.27849
IMU,12.9352,acc_magnitude,9.27849
IMU,12.9456,acc_magnitude,8.10317
IMU,12.9603,acc_magnitude,8.10317
IMU,12.971,acc_magnitude,9.07092
IMU,12.9827,acc_magnitude,9.07092
IMU,12.9843,acc_magnitude,11.26
IMU,13.002,acc_magnitude,11.26
IMU,13.0211,acc_magnitude,9.46396
IMU,13.0223,acc_magnitude,9.46396
IMU,13.026,acc_magnitude,9.46396
IMU,13.0344,acc_magnitude,9.46396
IMU,13.0467,acc_magnitude,10.0584
IMU,13.0561,acc_magnitude,10.0584
IMU,13.0652,acc_magnitude,12.5192
IMU,13.0765,acc_magnitude,12.5192
IMU,13.0904,acc_magnitude,9.7966
IMU,13.0959,acc_magnitude,9.7966
IMU,13.1046,acc_magnitude,14.3397
IMU,13.1144,acc_magnitude,14.3397
IMU,13.1261,acc_magnitude,10.9968
IMU,13.1352,acc_magnitude,10.9968
IMU,13.145,acc_magnitude,10.9968
IMU,13.1543,acc_magnitude,10.9968
IMU,13.166,acc_magnitude,9.11485
IMU,13.1751,acc_magnitude,9.11485
IMU,13.1838,acc_magnitude,11.3603
IMU,13.1949,acc_magnitude,11.3603
IMU,13.2114,acc_magnitude,6.52268
IMU,13.227,acc_magnitude,9.07399
IMU,13.2401,acc_magnitude,8.17
IMU,13.2461,acc_magnitude,8.17
IMU,13.2652,acc_magnitude,8.33704
IMU,13.2673,acc_magnitude,8.33704
IMU,13.2744,acc_magnitude,8.33704
IMU,13.2845,acc_magnitude,9.15719
IMU,13.2938,acc_magnitude,9.15719
IMU,13.3045,acc_magnitude,10.3098
IMU,13.3163,acc_magnitude,8.97547
IMU,13.3238,acc_magnitude,8.97547
IMU,13.3344,acc_magnitude,8.97547
IMU,13.3439,acc_magnitude,9.87822
IMU,13.3551,acc_magnitude,9.87822
IMU,13.3635,acc_magnitude,9.87822
IMU,13.3751,acc_magnitude,9.87822
IMU,13.3943,acc_magnitude,10.7905
IMU,13.4004,acc_magnitude,10.7905
IMU,13.4144,acc_magnitude,9.26248
IMU,13.4241,acc_magnitude,9.26248
IMU,13.4356,acc_magnitude,13.8278
IMU,13.4358,acc_magnitude,13.8278
IMU,13.445,acc_magnitude,7.81466
IMU,13.4584,acc_magnitude,7.81466
IMU,13.4647,acc_magnitude,7.44578
IMU,13.4746,acc_magnitude,7.44578
IMU,13.4847,acc_magnitude,9.15088
IMU,13.499,acc_magnitude,9.15088
IMU,13.5049,acc_magnitude,10.1352
IMU,13.5201,acc_magnitude,10.0626
IMU,13.529,acc_magnitude,10.0626
IMU,13.5358,acc_magnitude,10.4303
IMU,13.5444,acc_magnitude,10.4303
IMU,13.5564,acc_magnitude,7.47072
IMU,13.5645,acc_magnitude,7.47072
IMU,13.5761,acc_magnitude,15.2377
IMU,13.5876,acc_magnitude,15.2377
IMU,13.5935,acc_magnitude,15.2377
IMU,13.6119,acc_magnitude,10.1892
IMU,13.6346,acc_magnitude,8.06746
IMU,13.644,acc_magnitude,9.14364
IMU,13.6587,acc_magnitude,9.14364
IMU,13.6648,acc_magnitude,9.14364
IMU,13.6755,acc_magnitude,9.14364
IMU,13.6874,acc_magnitude,11.1734
IMU,13.6985,acc_magnitude,11.1734
IMU,13.7053,acc_magnitude,10.707
IMU,13.7165,acc_magnitude,10.707
IMU,13.7277,acc_magnitude,11.0295
IMU,13.7339,acc_magnitude,11.0295
IMU,13.745,acc_magnitude,7.05652
IMU,13.7647,acc_magnitude,9.21155
IMU,13.7648,acc_magnitude,9.21155
IMU,13.7824,acc_magnitude,9.21155
IMU,13.7929,acc_magnitude,9.21155
IMU,13.7955,acc_magnitude,9.21155
IMU,13.8063,acc_magnitude,5.8758
IMU,13.8184,acc_magnitude,5.8758
IMU,13.8316,acc_magnitude,9.90634
IMU,13.8388,acc_magnitude,9.90634
IMU,13.8473,acc_magnitude,10.5773
IMU,13.8561,acc_magnitude,10.5773
IMU,13.8637,acc_magnitude,12.8563
IMU,13.8748,acc_magnitude,12.8563
IMU,13.8911,acc_magnitude,9.41288
IMU,13.8951,acc_magnitude,9.41288
IMU,13.9049,acc_magnitude,8.19414
IMU,13.9155,acc_magnitude,7.93408
IMU,13.927,acc_magnitude,7.93408
IMU,13.9343,acc_magnitude,7.93408
IMU,13.953,acc_magnitude,11.7923
IMU,13.9641,acc_magnitude,11.3575
IMU,13.9675,acc_magnitude,11.3575
IMU,13.9773,acc_magnitude,11.3575
IMU,13.9838,acc_magnitude,6.43282
IMU,13.9944,acc_magnitude,6.43282
IMU,14.0063,acc_magnitude,6.43282
IMU,14.0149,acc_magnitude,9.9261
IMU,14.035,acc_magnitude,9.9261
IMU,14.0351,acc_magnitude,9.9261
IMU,14.0458,acc_magnitude,10.0498
IMU,14.0548,acc_magnitude,10.0498
IMU,14.0643,acc_magnitude,12.7246
IMU,14.0752,acc_magnitude,12.7246
IMU,14.088,acc_magnitude,10.8171
IMU,14.0947,acc_magnitude,10.8171
IMU,14.1043,acc_magnitude,8.33006
IMU,14.1144,acc_magnitude,8.33006
IMU,14.1242,acc_magnitude,9.09048
IMU,14.1367,acc_magnitude,8.50598
IMU,14.1444,acc_magnitude,8.50598
IMU,14.1548,acc_magnitude,8.50598
IMU,14.1636,acc_magnitude,7.59571
IMU,14.1758,acc_magnitude,7.59571
IMU,14.1855,acc_magnitude,9.52672
IMU,14.1964,acc_magnitude,9.52672
IMU,14.2078,acc_magnitude,7.96245
IMU,14.2163,acc_magnitude,7.96245
IMU,14.225,acc_magnitude,4.14769
IMU,14.2396,acc_magnitude,4.14769
IMU,14.2457,acc_magnitude,10.4432
IMU,14.2538,acc_magnitude,10.4432
IMU,14.2639,acc_magnitude,9.97535
IMU,14.2758,acc_magnitude,9.97535
IMU,14.2837,acc_magnitude,8.28304
IMU,14.3034,acc_magnitude,8.28304
IMU,14.3058,acc_magnitude,3.69045
IMU,14.3158,acc_magnitude,3.69045
IMU,14.3261,acc_magnitude,3.69045
IMU,14.3351,acc_magnitude,3.69045
IMU,14.3441,acc_magnitude,17.2912
IMU,14.3557,acc_magnitude,17.2912
IMU,14.3644,acc_magnitude,11.196
IMU,14.376,acc_magnitude,8.69889
IMU,14.3854,acc_magnitude,8.69889
IMU,14.3971,acc_magnitude,8.69889
IMU,14.4048,acc_magnitude,10.0642
IMU,14.4158,acc_magnitude,10.0642
IMU,14.4269,acc_magnitude,7.71164
IMU,14.4346,acc_magnitude,7.71164
IMU,14.4502,acc_magnitude,12.0187
IMU,14.4548,acc_magnitude,12.0187
IMU,14.469,acc_magnitude,8.19358
IMU,14.4757,acc_magnitude,8.19358
IMU,14.4869,acc_magnitude,12.2587
IMU,14.4942,acc_magnitude,12.2587
IMU,14.5036,acc_magnitude,10.9803
IMU,14.5157,acc_magnitude,10.9803
IMU,14.5243,acc_magnitude,12.0356
IMU,14.534,acc_magnitude,12.0356
IMU,14.546,acc_magnitude,9.50602
IMU,14.5538,acc_magnitude,9.50602
IMU,14.5637,acc_magnitude,8.41722
IMU,14.5739,acc_magnitude,10.1822
IMU,14.584,acc_magnitude,10.1822
IMU,14.5951,acc_magnitude,10.1822
IMU,14.6098,acc_magnitude,6.95765
IMU,14.6142,acc_magnitude,6.95765
IMU,14.6238,acc_magnitude,6.95765
IMU,14.6366,acc_magnitude,6.95765
IMU,14.6504,acc_magnitude,10.2574
IMU,14.6566,acc_magnitude,10.2574
IMU,14.6675,acc_magnitude,10.2574
IMU,14.6826,acc_magnitude,9.17824
IMU,14.6852,acc_magnitude,9.17824
IMU,14.7016,acc_magnitude,12.2889
IMU,14.7145,acc_magnitude,12.2889
IMU,14.7216,acc_magnitude,9.50584
IMU,14.7307,acc_magnitude,9.50584
IMU,14.7382,acc_magnitude,9.25684
IMU,14.7455,acc_magnitude,9.25684
IMU,14.7553,acc_magnitude,9.25684
IMU,14.7662,acc_magnitude,7.7665
IMU,14.7748,acc_magnitude,7.7665
IMU,14.7838,acc_magnitude,7.67641
IMU,14.7941,acc_magnitude,7.67641
IMU,14.8042,acc_magnitude,9.92374
IMU,14.8159,acc_magnitude,10.2846
IMU,14.8239,acc_magnitude,10.2846
IMU,14.8337,acc_magnitude,10.2846
IMU,14.844,acc_magnitude,12.7842
IMU,14.8555,acc_magnitude,12.7842
IMU,14.8662,acc_magnitude,10.2063
IMU,14.8742,acc_magnitude,10.2063
IMU,14.8846,acc_magnitude,9.13497
IMU,14.8939,acc_magnitude,9.13497
IMU,14.9054,acc_magnitude,9.13497
IMU,14.915,acc_magnitude,9.37125
IMU,14.9234,acc_magnitude,9.37125
IMU,14.9336,acc_magnitude,9.37125
IMU,14.9448,acc_magnitude,8.37623
IMU,14.955,acc_magnitude,8.37623
IMU,14.9653,acc_magnitude,9.92771
IMU,14.9734,acc_magnitude,9.92771
IMU,14.9836,acc_magnitude,8.79774
IMU,14.9939,acc_magnitude,8.79774
IMU,15.0088,acc_magnitude,11.6568
IMU,15.0156,acc_magnitude,11.6568
IMU,15.0235,acc_magnitude,8.62876
IMU,15.0338,acc_magnitude,8.62876
IMU,15.0436,acc_magnitude,6.88845
IMU,15.0555,acc_magnitude,6.88845
IMU,15.0675,acc_magnitude,10.0934
IMU,15.0734,acc_magnitude,10.0934
IMU,15.084,acc_magnitude,9.56069
IMU,15.0936,acc_magnitude,9.56069
IMU,15.106,acc_magnitude,9.88254
IMU,15.1157,acc_magnitude,9.88254
IMU,15.1235,acc_magnitude,10.4929
IMU,15.1335,acc_magnitude,10.4929
IMU,15.1436,acc_magnitude,9.72096
IMU,15.1574,acc_magnitude,9.72096
IMU,15.1634,acc_magnitude,8.51633
IMU,15.175,acc_magnitude,8.51633
IMU,15.1836,acc_magnitude,8.51633
IMU,15.1942,acc_magnitude,5.73402
IMU,15.2046,acc_magnitude,5.73402
IMU,15.2152,acc_magnitude,5.73402
IMU,15.2234,acc_magnitude,5.73402
IMU,15.2336,acc_magnitude,8.45536
IMU,15.2436,acc_magnitude,16.019
IMU,15.2559,acc_magnitude,16.019
IMU,15.2636,acc_magnitude,8.95578
IMU,15.2737,acc_magnitude,8.95578
IMU,15.2846,acc_magnitude,8.84527
IMU,15.2953,acc_magnitude,8.84527
IMU,15.3044,acc_magnitude,6.79372
IMU,15.3136,acc_magnitude,6.79372
IMU,15.3237,acc_magnitude,11.1352
IMU,15.3335,acc_magnitude,11.1352
IMU,15.3439,acc_magnitude,9.3354
IMU,15.3562,acc_magnitude,9.3354
IMU,15.3636,acc_magnitude,6.33262
IMU,15.3746,acc_magnitude,6.33262
IMU,15.3838,acc_magnitude,10.383
IMU,15.3946,acc_magnitude,10.383
IMU,15.4047,acc_magnitude,9.1984
IMU,15.4143,acc_magnitude,9.1984
IMU,15.4235,acc_magnitude,9.1599
IMU,15.4341,acc_magnitude,9.1599
IMU,15.4438,acc_magnitude,9.3434
IMU,15.4544,acc_magnitude,9.3434
IMU,15.4638,acc_magnitude,9.3434
IMU,15.4807,acc_magnitude,9.3434
IMU,15.4881,acc_magnitude,9.29358
IMU,15.4977,acc_magnitude,8.01036
IMU,15.5047,acc_magnitude,8.01036
IMU,15.5148,acc_magnitude,8.01036
IMU,15.5239,acc_magnitude,8.40539
IMU,15.5347,acc_magnitude,8.40539
IMU,15.5451,acc_magnitude,7.4986
IMU,15.5539,acc_magnitude,7.4986
IMU,15.5656,acc_magnitude,10.8793
IMU,15.5748,acc_magnitude,10.8793
IMU,15.5863,acc_magnitude,8.66696
IMU,15.5994,acc_magnitude,8.66696
IMU,15.6053,acc_magnitude,6.90638
IMU,15.6145,acc_magnitude,6.90638
IMU,15.6305,acc_magnitude,10.0307
IMU,15.6378,acc_magnitude,10.0307
IMU,15.6459,acc_magnitude,9.86632
IMU,15.654,acc_magnitude,9.86632
IMU,15.6661,acc_magnitude,11.2351
IMU,15.6775,acc_magnitude,11.2351
IMU,15.6837,acc_magnitude,10.601
IMU,15.6976,acc_magnitude,10.601
IMU,15.705,acc_magnitude,8.91245
IMU,15.7159,acc_magnitude,8.91245
IMU,15.7283,acc_magnitude,9.09453
IMU,15.738,acc_magnitude,9.09453
IMU,15.7436,acc_magnitude,10.3928
IMU,15.7562,acc_magnitude,10.3928
IMU,15.7643,acc_magnitude,9.16907
IMU,15.7827,acc_magnitude,9.16907
IMU,15.7841,acc_magnitude,9.16907
IMU,15.7939,acc_magnitude,9.16907
IMU,15.8041,acc_magnitude,9.59386
IMU,15.8162,acc_magnitude,9.59386
IMU,15.8256,acc_magnitude,9.6215
IMU,15.835,acc_magnitude,9.6215
IMU,15.8437,acc_magnitude,9.42044
IMU,15.8539,acc_magnitude,9.42044
IMU,15.8649,acc_magnitude,9.81756
IMU,15.8745,acc_magnitude,9.81756
IMU,15.8838,acc_magnitude,9.55942
IMU,15.8938,acc_magnitude,9.55942
IMU,15.9056,acc_magnitude,9.81349
IMU,15.917,acc_magnitude,9.81349
IMU,15.9239,acc_magnitude,9.50142
IMU,15.9382,acc_magnitude,4.62754
IMU,15.9462,acc_magnitude,4.62754
IMU,15.9538,acc_magnitude,4.62754
IMU,15.9696,acc_magnitude,4.62754
IMU,15.9751,acc_magnitude,4.62754
IMU,15.9842,acc_magnitude,14.8245
IMU,15.9943,acc_magnitude,14.8245
IMU,16.0037,acc_magnitude,11.1529
IMU,16.0139,acc_magnitude,11.1529
IMU,16.0248,acc_magnitude,6.38929
IMU,16.035,acc_magnitude,6.38929
IMU,16.0447,acc_magnitude,7.16461
IMU,16.0539,acc_magnitude,7.16461
IMU,16.0647,acc_magnitude,7.65656
IMU,16.0779,acc_magnitude,9.94939
IMU,16.0839,acc_magnitude,9.94939
IMU,16.0936,acc_magnitude,9.94939
IMU,16.1038,acc_magnitude,9.09009
IMU,16.1148,acc_magnitude,9.09009
IMU,16.1267,acc_magnitude,9.09009
IMU,16.1344,acc_magnitude,9.09009
IMU,16.1435,acc_magnitude,8.909
IMU,16.1545,acc_magnitude,8.909
IMU,16.1639,acc_magnitude,8.32453
IMU,16.1749,acc_magnitude,8.32453
IMU,16.1839,acc_magnitude,8.32453
IMU,16.1949,acc_magnitude,8.32453
IMU,16.2056,acc_magnitude,15.8904
IMU,16.2167,acc_magnitude,12.7579
IMU,16.2239,acc_magnitude,12.7579
IMU,16.2337,acc_magnitude,12.7579
IMU,16.2437,acc_magnitude,9.60682
IMU,16.2571,acc_magnitude,11.3692
IMU,16.266,acc_magnitude,11.3692
IMU,16.2765,acc_magnitude,11.3692
IMU,16.2872,acc_magnitude,7.67121
IMU,16.2943,acc_magnitude,7.67121
IMU,16.3036,acc_magnitude,9.6877
IMU,16.3146,acc_magnitude,9.6877
IMU,16.3234,acc_magnitude,10.3203
IMU,16.3365,acc_magnitude,10.3203
IMU,16.344,acc_magnitude,10.3844
IMU,16.3538,acc_magnitude,10.3844
IMU,16.3636,acc_magnitude,9.40136
IMU,16.3763,acc_magnitude,9.40136
IMU,16.3839,acc_magnitude,8.62603
IMU,16.3941,acc_magnitude,8.62603
IMU,16.404,acc_magnitude,12.9463
IMU,16.4136,acc_magnitude,12.9463
IMU,16.4258,acc_magnitude,11.8469
IMU,16.4342,acc_magnitude,11.8469
IMU,16.4436,acc_magnitude,7.35414
IMU,16.4543,acc_magnitude,7.35414
IMU,16.4649,acc_magnitude,15.0211
IMU,16.4742,acc_magnitude,15.0211
IMU,16.485,acc_magnitude,13.2124
IMU,16.4938,acc_magnitude,13.2124
IMU,16.5042,acc_magnitude,4.02928
IMU,16.514,acc_magnitude,4.02928
IMU,16.5264,acc_magnitude,6.24427
IMU,16.5341,acc_magnitude,6.24427
IMU,16.544,acc_magnitude,12.9175
IMU,16.554,acc_magnitude,12.9175
IMU,16.5656,acc_magnitude,12.9175
IMU,16.5739,acc_magnitude,12.9175
IMU,16.5851,acc_magnitude,7.98667
IMU,16.5941,acc_magnitude,7.98667
IMU,16.605,acc_magnitude,9.50017
IMU,16.6144,acc_magnitude,9.50017
IMU,16.6237,acc_magnitude,11.1237
IMU,16.6341,acc_magnitude,11.1237
IMU,16.6442,acc_magnitude,8.96921
IMU,16.6544,acc_magnitude,8.96921
IMU,16.6642,acc_magnitude,10.7387
IMU,16.674,acc_magnitude,10.7387
IMU,16.6839,acc_magnitude,10.7987
IMU,16.6941,acc_magnitude,10.7987
IMU,16.7041,acc_magnitude,11.3279
IMU,16.7154,acc_magnitude,11.3279
IMU,16.724,acc_magnitude,10.2505
IMU,16.7362,acc_magnitude,10.2505
IMU,16.7537,acc_magnitude,8.88132
IMU,16.7544,acc_magnitude,8.88132
IMU,16.7645,acc_magnitude,10.9462
IMU,16.7774,acc_magnitude,10.9462
IMU,16.7844,acc_magnitude,18.4333
IMU,16.7937,acc_magnitude,18.4333
IMU,16.8036,acc_magnitude,2.92416
IMU,16.8148,acc_magnitude,2.92416
IMU,16.8234,acc_magnitude,9.29536
IMU,16.834,acc_magnitude,9.29536
IMU,16.8438,acc_magnitude,11.9211
IMU,16.8571,acc_magnitude,11.9211
IMU,16.8636,acc_magnitude,10.063
IMU,16.8761,acc_magnitude,8.86316
IMU,16.8848,acc_magnitude,8.86316
IMU,16.8937,acc_magnitude,8.86316
IMU,16.9037,acc_magnitude,8.86316
IMU,16.9147,acc_magnitude,8.86316
IMU,16.9276,acc_magnitude,7.44882
IMU,16.9364,acc_magnitude,7.44882
IMU,16.9504,acc_magnitude,10.671
IMU,16.9567,acc_magnitude,10.671
IMU,16.9644,acc_magnitude,10.4243
IMU,16.9763,acc_magnitude,10.4243
IMU,16.985,acc_magnitude,10.7521
IMU,16.9962,acc_magnitude,10.7521
IMU,17.0053,acc_magnitude,10.7521
IMU,17.018,acc_magnitude,10.7521
IMU,17.0252,acc_magnitude,8.48997
IMU,17.0349,acc_magnitude,8.48997
IMU,17.0436,acc_magnitude,10.9344
IMU,17.0544,acc_magnitude,10.9344
IMU,17.0643,acc_magnitude,10.5656
IMU,17.074,acc_magnitude,10.5656
IMU,17.0838,acc_magnitude,10.5656
IMU,17.0936,acc_magnitude,8.14774
IMU,17.1043,acc_magnitude,8.14774
IMU,17.1139,acc_magnitude,8.79242
IMU,17.1252,acc_magnitude,8.79242
IMU,17.134,acc_magnitude,12.4323
IMU,17.1438,acc_magnitude,12.4323
IMU,17.1552,acc_magnitude,14.6773
IMU,17.164,acc_magnitude,14.6773
IMU,17.1739,acc_magnitude,14.6773
IMU,17.1843,acc_magnitude,8.65422
IMU,17.1937,acc_magnitude,8.65422
IMU,17.2046,acc_magnitude,8.65422
IMU,17.2139,acc_magnitude,10.7857
IMU,17.2245,acc_magnitude,10.7857
IMU,17.2337,acc_magnitude,10.7857
IMU,17.2439,acc_magnitude,9.75525
IMU,17.254,acc_magnitude,9.75525
IMU,17.2638,acc_magnitude,9.28633
IMU,17.2736,acc_magnitude,9.28633
IMU,17.2841,acc_magnitude,10.1588
IMU,17.2958,acc_magnitude,10.1588
IMU,17.304,acc_magnitude,9.89693
IMU,17.3146,acc_magnitude,9.89693
IMU,17.3247,acc_magnitude,10.765
IMU,17.334,acc_magnitude,10.765
IMU,17.3443,acc_magnitude,10.0717
IMU,17.3555,acc_magnitude,10.0717
IMU,17.3649,acc_magnitude,5.99261
IMU,17.3741,acc_magnitude,5.99261
IMU,17.3851,acc_magnitude,9.53136
IMU,17.3959,acc_magnitude,9.53136
IMU,17.4046,acc_magnitude,4.04752
IMU,17.4144,acc_magnitude,4.04752
IMU,17.4264,acc_magnitude,10.5349
IMU,17.4365,acc_magnitude,10.5349
IMU,17.4437,acc_magnitude,9.10201
IMU,17.4541,acc_magnitude,9.10201
IMU,17.4708,acc_magnitude,9.48454
IMU,17.4734,acc_magnitude,9.48454
IMU,17.4857,acc_magnitude,10.304
IMU,17.4936,acc_magnitude,10.304
IMU,17.5041,acc_magnitude,10.9467
IMU,17.5138,acc_magnitude,10.9467
IMU,17.5251,acc_magnitude,10.9467
IMU,17.5339,acc_magnitude,11.7712
IMU,17.5446,acc_magnitude,10.8689
IMU,17.5537,acc_magnitude,10.8689
IMU,17.5646,acc_magnitude,11.1769
IMU,17.5734,acc_magnitude,11.1769
IMU,17.5851,acc_magnitude,9.82835
IMU,17.5942,acc_magnitude,9.82835
IMU,17.6035,acc_magnitude,9.01858
IMU,17.6141,acc_magnitude,9.01858
IMU,17.6246,acc_magnitude,9.06652
IMU,17.635,acc_magnitude,9.06652
IMU,17.6436,acc_magnitude,10.1988
IMU,17.6543,acc_magnitude,10.1988
IMU,17.6653,acc_magnitude,10.3771
IMU,17.6735,acc_magnitude,10.3771
IMU,17.6851,acc_magnitude,11.5389
IMU,17.6941,acc_magnitude,11.5389
IMU,17.7036,acc_magnitude,8.00443
IMU,17.7157,acc_magnitude,8.00443
IMU,17.7235,acc_magnitude,10.4359
IMU,17.7348,acc_magnitude,8.15741
IMU,17.744,acc_magnitude,8.15741
IMU,17.7546,acc_magnitude,8.15741
IMU,17.7646,acc_magnitude,10.1931
IMU,17.776,acc_magnitude,10.1931
IMU,17.7853,acc_magnitude,4.34449
IMU,17.8006,acc_magnitude,4.34449
IMU,17.8037,acc_magnitude,14.908
IMU,17.8145,acc_magnitude,14.908
IMU,17.8234,acc_magnitude,11.6752
IMU,17.8356,acc_magnitude,11.6752
IMU,17.8437,acc_magnitude,8.5594
IMU,17.8545,acc_magnitude,8.5594
IMU,17.8653,acc_magnitude,8.5594
IMU,17.8781,acc_magnitude,8.5594
IMU,17.8848,acc_magnitude,10.3144
IMU,17.894,acc_magnitude,10.3144
IMU,17.9039,acc_magnitude,9.77074
IMU,17.9142,acc_magnitude,9.77074
IMU,17.9235,acc_magnitude,6.77609
IMU,17.9377,acc_magnitude,6.77609
IMU,17.9436,acc_magnitude,10.1711
IMU,17.9546,acc_magnitude,10.1711
IMU,17.9643,acc_magnitude,9.34279
IMU,17.9735,acc_magnitude,9.34279
IMU,17.9868,acc_magnitude,7.25464
IMU,17.9943,acc_magnitude,7.25464
IMU,18.0055,acc_magnitude,8.10522
IMU,18.0171,acc_magnitude,8.10522
IMU,18.0251,acc_magnitude,3.26209
IMU,18.0354,acc_magnitude,3.26209
IMU,18.0436,acc_magnitude,2.77293
IMU,18.0537,acc_magnitude,2.77293
IMU,18.0662,acc_magnitude,10.8751
IMU,18.0735,acc_magnitude,10.8751
IMU,18.0864,acc_magnitude,8.96893
IMU,18.0941,acc_magnitude,8.96893
IMU,18.1036,acc_magnitude,12.0812
IMU,18.1151,acc_magnitude,12.0812
IMU,18.1263,acc_magnitude,9.70138
IMU,18.1337,acc_magnitude,9.70138
IMU,18.1435,acc_magnitude,11.8754
IMU,18.1547,acc_magnitude,11.8754
IMU,18.1639,acc_magnitude,11.8754
IMU,18.1751,acc_magnitude,10.2279
IMU,18.1838,acc_magnitude,10.2279
IMU,18.1938,acc_magnitude,9.68915
IMU,18.2039,acc_magnitude,9.68915
IMU,18.2188,acc_magnitude,8.84932
IMU,18.2252,acc_magnitude,9.80412
IMU,18.2343,acc_magnitude,9.80412
IMU,18.2436,acc_magnitude,6.57517
IMU,18.2549,acc_magnitude,6.57517
IMU,18.2643,acc_magnitude,6.57517
IMU,18.2737,acc_magnitude,11.1835
IMU,18.2837,acc_magnitude,8.48373
IMU,18.2936,acc_magnitude,8.48373
IMU,18.3039,acc_magnitude,7.57549
IMU,18.3148,acc_magnitude,7.57549
IMU,18.3239,acc_magnitude,11.1736
IMU,18.3336,acc_magnitude,11.1736
IMU,18.3446,acc_magnitude,11.7258
IMU,18.3585,acc_magnitude,11.7258
IMU,18.3662,acc_magnitude,12.7228
IMU,18.3736,acc_magnitude,12.7228
IMU,18.3839,acc_magnitude,9.65331
IMU,18.3938,acc_magnitude,9.65331
IMU,18.4055,acc_magnitude,9.65331
IMU,18.417,acc_magnitude,9.65331
IMU,18.425,acc_magnitude,8.11759
IMU,18.4365,acc_magnitude,13.8333
IMU,18.4441,acc_magnitude,13.8333
IMU,18.4537,acc_magnitude,13.8333
IMU,18.4663,acc_magnitude,12.2
IMU,18.4739,acc_magnitude,12.2
IMU,18.4839,acc_magnitude,6.98408
IMU,18.4937,acc_magnitude,6.98408
IMU,18.5036,acc_magnitude,12.2673
IMU,18.5145,acc_magnitude,12.2673
IMU,18.5234,acc_magnitude,21.2733
IMU,18.5372,acc_magnitude,21.2733
IMU,18.5443,acc_magnitude,21.2733
IMU,18.5547,acc_magnitude,7.34645
IMU,18.5646,acc_magnitude,7.34645
IMU,18.5752,acc_magnitude,7.34645
IMU,18.5838,acc_magnitude,9.29173
IMU,18.5936,acc_magnitude,9.29173
IMU,18.6035,acc_magnitude,11.2969
IMU,18.6138,acc_magnitude,11.2969
IMU,18.6254,acc_magnitude,11.2969
IMU,18.6355,acc_magnitude,10.2256
IMU,18.6436,acc_magnitude,6.87537
IMU,18.6539,acc_magnitude,6.87537
IMU,18.6638,acc_magnitude,13.5288
IMU,18.6747,acc_magnitude,13.5288
IMU,18.6844,acc_magnitude,10.8807
IMU,18.6937,acc_magnitude,10.8807
IMU,18.7039,acc_magnitude,10.8807
IMU,18.7152,acc_magnitude,9.15612
IMU,18.7243,acc_magnitude,9.15612
IMU,18.7337,acc_magnitude,13.1656
IMU,18.7443,acc_magnitude,6.92065
IMU,18.7551,acc_magnitude,6.92065
IMU,18.77,acc_magnitude,6.34903
IMU,18.7736,acc_magnitude,6.34903
IMU,18.7839,acc_magnitude,8.81332
IMU,18.7935,acc_magnitude,8.81332
IMU,18.8044,acc_magnitude,8.1973
IMU,18.8145,acc_magnitude,8.1973
IMU,18.8256,acc_magnitude,11.0879
IMU,18.8336,acc_magnitude,9.673
IMU,18.8447,acc_magnitude,9.673
IMU,18.8541,acc_magnitude,9.673
IMU,18.8651,acc_magnitude,8.98031
IMU,18.874,acc_magnitude,8.98031
IMU,18.8862,acc_magnitude,9.87739
IMU,18.8938,acc_magnitude,9.87739
IMU,18.9039,acc_magnitude,9.87739
IMU,18.9145,acc_magnitude,9.87739
IMU,18.9272,acc_magnitude,3.77795
IMU,18.9338,acc_magnitude,3.77795
IMU,18.9434,acc_magnitude,9.26372
IMU,18.955,acc_magnitude,9.26372
IMU,18.9642,acc_magnitude,6.07136
IMU,18.9738,acc_magnitude,6.07136
IMU,18.9838,acc_magnitude,9.14103
IMU,18.9952,acc_magnitude,9.14103
IMU,19.0037,acc_magnitude,8.56414
IMU,19.0174,acc_magnitude,8.56414
IMU,19.0234,acc_magnitude,10.8422
IMU,19.0363,acc_magnitude,10.8422
IMU,19.0435,acc_magnitude,16.5107
IMU,19.0538,acc_magnitude,16.5107
IMU,19.0639,acc_magnitude,7.63568
IMU,19.0762,acc_magnitude,7.63568
IMU,19.0844,acc_magnitude,11.8304
IMU,19.0938,acc_magnitude,11.8304
IMU,19.1038,acc_magnitude,11.8304
IMU,19.1141,acc_magnitude,9.303
IMU,19.1261,acc_magnitude,9.303
IMU,19.1357,acc_magnitude,9.80031
IMU,19.1436,acc_magnitude,9.31781
IMU,19.1539,acc_magnitude,9.31781
IMU,19.165,acc_magnitude,9.31781
IMU,19.1747,acc_magnitude,6.98587
IMU,19.1839,acc_magnitude,11.708
IMU,19.1947,acc_magnitude,11.708
IMU,19.2045,acc_magnitude,10.7948
IMU,19.2169,acc_magnitude,10.7948
IMU,19.2241,acc_magnitude,7.8044
IMU,19.2357,acc_magnitude,7.8044
IMU,19.2445,acc_magnitude,8.33993
IMU,19.2535,acc_magnitude,8.33993
IMU,19.2637,acc_magnitude,8.45995
IMU,19.2755,acc_magnitude,8.45995
IMU,19.2843,acc_magnitude,11.8147
IMU,19.2937,acc_magnitude,11.8147
IMU,19.3036,acc_magnitude,11.5439
IMU,19.3137,acc_magnitude,11.5439
IMU,19.3236,acc_magnitude,14.5429
IMU,19.3353,acc_magnitude,4.67519
IMU,19.3435,acc_magnitude,4.67519
IMU,19.3537,acc_magnitude,4.67519
IMU,19.3666,acc_magnitude,4.67519
IMU,19.3755,acc_magnitude,4.67519
IMU,19.3842,acc_magnitude,8.87751
IMU,19.3936,acc_magnitude,8.87751
IMU,19.4041,acc_magnitude,12.9915
IMU,19.4138,acc_magnitude,12.9915
IMU,19.4244,acc_magnitude,11.7972
IMU,19.4344,acc_magnitude,11.7972
IMU,19.4437,acc_magnitude,9.82539
IMU,19.4541,acc_magnitude,9.82539
IMU,19.4659,acc_magnitude,9.82539
IMU,19.4741,acc_magnitude,9.82539
IMU,19.4845,acc_magnitude,8.00058
IMU,19.4937,acc_magnitude,8.00058
IMU,19.5038,acc_magnitude,10.7385
IMU,19.5163,acc_magnitude,10.7385
IMU,19.5234,acc_magnitude,11.3853
IMU,19.5339,acc_magnitude,11.3853
IMU,19.5436,acc_magnitude,8.2721
IMU,19.5555,acc_magnitude,8.2721
IMU,19.5646,acc_magnitude,10.3436
IMU,19.5735,acc_magnitude,10.3436
IMU,19.5845,acc_magnitude,10.3436
IMU,19.5939,acc_magnitude,9.32026
IMU,19.6052,acc_magnitude,9.32026
IMU,19.6137,acc_magnitude,8.76847
IMU,19.6236,acc_magnitude,8.76847
IMU,19.6338,acc_magnitude,8.76847
IMU,19.6436,acc_magnitude,8.76847
IMU,19.6545,acc_magnitude,10.7547
IMU,19.6641,acc_magnitude,10.7547
IMU,19.6763,acc_magnitude,10.7547
IMU,19.6838,acc_magnitude,4.47306
IMU,19.6938,acc_magnitude,4.47306
IMU,19.7047,acc_magnitude,4.47306
IMU,19.7142,acc_magnitude,4.47306
IMU,19.7235,acc_magnitude,8.65054
IMU,19.7337,acc_magnitude,9.87003
IMU,19.7436,acc_magnitude,9.87003
IMU,19.7552,acc_magnitude,9.87003
IMU,19.7649,acc_magnitude,9.87003
IMU,19.7764,acc_magnitude,9.14544
IMU,19.7836,acc_magnitude,10.1115
IMU,19.7945,acc_magnitude,10.1115
IMU,19.8038,acc_magnitude,10.0699
IMU,19.8152,acc_magnitude,10.0699
IMU,19.8252,acc_magnitude,11.341
IMU,19.8338,acc_magnitude,11.341
IMU,19.8435,acc_magnitude,11.341
IMU,19.8539,acc_magnitude,7.44131
IMU,19.8646,acc_magnitude,7.44131
IMU,19.8753,acc_magnitude,3.70299
IMU,19.887,acc_magnitude,9.45979
IMU,19.8935,acc_magnitude,9.45979
IMU,19.904,acc_magnitude,15.1197
IMU,19.9158,acc_magnitude,15.1197
IMU,19.9238,acc_magnitude,8.65558
IMU,19.9343,acc_magnitude,8.65558
IMU,19.944,acc_magnitude,8.65558
IMU,19.955,acc_magnitude,8.65558
IMU,19.967,acc_magnitude,6.87892
IMU,19.9748,acc_magnitude,6.87892
IMU,19.9836,acc_magnitude,12.3724
IMU,19.994,acc_magnitude,12.3724
IMU,20.0047,acc_magnitude,13.517
IMU,20.0152,acc_magnitude,13.517
IMU,20.0236,acc_magnitude,7.08445
IMU,20.0337,acc_magnitude,7.08445
IMU,20.0436,acc_magnitude,9.15381
IMU,20.0548,acc_magnitude,9.15381
IMU,20.0645,acc_magnitude,10.4578
IMU,20.0736,acc_magnitude,10.4578
IMU,20.0867,acc_magnitude,8.39432
IMU,20.0938,acc_magnitude,8.39432
IMU,20.1043,acc_magnitude,8.31468
IMU,20.1154,acc_magnitude,8.31468
IMU,20.1238,acc_magnitude,8.31468
IMU,20.1336,acc_magnitude,8.31468
IMU,20.1444,acc_magnitude,9.38847
IMU,20.1558,acc_magnitude,9.38847
IMU,20.1665,acc_magnitude,12.3753
IMU,20.1767,acc_magnitude,12.3753
IMU,20.1861,acc_magnitude,1.23341
IMU,20.1983,acc_magnitude,1.23341
IMU,20.2065,acc_magnitude,12.3844
IMU,20.2165,acc_magnitude,12.3844
IMU,20.2241,acc_magnitude,12.3844
IMU,20.2367,acc_magnitude,12.3844
IMU,20.2492,acc_magnitude,13.1931
IMU,20.2543,acc_magnitude,13.1931
IMU,20.2665,acc_magnitude,9.64448
IMU,20.278,acc_magnitude,9.64448
IMU,20.2838,acc_magnitude,15.4244
IMU,20.2945,acc_magnitude,15.4244
IMU,20.3128,acc_magnitude,10.7601
IMU,20.3169,acc_magnitude,10.7601
IMU,20.3238,acc_magnitude,10.2719
IMU,20.3362,acc_magnitude,10.2719
IMU,20.3455,acc_magnitude,3.91405
IMU,20.3562,acc_magnitude,3.91405
IMU,20.3639,acc_magnitude,7.34192
IMU,20.376,acc_magnitude,7.34192
IMU,20.3849,acc_magnitude,9.4813
IMU,20.396,acc_magnitude,9.4813
IMU,20.4048,acc_magnitude,11.9767
IMU,20.4161,acc_magnitude,11.9767
IMU,20.4242,acc_magnitude,11.9767
IMU,20.4338,acc_magnitude,11.9767
IMU,20.4441,acc_magnitude,11.7333
IMU,20.4564,acc_magnitude,11.7333
IMU,20.465,acc_magnitude,12.2694
IMU,20.4736,acc_magnitude,12.2694
IMU,20.4841,acc_magnitude,4.71787
IMU,20.4937,acc_magnitude,4.71787
IMU,20.5039,acc_magnitude,10.538
IMU,20.5135,acc_magnitude,10.538
IMU,20.5237,acc_magnitude,9.03428
IMU,20.5336,acc_magnitude,9.03428
IMU,20.5446,acc_magnitude,10.0482
IMU,20.5541,acc_magnitude,10.0482
IMU,20.564,acc_magnitude,6.33954
IMU,20.5747,acc_magnitude,6.33954
IMU,20.584,acc_magnitude,6.33954
IMU,20.5942,acc_magnitude,6.33954
IMU,20.6038,acc_magnitude,10.078
IMU,20.6142,acc_magnitude,10.078
IMU,20.6247,acc_magnitude,5.61079
IMU,20.6337,acc_magnitude,5.61079
IMU,20.6436,acc_magnitude,5.61079
IMU,20.6562,acc_magnitude,10.0539
IMU,20.6635,acc_magnitude,13.3453
IMU,20.6743,acc_magnitude,13.3453
IMU,20.6844,acc_magnitude,8.99351
IMU,20.6951,acc_magnitude,8.99351
IMU,20.7047,acc_magnitude,21.5141
IMU,20.714,acc_magnitude,21.5141
IMU,20.7239,acc_magnitude,6.58203
IMU,20.7337,acc_magnitude,6.58203
IMU,20.7437,acc_magnitude,6.40101
IMU,20.7536,acc_magnitude,6.40101
IMU,20.7636,acc_magnitude,13.6399
IMU,20.774,acc_magnitude,13.6399
IMU,20.7836,acc_magnitude,13.6399
IMU,20.7952,acc_magnitude,13.6399
IMU,20.8051,acc_magnitude,5.78424
IMU,20.8138,acc_magnitude,5.78424
IMU,20.8236,acc_magnitude,10.1012
IMU,20.8347,acc_magnitude,10.1012
IMU,20.8437,acc_magnitude,7.33552
IMU,20.8551,acc_magnitude,7.33552
IMU,20.864,acc_magnitude,11.3893
IMU,20.8742,acc_magnitude,11.3893
IMU,20.8836,acc_magnitude,10.4975
IMU,20.895,acc_magnitude,10.4975
IMU,20.9044,acc_magnitude,10.5928
IMU,20.9136,acc_magnitude,10.5928
IMU,20.9262,acc_magnitude,8.59334
IMU,20.9339,acc_magnitude,8.59334
IMU,20.9439,acc_magnitude,9.41812
IMU,20.954,acc_magnitude,9.41812
IMU,20.9637,acc_magnitude,9.41812
IMU,20.9743,acc_magnitude,9.41812
IMU,20.9836,acc_magnitude,12.5144
IMU,20.996,acc_magnitude,12.5144
IMU,21.0043,acc_magnitude,15.3852
IMU,21.0135,acc_magnitude,15.3852
IMU,21.0242,acc_magnitude,3.24077
IMU,21.0337,acc_magnitude,3.24077
IMU,21.0465,acc_magnitude,7.83266
IMU,21.0551,acc_magnitude,7.83266
IMU,21.0636,acc_magnitude,14.8285
IMU,21.0736,acc_magnitude,14.8285
IMU,21.0837,acc_magnitude,6.69698
IMU,21.0942,acc_magnitude,6.69698
IMU,21.1072,acc_magnitude,11.1705
IMU,21.1151,acc_magnitude,11.1705
IMU,21.1245,acc_magnitude,10.7588
IMU,21.1338,acc_magnitude,10.7588
IMU,21.1457,acc_magnitude,10.0131
IMU,21.1557,acc_magnitude,10.0131
IMU,21.1636,acc_magnitude,3.43223
IMU,21.1742,acc_magnitude,3.43223
IMU,21.1837,acc_magnitude,0.870272
IMU,21.1957,acc_magnitude,0.870272
IMU,21.2066,acc_magnitude,10.4176
IMU,21.2136,acc_magnitude,10.4176
IMU,21.2242,acc_magnitude,13.2017
IMU,21.2335,acc_magnitude,13.2017
IMU,21.2439,acc_magnitude,13.2017
IMU,21.2572,acc_magnitude,13.2017
IMU,21.2636,acc_magnitude,8.98228
IMU,21.2738,acc_magnitude,8.98228
IMU,21.2837,acc_magnitude,11.0903
IMU,21.2936,acc_magnitude,11.0903
IMU,21.3036,acc_magnitude,11.0903
IMU,21.3136,acc_magnitude,11.0903
IMU,21.3236,acc_magnitude,10.1968
IMU,21.3336,acc_magnitude,10.1968
IMU,21.344,acc_magnitude,9.5301
IMU,21.354,acc_magnitude,9.5301
IMU,21.3639,acc_magnitude,12.1451
IMU,21.3758,acc_magnitude,12.1451
IMU,21.3838,acc_magnitude,9.27842
IMU,21.3938,acc_magnitude,9.27842
IMU,21.4053,acc_magnitude,8.4412
IMU,21.4135,acc_magnitude,8.4412
IMU,21.4236,acc_magnitude,8.4412
IMU,21.4362,acc_magnitude,8.4412
IMU,21.4436,acc_magnitude,11.2262
IMU,21.4542,acc_magnitude,11.2262
IMU,21.4638,acc_magnitude,10.0339
IMU,21.4736,acc_magnitude,10.0339
IMU,21.4838,acc_magnitude,10.0339
IMU,21.4941,acc_magnitude,10.0339
IMU,21.5037,acc_magnitude,13.5215
IMU,21.5143,acc_magnitude,13.5215
IMU,21.5241,acc_magnitude,10.5138
IMU,21.535,acc_magnitude,10.5138
IMU,21.5438,acc_magnitude,9.9322
IMU,21.5565,acc_magnitude,9.9322
IMU,21.5641,acc_magnitude,12.3784
IMU,21.5744,acc_magnitude,12.3784
IMU,21.5839,acc_magnitude,8.15763
IMU,21.5935,acc_magnitude,8.15763
IMU,21.6073,acc_magnitude,13.2633
IMU,21.6143,acc_magnitude,13.2633
IMU,21.6249,acc_magnitude,7.16367
IMU,21.6338,acc_magnitude,7.16367
IMU,21.6445,acc_magnitude,11.6089
IMU,21.6539,acc_magnitude,11.6089
IMU,21.6636,acc_magnitude,12.4532
IMU,21.6746,acc_magnitude,12.4532
IMU,21.6838,acc_magnitude,7.26279
IMU,21.694,acc_magnitude,7.26279
IMU,21.7042,acc_magnitude,11.2556
IMU,21.7161,acc_magnitude,11.2556
IMU,21.7241,acc_magnitude,11.2556
IMU,21.7363,acc_magnitude,11.2556
IMU,21.7437,acc_magnitude,10.1888
IMU,21.7556,acc_magnitude,10.1888
IMU,21.7637,acc_magnitude,13.0566
IMU,21.775,acc_magnitude,13.0566
IMU,21.7844,acc_magnitude,8.34903
IMU,21.7945,acc_magnitude,8.34903
IMU,21.8045,acc_magnitude,10.9509
IMU,21.8136,acc_magnitude,9.44776
IMU,21.8238,acc_magnitude,9.44776
IMU,21.8338,acc_magnitude,9.44776
IMU,21.8451,acc_magnitude,10.843
IMU,21.855,acc_magnitude,10.843
IMU,21.865,acc_magnitude,8.99984
IMU,21.8743,acc_magnitude,8.99984
IMU,21.8837,acc_magnitude,12.2602
IMU,21.8936,acc_magnitude,12.2602
IMU,21.9052,acc_magnitude,12.2602
IMU,21.9136,acc_magnitude,12.2602
IMU,21.9244,acc_magnitude,8.30457
IMU,21.9367,acc_magnitude,10.6097
IMU,21.9446,acc_magnitude,10.6097
IMU,21.9536,acc_magnitude,10.6097
IMU,21.9636,acc_magnitude,8.01186
IMU,21.9759,acc_magnitude,8.01186
IMU,21.9835,acc_magnitude,9.64547
IMU,21.9938,acc_magnitude,9.64547
IMU,22.006,acc_magnitude,9.19603
IMU,22.0137,acc_magnitude,9.19603
IMU,22.0251,acc_magnitude,8.28943
IMU,22.0338,acc_magnitude,8.28943
IMU,22.0439,acc_magnitude,11.7028
IMU,22.0541,acc_magnitude,11.7028
IMU,22.0639,acc_magnitude,8.86075
IMU,22.0743,acc_magnitude,8.86075
IMU,22.0843,acc_magnitude,13.6789
IMU,22.0937,acc_magnitude,13.6789
IMU,22.1041,acc_magnitude,8.2875
IMU,22.1134,acc_magnitude,8.2875
IMU,22.1243,acc_magnitude,8.41394
IMU,22.1335,acc_magnitude,8.41394
IMU,22.1465,acc_magnitude,9.91711
IMU,22.1543,acc_magnitude,9.91711
IMU,22.1652,acc_magnitude,12.0255
IMU,22.1748,acc_magnitude,12.0255
IMU,22.184,acc_magnitude,12.9158
IMU,22.1946,acc_magnitude,12.9158
IMU,22.2042,acc_magnitude,9.04741
IMU,22.2172,acc_magnitude,10.3758
IMU,22.2236,acc_magnitude,10.3758
IMU,22.2339,acc_magnitude,10.3758
IMU,22.2441,acc_magnitude,10.3758
IMU,22.2541,acc_magnitude,10.3758
IMU,22.2634,acc_magnitude,9.86569
IMU,22.2738,acc_magnitude,9.86569
IMU,22.284,acc_magnitude,9.38108
IMU,22.2946,acc_magnitude,9.38108
IMU,22.3051,acc_magnitude,6.75228
IMU,22.3135,acc_magnitude,6.75228
IMU,22.3239,acc_magnitude,10.7801
IMU,22.3336,acc_magnitude,10.7801
IMU,22.344,acc_magnitude,13.021
IMU,22.3559,acc_magnitude,13.021
IMU,22.3647,acc_magnitude,13.9715
IMU,22.3781,acc_magnitude,11.1121
IMU,22.3838,acc_magnitude,11.1121
IMU,22.3937,acc_magnitude,11.1121
IMU,22.4048,acc_magnitude,12.3863
IMU,22.4144,acc_magnitude,12.3863
IMU,22.424,acc_magnitude,12.3863
IMU,22.434,acc_magnitude,12.3863
IMU,22.4442,acc_magnitude,12.9644
IMU,22.4549,acc_magnitude,12.9644
IMU,22.4634,acc_magnitude,7.58327
IMU,22.4742,acc_magnitude,7.58327
IMU,22.4842,acc_magnitude,9.54163
IMU,22.4947,acc_magnitude,9.54163
IMU,22.5042,acc_magnitude,9.46283
IMU,22.5154,acc_magnitude,9.46283
IMU,22.5237,acc_magnitude,8.65653
IMU,22.5339,acc_magnitude,8.65653
IMU,22.544,acc_magnitude,9.7096
IMU,22.5563,acc_magnitude,9.7096
IMU,22.5637,acc_magnitude,7.561
IMU,22.5737,acc_magnitude,7.561
IMU,22.5836,acc_magnitude,11.6487
IMU,22.5938,acc_magnitude,11.6487
IMU,22.6049,acc_magnitude,11.6487
IMU,22.6156,acc_magnitude,11.6487
IMU,22.6236,acc_magnitude,11.1632
IMU,22.634,acc_magnitude,11.1632
IMU,22.6461,acc_magnitude,9.75554
IMU,22.6567,acc_magnitude,9.75554
IMU,22.6635,acc_magnitude,9.42683
IMU,22.6763,acc_magnitude,13.2835
IMU,22.6836,acc_magnitude,13.2835
IMU,22.6942,acc_magnitude,13.2835
IMU,22.7039,acc_magnitude,12.919
IMU,22.7134,acc_magnitude,12.919
IMU,22.7244,acc_magnitude,6.96849
IMU,22.7337,acc_magnitude,6.96849
IMU,22.7461,acc_magnitude,6.96849
IMU,22.7555,acc_magnitude,10.2008
IMU,22.7639,acc_magnitude,10.2008
IMU,22.7756,acc_magnitude,10.2008
IMU,22.7836,acc_magnitude,9.96694
IMU,22.7953,acc_magnitude,10.4381
IMU,22.8038,acc_magnitude,10.4381
IMU,22.8135,acc_magnitude,10.4381
IMU,22.8258,acc_magnitude,9.39412
IMU,22.8343,acc_magnitude,9.39412
IMU,22.8437,acc_magnitude,9.84785
IMU,22.855,acc_magnitude,9.84785
IMU,22.8649,acc_magnitude,11.1361
IMU,22.8765,acc_magnitude,11.1361
IMU,22.8836,acc_magnitude,5.2932
IMU,22.8945,acc_magnitude,5.2932
IMU,22.9079,acc_magnitude,6.29134
IMU,22.914,acc_magnitude,6.29134
IMU,22.9245,acc_magnitude,8.34227
IMU,22.9362,acc_magnitude,8.34227
IMU,22.9436,acc_magnitude,9.88538
IMU,22.955,acc_magnitude,9.88538
IMU,22.9645,acc_magnitude,13.2048
IMU,22.9738,acc_magnitude,13.2048
IMU,22.9895,acc_magnitude,7.08727
IMU,22.9957,acc_magnitude,7.08727
IMU,23.0037,acc_magnitude,7.08727
IMU,23.0138,acc_magnitude,7.08727
IMU,23.0237,acc_magnitude,3.69213
IMU,23.0335,acc_magnitude,3.69213
IMU,23.0446,acc_magnitude,9.38811
IMU,23.0545,acc_magnitude,9.38811
IMU,23.0635,acc_magnitude,7.06321
IMU,23.074,acc_magnitude,7.06321
IMU,23.0835,acc_magnitude,10.3467
IMU,23.0937,acc_magnitude,10.3467
IMU,23.1072,acc_magnitude,10.5396
IMU,23.1134,acc_magnitude,10.5396
IMU,23.1278,acc_magnitude,10.5396
IMU,23.1336,acc_magnitude,10.5396
IMU,23.1437,acc_magnitude,11.482
IMU,23.1557,acc_magnitude,11.482
IMU,23.164,acc_magnitude,9.52023
IMU,23.1777,acc_magnitude,9.52023
IMU,23.1836,acc_magnitude,9.52023
IMU,23.1936,acc_magnitude,9.52023
IMU,23.2041,acc_magnitude,13.7521
IMU,23.2155,acc_magnitude,13.7521
IMU,23.2241,acc_magnitude,6.05836
IMU,23.2341,acc_magnitude,6.05836
IMU,23.2442,acc_magnitude,13.1331
IMU,23.2539,acc_magnitude,13.1331
IMU,23.2636,acc_magnitude,4.88324
IMU,23.2741,acc_magnitude,4.88324
IMU,23.2836,acc_magnitude,13.4612
IMU,23.2971,acc_magnitude,13.4612
IMU,23.3045,acc_magnitude,10.2199
IMU,23.3134,acc_magnitude,10.2199
IMU,23.3237,acc_magnitude,8.6815
IMU,23.3336,acc_magnitude,8.6815
IMU,23.3442,acc_magnitude,8.71699
IMU,23.3566,acc_magnitude,8.71699
IMU,23.3634,acc_magnitude,7.17503
IMU,23.3774,acc_magnitude,7.17503
IMU,23.3839,acc_magnitude,7.99197
IMU,23.397,acc_magnitude,7.99197
IMU,23.4038,acc_magnitude,11.6172
IMU,23.4142,acc_magnitude,11.6172
IMU,23.4238,acc_magnitude,9.57666
IMU,23.4339,acc_magnitude,9.57666
IMU,23.444,acc_magnitude,10.9048
IMU,23.4556,acc_magnitude,10.9048
IMU,23.4637,acc_magnitude,10.5588
IMU,23.4745,acc_magnitude,10.5588
IMU,23.4837,acc_magnitude,9.39551
IMU,23.4984,acc_magnitude,9.39551
IMU,23.5042,acc_magnitude,9.28413
IMU,23.5135,acc_magnitude,9.28413
IMU,23.5246,acc_magnitude,9.28413
IMU,23.5338,acc_magnitude,9.28413
IMU,23.5439,acc_magnitude,5.88842
IMU,23.5557,acc_magnitude,5.88842
IMU,23.5635,acc_magnitude,10.2905
IMU,23.5738,acc_magnitude,10.2905
IMU,23.5836,acc_magnitude,7.46281
IMU,23.5946,acc_magnitude,7.46281
IMU,23.604,acc_magnitude,9.69274
IMU,23.6146,acc_magnitude,9.69274
IMU,23.6241,acc_magnitude,15.2319
IMU,23.6338,acc_magnitude,15.2319
IMU,23.644,acc_magnitude,9.19962
IMU,23.6553,acc_magnitude,9.19962
IMU,23.664,acc_magnitude,8.42801
IMU,23.6749,acc_magnitude,8.42801
IMU,23.684,acc_magnitude,7.78501
IMU,23.6946,acc_magnitude,7.78501
IMU,23.7054,acc_magnitude,11.1946
IMU,23.714,acc_magnitude,11.1946
IMU,23.7237,acc_magnitude,6.48597
IMU,23.7337,acc_magnitude,6.48597
IMU,23.7438,acc_magnitude,6.48597
IMU,23.7566,acc_magnitude,6.48597
IMU,23.7634,acc_magnitude,9.41573
IMU,23.7738,acc_magnitude,9.41573
IMU,23.7851,acc_magnitude,12.1162
IMU,23.7981,acc_magnitude,12.1162
IMU,23.8058,acc_magnitude,5.93641
IMU,23.8149,acc_magnitude,5.93641
IMU,23.8256,acc_magnitude,11.659
IMU,23.8337,acc_magnitude,11.659
IMU,23.8436,acc_magnitude,8.55264
IMU,23.8539,acc_magnitude,8.55264
IMU,23.8652,acc_magnitude,18.2619
IMU,23.874,acc_magnitude,18.2619
IMU,23.8848,acc_magnitude,6.06205
IMU,23.8993,acc_magnitude,6.06205
IMU,23.9056,acc_magnitude,7.45789
IMU,23.9138,acc_magnitude,7.45789
IMU,23.924,acc_magnitude,9.60778
IMU,23.9337,acc_magnitude,9.60778
IMU,23.944,acc_magnitude,10.3165
IMU,23.9552,acc_magnitude,10.3165
IMU,23.9636,acc_magnitude,8.26829
IMU,23.9741,acc_magnitude,8.26829
IMU,23.984,acc_magnitude,10.3859
IMU,23.995,acc_magnitude,10.3859
IMU,24.0041,acc_magnitude,9.36842
IMU,24.0135,acc_magnitude,9.36842
IMU,24.0239,acc_magnitude,9.36842
IMU,24.0337,acc_magnitude,11.8875
IMU,24.0445,acc_magnitude,11.8875
IMU,24.0558,acc_magnitude,11.8875
IMU,24.0636,acc_magnitude,10.4344
IMU,24.0742,acc_magnitude,10.4344
IMU,24.0836,acc_magnitude,9.27438
IMU,24.0957,acc_magnitude,9.27438
IMU,24.1049,acc_magnitude,10.676
IMU,24.1135,acc_magnitude,10.676
IMU,24.1238,acc_magnitude,10.1403
IMU,24.1335,acc_magnitude,10.1403
IMU,24.144,acc_magnitude,10.1403
IMU,24.1565,acc_magnitude,10.1403
IMU,24.1635,acc_magnitude,5.9102
IMU,24.174,acc_magnitude,5.9102
IMU,24.184,acc_magnitude,11.8377
IMU,24.1969,acc_magnitude,11.8377
IMU,24.2067,acc_magnitude,8.44512
IMU,24.214,acc_magnitude,8.44512
IMU,24.2238,acc_magnitude,7.37489
IMU,24.2344,acc_magnitude,7.37489
IMU,24.2443,acc_magnitude,7.37489
IMU,24.2543,acc_magnitude,7.37489
IMU,24.2635,acc_magnitude,12.4276
IMU,24.2736,acc_magnitude,12.4276
IMU,24.2844,acc_magnitude,7.94091
IMU,24.2961,acc_magnitude,7.94091
IMU,24.3043,acc_magnitude,10.8017
IMU,24.3137,acc_magnitude,10.8017
IMU,24.324,acc_magnitude,12.2738
IMU,24.3354,acc_magnitude,12.2738
IMU,24.3446,acc_magnitude,7.87769
IMU,24.3542,acc_magnitude,7.87769
IMU,24.3636,acc_magnitude,11.8131
IMU,24.3754,acc_magnitude,11.8131
IMU,24.3837,acc_magnitude,12.0717
IMU,24.394,acc_magnitude,12.0717
IMU,24.4035,acc_magnitude,16.1091
IMU,24.4136,acc_magnitude,16.1091
IMU,24.4237,acc_magnitude,7.30778
IMU,24.4336,acc_magnitude,7.30778
IMU,24.4448,acc_magnitude,7.30778
IMU,24.455,acc_magnitude,7.30778
IMU,24.4634,acc_magnitude,12.0068
IMU,24.4742,acc_magnitude,12.0068
IMU,24.4837,acc_magnitude,7.93721
IMU,24.4944,acc_magnitude,7.93721
IMU,24.5062,acc_magnitude,9.69436
IMU,24.5136,acc_magnitude,9.69436
IMU,24.5236,acc_magnitude,9.61783
IMU,24.534,acc_magnitude,9.61783
IMU,24.5438,acc_magnitude,10.7706
IMU,24.5566,acc_magnitude,10.7706
IMU,24.5634,acc_magnitude,8.07428
IMU,24.5742,acc_magnitude,8.07428
IMU,24.5836,acc_magnitude,9.85364
IMU,24.5982,acc_magnitude,10.1459
IMU,24.605,acc_magnitude,10.1459
IMU,24.6137,acc_magnitude,10.1459
IMU,24.6237,acc_magnitude,10.9819
IMU,24.6337,acc_magnitude,10.9819
IMU,24.6452,acc_magnitude,11.1063
IMU,24.6574,acc_magnitude,11.5246
IMU,24.6634,acc_magnitude,11.5246
IMU,24.6761,acc_magnitude,11.5246
IMU,24.6835,acc_magnitude,11.5246
IMU,24.6937,acc_magnitude,11.5246
IMU,24.7047,acc_magnitude,5.68142
IMU,24.7134,acc_magnitude,5.68142
IMU,24.7272,acc_magnitude,9.5756
IMU,24.7342,acc_magnitude,9.5756
IMU,24.7437,acc_magnitude,11.5724
IMU,24.7546,acc_magnitude,11.5724
IMU,24.764,acc_magnitude,6.30928
IMU,24.7736,acc_magnitude,6.30928
IMU,24.7867,acc_magnitude,10.9705
IMU,24.796,acc_magnitude,10.9705
IMU,24.805,acc_magnitude,9.8275
IMU,24.8136,acc_magnitude,9.8275
IMU,24.8237,acc_magnitude,11.8387
IMU,24.8352,acc_magnitude,11.8387
IMU,24.8487,acc_magnitude,6.87861
IMU,24.8566,acc_magnitude,6.87861
IMU,24.8636,acc_magnitude,10.5711
IMU,24.8739,acc_magnitude,10.5711
IMU,24.8853,acc_magnitude,10.5711
IMU,24.8938,acc_magnitude,10.5711
IMU,24.9068,acc_magnitude,9.6588
IMU,24.9137,acc_magnitude,9.6588
IMU,24.9268,acc_magnitude,8.91334
IMU,24.9336,acc_magnitude,8.91334
IMU,24.9436,acc_magnitude,10.7398
IMU,24.9575,acc_magnitude,10.7398
IMU,24.9644,acc_magnitude,11.7085
IMU,24.974,acc_magnitude,11.7085
IMU,24.9836,acc_magnitude,9.89135
IMU,24.994,acc_magnitude,9.89135
IMU,25.0037,acc_magnitude,9.11101
IMU,25.0144,acc_magnitude,9.11101
IMU,25.0237,acc_magnitude,18.4198
IMU,25.0338,acc_magnitude,18.4198
IMU,25.0444,acc_magnitude,6.61883
IMU,25.0575,acc_magnitude,6.61883
IMU,25.0634,acc_magnitude,18.1306
IMU,25.0753,acc_magnitude,18.1306
IMU,25.0838,acc_magnitude,7.69464
IMU,25.0935,acc_magnitude,7.69464
IMU,25.1046,acc_magnitude,9.21957
IMU,25.114,acc_magnitude,9.21957
IMU,25.1262,acc_magnitude,11.2847
IMU,25.1342,acc_magnitude,11.2847
IMU,25.1438,acc_magnitude,11.2847
IMU,25.1539,acc_magnitude,11.2847
IMU,25.1653,acc_magnitude,11.3713
IMU,25.1736,acc_magnitude,11.3713
IMU,25.1837,acc_magnitude,8.90753
IMU,25.1941,acc_magnitude,8.90753
IMU,25.2088,acc_magnitude,8.90753
IMU,25.2136,acc_magnitude,8.90753
IMU,25.2247,acc_magnitude,8.47026
IMU,25.2339,acc_magnitude,8.47026
IMU,25.2437,acc_magnitude,13.1485
IMU,25.2544,acc_magnitude,13.1485
IMU,25.2643,acc_magnitude,8.0104
IMU,25.2742,acc_magnitude,8.0104
IMU,25.2838,acc_magnitude,11.3919
IMU,25.2939,acc_magnitude,11.3919
IMU,25.3057,acc_magnitude,7.13771
IMU,25.3159,acc_magnitude,7.13771
IMU,25.3239,acc_magnitude,7.13771
IMU,25.3337,acc_magnitude,7.13771
IMU,25.3455,acc_magnitude,8.35717
IMU,25.3545,acc_magnitude,8.35717
IMU,25.3634,acc_magnitude,12.2067
IMU,25.3764,acc_magnitude,11.135
IMU,25.3848,acc_magnitude,11.135
IMU,25.3936,acc_magnitude,11.135
IMU,25.4043,acc_magnitude,8.12303
IMU,25.4136,acc_magnitude,8.12303
IMU,25.4254,acc_magnitude,9.11
IMU,25.4335,acc_magnitude,9.11
IMU,25.4436,acc_magnitude,10.3291
IMU,25.4551,acc_magnitude,10.3291
IMU,25.4645,acc_magnitude,9.50457
IMU,25.4741,acc_magnitude,9.50457
IMU,25.4835,acc_magnitude,9.28747
IMU,25.4937,acc_magnitude,9.28747
IMU,25.5037,acc_magnitude,9.28747
IMU,25.5141,acc_magnitude,9.28747
IMU,25.5246,acc_magnitude,7.22157
IMU,25.5336,acc_magnitude,7.22157
IMU,25.5442,acc_magnitude,9.82615
IMU,25.5558,acc_magnitude,9.82615
IMU,26.2752,acc_magnitude,9.23498
IMU,26.2845,acc_magnitude,9.21997
IMU,26.2961,acc_magnitude,9.21997
IMU,26.3054,acc_magnitude,8.99055
IMU,26.3161,acc_magnitude,8.99055
IMU,26.3237,acc_magnitude,8.99055
IMU,26.3352,acc_magnitude,8.99055
IMU,26.3478,acc_magnitude,5.84783
IMU,26.3578,acc_magnitude,5.84783
IMU,26.3651,acc_magnitude,8.87105
IMU,26.3747,acc_magnitude,8.87105
IMU,26.3838,acc_magnitude,10.2957
IMU,26.3944,acc_magnitude,10.2957
IMU,26.4046,acc_magnitude,10.2957
IMU,26.4137,acc_magnitude,10.2957
IMU,26.424,acc_magnitude,10.3175
IMU,26.4338,acc_magnitude,10.3175
IMU,26.444,acc_magnitude,9.90492
IMU,26.4543,acc_magnitude,9.90492
IMU,26.4639,acc_magnitude,11.1273
IMU,26.4748,acc_magnitude,11.1273
IMU,26.484,acc_magnitude,9.52124
IMU,26.496,acc_magnitude,9.52124
IMU,26.5051,acc_magnitude,10.6131
IMU,26.516,acc_magnitude,10.6131
IMU,26.5238,acc_magnitude,9.74684
IMU,26.5352,acc_magnitude,9.74684
IMU,26.5439,acc_magnitude,10.5229
IMU,26.556,acc_magnitude,10.5229
IMU,26.5637,acc_magnitude,7.99564
IMU,26.5783,acc_magnitude,7.99564
IMU,26.5839,acc_magnitude,8.32306
IMU,26.5937,acc_magnitude,8.32306
IMU,26.6039,acc_magnitude,9.81883
IMU,26.6142,acc_magnitude,9.81883
IMU,26.625,acc_magnitude,10.1895
IMU,26.634,acc_magnitude,10.1895
IMU,26.6445,acc_magnitude,8.21199
IMU,26.6548,acc_magnitude,8.21199
IMU,26.6647,acc_magnitude,7.06237
IMU,26.6737,acc_magnitude,7.06237
IMU,26.6835,acc_magnitude,9.49922
IMU,26.694,acc_magnitude,9.49922
IMU,26.7064,acc_magnitude,7.41365
IMU,26.7154,acc_magnitude,7.41365
IMU,26.7265,acc_magnitude,7.41365
IMU,26.734,acc_magnitude,7.41365
IMU,26.7473,acc_magnitude,8.43535
IMU,26.7538,acc_magnitude,8.43535
IMU,26.7637,acc_magnitude,5.31908
IMU,26.7749,acc_magnitude,5.31908
IMU,26.784,acc_magnitude,8.54135
IMU,26.7936,acc_magnitude,8.54135
IMU,26.8043,acc_magnitude,8.54135
IMU,26.8152,acc_magnitude,8.54135
IMU,26.8236,acc_magnitude,8.03072
IMU,26.8341,acc_magnitude,8.03072
IMU,26.8439,acc_magnitude,8.03072
IMU,26.8539,acc_magnitude,8.03072
IMU,26.864,acc_magnitude,9.63114
IMU,26.876,acc_magnitude,9.63114
IMU,26.8841,acc_magnitude,8.4844
IMU,26.8936,acc_magnitude,8.4844
IMU,26.9083,acc_magnitude,7.42318
IMU,26.9149,acc_magnitude,7.42318
IMU,26.9243,acc_magnitude,10.4034
IMU,26.937,acc_magnitude,10.4034
IMU,26.9441,acc_magnitude,8.56
IMU,26.9538,acc_magnitude,8.56
IMU,26.9657,acc_magnitude,8.56
IMU,26.9773,acc_magnitude,8.56
IMU,26.9863,acc_magnitude,10.9922
IMU,26.9956,acc_magnitude,10.9922
IMU,27.0035,acc_magnitude,10.9922
IMU,27.0155,acc_magnitude,10.0209
IMU,27.0254,acc_magnitude,10.0209
IMU,27.0345,acc_magnitude,10.7624
IMU,27.0448,acc_magnitude,10.7624
IMU,27.0539,acc_magnitude,10.7624
IMU,27.0651,acc_magnitude,10.0907
IMU,27.0745,acc_magnitude,10.0907
IMU,27.0842,acc_magnitude,10.0907
IMU,27.0943,acc_magnitude,10.0907
IMU,27.104,acc_magnitude,10.0907
IMU,27.1147,acc_magnitude,10.7837
IMU,27.1274,acc_magnitude,10.7837
IMU,27.1339,acc_magnitude,10.3571
IMU,27.147,acc_magnitude,9.30843
IMU,27.154,acc_magnitude,9.30843
IMU,27.1639,acc_magnitude,8.79778
IMU,27.1743,acc_magnitude,8.79778
IMU,27.1838,acc_magnitude,8.79778
IMU,27.1942,acc_magnitude,8.79778
IMU,27.2038,acc_magnitude,9.15171
IMU,27.2149,acc_magnitude,9.15171
IMU,27.2249,acc_magnitude,8.0477
IMU,27.2345,acc_magnitude,8.0477
IMU,27.2461,acc_magnitude,8.0477
IMU,27.2547,acc_magnitude,8.9611
IMU,27.2648,acc_magnitude,9.91528
IMU,27.2765,acc_magnitude,9.91528
IMU,27.2846,acc_magnitude,9.69337
IMU,27.2942,acc_magnitude,9.69337
IMU,27.3036,acc_magnitude,9.69337
IMU,27.3144,acc_magnitude,10.2579
IMU,27.3247,acc_magnitude,7.52103
IMU,27.3347,acc_magnitude,7.52103
IMU,27.3464,acc_magnitude,7.52103
IMU,27.3541,acc_magnitude,9.25822
IMU,27.3691,acc_magnitude,8.68354
IMU,27.3787,acc_magnitude,8.68354
IMU,27.3839,acc_magnitude,13.6841
IMU,27.394,acc_magnitude,13.6841
IMU,27.4038,acc_magnitude,11.5602
IMU,27.415,acc_magnitude,11.5602
IMU,27.4236,acc_magnitude,11.5602
IMU,27.4341,acc_magnitude,11.0299
IMU,27.4439,acc_magnitude,11.0299
IMU,27.4538,acc_magnitude,9.77122
IMU,27.4637,acc_magnitude,10.3733
IMU,27.4771,acc_magnitude,10.3733
IMU,27.4838,acc_magnitude,8.8684
IMU,27.494,acc_magnitude,8.8684
IMU,28.0051,acc_magnitude,8.33807
IMU,28.0154,acc_magnitude,8.33807
IMU,28.024,acc_magnitude,10.9303
IMU,28.0352,acc_magnitude,10.9303
IMU,28.0441,acc_magnitude,12.153
IMU,28.057,acc_magnitude,12.153
IMU,28.064,acc_magnitude,8.16642
IMU,28.0791,acc_magnitude,8.16642
IMU,28.0835,acc_magnitude,9.96372
IMU,28.0948,acc_magnitude,9.96372
IMU,28.1047,acc_magnitude,9.00839
IMU,28.1137,acc_magnitude,9.00839
IMU,28.1235,acc_magnitude,9.00839
IMU,28.1352,acc_magnitude,10.9956
IMU,28.1475,acc_magnitude,7.58566
IMU,28.1564,acc_magnitude,7.58566
IMU,28.1636,acc_magnitude,7.15113
IMU,28.1737,acc_magnitude,7.15113
IMU,28.1839,acc_magnitude,4.60155
IMU,28.1947,acc_magnitude,4.60155
IMU,28.205,acc_magnitude,10.6652
IMU,28.2193,acc_magnitude,10.6652
IMU,28.2237,acc_magnitude,10.3964
IMU,28.2355,acc_magnitude,10.3964
IMU,28.2468,acc_magnitude,10.3964
IMU,28.2557,acc_magnitude,12.0342
IMU,28.2636,acc_magnitude,10.0901
IMU,28.2757,acc_magnitude,10.0901
IMU,28.2835,acc_magnitude,7.04921
IMU,28.2941,acc_magnitude,7.04921
IMU,28.3052,acc_magnitude,9.39632
IMU,28.3135,acc_magnitude,9.39632
IMU,28.324,acc_magnitude,11.1472
IMU,28.3341,acc_magnitude,11.1472
IMU,28.3441,acc_magnitude,12.9233
IMU,28.3546,acc_magnitude,12.9233
IMU,28.3642,acc_magnitude,12.8909
IMU,28.3736,acc_magnitude,12.8909
IMU,28.3844,acc_magnitude,12.8909
IMU,28.397,acc_magnitude,12.8909
IMU,28.4042,acc_magnitude,10.6052
IMU,28.4139,acc_magnitude,10.6052
IMU,28.425,acc_magnitude,12.7495
IMU,28.4342,acc_magnitude,12.7495
IMU,28.4477,acc_magnitude,11.2655
IMU,28.4563,acc_magnitude,11.2655
IMU,28.4654,acc_magnitude,9.32276
IMU,28.4742,acc_magnitude,9.32276
IMU,28.4842,acc_magnitude,7.01298
IMU,28.4942,acc_magnitude,7.01298
IMU,28.5038,acc_magnitude,10.0968
IMU,28.5135,acc_magnitude,10.0968
IMU,28.5239,acc_magnitude,12.2966
IMU,28.5342,acc_magnitude,12.2966
IMU,28.5445,acc_magnitude,10.6721
IMU,28.5562,acc_magnitude,10.6721
IMU,28.5634,acc_magnitude,10.6721
IMU,28.5743,acc_magnitude,11.2405
IMU,28.5846,acc_magnitude,11.2405
IMU,28.5958,acc_magnitude,10.5017
IMU,28.606,acc_magnitude,10.4664
IMU,28.6156,acc_magnitude,10.4664
IMU,28.6252,acc_magnitude,9.57106
IMU,28.6337,acc_magnitude,9.57106
IMU,28.6473,acc_magnitude,9.62931
IMU,28.6543,acc_magnitude,9.62931
IMU,28.6657,acc_magnitude,7.81114
IMU,28.6793,acc_magnitude,7.81114
IMU,28.6845,acc_magnitude,10.5349
IMU,28.6965,acc_magnitude,10.5349
IMU,28.7044,acc_magnitude,11.0441
IMU,28.715,acc_magnitude,11.0441
IMU,28.7261,acc_magnitude,7.82228
IMU,28.7347,acc_magnitude,7.82228
IMU,28.7491,acc_magnitude,7.82228
IMU,28.7549,acc_magnitude,7.82228
IMU,28.7643,acc_magnitude,10.0765
IMU,28.7739,acc_magnitude,10.0765
IMU,28.7838,acc_magnitude,8.82923
IMU,28.7951,acc_magnitude,8.82923
IMU,28.8076,acc_magnitude,9.86584
IMU,28.8192,acc_magnitude,9.86584
IMU,28.8246,acc_magnitude,9.56269
IMU,28.8349,acc_magnitude,9.56269
IMU,28.8448,acc_magnitude,9.43542
IMU,28.8573,acc_magnitude,9.43542
IMU,28.8681,acc_magnitude,12.8811
IMU,28.8743,acc_magnitude,12.8811
IMU,28.8844,acc_magnitude,7.7349
IMU,28.8951,acc_magnitude,7.7349
IMU,28.9041,acc_magnitude,6.99413
IMU,28.9163,acc_magnitude,6.99413
IMU,28.924,acc_magnitude,7.84665
IMU,28.935,acc_magnitude,7.84665
IMU,28.9475,acc_magnitude,8.60117
IMU,28.9544,acc_magnitude,8.60117
IMU,28.9635,acc_magnitude,8.22944
IMU,28.9753,acc_magnitude,8.22944
IMU,28.985,acc_magnitude,8.22944
IMU,28.9951,acc_magnitude,8.22944
IMU,29.0052,acc_magnitude,9.98233
IMU,29.0158,acc_magnitude,9.98233
IMU,29.03,acc_magnitude,8.90907
IMU,29.0342,acc_magnitude,8.90907
IMU,29.0521,acc_magnitude,10.0337
IMU,29.0577,acc_magnitude,10.0337
IMU,29.0636,acc_magnitude,9.33112
IMU,29.0748,acc_magnitude,9.33112
IMU,29.0846,acc_magnitude,8.28468
IMU,29.0956,acc_magnitude,8.28468
IMU,29.1044,acc_magnitude,8.33035
IMU,29.1148,acc_magnitude,8.33035
IMU,29.1257,acc_magnitude,10.9586
IMU,29.1352,acc_magnitude,10.9586
IMU,29.1445,acc_magnitude,6.13398
IMU,29.1555,acc_magnitude,6.13398
IMU,29.8042,acc_magnitude,8.82116
IMU,29.8139,acc_magnitude,8.82116
IMU,29.8268,acc_magnitude,8.82116
IMU,29.8339,acc_magnitude,11.1497
IMU,29.8436,acc_magnitude,11.1497
IMU,29.855,acc_magnitude,11.1497
IMU,29.8647,acc_magnitude,8.71685
IMU,29.8738,acc_magnitude,8.71685
IMU,29.8854,acc_magnitude,8.49765
IMU,29.8983,acc_magnitude,8.49765
IMU,29.9042,acc_magnitude,8.49765
IMU,29.9149,acc_magnitude,10.1953
IMU,29.9238,acc_magnitude,10.1953
IMU,29.9356,acc_magnitude,9.53158
IMU,29.9461,acc_magnitude,9.53158
IMU,29.9546,acc_magnitude,7.01167
IMU,29.9636,acc_magnitude,11.8419
IMU,29.9736,acc_magnitude,11.8419
IMU,29.9837,acc_magnitude,11.8419
IMU,29.995,acc_magnitude,11.8419
IMU,30.0037,acc_magnitude,10.8544
IMU,30.0134,acc_magnitude,10.8544
IMU,30.0257,acc_magnitude,11.0159
IMU,30.0341,acc_magnitude,11.0159
IMU,30.0439,acc_magnitude,10.6022
IMU,30.0559,acc_magnitude,10.6022
IMU,30.0651,acc_magnitude,11.7383
IMU,30.0756,acc_magnitude,11.7383
IMU,30.0851,acc_magnitude,11.7383
IMU,30.0935,acc_magnitude,11.7383
IMU,30.1046,acc_magnitude,10.8762
IMU,30.1158,acc_magnitude,10.8762
IMU,30.1244,acc_magnitude,15.192
IMU,30.1342,acc_magnitude,15.192
IMU,30.1437,acc_magnitude,11.2785
IMU,30.154,acc_magnitude,11.2785
IMU,30.1662,acc_magnitude,4.26077
IMU,30.174,acc_magnitude,4.26077
IMU,30.1835,acc_magnitude,4.26077
IMU,30.1951,acc_magnitude,7.52299
IMU,30.2056,acc_magnitude,7.52299
IMU,30.2138,acc_magnitude,9.02859
IMU,30.2238,acc_magnitude,9.02859
IMU,30.2338,acc_magnitude,11.3652
IMU,30.2441,acc_magnitude,11.3652
IMU,30.2541,acc_magnitude,13.5092
IMU,30.2636,acc_magnitude,11.3201
IMU,30.2748,acc_magnitude,11.3201
IMU,30.2884,acc_magnitude,9.28408
IMU,30.2946,acc_magnitude,9.28408
IMU,30.3059,acc_magnitude,9.28408
IMU,30.3175,acc_magnitude,8.43276
IMU,30.3236,acc_magnitude,8.43276
IMU,30.3341,acc_magnitude,11.8726
IMU,30.3437,acc_magnitude,11.8726
IMU,30.3547,acc_magnitude,9.41391
IMU,30.3638,acc_magnitude,7.98751
IMU,30.3737,acc_magnitude,7.98751
IMU,30.3835,acc_magnitude,9.42618
IMU,30.3939,acc_magnitude,9.42618
IMU,30.4036,acc_magnitude,8.61981
IMU,30.4135,acc_magnitude,8.61981
IMU,30.4251,acc_magnitude,8.61981
IMU,30.4338,acc_magnitude,8.61981
IMU,30.4435,acc_magnitude,9.82401
IMU,30.4542,acc_magnitude,9.82401
IMU,30.4635,acc_magnitude,10.0663
IMU,30.4756,acc_magnitude,10.0663
IMU,30.4837,acc_magnitude,8.74826
IMU,30.4936,acc_magnitude,8.74826
IMU,30.5072,acc_magnitude,9.98088
IMU,30.5171,acc_magnitude,9.98088
IMU,30.5238,acc_magnitude,11.3921
IMU,30.5351,acc_magnitude,11.3921
IMU,30.5435,acc_magnitude,11.3921
IMU,30.554,acc_magnitude,4.94756
IMU,30.5642,acc_magnitude,10.1146
IMU,30.5747,acc_magnitude,10.1146
IMU,30.5847,acc_magnitude,10.1146
IMU,30.5955,acc_magnitude,10.1146
IMU,30.6061,acc_magnitude,11.5661
IMU,30.6165,acc_magnitude,11.5661
IMU,30.6236,acc_magnitude,11.5661
IMU,30.6339,acc_magnitude,10.9267
IMU,30.6437,acc_magnitude,10.9267
IMU,30.656,acc_magnitude,5.08413
IMU,30.665,acc_magnitude,12.348
IMU,30.6735,acc_magnitude,12.348
IMU,30.6836,acc_magnitude,6.2861
IMU,30.6948,acc_magnitude,6.2861
IMU,30.7075,acc_magnitude,1.81289
IMU,30.7152,acc_magnitude,1.81289
IMU,30.727,acc_magnitude,11.9967
IMU,30.7352,acc_magnitude,11.9967
IMU,30.7448,acc_magnitude,10.8308
IMU,30.756,acc_magnitude,10.8308
IMU,30.765,acc_magnitude,7.96913
IMU,30.7755,acc_magnitude,7.96913
IMU,30.7838,acc_magnitude,7.96913
IMU,30.7936,acc_magnitude,9.55675
IMU,30.8101,acc_magnitude,9.55675
IMU,30.8154,acc_magnitude,1.65729
IMU,30.8235,acc_magnitude,1.65729
IMU,30.8335,acc_magnitude,12.425
IMU,30.8471,acc_magnitude,10.9352
IMU,30.8589,acc_magnitude,10.9352
IMU,30.8664,acc_magnitude,9.51251
IMU,30.8735,acc_magnitude,9.51251
IMU,30.8837,acc_magnitude,9.25492
IMU,30.8937,acc_magnitude,9.25492
IMU,30.9048,acc_magnitude,12.2445
IMU,32.5134,acc_magnitude,12.652
IMU,32.5238,acc_magnitude,12.652
IMU,32.5336,acc_magnitude,11.329
IMU,32.5439,acc_magnitude,12.2937
IMU,32.5537,acc_magnitude,12.2937
IMU,32.5644,acc_magnitude,12.2937
IMU,32.575,acc_magnitude,7.88345
IMU,32.5835,acc_magnitude,11.0934
IMU,32.5942,acc_magnitude,11.0934
IMU,32.6041,acc_magnitude,11.0934
IMU,32.6148,acc_magnitude,8.42322
IMU,32.6235,acc_magnitude,8.42322
IMU,32.6342,acc_magnitude,11.9285
IMU,32.6438,acc_magnitude,11.9285
IMU,32.6542,acc_magnitude,11.1396
IMU,32.6634,acc_magnitude,11.1396
IMU,32.6757,acc_magnitude,11.0086
IMU,32.6839,acc_magnitude,11.0086
IMU,32.6943,acc_magnitude,10.8971
IMU,32.7042,acc_magnitude,10.8971
IMU,32.7135,acc_magnitude,9.10568
IMU,32.7239,acc_magnitude,9.10568
IMU,32.7345,acc_magnitude,9.48409
IMU,32.7437,acc_magnitude,11.8611
IMU,32.7545,acc_magnitude,11.8611
IMU,32.765,acc_magnitude,11.8611
IMU,32.7737,acc_magnitude,11.8611
IMU,32.785,acc_magnitude,13.345
IMU,32.7963,acc_magnitude,13.345
IMU,32.8053,acc_magnitude,14.4395
IMU,32.8157,acc_magnitude,14.4395
IMU,32.8241,acc_magnitude,12.1781
IMU,32.8357,acc_magnitude,12.1781
IMU,32.8436,acc_magnitude,10.7518
IMU,32.8557,acc_magnitude,10.7518
IMU,32.8636,acc_magnitude,12.4486
IMU,32.8745,acc_magnitude,12.4486
IMU,32.8835,acc_magnitude,12.9929
IMU,32.8942,acc_magnitude,12.9929
IMU,32.9065,acc_magnitude,4.06635
IMU,32.9138,acc_magnitude,10.5986
IMU,32.9243,acc_magnitude,10.5986
IMU,32.9335,acc_magnitude,10.5986
IMU,32.9443,acc_magnitude,10.9444
IMU,32.9558,acc_magnitude,10.9444
IMU,32.9646,acc_magnitude,9.1348
IMU,32.974,acc_magnitude,10.792
IMU,32.9863,acc_magnitude,10.792
IMU,32.9944,acc_magnitude,10.792
IMU,33.0068,acc_magnitude,9.84129
IMU,33.0162,acc_magnitude,13.2726
IMU,33.0235,acc_magnitude,13.2726
IMU,33.0348,acc_magnitude,13.2726
IMU,33.0442,acc_magnitude,13.2726
IMU,33.0539,acc_magnitude,13.2726
IMU,33.0638,acc_magnitude,11.692
IMU,33.0737,acc_magnitude,11.692
IMU,33.0841,acc_magnitude,12.0329
IMU,33.0941,acc_magnitude,12.0329
IMU,33.104,acc_magnitude,11.848
IMU,33.1138,acc_magnitude,11.848
IMU,33.124,acc_magnitude,12.3878
IMU,33.1339,acc_magnitude,12.3878
IMU,33.1441,acc_magnitude,12.3878
IMU,33.1536,acc_magnitude,12.3878
IMU,33.1639,acc_magnitude,12.8319
IMU,33.1737,acc_magnitude,12.8319
IMU,33.1863,acc_magnitude,14.7388
IMU,33.1945,acc_magnitude,14.7388
IMU,33.2068,acc_magnitude,9.61248
IMU,33.2138,acc_magnitude,9.61248
IMU,33.2249,acc_magnitude,8.7475
IMU,33.2341,acc_magnitude,8.7475
IMU,33.2447,acc_magnitude,8.19047
IMU,33.2538,acc_magnitude,8.19047
IMU,33.2665,acc_magnitude,12.3949
IMU,33.2735,acc_magnitude,12.3949
IMU,33.285,acc_magnitude,8.69738
IMU,33.2938,acc_magnitude,8.69738
IMU,33.3041,acc_magnitude,8.69738
IMU,33.3138,acc_magnitude,8.69738
IMU,33.3235,acc_magnitude,6.69711
IMU,33.3337,acc_magnitude,6.69711
IMU,33.3437,acc_magnitude,12.3703
IMU,33.3573,acc_magnitude,12.3703
IMU,33.3646,acc_magnitude,11.094
IMU,33.3739,acc_magnitude,11.094
IMU,33.3846,acc_magnitude,9.88785
IMU,33.3996,acc_magnitude,9.88785
IMU,33.4036,acc_magnitude,6.18069
IMU,33.4183,acc_magnitude,6.18069
IMU,33.4254,acc_magnitude,6.61646
IMU,33.438,acc_magnitude,6.61646
IMU,33.4438,acc_magnitude,10.0502
IMU,33.4542,acc_magnitude,10.0502
IMU,33.4649,acc_magnitude,10.0502
IMU,33.4735,acc_magnitude,10.0502
IMU,33.4851,acc_magnitude,11.5557
IMU,33.4937,acc_magnitude,8.20171
IMU,33.504,acc_magnitude,8.20171
IMU,33.5141,acc_magnitude,8.20171
IMU,33.5234,acc_magnitude,11.3904
IMU,33.5336,acc_magnitude,11.3904
IMU,33.5436,acc_magnitude,10.4964
IMU,33.5553,acc_magnitude,10.4964
IMU,33.5642,acc_magnitude,11.0296
IMU,33.5746,acc_magnitude,11.0296
IMU,33.5836,acc_magnitude,10.7151
IMU,33.5956,acc_magnitude,10.7151
IMU,33.6092,acc_magnitude,9.91454
IMU,33.6158,acc_magnitude,9.91454
IMU,33.6257,acc_magnitude,9.4798
IMU,33.6338,acc_magnitude,9.4798
IMU,33.6439,acc_magnitude,10.124
IMU,33.6555,acc_magnitude,10.124
IMU,33.665,acc_magnitude,10.0671
IMU,33.6735,acc_magnitude,10.0671
IMU,37.395,acc_magnitude,9.54057
IMU,37.4039,acc_magnitude,9.54057
IMU,37.4162,acc_magnitude,9.73731
IMU,37.4239,acc_magnitude,9.73731
IMU,37.4338,acc_magnitude,9.73731
IMU,37.4437,acc_magnitude,9.77467
IMU,37.4542,acc_magnitude,9.62691
IMU,37.4638,acc_magnitude,9.62691
IMU,37.4738,acc_magnitude,9.62691
IMU,37.4841,acc_magnitude,9.62691
IMU,37.4937,acc_magnitude,9.62691
IMU,37.5045,acc_magnitude,9.46844
IMU,37.5148,acc_magnitude,9.46844
IMU,37.5244,acc_magnitude,9.46844
IMU,37.535,acc_magnitude,9.46844
IMU,37.5436,acc_magnitude,9.70771
IMU,37.5541,acc_magnitude,9.70771
IMU,37.5645,acc_magnitude,9.73762
IMU,37.5735,acc_magnitude,9.73762
IMU,37.5842,acc_magnitude,9.72294
IMU,37.5939,acc_magnitude,9.72294
IMU,37.6039,acc_magnitude,9.58374
IMU,37.6152,acc_magnitude,9.48711
IMU,37.6236,acc_magnitude,9.48711
IMU,37.634,acc_magnitude,9.63172
IMU,37.6438,acc_magnitude,9.63172
IMU,37.6539,acc_magnitude,9.63172
IMU,37.666,acc_magnitude,9.63172
IMU,37.678,acc_magnitude,9.8244
IMU,37.6835,acc_magnitude,9.8244
IMU,37.6935,acc_magnitude,9.8244
IMU,37.7039,acc_magnitude,9.8244
IMU,37.714,acc_magnitude,9.50188
IMU,37.7236,acc_magnitude,9.50188
IMU,37.734,acc_magnitude,9.50202
IMU,37.7435,acc_magnitude,9.50202
IMU,37.7546,acc_magnitude,9.50202
IMU,37.7653,acc_magnitude,9.55973
IMU,37.7735,acc_magnitude,9.55973
IMU,37.7836,acc_magnitude,9.69914
IMU,37.7938,acc_magnitude,9.72339
IMU,37.8037,acc_magnitude,9.72339
IMU,37.815,acc_magnitude,9.72339
IMU,37.8235,acc_magnitude,9.79545
IMU,37.8347,acc_magnitude,9.79545
IMU,37.8438,acc_magnitude,9.79545
IMU,37.8545,acc_magnitude,9.65582
IMU,37.8658,acc_magnitude,9.65582
IMU,37.8751,acc_magnitude,9.57888
IMU,37.8851,acc_magnitude,9.57888
IMU,37.8942,acc_magnitude,9.58853
IMU,37.9037,acc_magnitude,9.58853
IMU,37.9151,acc_magnitude,9.58853
IMU,37.9238,acc_magnitude,9.76641
IMU,37.9339,acc_magnitude,9.76641
IMU,37.9439,acc_magnitude,9.76641
IMU,37.9549,acc_magnitude,9.76641
IMU,37.9642,acc_magnitude,9.66478
IMU,37.9734,acc_magnitude,9.66478
IMU,37.9841,acc_magnitude,9.54055
IMU,37.9937,acc_magnitude,9.54055
IMU,38.0041,acc_magnitude,9.47331
IMU,38.0157,acc_magnitude,9.47331
IMU,38.0251,acc_magnitude,9.47331
IMU,38.0338,acc_magnitude,9.47331
IMU,38.0435,acc_magnitude,9.76635
IMU,38.0545,acc_magnitude,9.76635
IMU,38.0638,acc_magnitude,9.81394
IMU,38.0734,acc_magnitude,9.75119
IMU,38.0835,acc_magnitude,9.75119
IMU,38.0945,acc_magnitude,9.75119
IMU,38.1038,acc_magnitude,9.75119
IMU,38.1158,acc_magnitude,9.75119
IMU,38.1242,acc_magnitude,9.52555
IMU,38.1337,acc_magnitude,9.52555
IMU,38.1436,acc_magnitude,9.62691
IMU,38.1543,acc_magnitude,9.62691
IMU,38.1654,acc_magnitude,9.73722
IMU,38.1734,acc_magnitude,9.73722
IMU,38.1837,acc_magnitude,9.82355
IMU,38.1935,acc_magnitude,9.82355
IMU,38.2047,acc_magnitude,9.82355
IMU,38.2156,acc_magnitude,9.56489
IMU,38.2236,acc_magnitude,9.56489
IMU,38.2337,acc_magnitude,9.54542
IMU,38.2438,acc_magnitude,9.54542
IMU,38.256,acc_magnitude,9.52147
IMU,38.2674,acc_magnitude,9.52147
IMU,38.2747,acc_magnitude,9.52147
IMU,38.2835,acc_magnitude,9.52147
IMU,38.2936,acc_magnitude,9.76078
IMU,38.3036,acc_magnitude,9.76078
IMU,38.3154,acc_magnitude,9.76078
IMU,38.3253,acc_magnitude,9.81815
IMU,38.3336,acc_magnitude,9.81815
IMU,38.3437,acc_magnitude,9.67451
IMU,38.3556,acc_magnitude,9.67451
IMU,38.3659,acc_magnitude,9.52572
IMU,38.3743,acc_magnitude,9.52572
IMU,38.3835,acc_magnitude,9.52572
IMU,38.3946,acc_magnitude,9.52572
IMU,38.4084,acc_magnitude,9.62166
IMU,38.4151,acc_magnitude,9.62166
IMU,38.4242,acc_magnitude,9.77491
IMU,38.4337,acc_magnitude,9.77491
IMU,38.444,acc_magnitude,9.84725
IMU,38.4558,acc_magnitude,9.84725
IMU,38.4667,acc_magnitude,9.68437
IMU,38.4734,acc_magnitude,9.56024
IMU,38.4835,acc_magnitude,9.56024
IMU,38.4944,acc_magnitude,9.56024
IMU,38.5037,acc_magnitude,9.52551
IMU,38.5151,acc_magnitude,9.52551
IMU,38.5235,acc_magnitude,9.62629
IMU,38.535,acc_magnitude,9.62629
IMU,38.5439,acc_magnitude,9.62629
IMU,38.5536,acc_magnitude,9.79054
IMU,38.564,acc_magnitude,9.79054
IMU,38.5737,acc_magnitude,9.76137
IMU,38.5851,acc_magnitude,9.76137
IMU,40.8165,acc_magnitude,9.52153
IMU,40.8242,acc_magnitude,9.53519
IMU,40.8336,acc_magnitude,9.53519
IMU,40.8437,acc_magnitude,9.53519
IMU,40.8541,acc_magnitude,9.53519
IMU,40.8636,acc_magnitude,9.75587
IMU,40.8735,acc_magnitude,9.75587
IMU,40.8864,acc_magnitude,9.79029
IMU,40.8939,acc_magnitude,9.6841
IMU,40.9048,acc_magnitude,9.6841
IMU,40.9176,acc_magnitude,9.63618
IMU,40.9248,acc_magnitude,9.63618
IMU,40.9338,acc_magnitude,9.63618
IMU,40.9468,acc_magnitude,9.63618
IMU,40.9534,acc_magnitude,9.63618
IMU,40.9635,acc_magnitude,9.55464
IMU,40.9735,acc_magnitude,9.55464
IMU,40.9837,acc_magnitude,9.67499
IMU,40.9937,acc_magnitude,9.67499
IMU,41.0036,acc_magnitude,9.66485
IMU,41.0166,acc_magnitude,9.79036
IMU,41.0243,acc_magnitude,9.79036
IMU,41.0351,acc_magnitude,9.79036
IMU,41.0435,acc_magnitude,9.68012
IMU,41.0536,acc_magnitude,9.68012
IMU,41.0642,acc_magnitude,9.5161
IMU,41.0751,acc_magnitude,9.47872
IMU,41.0836,acc_magnitude,9.47872
IMU,41.0936,acc_magnitude,9.47872
IMU,41.1039,acc_magnitude,9.47872
IMU,41.1141,acc_magnitude,9.47872
IMU,41.1235,acc_magnitude,9.68883
IMU,41.1336,acc_magnitude,9.68883
IMU,41.1436,acc_magnitude,9.84756
IMU,41.1542,acc_magnitude,9.84756
IMU,41.1666,acc_magnitude,9.68385
IMU,41.1754,acc_magnitude,9.68385
IMU,41.1837,acc_magnitude,9.68385
IMU,41.1935,acc_magnitude,9.68385
IMU,41.2037,acc_magnitude,9.5549
IMU,41.2139,acc_magnitude,9.5549
IMU,41.2237,acc_magnitude,9.54529
IMU,41.2335,acc_magnitude,9.54529
IMU,41.2437,acc_magnitude,9.54529
IMU,41.2541,acc_magnitude,9.74739
IMU,41.2655,acc_magnitude,9.74739
IMU,41.2758,acc_magnitude,9.74739
IMU,41.2835,acc_magnitude,9.67013
IMU,41.2935,acc_magnitude,9.67013
IMU,41.3038,acc_magnitude,9.61315
IMU,41.3136,acc_magnitude,9.61315
IMU,41.3237,acc_magnitude,9.61315
IMU,41.3337,acc_magnitude,9.61315
IMU,41.344,acc_magnitude,9.45456
IMU,41.3542,acc_magnitude,9.45456
IMU,41.3645,acc_magnitude,9.45456
IMU,41.3734,acc_magnitude,9.45456
IMU,41.3837,acc_magnitude,9.67957
IMU,41.3942,acc_magnitude,9.83325
IMU,41.4041,acc_magnitude,9.83325
IMU,41.4142,acc_magnitude,9.77511
IMU,41.4235,acc_magnitude,9.77511
IMU,41.4337,acc_magnitude,9.64127
IMU,41.4436,acc_magnitude,9.64127
IMU,41.454,acc_magnitude,9.64127
IMU,41.4638,acc_magnitude,9.57366
IMU,41.4734,acc_magnitude,9.57366
IMU,41.484,acc_magnitude,9.53035
IMU,41.4935,acc_magnitude,9.53035
IMU,41.5041,acc_magnitude,9.53035
IMU,41.5138,acc_magnitude,9.77504
IMU,41.5235,acc_magnitude,9.77504
IMU,41.5339,acc_magnitude,9.77504
IMU,41.5438,acc_magnitude,9.77504
IMU,41.5535,acc_magnitude,9.70812
IMU,41.5649,acc_magnitude,9.70812
IMU,41.5735,acc_magnitude,9.70812
IMU,41.5836,acc_magnitude,9.57368
IMU,41.5937,acc_magnitude,9.57368
IMU,41.6036,acc_magnitude,9.50142
IMU,41.6147,acc_magnitude,9.50142
IMU,41.6234,acc_magnitude,9.54926
IMU,41.6339,acc_magnitude,9.54926
IMU,41.6435,acc_magnitude,9.64039
IMU,41.6538,acc_magnitude,9.64039
IMU,41.6653,acc_magnitude,9.78505
IMU,41.6735,acc_magnitude,9.78505
IMU,41.684,acc_magnitude,9.78505
IMU,41.6935,acc_magnitude,9.70795
IMU,41.7039,acc_magnitude,9.70795
IMU,41.7159,acc_magnitude,9.53011
IMU,41.7235,acc_magnitude,9.53011
IMU,41.7335,acc_magnitude,9.45831
IMU,41.7435,acc_magnitude,9.45831
IMU,41.7542,acc_magnitude,9.45831
IMU,41.7638,acc_magnitude,9.57387
IMU,41.7736,acc_magnitude,9.57387
IMU,41.7853,acc_magnitude,9.57387
IMU,41.7935,acc_magnitude,9.57387
IMU,41.8045,acc_magnitude,9.80398
IMU,41.8143,acc_magnitude,9.80398
IMU,41.8246,acc_magnitude,9.79001
IMU,41.8338,acc_magnitude,9.79001
IMU,41.8436,acc_magnitude,9.5887
IMU,41.8539,acc_magnitude,9.5887
IMU,41.8646,acc_magnitude,9.5887
IMU,41.8739,acc_magnitude,9.5887
IMU,41.8835,acc_magnitude,9.52515
IMU,41.8936,acc_magnitude,9.52515
IMU,41.9038,acc_magnitude,9.57831
IMU,41.9161,acc_magnitude,9.57831
IMU,41.9236,acc_magnitude,9.69402
IMU,41.9338,acc_magnitude,9.69402
IMU,41.9435,acc_magnitude,9.69402
IMU,41.9545,acc_magnitude,9.69402
IMU,41.9666,acc_magnitude,9.77124
IMU,41.9739,acc_magnitude,9.77124
IMU,44.1738,acc_magnitude,10.1577
IMU,44.184,acc_magnitude,10.1577
IMU,44.1947,acc_magnitude,10.9008
IMU,44.2059,acc_magnitude,8.57127
IMU,44.2161,acc_magnitude,8.57127
IMU,44.2235,acc_magnitude,8.10923
IMU,44.2338,acc_magnitude,8.10923
IMU,44.2438,acc_magnitude,10.0025
IMU,44.2557,acc_magnitude,10.0025
IMU,44.2637,acc_magnitude,10.0025
IMU,44.2736,acc_magnitude,10.0025
IMU,44.2838,acc_magnitude,10.342
IMU,44.294,acc_magnitude,10.342
IMU,44.3036,acc_magnitude,9.81725
IMU,44.3143,acc_magnitude,9.81725
IMU,44.3234,acc_magnitude,9.46383
IMU,44.3339,acc_magnitude,9.46383
IMU,44.3437,acc_magnitude,11.6837
IMU,44.3541,acc_magnitude,11.6837
IMU,44.3642,acc_magnitude,11.6837
IMU,44.3734,acc_magnitude,11.8041
IMU,44.3838,acc_magnitude,11.8041
IMU,44.3938,acc_magnitude,5.84411
IMU,44.4038,acc_magnitude,9.96832
IMU,44.4153,acc_magnitude,9.96832
IMU,44.4236,acc_magnitude,9.29078
IMU,44.4337,acc_magnitude,9.29078
IMU,44.4436,acc_magnitude,8.93109
IMU,44.4544,acc_magnitude,8.93109
IMU,44.4637,acc_magnitude,5.78544
IMU,44.4737,acc_magnitude,5.78544
IMU,44.4839,acc_magnitude,7.73664
IMU,44.4938,acc_magnitude,7.73664
IMU,44.5039,acc_magnitude,9.52863
IMU,44.5143,acc_magnitude,9.52863
IMU,44.5237,acc_magnitude,14.4932
IMU,44.5341,acc_magnitude,14.4932
IMU,44.5438,acc_magnitude,14.4932
IMU,44.5541,acc_magnitude,11.1868
IMU,44.564,acc_magnitude,7.78709
IMU,44.5736,acc_magnitude,7.78709
IMU,44.5837,acc_magnitude,13.7921
IMU,44.5939,acc_magnitude,13.7921
IMU,44.606,acc_magnitude,11.7597
IMU,44.6149,acc_magnitude,11.7597
IMU,44.6235,acc_magnitude,13.8059
IMU,44.635,acc_magnitude,13.8059
IMU,44.6436,acc_magnitude,13.8059
IMU,44.6546,acc_magnitude,13.8059
IMU,44.6636,acc_magnitude,4.85919
IMU,44.674,acc_magnitude,4.85919
IMU,44.6836,acc_magnitude,15.9786
IMU,44.6935,acc_magnitude,15.9786
IMU,44.7038,acc_magnitude,8.65325
IMU,44.7141,acc_magnitude,8.65325
IMU,44.7234,acc_magnitude,6.52642
IMU,44.7338,acc_magnitude,6.52642
IMU,44.7438,acc_magnitude,16.8899
IMU,44.7546,acc_magnitude,16.8899
IMU,44.7638,acc_magnitude,5.86692
IMU,44.7735,acc_magnitude,5.86692
IMU,44.7838,acc_magnitude,12.3261
IMU,44.794,acc_magnitude,12.3261
IMU,44.8035,acc_magnitude,9.18716
IMU,44.8136,acc_magnitude,9.18716
IMU,44.8235,acc_magnitude,9.18716
IMU,44.8335,acc_magnitude,9.18716
IMU,44.8438,acc_magnitude,9.4592
IMU,44.8556,acc_magnitude,9.4592
IMU,44.8641,acc_magnitude,9.92759
IMU,44.8737,acc_magnitude,9.92759
IMU,44.8837,acc_magnitude,9.92759
IMU,44.8938,acc_magnitude,10.742
IMU,44.9048,acc_magnitude,18.9231
IMU,44.9137,acc_magnitude,18.9231
IMU,44.9237,acc_magnitude,9.66737
IMU,44.9361,acc_magnitude,9.66737
IMU,44.9435,acc_magnitude,7.81258
IMU,44.9539,acc_magnitude,7.81258
IMU,44.9639,acc_magnitude,10.0367
IMU,44.9735,acc_magnitude,10.0367
IMU,44.9842,acc_magnitude,9.54098
IMU,44.9936,acc_magnitude,9.54098
IMU,45.0051,acc_magnitude,11.2107
IMU,45.0168,acc_magnitude,11.2107
IMU,45.0235,acc_magnitude,8.34465
IMU,45.0344,acc_magnitude,8.34465
IMU,45.0436,acc_magnitude,8.34465
IMU,45.0538,acc_magnitude,10.5884
IMU,45.0644,acc_magnitude,10.5884
IMU,45.0736,acc_magnitude,10.5884
IMU,45.0836,acc_magnitude,8.67268
IMU,45.0938,acc_magnitude,10.3129
IMU,45.1045,acc_magnitude,10.3129
IMU,45.1162,acc_magnitude,9.50444
IMU,45.1236,acc_magnitude,8.91984
IMU,45.1335,acc_magnitude,8.91984
IMU,45.1439,acc_magnitude,8.91984
IMU,45.1542,acc_magnitude,13.2597
IMU,45.1645,acc_magnitude,8.9019
IMU,45.1745,acc_magnitude,8.9019
IMU,45.1836,acc_magnitude,9.47453
IMU,45.1939,acc_magnitude,9.47453
IMU,45.2055,acc_magnitude,9.66056
IMU,45.2164,acc_magnitude,9.66056
IMU,45.2234,acc_magnitude,9.27904
IMU,45.234,acc_magnitude,9.27904
IMU,45.2436,acc_magnitude,14.1217
IMU,45.2596,acc_magnitude,14.1217
IMU,45.2643,acc_magnitude,14.1217
IMU,45.2735,acc_magnitude,16.0397
IMU,45.2837,acc_magnitude,15.3034
IMU,45.294,acc_magnitude,15.3034
IMU,45.3052,acc_magnitude,15.3034
IMU,45.3143,acc_magnitude,15.3034
IMU,47.6238,acc_magnitude,15.2059
IMU,47.6342,acc_magnitude,15.2059
IMU,47.6441,acc_magnitude,15.2059
IMU,47.6543,acc_magnitude,15.2059
IMU,47.6706,acc_magnitude,8.26592
IMU,47.6736,acc_magnitude,8.26592
IMU,47.6835,acc_magnitude,8.26592
IMU,47.6954,acc_magnitude,8.26592
IMU,47.7064,acc_magnitude,8.37144
IMU,47.715,acc_magnitude,8.37144
IMU,47.7254,acc_magnitude,8.57134
IMU,47.7341,acc_magnitude,8.57134
IMU,47.7436,acc_magnitude,8.16434
IMU,47.7543,acc_magnitude,8.16434
IMU,47.7642,acc_magnitude,8.16434
IMU,47.7738,acc_magnitude,8.16434
IMU,47.7852,acc_magnitude,10.1813
IMU,47.7945,acc_magnitude,10.1813
IMU,47.8043,acc_magnitude,10.1813
IMU,47.8154,acc_magnitude,10.4469
IMU,47.8244,acc_magnitude,10.4469
IMU,47.834,acc_magnitude,10.975
IMU,47.8438,acc_magnitude,9.65617
IMU,47.8542,acc_magnitude,9.65617
IMU,47.8645,acc_magnitude,10.5928
IMU,47.8761,acc_magnitude,10.5928
IMU,47.8835,acc_magnitude,8.48285
IMU,47.8941,acc_magnitude,8.48285
IMU,47.9046,acc_magnitude,10.1316
IMU,47.9145,acc_magnitude,10.1316
IMU,47.9242,acc_magnitude,6.10777
IMU,47.9337,acc_magnitude,6.10777
IMU,47.9436,acc_magnitude,6.10777
IMU,47.9537,acc_magnitude,6.31597
IMU,47.9673,acc_magnitude,6.31597
IMU,47.9735,acc_magnitude,11.9348
IMU,47.9838,acc_magnitude,11.9348
IMU,47.9937,acc_magnitude,11.9348
IMU,48.0036,acc_magnitude,9.88829
IMU,48.0138,acc_magnitude,9.88829
IMU,48.0236,acc_magnitude,12.1813
IMU,48.0337,acc_magnitude,12.1813
IMU,48.0439,acc_magnitude,12.1813
IMU,48.054,acc_magnitude,12.1813
IMU,48.0669,acc_magnitude,10.3865
IMU,48.0756,acc_magnitude,10.3865
IMU,48.0834,acc_magnitude,9.53621
IMU,48.0941,acc_magnitude,9.53621
IMU,48.1037,acc_magnitude,9.53621
IMU,48.1166,acc_magnitude,9.53621
IMU,48.1242,acc_magnitude,9.71689
IMU,48.1339,acc_magnitude,9.71689
IMU,48.1438,acc_magnitude,9.08505
IMU,48.1546,acc_magnitude,9.08505
IMU,48.1666,acc_magnitude,9.30019
IMU,48.1753,acc_magnitude,9.30019
IMU,48.1835,acc_magnitude,9.30019
IMU,48.1937,acc_magnitude,9.30019
IMU,48.2035,acc_magnitude,9.63376
IMU,48.2142,acc_magnitude,9.63376
IMU,48.2247,acc_magnitude,9.63376
IMU,48.234,acc_magnitude,9.63376
IMU,48.2447,acc_magnitude,9.99572
IMU,48.2545,acc_magnitude,9.99572
IMU,48.2673,acc_magnitude,9.91369
IMU,48.2758,acc_magnitude,9.91369
IMU,48.2838,acc_magnitude,9.70779
IMU,48.2941,acc_magnitude,9.70779
IMU,48.3036,acc_magnitude,9.68587
IMU,48.3165,acc_magnitude,9.68587
IMU,48.3236,acc_magnitude,9.38751
IMU,48.3336,acc_magnitude,9.38751
IMU,48.3438,acc_magnitude,9.38751
IMU,48.3536,acc_magnitude,9.38751
IMU,48.368,acc_magnitude,9.51309
IMU,48.3739,acc_magnitude,9.51309
IMU,48.3842,acc_magnitude,9.63171
IMU,48.3945,acc_magnitude,9.63171
IMU,48.4043,acc_magnitude,9.63171
IMU,48.4153,acc_magnitude,9.63171
IMU,48.424,acc_magnitude,9.87203
IMU,48.4377,acc_magnitude,9.87203
IMU,48.4437,acc_magnitude,9.80479
IMU,48.4553,acc_magnitude,9.80479
IMU,48.4666,acc_magnitude,9.6162
IMU,48.4757,acc_magnitude,9.6162
IMU,48.4836,acc_magnitude,9.41014
IMU,48.4939,acc_magnitude,9.41014
IMU,48.5043,acc_magnitude,9.43456
IMU,48.5169,acc_magnitude,9.43456
IMU,48.5239,acc_magnitude,9.43456
IMU,48.534,acc_magnitude,9.43456
IMU,48.544,acc_magnitude,9.72751
IMU,48.554,acc_magnitude,9.72751
IMU,48.5648,acc_magnitude,9.85351
IMU,48.575,acc_magnitude,9.85351
IMU,48.5837,acc_magnitude,9.91005
IMU,48.5935,acc_magnitude,9.91005
IMU,48.6099,acc_magnitude,9.82871
IMU,48.6184,acc_magnitude,9.82871
IMU,48.6238,acc_magnitude,9.61297
IMU,48.6351,acc_magnitude,9.61297
IMU,48.6436,acc_magnitude,9.4542
IMU,48.654,acc_magnitude,9.4542
IMU,48.6697,acc_magnitude,9.39605
IMU,48.6742,acc_magnitude,9.39605
IMU,48.6843,acc_magnitude,9.39605
IMU,48.6941,acc_magnitude,9.46337
IMU,48.7055,acc_magnitude,9.46337
IMU,48.7154,acc_magnitude,9.46337
IMU,48.7238,acc_magnitude,9.82903
IMU,48.7341,acc_magnitude,9.82903
IMU,48.7438,acc_magnitude,9.95396
IMU,48.7544,acc_magnitude,9.95396
IMU,52.4544,acc_magnitude,11.9745
IMU,52.4692,acc_magnitude,11.8301
IMU,52.4784,acc_magnitude,11.8301
IMU,52.4841,acc_magnitude,11.8301
IMU,52.4944,acc_magnitude,11.8301
IMU,52.5044,acc_magnitude,11.8301
IMU,52.5185,acc_magnitude,9.20342
IMU,52.5239,acc_magnitude,9.20342
IMU,52.5344,acc_magnitude,13.8795
IMU,52.5436,acc_magnitude,13.8795
IMU,52.5548,acc_magnitude,11.0415
IMU,52.5679,acc_magnitude,11.0415
IMU,52.5743,acc_magnitude,12.1737
IMU,52.5848,acc_magnitude,12.1737
IMU,52.5936,acc_magnitude,13.4447
IMU,52.6041,acc_magnitude,13.4447
IMU,52.615,acc_magnitude,13.4447
IMU,52.6237,acc_magnitude,5.60749
IMU,52.6337,acc_magnitude,8.1958
IMU,52.644,acc_magnitude,8.1958
IMU,52.6538,acc_magnitude,14.2544
IMU,52.6647,acc_magnitude,14.2544
IMU,52.6742,acc_magnitude,3.10975
IMU,52.6842,acc_magnitude,3.10975
IMU,52.6936,acc_magnitude,12.388
IMU,52.704,acc_magnitude,10.3673
IMU,52.7157,acc_magnitude,10.3673
IMU,52.7239,acc_magnitude,8.98038
IMU,52.734,acc_magnitude,8.98038
IMU,52.7437,acc_magnitude,8.98038
IMU,52.754,acc_magnitude,11.13
IMU,52.7661,acc_magnitude,8.90432
IMU,52.777,acc_magnitude,8.90432
IMU,52.785,acc_magnitude,8.90432
IMU,52.7938,acc_magnitude,9.57518
IMU,52.8037,acc_magnitude,9.57518
IMU,52.8156,acc_magnitude,11.5066
IMU,52.8245,acc_magnitude,11.5066
IMU,52.834,acc_magnitude,11.3983
IMU,52.8439,acc_magnitude,11.3983
IMU,52.8561,acc_magnitude,11.3983
IMU,52.8657,acc_magnitude,8.77565
IMU,52.8747,acc_magnitude,8.77565
IMU,52.8835,acc_magnitude,8.77565
IMU,52.8956,acc_magnitude,8.77565
IMU,52.9052,acc_magnitude,8.77565
IMU,52.9143,acc_magnitude,8.29601
IMU,52.9234,acc_magnitude,8.29601
IMU,52.9341,acc_magnitude,9.79297
IMU,52.9445,acc_magnitude,9.79297
IMU,52.9558,acc_magnitude,9.31669
IMU,52.9657,acc_magnitude,9.31669
IMU,52.9744,acc_magnitude,8.51816
IMU,52.9836,acc_magnitude,12.059
IMU,52.9936,acc_magnitude,12.059
IMU,53.0046,acc_magnitude,10.2951
IMU,53.017,acc_magnitude,10.2951
IMU,53.0269,acc_magnitude,10.2951
IMU,53.0344,acc_magnitude,10.7382
IMU,53.0439,acc_magnitude,10.7382
IMU,53.0539,acc_magnitude,9.50955
IMU,53.0649,acc_magnitude,9.50955
IMU,53.0741,acc_magnitude,16.4417
IMU,53.0837,acc_magnitude,16.4417
IMU,53.0937,acc_magnitude,16.4417
IMU,53.1048,acc_magnitude,7.02442
IMU,53.1161,acc_magnitude,7.02442
IMU,53.1264,acc_magnitude,7.02442
IMU,53.1334,acc_magnitude,10.4389
IMU,53.1447,acc_magnitude,10.4389
IMU,53.1535,acc_magnitude,10.4389
IMU,53.1661,acc_magnitude,11.5853
IMU,53.174,acc_magnitude,11.6239
IMU,53.1846,acc_magnitude,11.6239
IMU,53.1935,acc_magnitude,12.3796
IMU,53.2043,acc_magnitude,12.3796
IMU,53.2175,acc_magnitude,9.76164
IMU,53.2257,acc_magnitude,9.76164
IMU,53.234,acc_magnitude,10.5918
IMU,53.2438,acc_magnitude,10.5918
IMU,53.2535,acc_magnitude,9.99303
IMU,53.2638,acc_magnitude,13.1711
IMU,53.2764,acc_magnitude,13.1711
IMU,53.2843,acc_magnitude,8.84126
IMU,53.2935,acc_magnitude,8.84126
IMU,53.3049,acc_magnitude,12.069
IMU,53.3139,acc_magnitude,12.069
IMU,53.3241,acc_magnitude,12.069
IMU,53.3336,acc_magnitude,8.22927
IMU,53.3436,acc_magnitude,8.22927
IMU,53.3535,acc_magnitude,10.412
IMU,53.3653,acc_magnitude,10.412
IMU,53.3772,acc_magnitude,8.4519
IMU,53.3862,acc_magnitude,8.4519
IMU,53.3955,acc_magnitude,6.44871
IMU,53.4035,acc_magnitude,6.44871
IMU,53.4146,acc_magnitude,6.52494
IMU,53.4241,acc_magnitude,6.56829
IMU,53.4373,acc_magnitude,6.56829
IMU,53.4436,acc_magnitude,8.87931
IMU,53.4545,acc_magnitude,8.87931
IMU,53.4639,acc_magnitude,8.87931
IMU,53.4756,acc_magnitude,7.80848
IMU,53.4836,acc_magnitude,7.80848
IMU,53.4938,acc_magnitude,9.3185
IMU,53.5035,acc_magnitude,9.3185
IMU,53.5152,acc_magnitude,8.03166
IMU,53.5247,acc_magnitude,8.03166
IMU,53.5336,acc_magnitude,8.03166
IMU,53.5437,acc_magnitude,9.78626
IMU,53.5543,acc_magnitude,9.78626
IMU,53.5636,acc_magnitude,9.73822
IMU,53.5748,acc_magnitude,9.73822
IMU,53.5846,acc_magnitude,9.73822
IMU,56.4641,acc_magnitude,9.99759
IMU,56.4746,acc_magnitude,9.99759
IMU,56.4851,acc_magnitude,9.31727
IMU,56.4939,acc_magnitude,9.31727
IMU,56.5047,acc_magnitude,12.2549
IMU,56.514,acc_magnitude,12.2549
IMU,56.524,acc_magnitude,15.0693
IMU,56.5338,acc_magnitude,15.0693
IMU,56.5449,acc_magnitude,15.7128
IMU,56.5541,acc_magnitude,11.1291
IMU,56.564,acc_magnitude,11.1291
IMU,56.5752,acc_magnitude,11.1291
IMU,56.5837,acc_magnitude,16.0562
IMU,56.5939,acc_magnitude,16.0562
IMU,56.6039,acc_magnitude,14.6516
IMU,56.6169,acc_magnitude,15.0206
IMU,56.624,acc_magnitude,15.0206
IMU,56.6342,acc_magnitude,15.0125
IMU,56.6439,acc_magnitude,15.0125
IMU,56.6541,acc_magnitude,13.4913
IMU,56.6659,acc_magnitude,13.4913
IMU,56.6752,acc_magnitude,13.4913
IMU,56.6838,acc_magnitude,23.0917
IMU,56.6944,acc_magnitude,10.3509
IMU,56.704,acc_magnitude,10.3509
IMU,56.7156,acc_magnitude,8.15057
IMU,56.7268,acc_magnitude,8.15057
IMU,56.737,acc_magnitude,8.15057
IMU,56.7436,acc_magnitude,10.7308
IMU,56.7535,acc_magnitude,10.7308
IMU,56.7658,acc_magnitude,10.1459
IMU,56.7758,acc_magnitude,10.1459
IMU,56.7842,acc_magnitude,8.12944
IMU,56.7937,acc_magnitude,8.12944
IMU,56.8035,acc_magnitude,11.2216
IMU,56.8166,acc_magnitude,11.2216
IMU,56.8248,acc_magnitude,10.3333
IMU,56.8343,acc_magnitude,10.3333
IMU,56.8435,acc_magnitude,7.10507
IMU,56.8539,acc_magnitude,7.10507
IMU,56.8683,acc_magnitude,7.10507
IMU,56.8739,acc_magnitude,7.10507
IMU,56.8837,acc_magnitude,8.92422
IMU,56.8963,acc_magnitude,8.92422
IMU,56.9065,acc_magnitude,16.3673
IMU,56.9141,acc_magnitude,16.3673
IMU,56.9237,acc_magnitude,4.35128
IMU,56.9341,acc_magnitude,4.35128
IMU,56.9446,acc_magnitude,11.2336
IMU,56.9536,acc_magnitude,11.2336
IMU,56.9644,acc_magnitude,9.27255
IMU,56.9781,acc_magnitude,9.27255
IMU,56.9861,acc_magnitude,10.3612
IMU,56.9937,acc_magnitude,10.3612
IMU,57.0038,acc_magnitude,11.8921
IMU,57.0188,acc_magnitude,8.65274
IMU,57.0249,acc_magnitude,8.65274
IMU,57.0336,acc_magnitude,8.65274
IMU,57.0437,acc_magnitude,9.32961
IMU,57.054,acc_magnitude,9.32961
IMU,57.0637,acc_magnitude,9.1045
IMU,57.0752,acc_magnitude,9.1045
IMU,57.0835,acc_magnitude,12.0878
IMU,57.0938,acc_magnitude,12.0878
IMU,57.104,acc_magnitude,7.73674
IMU,57.1165,acc_magnitude,7.73674
IMU,57.1248,acc_magnitude,8.22717
IMU,57.1341,acc_magnitude,8.22717
IMU,57.1447,acc_magnitude,7.83098
IMU,57.1537,acc_magnitude,11.8466
IMU,57.1656,acc_magnitude,11.8466
IMU,57.175,acc_magnitude,7.18755
IMU,57.1853,acc_magnitude,7.18755
IMU,57.1953,acc_magnitude,7.18755
IMU,57.2041,acc_magnitude,9.50777
IMU,57.2136,acc_magnitude,9.50777
IMU,57.226,acc_magnitude,5.09698
IMU,57.2335,acc_magnitude,5.09698
IMU,57.2473,acc_magnitude,11.2572
IMU,57.2535,acc_magnitude,11.2572
IMU,57.2655,acc_magnitude,11.2572
IMU,57.2801,acc_magnitude,9.58056
IMU,57.284,acc_magnitude,9.88026
IMU,57.2937,acc_magnitude,9.88026
IMU,57.3035,acc_magnitude,7.27713
IMU,57.3148,acc_magnitude,7.27713
IMU,57.3313,acc_magnitude,7.27713
IMU,57.3369,acc_magnitude,7.27713
IMU,57.3438,acc_magnitude,7.27713
IMU,57.3536,acc_magnitude,7.27713
IMU,57.3637,acc_magnitude,9.63887
IMU,57.3767,acc_magnitude,9.63887
IMU,57.3838,acc_magnitude,12.3381
IMU,57.3937,acc_magnitude,6.09585
IMU,57.4037,acc_magnitude,6.09585
IMU,57.4137,acc_magnitude,6.09585
IMU,57.4259,acc_magnitude,7.99335
IMU,57.4346,acc_magnitude,7.99335
IMU,57.4436,acc_magnitude,5.66257
IMU,57.4538,acc_magnitude,5.66257
IMU,57.4641,acc_magnitude,9.86833
IMU,57.4782,acc_magnitude,9.86833
IMU,57.4843,acc_magnitude,10.5356
IMU,57.4935,acc_magnitude,10.5356
IMU,57.5035,acc_magnitude,4.98027
IMU,57.5139,acc_magnitude,4.98027
IMU,57.53,acc_magnitude,13.5962
IMU,57.5336,acc_magnitude,8.96359
IMU,57.5453,acc_magnitude,8.96359
IMU,57.5548,acc_magnitude,8.96359
IMU,57.5713,acc_magnitude,10.8904
IMU,57.5745,acc_magnitude,10.8904
IMU,57.5888,acc_magnitude,6.52769
IMU,57.594,acc_magnitude,6.52769
IMU,57.6036,acc_magnitude,15.0846
IMU,57.6145,acc_magnitude,15.0846
IMU,59.2858,acc_magnitude,6.10485
IMU,59.2934,acc_magnitude,6.10485
IMU,59.3037,acc_magnitude,7.30592
IMU,59.3138,acc_magnitude,7.30592
IMU,59.325,acc_magnitude,11.7214
IMU,59.3339,acc_magnitude,11.7214
IMU,59.3436,acc_magnitude,10.3242
IMU,59.3543,acc_magnitude,10.3242
IMU,59.3644,acc_magnitude,9.35457
IMU,59.3755,acc_magnitude,9.35457
IMU,59.3838,acc_magnitude,14.7608
IMU,59.4012,acc_magnitude,14.7608
IMU,59.4049,acc_magnitude,11.6122
IMU,59.4138,acc_magnitude,9.19349
IMU,59.4247,acc_magnitude,9.19349
IMU,59.4387,acc_magnitude,9.66684
IMU,59.4455,acc_magnitude,9.66684
IMU,59.4549,acc_magnitude,9.66684
IMU,59.4655,acc_magnitude,11.6339
IMU,59.4755,acc_magnitude,11.6339
IMU,59.4844,acc_magnitude,11.0958
IMU,59.4934,acc_magnitude,11.0958
IMU,59.5035,acc_magnitude,10.1892
IMU,59.5138,acc_magnitude,10.1892
IMU,59.5305,acc_magnitude,11.4072
IMU,59.5368,acc_magnitude,11.4072
IMU,59.5436,acc_magnitude,9.59086
IMU,59.5541,acc_magnitude,4.81945
IMU,59.5643,acc_magnitude,4.81945
IMU,59.5756,acc_magnitude,4.81945
IMU,59.5861,acc_magnitude,10.5329
IMU,59.5941,acc_magnitude,10.5329
IMU,59.6057,acc_magnitude,8.36851
IMU,59.6141,acc_magnitude,8.36851
IMU,59.6283,acc_magnitude,11.2476
IMU,59.6369,acc_magnitude,8.20642
IMU,59.6435,acc_magnitude,8.20642
IMU,59.6535,acc_magnitude,8.20642
IMU,59.6638,acc_magnitude,10.5689
IMU,59.6773,acc_magnitude,10.5689
IMU,59.6846,acc_magnitude,10.7867
IMU,59.6936,acc_magnitude,10.7867
IMU,59.7035,acc_magnitude,10.7867
IMU,59.7156,acc_magnitude,9.80424
IMU,59.7275,acc_magnitude,9.71387
IMU,59.7337,acc_magnitude,9.71387
IMU,59.744,acc_magnitude,8.80727
IMU,59.7535,acc_magnitude,8.80727
IMU,59.7648,acc_magnitude,8.80727
IMU,59.7774,acc_magnitude,8.80727
IMU,59.786,acc_magnitude,11.0778
IMU,59.7935,acc_magnitude,11.0778
IMU,59.8076,acc_magnitude,11.0778
IMU,59.8136,acc_magnitude,11.0778
IMU,59.8236,acc_magnitude,7.58898
IMU,59.8351,acc_magnitude,7.58898
IMU,59.8467,acc_magnitude,7.91484
IMU,59.8539,acc_magnitude,7.91484
IMU,59.8637,acc_magnitude,8.90653
IMU,59.8758,acc_magnitude,8.90653
IMU,59.8843,acc_magnitude,7.35684
IMU,59.8935,acc_magnitude,7.35684
IMU,59.9039,acc_magnitude,7.92767
IMU,59.9138,acc_magnitude,7.92767
IMU,59.93,acc_magnitude,7.92767
IMU,59.936,acc_magnitude,9.57462
IMU,59.9435,acc_magnitude,9.57462
IMU,59.9538,acc_magnitude,9.57462
IMU,59.9652,acc_magnitude,9.95505
IMU,59.9753,acc_magnitude,9.95505
IMU,59.9843,acc_magnitude,9.80222
IMU,59.9934,acc_magnitude,9.80222
IMU,60.0039,acc_magnitude,9.30814
IMU,60.0167,acc_magnitude,9.30814
IMU,60.0257,acc_magnitude,9.4623
IMU,60.0342,acc_magnitude,9.4623
IMU,60.0442,acc_magnitude,9.32097
IMU,60.0553,acc_magnitude,9.32097
IMU,60.0641,acc_magnitude,5.33666
IMU,60.0761,acc_magnitude,5.33666
IMU,60.0879,acc_magnitude,13.443
IMU,60.0935,acc_magnitude,13.443
IMU,60.1037,acc_magnitude,9.15337
IMU,60.1139,acc_magnitude,9.15337
IMU,60.1237,acc_magnitude,11.2538
IMU,60.1339,acc_magnitude,11.2538
IMU,60.1437,acc_magnitude,11.0318
IMU,60.1539,acc_magnitude,10.2109
IMU,60.1638,acc_magnitude,10.2109
IMU,60.174,acc_magnitude,10.2109
IMU,60.1839,acc_magnitude,7.01267
IMU,60.1935,acc_magnitude,7.01267
IMU,60.2035,acc_magnitude,7.01267
IMU,60.2157,acc_magnitude,9.32218
IMU,60.2257,acc_magnitude,9.49318
IMU,60.2381,acc_magnitude,9.49318
IMU,60.2437,acc_magnitude,9.79625
IMU,60.2536,acc_magnitude,9.79625
IMU,60.2645,acc_magnitude,10.7516
IMU,60.2758,acc_magnitude,10.7516
IMU,60.2841,acc_magnitude,10.7516
IMU,60.2941,acc_magnitude,10.7516
IMU,60.3041,acc_magnitude,11.4726
IMU,60.3147,acc_magnitude,11.4726
IMU,60.3278,acc_magnitude,7.17983
IMU,60.3346,acc_magnitude,7.17983
IMU,60.3436,acc_magnitude,11.8038
IMU,60.3542,acc_magnitude,11.8038
IMU,60.3641,acc_magnitude,8.93152
IMU,60.3742,acc_magnitude,8.93152
IMU,60.3845,acc_magnitude,7.35817
IMU,60.3937,acc_magnitude,7.35817
IMU,60.4047,acc_magnitude,9.65384
IMU,60.415,acc_magnitude,9.65384
IMU,62.3252,acc_magnitude,9.87315
IMU,62.334,acc_magnitude,9.87315
IMU,62.3462,acc_magnitude,7.55623
IMU,62.3551,acc_magnitude,7.55623
IMU,62.3684,acc_magnitude,9.05471
IMU,62.3744,acc_magnitude,9.05471
IMU,62.3836,acc_magnitude,9.05849
IMU,62.3973,acc_magnitude,9.05849
IMU,62.4059,acc_magnitude,7.41112
IMU,62.4144,acc_magnitude,7.41112
IMU,62.4241,acc_magnitude,7.2535
IMU,62.4362,acc_magnitude,7.2535
IMU,62.4446,acc_magnitude,10.312
IMU,62.4552,acc_magnitude,10.312
IMU,62.4645,acc_magnitude,9.92696
IMU,62.4744,acc_magnitude,9.92696
IMU,62.4839,acc_magnitude,9.93871
IMU,62.4942,acc_magnitude,8.93104
IMU,62.5041,acc_magnitude,8.93104
IMU,62.5135,acc_magnitude,8.93104
IMU,62.5239,acc_magnitude,8.94543
IMU,62.5338,acc_magnitude,5.61441
IMU,62.544,acc_magnitude,5.61441
IMU,62.5588,acc_magnitude,5.61441
IMU,62.5639,acc_magnitude,5.87023
IMU,62.5739,acc_magnitude,5.87023
IMU,62.5835,acc_magnitude,4.16982
IMU,62.594,acc_magnitude,4.16982
IMU,62.6088,acc_magnitude,10.9014
IMU,62.6153,acc_magnitude,10.9014
IMU,62.6256,acc_magnitude,11.7052
IMU,62.6349,acc_magnitude,8.38082
IMU,62.646,acc_magnitude,8.38082
IMU,62.6541,acc_magnitude,8.38082
IMU,62.6656,acc_magnitude,8.23016
IMU,62.6755,acc_magnitude,10.8824
IMU,62.6838,acc_magnitude,10.8824
IMU,62.6938,acc_magnitude,10.8824
IMU,62.7043,acc_magnitude,10.5597
IMU,62.7134,acc_magnitude,10.5597
IMU,62.7246,acc_magnitude,10.5597
IMU,62.7397,acc_magnitude,10.5597
IMU,62.7446,acc_magnitude,10.5597
IMU,62.759,acc_magnitude,10.5597
IMU,62.7648,acc_magnitude,8.31492
IMU,62.7763,acc_magnitude,8.31492
IMU,62.7853,acc_magnitude,8.4917
IMU,62.7969,acc_magnitude,8.4917
IMU,62.8049,acc_magnitude,10.0814
IMU,62.817,acc_magnitude,5.78128
IMU,62.8242,acc_magnitude,5.78128
IMU,62.8353,acc_magnitude,5.78128
IMU,62.8457,acc_magnitude,7.91382
IMU,62.8617,acc_magnitude,7.91382
IMU,62.8639,acc_magnitude,8.84918
IMU,62.8774,acc_magnitude,9.66021
IMU,62.8843,acc_magnitude,9.66021
IMU,62.8945,acc_magnitude,9.66021
IMU,62.905,acc_magnitude,6.83838
IMU,62.9146,acc_magnitude,6.83838
IMU,62.9239,acc_magnitude,7.21088
IMU,62.9354,acc_magnitude,8.53306
IMU,62.9458,acc_magnitude,8.53306
IMU,62.9568,acc_magnitude,8.53306
IMU,62.9669,acc_magnitude,9.91034
IMU,62.974,acc_magnitude,9.91034
IMU,62.9865,acc_magnitude,9.64735
IMU,62.9957,acc_magnitude,12.4346
IMU,63.0072,acc_magnitude,12.4346
IMU,63.0138,acc_magnitude,8.52861
IMU,63.0252,acc_magnitude,8.52861
IMU,63.0357,acc_magnitude,8.52861
IMU,63.0504,acc_magnitude,9.95015
IMU,63.06,acc_magnitude,9.95015
IMU,63.0651,acc_magnitude,9.31232
IMU,63.0745,acc_magnitude,9.31232
IMU,63.0841,acc_magnitude,8.61805
IMU,63.0991,acc_magnitude,8.61805
IMU,63.1047,acc_magnitude,11.8329
IMU,63.116,acc_magnitude,11.8329
IMU,63.1264,acc_magnitude,10.8231
IMU,63.1336,acc_magnitude,10.8231
IMU,63.1454,acc_magnitude,9.44624
IMU,63.1588,acc_magnitude,9.44624
IMU,63.1656,acc_magnitude,10.9958
IMU,63.1735,acc_magnitude,10.9958
IMU,63.184,acc_magnitude,9.9404
IMU,63.1963,acc_magnitude,10.4548
IMU,63.2036,acc_magnitude,10.4548
IMU,63.218,acc_magnitude,10.4548
IMU,63.2236,acc_magnitude,9.53103
IMU,63.2478,acc_magnitude,9.53103
IMU,63.2557,acc_magnitude,11.1881
IMU,63.2653,acc_magnitude,6.47894
IMU,63.2757,acc_magnitude,6.47894
IMU,63.2838,acc_magnitude,4.67364
IMU,63.2945,acc_magnitude,4.67364
IMU,63.3041,acc_magnitude,19.2366
IMU,63.3146,acc_magnitude,4.89899
IMU,63.3245,acc_magnitude,4.89899
IMU,63.3341,acc_magnitude,4.89899
IMU,63.3447,acc_magnitude,10.1277
IMU,63.3543,acc_magnitude,10.1277
IMU,63.3664,acc_magnitude,10.2661
IMU,63.3738,acc_magnitude,10.2661
IMU,63.3841,acc_magnitude,8.72765
IMU,63.3944,acc_magnitude,8.72765
IMU,63.4041,acc_magnitude,10.5362
IMU,63.4146,acc_magnitude,10.5362
IMU,63.4249,acc_magnitude,11.6298
IMU,63.4373,acc_magnitude,11.6298
IMU,63.447,acc_magnitude,9.63451
IMU,63.455,acc_magnitude,9.63451
IMU,63.4657,acc_magnitude,15.922
IMU,63.4742,acc_magnitude,15.922
IMU,63.4865,acc_magnitude,6.98366
IMU,63.4936,acc_magnitude,6.98366
IMU,63.5039,acc_magnitude,8.77204
IMU,63.5141,acc_magnitude,8.77204
IMU,63.5239,acc_magnitude,10.9362
IMU,63.537,acc_magnitude,10.9362
IMU,63.5436,acc_magnitude,10.7739
IMU,65.6968,acc_magnitude,9.41137
IMU,65.7078,acc_magnitude,9.41137
IMU,65.7148,acc_magnitude,9.41137
IMU,65.7246,acc_magnitude,9.45825
IMU,65.7343,acc_magnitude,9.45825
IMU,65.7454,acc_magnitude,9.56862
IMU,65.7538,acc_magnitude,9.56862
IMU,65.766,acc_magnitude,9.69383
IMU,65.7738,acc_magnitude,9.69383
IMU,65.7842,acc_magnitude,9.69898
IMU,65.7948,acc_magnitude,23.8566
IMU,65.8044,acc_magnitude,23.8566
IMU,65.8141,acc_magnitude,9.00875
IMU,65.8238,acc_magnitude,9.00875
IMU,65.8341,acc_magnitude,11.4135
IMU,65.8437,acc_magnitude,11.4135
IMU,65.8535,acc_magnitude,11.4135
IMU,65.8639,acc_magnitude,11.2338
IMU,65.8759,acc_magnitude,11.2338
IMU,65.8837,acc_magnitude,11.2338
IMU,65.8944,acc_magnitude,7.11444
IMU,65.9034,acc_magnitude,7.11444
IMU,65.9141,acc_magnitude,13.2978
IMU,65.9235,acc_magnitude,13.2978
IMU,65.9361,acc_magnitude,10.2042
IMU,65.9461,acc_magnitude,9.79499
IMU,65.9542,acc_magnitude,9.79499
IMU,65.9638,acc_magnitude,9.79499
IMU,65.9737,acc_magnitude,9.79499
IMU,65.9843,acc_magnitude,11.725
IMU,65.9958,acc_magnitude,11.725
IMU,66.0037,acc_magnitude,9.89392
IMU,66.0144,acc_magnitude,9.89392
IMU,66.0244,acc_magnitude,8.31572
IMU,66.0356,acc_magnitude,8.31572
IMU,66.0438,acc_magnitude,8.59807
IMU,66.0537,acc_magnitude,8.59807
IMU,66.0635,acc_magnitude,10.859
IMU,66.0758,acc_magnitude,4.94267
IMU,66.0837,acc_magnitude,4.94267
IMU,66.0942,acc_magnitude,4.94267
IMU,66.1045,acc_magnitude,8.03313
IMU,66.114,acc_magnitude,8.03313
IMU,66.1235,acc_magnitude,11.4746
IMU,66.1341,acc_magnitude,5.83706
IMU,66.144,acc_magnitude,5.83706
IMU,66.1536,acc_magnitude,5.83706
IMU,66.1641,acc_magnitude,12.0435
IMU,66.1738,acc_magnitude,10.7543
IMU,66.1841,acc_magnitude,10.7543
IMU,66.1945,acc_magnitude,10.7543
IMU,66.2038,acc_magnitude,1.27232
IMU,66.2139,acc_magnitude,1.27232
IMU,66.2238,acc_magnitude,14.2118
IMU,66.2341,acc_magnitude,14.2118
IMU,66.2452,acc_magnitude,12.4318
IMU,66.2538,acc_magnitude,12.4318
IMU,66.2639,acc_magnitude,10.2833
IMU,66.2742,acc_magnitude,9.24897
IMU,66.2837,acc_magnitude,9.24897
IMU,66.2944,acc_magnitude,9.24897
IMU,66.3037,acc_magnitude,9.76651
IMU,66.3158,acc_magnitude,9.76651
IMU,66.3251,acc_magnitude,12.1212
IMU,66.3341,acc_magnitude,12.1212
IMU,66.3438,acc_magnitude,8.56516
IMU,66.3536,acc_magnitude,8.87381
IMU,66.3651,acc_magnitude,8.87381
IMU,66.3741,acc_magnitude,8.87381
IMU,66.3845,acc_magnitude,8.83918
IMU,66.394,acc_magnitude,8.83918
IMU,66.4048,acc_magnitude,11.9174
IMU,66.414,acc_magnitude,11.9174
IMU,66.4243,acc_magnitude,8.6763
IMU,66.4349,acc_magnitude,8.6763
IMU,66.4449,acc_magnitude,8.87367
IMU,66.4541,acc_magnitude,8.87367
IMU,66.4635,acc_magnitude,9.47396
IMU,66.4736,acc_magnitude,9.47396
IMU,66.4835,acc_magnitude,10.5601
IMU,66.4943,acc_magnitude,10.3246
IMU,66.5053,acc_magnitude,10.3246
IMU,66.5137,acc_magnitude,10.3246
IMU,66.5238,acc_magnitude,9.96396
IMU,66.5342,acc_magnitude,6.06629
IMU,66.5444,acc_magnitude,6.06629
IMU,66.5543,acc_magnitude,9.08054
IMU,66.5672,acc_magnitude,9.08054
IMU,66.5767,acc_magnitude,9.08054
IMU,66.5903,acc_magnitude,10.331
IMU,66.5982,acc_magnitude,10.331
IMU,66.6046,acc_magnitude,7.59176
IMU,66.6169,acc_magnitude,7.59176
IMU,66.6254,acc_magnitude,6.77839
IMU,66.6336,acc_magnitude,6.77839
IMU,66.6472,acc_magnitude,9.76059
IMU,66.6544,acc_magnitude,9.76059
IMU,66.6647,acc_magnitude,9.28971
IMU,66.6752,acc_magnitude,9.28971
IMU,66.6836,acc_magnitude,11.0494
IMU,66.6957,acc_magnitude,8.56067
IMU,66.7037,acc_magnitude,8.56067
IMU,66.7149,acc_magnitude,10.2418
IMU,66.7264,acc_magnitude,10.2418
IMU,66.7355,acc_magnitude,10.2418
IMU,66.7467,acc_magnitude,4.41437
IMU,66.7563,acc_magnitude,4.41437
IMU,66.7651,acc_magnitude,6.65087
IMU,66.7736,acc_magnitude,6.65087
IMU,66.784,acc_magnitude,9.56479
IMU,66.7941,acc_magnitude,9.56479
IMU,66.8041,acc_magnitude,11.1419
IMU,66.8174,acc_magnitude,11.1419
IMU,66.8237,acc_magnitude,6.2785
IMU,66.8337,acc_magnitude,6.2785
IMU,66.8438,acc_magnitude,6.2785
IMU,66.8541,acc_magnitude,6.2785
IMU,69.0034,acc_magnitude,7.75995
IMU,69.0134,acc_magnitude,7.62396
IMU,69.0235,acc_magnitude,7.62396
IMU,69.0335,acc_magnitude,8.76942
IMU,69.0434,acc_magnitude,8.76942
IMU,69.0534,acc_magnitude,8.76703
IMU,69.0636,acc_magnitude,8.76703
IMU,69.0746,acc_magnitude,9.12468
IMU,69.0836,acc_magnitude,9.12468
IMU,69.0934,acc_magnitude,9.03822
IMU,69.1035,acc_magnitude,9.03822
IMU,69.1137,acc_magnitude,9.34496
IMU,69.1235,acc_magnitude,9.34496
IMU,69.1335,acc_magnitude,10.0238
IMU,69.1434,acc_magnitude,10.0238
IMU,69.1535,acc_magnitude,10.665
IMU,69.1636,acc_magnitude,10.665
IMU,69.1735,acc_magnitude,10.665
IMU,69.1836,acc_magnitude,11.0429
IMU,69.1937,acc_magnitude,11.6768
IMU,69.2036,acc_magnitude,11.6768
IMU,69.2136,acc_magnitude,12.4047
IMU,69.2235,acc_magnitude,12.4047
IMU,69.2336,acc_magnitude,12.8752
IMU,69.2436,acc_magnitude,12.8752
IMU,69.2534,acc_magnitude,12.9127
IMU,69.2635,acc_magnitude,12.9127
IMU,69.2737,acc_magnitude,12.6746
IMU,69.2836,acc_magnitude,12.6746
IMU,69.2936,acc_magnitude,13.1631
IMU,69.3036,acc_magnitude,13.1631
IMU,69.3137,acc_magnitude,13.1631
IMU,69.3236,acc_magnitude,12.3285
IMU,69.3335,acc_magnitude,12.1156
IMU,69.3434,acc_magnitude,12.1156
IMU,69.3537,acc_magnitude,12.1156
IMU,69.3635,acc_magnitude,11.7174
IMU,69.3734,acc_magnitude,11.1714
IMU,69.3835,acc_magnitude,11.1714
IMU,69.3936,acc_magnitude,10.3664
IMU,69.4035,acc_magnitude,10.3664
IMU,69.4137,acc_magnitude,9.51992
IMU,69.4235,acc_magnitude,9.51992
IMU,69.4337,acc_magnitude,9.51992
IMU,69.4436,acc_magnitude,8.60539
IMU,69.4535,acc_magnitude,7.99618
IMU,69.4636,acc_magnitude,7.99618
IMU,69.4736,acc_magnitude,7.41012
IMU,69.4835,acc_magnitude,7.41012
IMU,69.4936,acc_magnitude,7.34362
IMU,69.5035,acc_magnitude,7.34362
IMU,69.5136,acc_magnitude,7.34362
IMU,69.5237,acc_magnitude,7.01517
IMU,69.5335,acc_magnitude,6.91725
IMU,69.5434,acc_magnitude,6.91725
IMU,69.5534,acc_magnitude,6.57469
IMU,69.5635,acc_magnitude,6.57469
IMU,69.5735,acc_magnitude,6.58534
IMU,69.5837,acc_magnitude,6.58534
IMU,69.5937,acc_magnitude,6.80779
IMU,69.6034,acc_magnitude,6.80779
IMU,69.6135,acc_magnitude,7.27547
IMU,69.6235,acc_magnitude,7.27547
IMU,69.6335,acc_magnitude,7.41408
IMU,69.6434,acc_magnitude,7.41408
IMU,69.6537,acc_magnitude,7.59597
IMU,69.6636,acc_magnitude,7.59597
IMU,69.6735,acc_magnitude,7.59597
IMU,69.6834,acc_magnitude,8.1148
IMU,69.6935,acc_magnitude,8.528
IMU,69.7034,acc_magnitude,8.528
IMU,69.7134,acc_magnitude,9.1896
IMU,69.7234,acc_magnitude,9.1896
IMU,69.7336,acc_magnitude,9.71607
IMU,69.7434,acc_magnitude,9.71607
IMU,69.7536,acc_magnitude,10.357
IMU,69.7634,acc_magnitude,10.357
IMU,69.7737,acc_magnitude,10.357
IMU,69.7834,acc_magnitude,10.6529
IMU,69.7936,acc_magnitude,10.6529
IMU,69.8038,acc_magnitude,11.1745
IMU,69.8143,acc_magnitude,11.0955
IMU,69.8235,acc_magnitude,11.0955
IMU,69.8335,acc_magnitude,11.0955
IMU,69.8435,acc_magnitude,10.7085
IMU,69.8537,acc_magnitude,10.424
IMU,69.8635,acc_magnitude,10.424
IMU,69.8744,acc_magnitude,10.346
IMU,69.8837,acc_magnitude,10.346
IMU,69.8934,acc_magnitude,10.5149
IMU,69.9036,acc_magnitude,10.5149
IMU,69.9135,acc_magnitude,10.1448
IMU,69.9236,acc_magnitude,10.1448
IMU,69.9337,acc_magnitude,10.0152
IMU,69.9436,acc_magnitude,10.0152
IMU,69.9536,acc_magnitude,9.988
IMU,69.9635,acc_magnitude,9.988
IMU,69.9735,acc_magnitude,9.82023
IMU,69.9834,acc_magnitude,9.82023
IMU,69.9935,acc_magnitude,9.82023
IMU,70.0036,acc_magnitude,9.38485
IMU,70.0135,acc_magnitude,8.77874
IMU,70.0236,acc_magnitude,8.77874
IMU,70.0335,acc_magnitude,8.35777
IMU,70.0434,acc_magnitude,8.35777
IMU,70.0534,acc_magnitude,7.86519
IMU,70.0635,acc_magnitude,7.86519
IMU,70.0738,acc_magnitude,7.86519
IMU,70.0834,acc_magnitude,8.13742
IMU,70.0934,acc_magnitude,7.80223
IMU,70.1035,acc_magnitude,7.80223
IMU,70.1136,acc_magnitude,7.94873
IMU,70.1234,acc_magnitude,7.94873
IMU,70.1334,acc_magnitude,8.00732
IMU,70.1436,acc_magnitude,8.00732
IMU,70.1534,acc_magnitude,8.4671
IMU,70.1636,acc_magnitude,8.4671
IMU,70.1737,acc_magnitude,8.54582
IMU,70.1834,acc_magnitude,8.54582
IMU,70.1934,acc_magnitude,9.01827
IMU,70.2036,acc_magnitude,9.01827
IMU,70.2134,acc_magnitude,9.30459
IMU,70.2235,acc_magnitude,9.30459
IMU,70.2336,acc_magnitude,9.35277
IMU,70.2435,acc_magnitude,9.35277
IMU,70.2534,acc_magnitude,9.35277
IMU,70.2636,acc_magnitude,9.25653
IMU,70.2739,acc_magnitude,9.00047
IMU,70.2835,acc_magnitude,9.00047
IMU,70.2934,acc_magnitude,8.96851
IMU,70.3034,acc_magnitude,8.96851
IMU,70.3134,acc_magnitude,9.04943
IMU,70.3236,acc_magnitude,9.04943
IMU,70.3335,acc_magnitude,9.01891
IMU,70.3435,acc_magnitude,9.01891
IMU,70.3536,acc_magnitude,9.17576
IMU,70.3635,acc_magnitude,9.17576
IMU,70.3736,acc_magnitude,9.24217
IMU,70.3835,acc_magnitude,9.24217
IMU,70.3937,acc_magnitude,9.24217
IMU,70.4034,acc_magnitude,9.15908
IMU,70.4135,acc_magnitude,9.15908
IMU,70.4237,acc_magnitude,9.00764
IMU,70.4334,acc_magnitude,8.74621
IMU,70.4434,acc_magnitude,8.74621
IMU,70.4534,acc_magnitude,8.70209
IMU,70.4634,acc_magnitude,8.70209
IMU,70.4738,acc_magnitude,8.99735
IMU,70.4835,acc_magnitude,8.99735
IMU,70.4937,acc_magnitude,9.04712
IMU,70.5035,acc_magnitude,9.04712
IMU,70.5135,acc_magnitude,8.88159
IMU,70.5236,acc_magnitude,8.88159
IMU,70.5335,acc_magnitude,8.75612
IMU,70.5434,acc_magnitude,8.75612
IMU,70.5534,acc_magnitude,9.31449
IMU,70.5636,acc_magnitude,9.31449
IMU,70.5734,acc_magnitude,8.76638
IMU,70.5835,acc_magnitude,8.76638
IMU,70.5935,acc_magnitude,8.49888
IMU,70.6035,acc_magnitude,8.49888
IMU,70.6135,acc_magnitude,8.07334
IMU,70.6235,acc_magnitude,8.07334
IMU,70.6334,acc_magnitude,8.07334
IMU,70.6435,acc_magnitude,7.76988
IMU,70.6537,acc_magnitude,7.32328
IMU,70.6635,acc_magnitude,7.32328
IMU,70.6734,acc_magnitude,7.32328
IMU,70.6836,acc_magnitude,7.05636
IMU,70.6936,acc_magnitude,6.81967
IMU,70.7035,acc_magnitude,6.81967
IMU,70.7135,acc_magnitude,6.31648
IMU,70.7234,acc_magnitude,6.31648
IMU,70.7334,acc_magnitude,6.01503
IMU,70.7434,acc_magnitude,6.01503
IMU,70.7534,acc_magnitude,6.0369
IMU,70.7635,acc_magnitude,6.0369
IMU,70.7735,acc_magnitude,6.63201
IMU,70.7835,acc_magnitude,6.63201
IMU,70.7936,acc_magnitude,7.68778
IMU,70.8036,acc_magnitude,7.68778
IMU,70.8137,acc_magnitude,7.68778
IMU,70.8235,acc_magnitude,8.17707
IMU,70.8335,acc_magnitude,7.86275
IMU,70.8437,acc_magnitude,7.86275
IMU,70.8534,acc_magnitude,7.78063
IMU,70.8635,acc_magnitude,7.78063
IMU,70.8741,acc_magnitude,7.9696
IMU,70.8834,acc_magnitude,7.9696
IMU,70.8938,acc_magnitude,8.24197
IMU,70.9035,acc_magnitude,8.24197
IMU,70.9135,acc_magnitude,7.70956
IMU,70.9234,acc_magnitude,7.70956
IMU,70.9339,acc_magnitude,7.64635
IMU,70.9442,acc_magnitude,7.64635
IMU,70.9544,acc_magnitude,7.64635
IMU,70.9635,acc_magnitude,8.37477
IMU,70.9734,acc_magnitude,8.76443
IMU,70.9835,acc_magnitude,8.76443
IMU,70.9934,acc_magnitude,8.6056
IMU,71.0036,acc_magnitude,8.6056
IMU,71.0137,acc_magnitude,9.04797
IMU,71.0235,acc_magnitude,9.04797
IMU,71.0336,acc_magnitude,9.04797
IMU,71.0436,acc_magnitude,8.9801
IMU,71.0535,acc_magnitude,8.86092
IMU,71.0636,acc_magnitude,8.86092
IMU,71.0736,acc_magnitude,9.33479
IMU,71.0835,acc_magnitude,9.33479
IMU,71.0934,acc_magnitude,9.86006
IMU,71.1036,acc_magnitude,9.86006
IMU,71.1135,acc_magnitude,10.5308
IMU,71.1236,acc_magnitude,10.5308
IMU,71.1334,acc_magnitude,10.7674
IMU,71.1434,acc_magnitude,10.7674
IMU,71.1535,acc_magnitude,11.3253
IMU,71.1637,acc_magnitude,11.3253
IMU,71.1737,acc_magnitude,11.7033
IMU,71.1836,acc_magnitude,11.7033
IMU,71.1935,acc_magnitude,11.4149
IMU,71.2036,acc_magnitude,11.4149
IMU,71.2135,acc_magnitude,11.3063
IMU,71.2236,acc_magnitude,11.3063
IMU,71.2337,acc_magnitude,11.3063
IMU,71.2435,acc_magnitude,11.7973
IMU,71.2536,acc_magnitude,12.1387
IMU,71.2635,acc_magnitude,12.1387
IMU,71.2741,acc_magnitude,12.1387
IMU,71.2835,acc_magnitude,12.1884
IMU,71.2935,acc_magnitude,12.1102
IMU,71.3035,acc_magnitude,12.1102
IMU,71.3138,acc_magnitude,12.4805
IMU,71.3238,acc_magnitude,12.4805
IMU,71.3336,acc_magnitude,12.0862
IMU,71.3435,acc_magnitude,12.0862
IMU,71.3534,acc_magnitude,12.5927
IMU,71.3637,acc_magnitude,12.5927
IMU,71.3737,acc_magnitude,11.958
IMU,71.3835,acc_magnitude,11.958
IMU,71.3935,acc_magnitude,12.3202
IMU,71.4035,acc_magnitude,12.3202
IMU,71.4137,acc_magnitude,12.3202
IMU,71.4237,acc_magnitude,12.0707
IMU,71.4538,acc_magnitude,17.6149
IMU,71.4635,acc_magnitude,17.6149
IMU,71.4738,acc_magnitude,16.3625
IMU,71.4835,acc_magnitude,16.3625
IMU,71.4937,acc_magnitude,16.3625
IMU,71.5037,acc_magnitude,11.5583
IMU,71.5135,acc_magnitude,8.45333
IMU,71.5236,acc_magnitude,8.45333
IMU,71.5335,acc_magnitude,10.5145
IMU,71.5436,acc_magnitude,10.5145
IMU,71.5535,acc_magnitude,10.8333
IMU,71.5634,acc_magnitude,10.8333
IMU,71.5737,acc_magnitude,10.8333
IMU,71.5835,acc_magnitude,20.7908
IMU,71.5934,acc_magnitude,20.7908
IMU,71.6034,acc_magnitude,9.65417
IMU,71.6137,acc_magnitude,7.28403
IMU,71.6234,acc_magnitude,7.28403
IMU,71.6335,acc_magnitude,16.0724
IMU,71.6437,acc_magnitude,16.0724
IMU,71.6535,acc_magnitude,16.0724
IMU,71.6634,acc_magnitude,3.44914
IMU,71.6737,acc_magnitude,7.98263
IMU,71.6837,acc_magnitude,7.98263
IMU,71.6934,acc_magnitude,7.66675
IMU,71.7034,acc_magnitude,7.66675
IMU,71.7136,acc_magnitude,7.66675
IMU,71.7237,acc_magnitude,11.8284
IMU,71.7334,acc_magnitude,9.67221
IMU,71.7434,acc_magnitude,9.67221
IMU,71.7535,acc_magnitude,9.3438
IMU,71.7635,acc_magnitude,9.3438
IMU,71.7738,acc_magnitude,11.1149
IMU,71.7851,acc_magnitude,11.1149
IMU,71.7935,acc_magnitude,10.0612
IMU,71.8035,acc_magnitude,10.0612
IMU,71.8135,acc_magnitude,10.0612
IMU,71.8235,acc_magnitude,9.58789
IMU,71.8338,acc_magnitude,9.58789
IMU,71.8434,acc_magnitude,6.95871
IMU,71.8534,acc_magnitude,8.8976
IMU,71.8634,acc_magnitude,8.8976
IMU,71.8735,acc_magnitude,10.0283
IMU,71.8835,acc_magnitude,10.0283
IMU,71.8934,acc_magnitude,10.2113
IMU,71.9035,acc_magnitude,10.2113
IMU,71.9136,acc_magnitude,9.53326
IMU,71.9236,acc_magnitude,9.53326
IMU,71.9337,acc_magnitude,9.53326
IMU,71.9437,acc_magnitude,9.31937
IMU,71.9535,acc_magnitude,9.89764
IMU,71.9636,acc_magnitude,9.89764
IMU,71.9734,acc_magnitude,10.8748
IMU,71.9834,acc_magnitude,10.8748
IMU,71.9934,acc_magnitude,8.80259
IMU,72.0035,acc_magnitude,8.80259
IMU,72.0135,acc_magnitude,10.0967
IMU,72.0235,acc_magnitude,10.0967
IMU,72.0334,acc_magnitude,10.2191
IMU,72.0434,acc_magnitude,10.2191
IMU,72.0535,acc_magnitude,10.2191
IMU,72.0635,acc_magnitude,7.03858
IMU,72.0738,acc_magnitude,7.03858
IMU,72.0835,acc_magnitude,15.0316
IMU,72.0934,acc_magnitude,15.0316
IMU,72.1039,acc_magnitude,10.3226
IMU,72.1134,acc_magnitude,7.86758
IMU,72.1235,acc_magnitude,7.86758
IMU,72.1335,acc_magnitude,7.86758
IMU,72.1437,acc_magnitude,8.41137
IMU,72.1536,acc_magnitude,8.41137
IMU,72.1636,acc_magnitude,12.3604
IMU,72.1735,acc_magnitude,12.3604
IMU,72.1837,acc_magnitude,10.2669
IMU,72.1935,acc_magnitude,11.4567
IMU,72.2035,acc_magnitude,11.4567
IMU,72.2134,acc_magnitude,11.4567
IMU,72.2236,acc_magnitude,9.46276
IMU,72.2335,acc_magnitude,7.0531
IMU,72.2437,acc_magnitude,7.0531
IMU,72.2538,acc_magnitude,7.0531
IMU,72.2634,acc_magnitude,11.3937
IMU,72.2736,acc_magnitude,8.8533
IMU,72.2834,acc_magnitude,8.8533
IMU,72.2935,acc_magnitude,9.83325
IMU,72.3035,acc_magnitude,9.83325
IMU,72.3135,acc_magnitude,9.75047
IMU,72.3235,acc_magnitude,9.75047
IMU,72.3334,acc_magnitude,9.78912
IMU,72.3435,acc_magnitude,9.78912
IMU,72.3534,acc_magnitude,9.43832
IMU,72.3635,acc_magnitude,9.43832
IMU,72.3738,acc_magnitude,9.70459
IMU,72.3834,acc_magnitude,9.70459
IMU,72.3936,acc_magnitude,9.64902
IMU,72.4034,acc_magnitude,9.64902
IMU,72.4135,acc_magnitude,9.79035
IMU,72.4235,acc_magnitude,9.79035
IMU,72.4336,acc_magnitude,9.79035
IMU,72.4435,acc_magnitude,9.52758
IMU,72.4534,acc_magnitude,9.67435
IMU,72.4642,acc_magnitude,9.67435
IMU,72.4736,acc_magnitude,9.60202
IMU,72.4835,acc_magnitude,9.60202
IMU,72.4935,acc_magnitude,9.60202
IMU,72.5034,acc_magnitude,9.57344
IMU,72.5134,acc_magnitude,9.82205
IMU,72.5235,acc_magnitude,9.82205
IMU,72.5338,acc_magnitude,9.64521
IMU,72.5434,acc_magnitude,9.64521
IMU,72.5538,acc_magnitude,9.64521
IMU,72.5634,acc_magnitude,9.61202
IMU,72.5737,acc_magnitude,9.60712
IMU,72.5834,acc_magnitude,9.60712
IMU,72.5939,acc_magnitude,9.60712
IMU,72.6035,acc_magnitude,9.6123
IMU,72.6135,acc_magnitude,9.78914
IMU,72.6234,acc_magnitude,9.78914
IMU,72.6335,acc_magnitude,9.5213
IMU,72.6436,acc_magnitude,9.5213
IMU,72.6534,acc_magnitude,9.7792
IMU,72.6635,acc_magnitude,9.7792
IMU,72.6735,acc_magnitude,9.52504
IMU,72.6835,acc_magnitude,9.52504
IMU,72.6934,acc_magnitude,9.5491
IMU,72.7034,acc_magnitude,9.5491
IMU,72.7138,acc_magnitude,10.6736
IMU,72.7235,acc_magnitude,10.6736
IMU,72.7336,acc_magnitude,9.25912
IMU,72.7434,acc_magnitude,9.25912
IMU,72.7534,acc_magnitude,9.25912
IMU,72.7634,acc_magnitude,9.90894
IMU,72.7734,acc_magnitude,9.377
IMU,72.7836,acc_magnitude,9.377
IMU,72.7935,acc_magnitude,9.76016
IMU,72.8037,acc_magnitude,9.76016
IMU,72.8141,acc_magnitude,9.55448
IMU,72.8234,acc_magnitude,9.55448
IMU,72.8338,acc_magnitude,9.61244
IMU,72.8435,acc_magnitude,9.61244
IMU,72.8535,acc_magnitude,9.79416
IMU,72.8634,acc_magnitude,9.79416
IMU,72.8738,acc_magnitude,9.57346
IMU,72.8835,acc_magnitude,9.57346
IMU,72.8934,acc_magnitude,9.66913
IMU,72.9036,acc_magnitude,9.66913
IMU,72.9136,acc_magnitude,9.65903
IMU,72.9234,acc_magnitude,9.65903
IMU,72.9336,acc_magnitude,9.65903
IMU,72.9436,acc_magnitude,9.52121
IMU,72.9535,acc_magnitude,9.66406
IMU,72.9635,acc_magnitude,9.66406
IMU,72.9736,acc_magnitude,9.63119
IMU,72.9834,acc_magnitude,9.63119
IMU,72.9936,acc_magnitude,9.43004
IMU,73.0034,acc_magnitude,9.43004
IMU,73.0135,acc_magnitude,9.84602
IMU,73.0236,acc_magnitude,9.84602
IMU,73.0335,acc_magnitude,9.51113
IMU,73.0434,acc_magnitude,9.51113
IMU,73.0534,acc_magnitude,9.77401
IMU,73.0634,acc_magnitude,9.77401
IMU,73.074,acc_magnitude,9.6162
IMU,73.0835,acc_magnitude,9.6162
IMU,73.0934,acc_magnitude,9.66918
IMU,73.1035,acc_magnitude,9.66918
IMU,73.1136,acc_magnitude,9.69805
IMU,73.1234,acc_magnitude,9.69805
IMU,73.1335,acc_magnitude,9.69805
IMU,73.1436,acc_magnitude,9.5451
IMU,73.1538,acc_magnitude,9.5451
IMU,73.1634,acc_magnitude,9.7313
IMU,73.1736,acc_magnitude,9.7313
IMU,73.1834,acc_magnitude,9.7035
IMU,73.1936,acc_magnitude,9.48207
IMU,73.2036,acc_magnitude,9.48207
IMU,73.2138,acc_magnitude,9.83229
IMU,73.2235,acc_magnitude,9.83229
IMU,73.2335,acc_magnitude,9.57803
IMU,73.2434,acc_magnitude,9.57803
IMU,73.2535,acc_magnitude,9.62601
IMU,73.2634,acc_magnitude,9.62601
IMU,73.2736,acc_magnitude,9.65506
IMU,73.2834,acc_magnitude,9.65506
IMU,73.2934,acc_magnitude,9.5541
IMU,73.3035,acc_magnitude,9.5541
IMU,73.3136,acc_magnitude,9.78429
IMU,73.3236,acc_magnitude,9.78429
IMU,73.3335,acc_magnitude,9.78429
IMU,73.3435,acc_magnitude,9.54919
IMU,73.3537,acc_magnitude,9.74107
IMU,73.3636,acc_magnitude,9.74107
IMU,73.3735,acc_magnitude,9.74107
IMU,73.3834,acc_magnitude,9.6361
IMU,73.3935,acc_magnitude,9.59705
IMU,73.4036,acc_magnitude,9.59705
IMU,73.4135,acc_magnitude,9.59705
IMU,73.4236,acc_magnitude,9.80807
IMU,73.4339,acc_magnitude,9.54004
IMU,73.4435,acc_magnitude,9.54004
IMU,73.4535,acc_magnitude,9.69311
IMU,73.4635,acc_magnitude,9.69311
IMU,73.4735,acc_magnitude,9.68309
IMU,73.4836,acc_magnitude,9.68309
IMU,73.4935,acc_magnitude,9.50139
IMU,73.5034,acc_magnitude,9.50139
IMU,73.5135,acc_magnitude,9.77416
IMU,73.5235,acc_magnitude,9.77416
IMU,73.5336,acc_magnitude,9.62601
IMU,73.5435,acc_magnitude,9.62601
IMU,73.5534,acc_magnitude,9.62601
IMU,73.5636,acc_magnitude,9.63605
IMU,73.5734,acc_magnitude,9.65502
IMU,73.5835,acc_magnitude,9.65502
IMU,73.5937,acc_magnitude,9.65502
IMU,73.6036,acc_magnitude,9.50109
IMU,73.6135,acc_magnitude,9.85626
IMU,73.6237,acc_magnitude,9.85626
IMU,73.6334,acc_magnitude,9.85626
IMU,73.6435,acc_magnitude,9.55939
IMU,73.6534,acc_magnitude,9.64503
IMU,73.6635,acc_magnitude,9.64503
IMU,73.6735,acc_magnitude,9.66406
IMU,73.6836,acc_magnitude,9.66406
IMU,73.6935,acc_magnitude,9.66406
IMU,73.7034,acc_magnitude,9.54
IMU,73.7135,acc_magnitude,9.80303
IMU,73.7234,acc_magnitude,9.80303
IMU,73.7337,acc_magnitude,9.80303
IMU,73.7437,acc_magnitude,9.55421
IMU,73.7536,acc_magnitude,9.58308
IMU,73.7635,acc_magnitude,9.58308
IMU,73.7735,acc_magnitude,9.65501
IMU,73.7834,acc_magnitude,9.65501
IMU,73.7934,acc_magnitude,9.626
IMU,73.8036,acc_magnitude,9.626
IMU,73.8137,acc_magnitude,9.80308
IMU,73.8234,acc_magnitude,9.80308
IMU,73.8338,acc_magnitude,9.80308
IMU,73.8435,acc_magnitude,9.55904
IMU,73.8534,acc_magnitude,9.55904
IMU,73.8636,acc_magnitude,9.75502
IMU,73.8745,acc_magnitude,9.69804
IMU,73.8835,acc_magnitude,9.69804
IMU,73.8938,acc_magnitude,9.55902
IMU,73.9034,acc_magnitude,9.55902
IMU,73.9135,acc_magnitude,9.71214
IMU,73.9235,acc_magnitude,9.71214
IMU,73.9337,acc_magnitude,9.52117
IMU,73.9439,acc_magnitude,9.52117
IMU,73.9537,acc_magnitude,9.67903
IMU,73.9636,acc_magnitude,9.67903
IMU,73.9734,acc_magnitude,9.67402
IMU,73.9834,acc_magnitude,9.67402
IMU,73.9934,acc_magnitude,9.48214
IMU,74.0034,acc_magnitude,9.48214
IMU,74.0137,acc_magnitude,9.75503
IMU,74.0235,acc_magnitude,9.75503
IMU,74.0335,acc_magnitude,9.75503
IMU,74.0435,acc_magnitude,9.60711
IMU,74.0534,acc_magnitude,9.68304
IMU,74.0634,acc_magnitude,9.68304
IMU,74.0738,acc_magnitude,9.72205
IMU,74.0834,acc_magnitude,9.72205
IMU,74.0934,acc_magnitude,9.51609
IMU,74.1036,acc_magnitude,9.51609
IMU,74.1138,acc_magnitude,9.77014
IMU,74.1234,acc_magnitude,9.77014
IMU,74.1335,acc_magnitude,9.54012
IMU,74.1437,acc_magnitude,9.54012
IMU,74.1537,acc_magnitude,9.54012
IMU,74.1634,acc_magnitude,9.588
IMU,74.1735,acc_magnitude,9.74119
IMU,74.1834,acc_magnitude,9.74119
IMU,74.1934,acc_magnitude,9.49214
IMU,74.2034,acc_magnitude,9.49214
IMU,74.2142,acc_magnitude,9.71207
IMU,74.2235,acc_magnitude,9.71207
IMU,74.2336,acc_magnitude,9.71207
IMU,74.2434,acc_magnitude,9.60702
IMU,74.2535,acc_magnitude,9.58809
IMU,74.2635,acc_magnitude,9.58809
IMU,74.2737,acc_magnitude,9.58809
IMU,74.2834,acc_magnitude,9.7791
IMU,74.2936,acc_magnitude,9.54016
IMU,74.304,acc_magnitude,9.54016
IMU,74.3137,acc_magnitude,9.76007
IMU,74.3236,acc_magnitude,9.76007
IMU,74.3336,acc_magnitude,9.76007
IMU,74.3435,acc_magnitude,9.57307
IMU,74.3534,acc_magnitude,9.58818
IMU,74.3634,acc_magnitude,9.58818
IMU,74.3735,acc_magnitude,9.58818
IMU,74.3835,acc_magnitude,9.73112
IMU,74.3934,acc_magnitude,9.55903
IMU,74.4034,acc_magnitude,9.55903
IMU,74.4136,acc_magnitude,9.55903
IMU,74.4236,acc_magnitude,9.67902
IMU,74.4335,acc_magnitude,9.67902
IMU,74.4434,acc_magnitude,9.70319
IMU,74.4539,acc_magnitude,9.63105
IMU,74.4635,acc_magnitude,9.63105
IMU,74.4737,acc_magnitude,9.83716
IMU,74.4834,acc_magnitude,9.83716
IMU,74.4935,acc_magnitude,9.43913
IMU,74.5035,acc_magnitude,9.43913
IMU,74.5135,acc_magnitude,9.74114
IMU,74.5236,acc_magnitude,9.74114
IMU,74.5336,acc_magnitude,9.58307
IMU,74.5434,acc_magnitude,9.58307
IMU,74.5537,acc_magnitude,9.55905
IMU,74.5635,acc_magnitude,9.55905
IMU,74.5734,acc_magnitude,9.73611
IMU,74.5835,acc_magnitude,9.73611
IMU,74.5934,acc_magnitude,9.43902
IMU,74.6034,acc_magnitude,9.43902
IMU,74.6137,acc_magnitude,9.68819
IMU,74.6234,acc_magnitude,9.68819
IMU,74.6334,acc_magnitude,9.69321
IMU,74.6436,acc_magnitude,9.69321
IMU,74.6534,acc_magnitude,9.55928
IMU,74.6634,acc_magnitude,9.55928
IMU,74.6736,acc_magnitude,9.76525
IMU,74.6835,acc_magnitude,9.76525
IMU,74.6934,acc_magnitude,9.54507
IMU,74.7034,acc_magnitude,9.54507
IMU,74.7146,acc_magnitude,9.54507
IMU,74.7234,acc_magnitude,9.68801
IMU,74.7335,acc_magnitude,9.71207
IMU,74.7436,acc_magnitude,9.71207
IMU,74.7537,acc_magnitude,9.5491
IMU,74.7634,acc_magnitude,9.5491
IMU,74.7734,acc_magnitude,9.81702
IMU,74.7834,acc_magnitude,9.81702
IMU,74.7936,acc_magnitude,9.81702
IMU,74.8035,acc_magnitude,9.525
IMU,74.8136,acc_magnitude,9.67416
IMU,74.8234,acc_magnitude,9.67416
IMU,74.8336,acc_magnitude,9.67416
IMU,74.8434,acc_magnitude,9.65926
IMU,74.8535,acc_magnitude,9.53513
IMU,74.8634,acc_magnitude,9.53513
IMU,74.8738,acc_magnitude,9.731
IMU,74.8836,acc_magnitude,9.731
IMU,74.8935,acc_magnitude,9.731
IMU,74.9036,acc_magnitude,9.48207
IMU,74.9136,acc_magnitude,9.48207
IMU,74.9236,acc_magnitude,9.68802
IMU,74.9336,acc_magnitude,9.6741
IMU,74.9435,acc_magnitude,9.6741
IMU,74.9534,acc_magnitude,9.53507
IMU,74.9635,acc_magnitude,9.53507
IMU,74.9742,acc_magnitude,9.53507
IMU,74.9837,acc_magnitude,9.84102
IMU,74.9936,acc_magnitude,9.53517
IMU,75.0035,acc_magnitude,9.53517
IMU,75.0135,acc_magnitude,9.53517
IMU,75.0234,acc_magnitude,9.72705
IMU,75.0335,acc_magnitude,9.6641
IMU,75.0436,acc_magnitude,9.6641
IMU,75.0534,acc_magnitude,9.52502
IMU,75.0635,acc_magnitude,9.52502
IMU,75.0737,acc_magnitude,9.755
IMU,75.0837,acc_magnitude,9.755
IMU,75.0936,acc_magnitude,9.755
IMU,75.1034,acc_magnitude,9.52507
IMU,75.1136,acc_magnitude,9.76506
IMU,75.1236,acc_magnitude,9.76506
IMU,75.1334,acc_magnitude,9.76506
IMU,75.1436,acc_magnitude,9.73124
IMU,75.1534,acc_magnitude,9.41014
IMU,75.1635,acc_magnitude,9.41014
IMU,75.1736,acc_magnitude,9.8321
IMU,75.1836,acc_magnitude,9.8321
IMU,75.1936,acc_magnitude,9.59712
IMU,75.2034,acc_magnitude,9.59712
IMU,75.2136,acc_magnitude,9.59712
IMU,75.2234,acc_magnitude,9.68804
IMU,75.2334,acc_magnitude,9.68804
IMU,75.2435,acc_magnitude,9.69302
IMU,75.2537,acc_magnitude,9.50602
IMU,75.2636,acc_magnitude,9.50602
IMU,75.2738,acc_magnitude,9.77015
IMU,75.2834,acc_magnitude,9.77015
IMU,75.2935,acc_magnitude,9.47304
IMU,75.3037,acc_magnitude,9.47304
IMU,75.3138,acc_magnitude,9.47304
IMU,75.3234,acc_magnitude,9.67401
IMU,75.3334,acc_magnitude,9.66416
IMU,75.3435,acc_magnitude,9.66416
IMU,75.3543,acc_magnitude,9.59205
IMU,75.3634,acc_magnitude,9.59205
IMU,75.3734,acc_magnitude,9.80802
IMU,75.3834,acc_magnitude,9.80802
IMU,75.3934,acc_magnitude,9.5641
IMU,75.4034,acc_magnitude,9.5641
IMU,75.4136,acc_magnitude,9.65502
IMU,75.4235,acc_magnitude,9.65502
IMU,75.4336,acc_magnitude,9.69322
IMU,75.4434,acc_magnitude,9.69322
IMU,75.4535,acc_magnitude,9.52518
IMU,75.4634,acc_magnitude,9.52518
IMU,75.4737,acc_magnitude,9.80308
IMU,75.4836,acc_magnitude,9.80308
IMU,75.4937,acc_magnitude,9.54905
IMU,75.5036,acc_magnitude,9.54905
IMU,75.5134,acc_magnitude,9.54905
IMU,75.5235,acc_magnitude,9.72204
IMU,75.5337,acc_magnitude,9.72204
IMU,75.5436,acc_magnitude,9.6791
IMU,75.5534,acc_magnitude,9.53002
IMU,75.5634,acc_magnitude,9.53002
IMU,75.5735,acc_magnitude,9.53002
IMU,75.5834,acc_magnitude,9.74105
IMU,75.5934,acc_magnitude,9.57807
IMU,75.6035,acc_magnitude,9.57807
IMU,75.6137,acc_magnitude,9.57807
IMU,75.6235,acc_magnitude,9.71206
IMU,75.6334,acc_magnitude,9.66401
IMU,75.6434,acc_magnitude,9.66401
IMU,75.6536,acc_magnitude,9.66401
IMU,75.6636,acc_magnitude,9.57823
IMU,75.6737,acc_magnitude,9.79814
IMU,75.6834,acc_magnitude,9.79814
IMU,75.6934,acc_magnitude,9.79814
IMU,75.7034,acc_magnitude,9.47306
IMU,75.7135,acc_magnitude,9.66906
IMU,75.7234,acc_magnitude,9.66906
IMU,75.7334,acc_magnitude,9.66906
IMU,75.7435,acc_magnitude,9.61212
IMU,75.7534,acc_magnitude,9.61212
IMU,75.7635,acc_magnitude,9.53505
IMU,75.7735,acc_magnitude,9.80322
IMU,75.7837,acc_magnitude,9.80322
IMU,75.7935,acc_magnitude,9.51627
IMU,75.8036,acc_magnitude,9.51627
IMU,75.8137,acc_magnitude,9.64503
IMU,75.8237,acc_magnitude,9.64503
IMU,75.8338,acc_magnitude,9.62103
IMU,75.8438,acc_magnitude,9.62103
IMU,75.8535,acc_magnitude,9.58317
IMU,75.8635,acc_magnitude,9.58317
IMU,75.8736,acc_magnitude,9.73607
IMU,75.8834,acc_magnitude,9.73607
IMU,75.8934,acc_magnitude,9.73607
IMU,75.9034,acc_magnitude,9.49703
IMU,75.9136,acc_magnitude,9.69804
IMU,75.9234,acc_magnitude,9.69804
IMU,75.9335,acc_magnitude,9.69804
IMU,75.9436,acc_magnitude,9.65907
IMU,75.9535,acc_magnitude,9.56415
IMU,75.9635,acc_magnitude,9.56415
IMU,75.9734,acc_magnitude,9.56415
IMU,75.9834,acc_magnitude,9.83707
IMU,75.9936,acc_magnitude,9.51609
IMU,76.0035,acc_magnitude,9.51609
IMU,76.0136,acc_magnitude,9.64502
IMU,76.0235,acc_magnitude,9.64502
IMU,76.0335,acc_magnitude,9.67406
IMU,1.89647,vel_angular_magnitude,0.148933
IMU,1.89651,vel_angular_magnitude,0.148933
IMU,1.90763,vel_angular_magnitude,0.080181
IMU,1.91634,vel_angular_magnitude,0.080181
IMU,1.92449,vel_angular_magnitude,0.0519326
IMU,1.93614,vel_angular_magnitude,0.0519326
IMU,1.94415,vel_angular_magnitude,0.11435
IMU,1.95629,vel_angular_magnitude,0.11435
IMU,1.96868,vel_angular_magnitude,0.123527
IMU,1.97715,vel_angular_magnitude,0.153382
IMU,1.99486,vel_angular_magnitude,0.153382
IMU,2.02058,vel_angular_magnitude,0.153382
IMU,2.03045,vel_angular_magnitude,0.0539444
IMU,2.04309,vel_angular_magnitude,0.0539444
IMU,2.05223,vel_angular_magnitude,0.0466262
IMU,2.05625,vel_angular_magnitude,0.0466262
IMU,2.07096,vel_angular_magnitude,0.0792528
IMU,2.07735,vel_angular_magnitude,0.0792528
IMU,2.08829,vel_angular_magnitude,0.0422019
IMU,2.09704,vel_angular_magnitude,0.0422019
IMU,2.10436,vel_angular_magnitude,0.0539351
IMU,2.1138,vel_angular_magnitude,0.0539351
IMU,2.12435,vel_angular_magnitude,0.139216
IMU,2.1348,vel_angular_magnitude,0.139216
IMU,2.1466,vel_angular_magnitude,0.194005
IMU,2.15355,vel_angular_magnitude,0.194005
IMU,2.16551,vel_angular_magnitude,0.272097
IMU,2.17616,vel_angular_magnitude,0.272097
IMU,2.18395,vel_angular_magnitude,0.261545
IMU,2.19568,vel_angular_magnitude,0.10565
IMU,2.20392,vel_angular_magnitude,0.10565
IMU,2.21485,vel_angular_magnitude,0.10565
IMU,2.22354,vel_angular_magnitude,0.183055
IMU,2.23452,vel_angular_magnitude,0.183055
IMU,2.24742,vel_angular_magnitude,0.176511
IMU,2.25358,vel_angular_magnitude,0.176511
IMU,2.26596,vel_angular_magnitude,0.176511
IMU,2.27485,vel_angular_magnitude,0.155708
IMU,2.28384,vel_angular_magnitude,0.155708
IMU,2.29434,vel_angular_magnitude,0.155708
IMU,2.30449,vel_angular_magnitude,0.163603
IMU,2.31355,vel_angular_magnitude,0.102864
IMU,2.32359,vel_angular_magnitude,0.102864
IMU,2.33528,vel_angular_magnitude,0.0768115
IMU,2.34598,vel_angular_magnitude,0.0768115
IMU,2.35399,vel_angular_magnitude,0.0768115
IMU,2.36612,vel_angular_magnitude,0.0768115
IMU,2.37645,vel_angular_magnitude,0.0972677
IMU,2.38451,vel_angular_magnitude,0.0638514
IMU,2.39495,vel_angular_magnitude,0.0638514
IMU,2.40547,vel_angular_magnitude,0.012083
IMU,2.41509,vel_angular_magnitude,0.012083
IMU,2.42368,vel_angular_magnitude,0.0163401
IMU,2.43697,vel_angular_magnitude,0.0163401
IMU,2.44463,vel_angular_magnitude,0.0511273
IMU,2.45381,vel_angular_magnitude,0.0511273
IMU,2.4638,vel_angular_magnitude,0.0720972
IMU,2.47603,vel_angular_magnitude,0.0720972
IMU,2.48387,vel_angular_magnitude,0.15447
IMU,2.49371,vel_angular_magnitude,0.15447
IMU,2.5058,vel_angular_magnitude,0.13779
IMU,2.51571,vel_angular_magnitude,0.13779
IMU,2.52376,vel_angular_magnitude,0.410201
IMU,2.53477,vel_angular_magnitude,0.410201
IMU,2.54641,vel_angular_magnitude,0.356458
IMU,2.55903,vel_angular_magnitude,0.356458
IMU,2.56351,vel_angular_magnitude,0.267597
IMU,2.57684,vel_angular_magnitude,0.267597
IMU,2.58614,vel_angular_magnitude,0.154101
IMU,2.59393,vel_angular_magnitude,0.154101
IMU,2.60399,vel_angular_magnitude,0.167404
IMU,2.61402,vel_angular_magnitude,0.167404
IMU,2.62381,vel_angular_magnitude,0.143007
IMU,2.63426,vel_angular_magnitude,0.143007
IMU,2.64584,vel_angular_magnitude,0.175516
IMU,2.65396,vel_angular_magnitude,0.175516
IMU,2.66373,vel_angular_magnitude,0.102883
IMU,2.67615,vel_angular_magnitude,0.102883
IMU,2.68495,vel_angular_magnitude,0.0745721
IMU,2.6962,vel_angular_magnitude,0.0745721
IMU,2.70364,vel_angular_magnitude,0.0318904
IMU,2.71553,vel_angular_magnitude,0.0318904
IMU,2.72457,vel_angular_magnitude,0.0369865
IMU,2.73784,vel_angular_magnitude,0.0369865
IMU,2.74518,vel_angular_magnitude,0.0512738
IMU,2.75726,vel_angular_magnitude,0.0512738
IMU,2.76442,vel_angular_magnitude,0.0536004
IMU,2.77624,vel_angular_magnitude,0.0536004
IMU,2.7852,vel_angular_magnitude,0.0765441
IMU,2.79436,vel_angular_magnitude,0.0765441
IMU,2.8071,vel_angular_magnitude,0.0405216
IMU,2.81571,vel_angular_magnitude,0.0405216
IMU,2.82399,vel_angular_magnitude,0.0638905
IMU,2.83678,vel_angular_magnitude,0.0638905
IMU,2.84426,vel_angular_magnitude,0.0440341
IMU,2.85409,vel_angular_magnitude,0.0440341
IMU,2.86583,vel_angular_magnitude,0.0295635
IMU,2.87453,vel_angular_magnitude,0.0295635
IMU,2.88429,vel_angular_magnitude,0.0739392
IMU,2.89365,vel_angular_magnitude,0.0739392
IMU,2.90734,vel_angular_magnitude,0.352956
IMU,2.91387,vel_angular_magnitude,0.352956
IMU,2.92519,vel_angular_magnitude,0.197975
IMU,2.93389,vel_angular_magnitude,0.197975
IMU,2.94566,vel_angular_magnitude,0.213312
IMU,2.95357,vel_angular_magnitude,0.213312
IMU,2.96417,vel_angular_magnitude,0.213312
IMU,2.97713,vel_angular_magnitude,0.213312
IMU,2.98526,vel_angular_magnitude,0.213312
IMU,2.99504,vel_angular_magnitude,0.213312
IMU,3.00445,vel_angular_magnitude,0.110145
IMU,3.0144,vel_angular_magnitude,0.110145
IMU,3.02622,vel_angular_magnitude,0.0915478
IMU,3.03361,vel_angular_magnitude,0.0915478
IMU,3.04394,vel_angular_magnitude,0.0930591
IMU,3.05495,vel_angular_magnitude,0.0930591
IMU,3.06497,vel_angular_magnitude,0.0737089
IMU,3.07437,vel_angular_magnitude,0.0737089
IMU,3.08431,vel_angular_magnitude,0.162533
IMU,3.09409,vel_angular_magnitude,0.162533
IMU,3.10443,vel_angular_magnitude,0.14654
IMU,3.11385,vel_angular_magnitude,0.14654
IMU,3.12418,vel_angular_magnitude,0.146458
IMU,3.13393,vel_angular_magnitude,0.146458
IMU,3.14411,vel_angular_magnitude,0.114612
IMU,3.15402,vel_angular_magnitude,0.114612
IMU,3.16387,vel_angular_magnitude,0.0326956
IMU,3.17473,vel_angular_magnitude,0.0326956
IMU,3.18509,vel_angular_magnitude,0.143436
IMU,3.19393,vel_angular_magnitude,0.143436
IMU,3.20444,vel_angular_magnitude,0.0918967
IMU,3.21406,vel_angular_magnitude,0.0918967
IMU,3.224,vel_angular_magnitude,0.101926
IMU,3.2337,vel_angular_magnitude,0.101926
IMU,3.24358,vel_angular_magnitude,0.0575587
IMU,3.25515,vel_angular_magnitude,0.0575587
IMU,3.26648,vel_angular_magnitude,0.0917279
IMU,3.2738,vel_angular_magnitude,0.0917279
IMU,3.2835,vel_angular_magnitude,0.0917279
IMU,3.29481,vel_angular_magnitude,0.0917279
IMU,3.30493,vel_angular_magnitude,0.0444635
IMU,3.31545,vel_angular_magnitude,0.0444635
IMU,3.3235,vel_angular_magnitude,0.0444635
IMU,3.33436,vel_angular_magnitude,0.0444635
IMU,3.34474,vel_angular_magnitude,0.0468295
IMU,3.3534,vel_angular_magnitude,0.0468295
IMU,3.3654,vel_angular_magnitude,0.0230651
IMU,3.37439,vel_angular_magnitude,0.0230651
IMU,3.3874,vel_angular_magnitude,0.0389487
IMU,3.39685,vel_angular_magnitude,0.0389487
IMU,3.406,vel_angular_magnitude,0.0389487
IMU,3.41579,vel_angular_magnitude,0.0389487
IMU,3.42586,vel_angular_magnitude,0.049295
IMU,3.43382,vel_angular_magnitude,0.049295
IMU,3.44348,vel_angular_magnitude,0.0636396
IMU,3.45342,vel_angular_magnitude,0.0636396
IMU,3.46346,vel_angular_magnitude,0.0416773
IMU,3.47416,vel_angular_magnitude,0.0416773
IMU,3.4837,vel_angular_magnitude,0.0459238
IMU,3.49362,vel_angular_magnitude,0.0459238
IMU,3.50345,vel_angular_magnitude,0.0470532
IMU,3.51352,vel_angular_magnitude,0.0470532
IMU,3.52345,vel_angular_magnitude,0.0315436
IMU,3.53351,vel_angular_magnitude,0.0315436
IMU,3.54353,vel_angular_magnitude,0.046669
IMU,3.55358,vel_angular_magnitude,0.046669
IMU,3.56345,vel_angular_magnitude,0.0641015
IMU,3.57384,vel_angular_magnitude,0.0641015
IMU,3.58348,vel_angular_magnitude,0.0709718
IMU,3.59405,vel_angular_magnitude,0.0709718
IMU,3.6038,vel_angular_magnitude,0.0740675
IMU,3.61503,vel_angular_magnitude,0.0740675
IMU,3.62343,vel_angular_magnitude,0.0740675
IMU,3.63357,vel_angular_magnitude,0.0740675
IMU,3.64346,vel_angular_magnitude,0.132699
IMU,3.65342,vel_angular_magnitude,0.132699
IMU,3.66363,vel_angular_magnitude,0.104833
IMU,3.67362,vel_angular_magnitude,0.104833
IMU,3.68351,vel_angular_magnitude,0.104833
IMU,3.6949,vel_angular_magnitude,0.104833
IMU,3.70424,vel_angular_magnitude,0.0872009
IMU,3.71351,vel_angular_magnitude,0.0872009
IMU,3.72349,vel_angular_magnitude,0.0938563
IMU,3.73364,vel_angular_magnitude,0.0938563
IMU,3.74369,vel_angular_magnitude,0.110526
IMU,3.75349,vel_angular_magnitude,0.110526
IMU,3.76352,vel_angular_magnitude,0.110526
IMU,3.77456,vel_angular_magnitude,0.110526
IMU,3.78382,vel_angular_magnitude,0.0667158
IMU,3.7937,vel_angular_magnitude,0.0667158
IMU,3.80388,vel_angular_magnitude,0.043566
IMU,3.81388,vel_angular_magnitude,0.043566
IMU,3.82376,vel_angular_magnitude,0.11483
IMU,3.83363,vel_angular_magnitude,0.11483
IMU,3.8436,vel_angular_magnitude,0.032665
IMU,3.85368,vel_angular_magnitude,0.032665
IMU,3.86364,vel_angular_magnitude,0.101064
IMU,3.87376,vel_angular_magnitude,0.101064
IMU,3.88348,vel_angular_magnitude,0.0783199
IMU,3.89356,vel_angular_magnitude,0.0783199
IMU,3.90351,vel_angular_magnitude,0.142829
IMU,3.91381,vel_angular_magnitude,0.142829
IMU,3.92347,vel_angular_magnitude,0.0701498
IMU,3.93348,vel_angular_magnitude,0.0701498
IMU,3.94347,vel_angular_magnitude,0.00948683
IMU,3.95382,vel_angular_magnitude,0.00948683
IMU,3.96445,vel_angular_magnitude,0.0660606
IMU,3.97347,vel_angular_magnitude,0.0660606
IMU,3.98457,vel_angular_magnitude,0.0660606
IMU,3.99372,vel_angular_magnitude,0.0660606
IMU,4.00439,vel_angular_magnitude,0.0446878
IMU,4.01403,vel_angular_magnitude,0.0446878
IMU,4.02551,vel_angular_magnitude,0.121305
IMU,4.03344,vel_angular_magnitude,0.121305
IMU,4.04372,vel_angular_magnitude,0.121305
IMU,4.05357,vel_angular_magnitude,0.121305
IMU,4.06353,vel_angular_magnitude,0.357596
IMU,4.07452,vel_angular_magnitude,0.357596
IMU,4.0837,vel_angular_magnitude,0.307003
IMU,4.09373,vel_angular_magnitude,0.307003
IMU,4.10351,vel_angular_magnitude,0.134722
IMU,4.11373,vel_angular_magnitude,0.134722
IMU,4.12351,vel_angular_magnitude,0.134722
IMU,4.13346,vel_angular_magnitude,0.134722
IMU,4.14351,vel_angular_magnitude,0.0304138
IMU,4.15369,vel_angular_magnitude,0.0304138
IMU,4.16361,vel_angular_magnitude,0.0413401
IMU,4.17422,vel_angular_magnitude,0.0413401
IMU,4.18383,vel_angular_magnitude,0.0107238
IMU,4.19543,vel_angular_magnitude,0.00707107
IMU,4.20351,vel_angular_magnitude,0.00707107
IMU,4.21639,vel_angular_magnitude,0.0194165
IMU,4.22345,vel_angular_magnitude,0.0194165
IMU,4.23424,vel_angular_magnitude,0.0194165
IMU,4.24362,vel_angular_magnitude,0.00509902
IMU,4.25436,vel_angular_magnitude,0.00509902
IMU,4.26362,vel_angular_magnitude,0.00781025
IMU,4.27467,vel_angular_magnitude,0.00781025
IMU,4.28385,vel_angular_magnitude,0.00678233
IMU,4.29351,vel_angular_magnitude,0.00678233
IMU,4.30364,vel_angular_magnitude,0.00547723
IMU,4.31387,vel_angular_magnitude,0.00547723
IMU,4.32363,vel_angular_magnitude,0.00916515
IMU,4.3335,vel_angular_magnitude,0.00916515
IMU,4.34384,vel_angular_magnitude,0.00916515
IMU,4.35355,vel_angular_magnitude,0.00916515
IMU,4.36375,vel_angular_magnitude,0.00812404
IMU,4.37354,vel_angular_magnitude,0.00812404
IMU,4.38371,vel_angular_magnitude,0.00707107
IMU,4.39386,vel_angular_magnitude,0.00707107
IMU,4.40348,vel_angular_magnitude,0.00707107
IMU,4.41847,vel_angular_magnitude,0.00707107
IMU,4.42361,vel_angular_magnitude,0.00761577
IMU,4.43371,vel_angular_magnitude,0.00761577
IMU,4.44356,vel_angular_magnitude,0.00663325
IMU,4.45434,vel_angular_magnitude,0.00663325
IMU,4.46351,vel_angular_magnitude,0.00877496
IMU,4.47358,vel_angular_magnitude,0.00877496
IMU,4.48384,vel_angular_magnitude,0.00877496
IMU,4.49349,vel_angular_magnitude,0.00877496
IMU,4.50348,vel_angular_magnitude,0.00734847
IMU,4.51354,vel_angular_magnitude,0.00734847
IMU,4.52369,vel_angular_magnitude,0.007
IMU,4.53368,vel_angular_magnitude,0.007
IMU,4.54372,vel_angular_magnitude,0.00754983
IMU,4.5535,vel_angular_magnitude,0.00754983
IMU,4.56348,vel_angular_magnitude,0.00768115
IMU,4.57366,vel_angular_magnitude,0.00768115
IMU,4.58362,vel_angular_magnitude,0.00640312
IMU,4.59371,vel_angular_magnitude,0.00640312
IMU,4.6035,vel_angular_magnitude,0.00787401
IMU,4.61374,vel_angular_magnitude,0.00787401
IMU,4.6237,vel_angular_magnitude,0.00663325
IMU,4.63344,vel_angular_magnitude,0.00663325
IMU,4.64345,vel_angular_magnitude,0.00734847
IMU,4.65381,vel_angular_magnitude,0.00734847
IMU,4.6637,vel_angular_magnitude,0.00678233
IMU,4.67371,vel_angular_magnitude,0.00678233
IMU,4.68353,vel_angular_magnitude,0.00640312
IMU,4.69366,vel_angular_magnitude,0.00640312
IMU,4.70347,vel_angular_magnitude,0.00640312
IMU,4.71358,vel_angular_magnitude,0.00640312
IMU,4.72363,vel_angular_magnitude,0.00591608
IMU,4.73345,vel_angular_magnitude,0.00591608
IMU,4.74346,vel_angular_magnitude,0.00860233
IMU,4.75359,vel_angular_magnitude,0.00860233
IMU,4.76356,vel_angular_magnitude,0.00860233
IMU,4.77395,vel_angular_magnitude,0.00860233
IMU,4.7835,vel_angular_magnitude,0.00830662
IMU,4.7935,vel_angular_magnitude,0.00830662
IMU,4.80349,vel_angular_magnitude,0.00768115
IMU,4.8135,vel_angular_magnitude,0.00768115
IMU,4.8235,vel_angular_magnitude,0.00830662
IMU,4.8337,vel_angular_magnitude,0.00830662
IMU,4.84346,vel_angular_magnitude,0.00830662
IMU,4.85381,vel_angular_magnitude,0.00830662
IMU,4.86346,vel_angular_magnitude,0.00748331
IMU,4.87347,vel_angular_magnitude,0.00748331
IMU,4.88347,vel_angular_magnitude,0.00734847
IMU,4.89365,vel_angular_magnitude,0.00734847
IMU,4.90348,vel_angular_magnitude,0.00787401
IMU,4.91354,vel_angular_magnitude,0.00787401
IMU,4.92355,vel_angular_magnitude,0.00678233
IMU,4.93348,vel_angular_magnitude,0.00678233
IMU,4.94345,vel_angular_magnitude,0.00640312
IMU,4.95426,vel_angular_magnitude,0.00640312
IMU,4.96355,vel_angular_magnitude,0.00768115
IMU,4.97344,vel_angular_magnitude,0.00768115
IMU,4.98352,vel_angular_magnitude,0.00748331
IMU,4.99411,vel_angular_magnitude,0.00748331
IMU,5.0034,vel_angular_magnitude,0.00678233
IMU,5.01345,vel_angular_magnitude,0.00678233
IMU,5.02345,vel_angular_magnitude,0.00768115
IMU,5.03342,vel_angular_magnitude,0.00768115
IMU,5.04348,vel_angular_magnitude,0.00640312
IMU,5.05346,vel_angular_magnitude,0.00640312
IMU,5.06347,vel_angular_magnitude,0.00640312
IMU,5.07397,vel_angular_magnitude,0.00640312
IMU,5.08351,vel_angular_magnitude,0.00768115
IMU,5.09345,vel_angular_magnitude,0.00768115
IMU,5.10357,vel_angular_magnitude,0.00787401
IMU,5.11343,vel_angular_magnitude,0.00787401
IMU,5.12342,vel_angular_magnitude,0.00787401
IMU,5.13347,vel_angular_magnitude,0.00787401
IMU,5.14363,vel_angular_magnitude,0.00734847
IMU,5.15343,vel_angular_magnitude,0.00734847
IMU,5.16375,vel_angular_magnitude,0.00640312
IMU,5.17341,vel_angular_magnitude,0.00640312
IMU,5.18352,vel_angular_magnitude,0.00616441
IMU,5.19354,vel_angular_magnitude,0.00616441
IMU,5.20341,vel_angular_magnitude,0.00616441
IMU,5.21345,vel_angular_magnitude,0.00616441
IMU,5.22348,vel_angular_magnitude,0.00640312
IMU,5.23342,vel_angular_magnitude,0.00640312
IMU,5.24341,vel_angular_magnitude,0.007
IMU,5.25354,vel_angular_magnitude,0.007
IMU,5.26351,vel_angular_magnitude,0.00768115
IMU,5.27344,vel_angular_magnitude,0.00768115
IMU,5.28368,vel_angular_magnitude,0.00640312
IMU,5.29344,vel_angular_magnitude,0.00640312
IMU,5.30356,vel_angular_magnitude,0.00640312
IMU,5.31359,vel_angular_magnitude,0.00640312
IMU,5.32342,vel_angular_magnitude,0.00754983
IMU,5.33373,vel_angular_magnitude,0.00754983
IMU,5.34339,vel_angular_magnitude,0.00768115
IMU,5.35345,vel_angular_magnitude,0.00768115
IMU,5.3635,vel_angular_magnitude,0.00754983
IMU,5.37345,vel_angular_magnitude,0.00754983
IMU,5.38349,vel_angular_magnitude,0.00547723
IMU,5.39346,vel_angular_magnitude,0.00547723
IMU,5.40348,vel_angular_magnitude,0.00616441
IMU,5.41344,vel_angular_magnitude,0.00616441
IMU,5.42356,vel_angular_magnitude,0.00616441
IMU,5.43347,vel_angular_magnitude,0.00616441
IMU,5.44337,vel_angular_magnitude,0.00640312
IMU,5.45343,vel_angular_magnitude,0.00640312
IMU,5.46341,vel_angular_magnitude,0.00754983
IMU,5.47357,vel_angular_magnitude,0.00754983
IMU,5.48342,vel_angular_magnitude,0.00754983
IMU,5.49345,vel_angular_magnitude,0.00754983
IMU,5.50344,vel_angular_magnitude,0.00768115
IMU,5.5135,vel_angular_magnitude,0.00768115
IMU,5.52348,vel_angular_magnitude,0.00754983
IMU,5.53341,vel_angular_magnitude,0.00754983
IMU,5.54342,vel_angular_magnitude,0.00678233
IMU,5.55365,vel_angular_magnitude,0.00678233
IMU,5.5635,vel_angular_magnitude,0.00678233
IMU,5.57359,vel_angular_magnitude,0.00678233
IMU,5.58344,vel_angular_magnitude,0.00678233
IMU,5.59347,vel_angular_magnitude,0.00678233
IMU,5.60349,vel_angular_magnitude,0.00768115
IMU,5.61349,vel_angular_magnitude,0.00768115
IMU,5.62357,vel_angular_magnitude,0.00678233
IMU,5.63355,vel_angular_magnitude,0.00678233
IMU,5.64347,vel_angular_magnitude,0.00787401
IMU,5.65347,vel_angular_magnitude,0.00787401
IMU,5.66344,vel_angular_magnitude,0.00754983
IMU,5.67342,vel_angular_magnitude,0.00754983
IMU,5.68348,vel_angular_magnitude,0.00748331
IMU,5.69365,vel_angular_magnitude,0.00748331
IMU,5.70364,vel_angular_magnitude,0.00768115
IMU,5.71377,vel_angular_magnitude,0.00768115
IMU,5.72358,vel_angular_magnitude,0.00768115
IMU,5.73344,vel_angular_magnitude,0.00768115
IMU,5.74343,vel_angular_magnitude,0.00734847
IMU,5.75368,vel_angular_magnitude,0.00734847
IMU,5.76345,vel_angular_magnitude,0.00860233
IMU,5.7734,vel_angular_magnitude,0.00860233
IMU,5.78342,vel_angular_magnitude,0.00860233
IMU,5.79344,vel_angular_magnitude,0.00860233
IMU,5.80347,vel_angular_magnitude,0.00640312
IMU,5.81351,vel_angular_magnitude,0.00640312
IMU,5.82355,vel_angular_magnitude,0.00830662
IMU,5.83347,vel_angular_magnitude,0.00830662
IMU,5.84343,vel_angular_magnitude,0.00830662
IMU,5.85343,vel_angular_magnitude,0.00830662
IMU,5.86344,vel_angular_magnitude,0.00787401
IMU,5.87342,vel_angular_magnitude,0.00787401
IMU,5.88349,vel_angular_magnitude,0.00768115
IMU,5.89369,vel_angular_magnitude,0.00768115
IMU,5.90344,vel_angular_magnitude,0.00787401
IMU,5.91344,vel_angular_magnitude,0.00787401
IMU,5.9235,vel_angular_magnitude,0.00787401
IMU,5.93366,vel_angular_magnitude,0.00787401
IMU,5.94357,vel_angular_magnitude,0.00574456
IMU,5.95345,vel_angular_magnitude,0.00574456
IMU,5.96359,vel_angular_magnitude,0.00714143
IMU,5.97349,vel_angular_magnitude,0.00714143
IMU,5.98348,vel_angular_magnitude,0.00734847
IMU,5.99369,vel_angular_magnitude,0.00734847
IMU,6.00364,vel_angular_magnitude,0.00678233
IMU,6.01362,vel_angular_magnitude,0.00678233
IMU,6.02365,vel_angular_magnitude,0.00640312
IMU,6.03483,vel_angular_magnitude,0.00640312
IMU,6.04352,vel_angular_magnitude,0.00678233
IMU,6.05368,vel_angular_magnitude,0.00678233
IMU,6.06377,vel_angular_magnitude,0.007
IMU,6.07368,vel_angular_magnitude,0.007
IMU,6.08349,vel_angular_magnitude,0.00768115
IMU,6.0937,vel_angular_magnitude,0.00768115
IMU,6.10344,vel_angular_magnitude,0.00734847
IMU,6.11345,vel_angular_magnitude,0.00734847
IMU,6.12344,vel_angular_magnitude,0.00734847
IMU,6.13344,vel_angular_magnitude,0.00734847
IMU,6.14346,vel_angular_magnitude,0.00734847
IMU,6.15377,vel_angular_magnitude,0.00734847
IMU,6.16345,vel_angular_magnitude,0.00616441
IMU,6.17374,vel_angular_magnitude,0.00616441
IMU,6.18345,vel_angular_magnitude,0.00678233
IMU,6.19383,vel_angular_magnitude,0.00678233
IMU,6.20372,vel_angular_magnitude,0.00678233
IMU,6.21366,vel_angular_magnitude,0.00678233
IMU,6.22349,vel_angular_magnitude,0.00640312
IMU,6.23364,vel_angular_magnitude,0.00640312
IMU,6.24352,vel_angular_magnitude,0.00678233
IMU,6.2535,vel_angular_magnitude,0.00678233
IMU,6.26366,vel_angular_magnitude,0.00734847
IMU,6.27366,vel_angular_magnitude,0.00734847
IMU,6.28402,vel_angular_magnitude,0.00734847
IMU,6.2937,vel_angular_magnitude,0.00734847
IMU,6.30358,vel_angular_magnitude,0.00678233
IMU,6.31363,vel_angular_magnitude,0.00678233
IMU,6.32348,vel_angular_magnitude,0.00616441
IMU,6.33348,vel_angular_magnitude,0.00616441
IMU,6.34342,vel_angular_magnitude,0.00734847
IMU,6.35368,vel_angular_magnitude,0.00734847
IMU,6.36366,vel_angular_magnitude,0.00678233
IMU,6.37377,vel_angular_magnitude,0.00678233
IMU,6.38353,vel_angular_magnitude,0.00768115
IMU,6.39377,vel_angular_magnitude,0.00768115
IMU,6.40383,vel_angular_magnitude,0.00734847
IMU,6.41358,vel_angular_magnitude,0.00734847
IMU,6.42355,vel_angular_magnitude,0.00640312
IMU,6.43463,vel_angular_magnitude,0.00640312
IMU,6.44347,vel_angular_magnitude,0.00640312
IMU,6.45348,vel_angular_magnitude,0.00640312
IMU,6.46349,vel_angular_magnitude,0.00640312
IMU,6.4739,vel_angular_magnitude,0.00640312
IMU,6.48375,vel_angular_magnitude,0.00616441
IMU,6.4937,vel_angular_magnitude,0.00616441
IMU,6.50352,vel_angular_magnitude,0.00616441
IMU,6.51367,vel_angular_magnitude,0.00616441
IMU,6.52367,vel_angular_magnitude,0.00640312
IMU,6.53345,vel_angular_magnitude,0.00640312
IMU,6.54347,vel_angular_magnitude,0.00734847
IMU,6.55349,vel_angular_magnitude,0.00734847
IMU,6.56346,vel_angular_magnitude,0.00734847
IMU,6.57346,vel_angular_magnitude,0.00734847
IMU,6.58387,vel_angular_magnitude,0.00734847
IMU,6.59351,vel_angular_magnitude,0.00734847
IMU,6.60349,vel_angular_magnitude,0.00678233
IMU,6.61357,vel_angular_magnitude,0.00678233
IMU,6.62349,vel_angular_magnitude,0.00678233
IMU,6.63348,vel_angular_magnitude,0.00678233
IMU,6.64427,vel_angular_magnitude,0.00678233
IMU,6.65375,vel_angular_magnitude,0.00678233
IMU,6.66345,vel_angular_magnitude,0.00678233
IMU,6.67349,vel_angular_magnitude,0.00678233
IMU,6.68348,vel_angular_magnitude,0.00678233
IMU,6.6935,vel_angular_magnitude,0.00678233
IMU,6.70394,vel_angular_magnitude,0.00678233
IMU,6.71376,vel_angular_magnitude,0.00678233
IMU,6.72344,vel_angular_magnitude,0.00734847
IMU,6.73375,vel_angular_magnitude,0.00734847
IMU,6.74364,vel_angular_magnitude,0.00787401
IMU,6.75378,vel_angular_magnitude,0.00787401
IMU,6.76378,vel_angular_magnitude,0.00714143
IMU,6.77373,vel_angular_magnitude,0.00714143
IMU,6.78418,vel_angular_magnitude,0.00768115
IMU,6.79348,vel_angular_magnitude,0.00768115
IMU,6.80346,vel_angular_magnitude,0.00678233
IMU,6.81345,vel_angular_magnitude,0.00678233
IMU,6.82346,vel_angular_magnitude,0.00734847
IMU,6.83349,vel_angular_magnitude,0.00734847
IMU,6.84358,vel_angular_magnitude,0.00616441
IMU,6.85346,vel_angular_magnitude,0.00616441
IMU,6.86353,vel_angular_magnitude,0.00616441
IMU,6.87347,vel_angular_magnitude,0.00616441
IMU,6.8835,vel_angular_magnitude,0.00830662
IMU,6.89346,vel_angular_magnitude,0.00830662
IMU,6.90386,vel_angular_magnitude,0.00734847
IMU,6.91351,vel_angular_magnitude,0.00734847
IMU,6.92369,vel_angular_magnitude,0.00734847
IMU,6.93407,vel_angular_magnitude,0.00734847
IMU,6.94344,vel_angular_magnitude,0.007
IMU,6.95357,vel_angular_magnitude,0.007
IMU,6.96346,vel_angular_magnitude,0.00768115
IMU,6.9735,vel_angular_magnitude,0.00768115
IMU,6.98347,vel_angular_magnitude,0.00678233
IMU,6.99346,vel_angular_magnitude,0.00678233
IMU,7.0034,vel_angular_magnitude,0.00678233
IMU,7.01345,vel_angular_magnitude,0.00678233
IMU,7.0235,vel_angular_magnitude,0.00754983
IMU,7.03345,vel_angular_magnitude,0.00754983
IMU,7.04347,vel_angular_magnitude,0.00734847
IMU,7.05378,vel_angular_magnitude,0.00734847
IMU,7.06342,vel_angular_magnitude,0.00768115
IMU,7.07345,vel_angular_magnitude,0.00768115
IMU,7.08345,vel_angular_magnitude,0.00640312
IMU,7.09365,vel_angular_magnitude,0.00640312
IMU,7.10343,vel_angular_magnitude,0.00734847
IMU,7.11347,vel_angular_magnitude,0.00734847
IMU,7.12348,vel_angular_magnitude,0.00860233
IMU,7.13346,vel_angular_magnitude,0.00860233
IMU,7.14345,vel_angular_magnitude,0.00728011
IMU,7.15374,vel_angular_magnitude,0.00728011
IMU,7.16348,vel_angular_magnitude,0.00768115
IMU,7.17365,vel_angular_magnitude,0.00768115
IMU,7.18363,vel_angular_magnitude,0.007
IMU,7.19349,vel_angular_magnitude,0.007
IMU,7.2035,vel_angular_magnitude,0.00812404
IMU,7.21348,vel_angular_magnitude,0.00812404
IMU,7.2235,vel_angular_magnitude,0.00812404
IMU,7.23346,vel_angular_magnitude,0.00812404
IMU,7.24371,vel_angular_magnitude,0.00640312
IMU,7.25348,vel_angular_magnitude,0.00640312
IMU,7.26344,vel_angular_magnitude,0.00678233
IMU,7.27352,vel_angular_magnitude,0.00678233
IMU,7.28359,vel_angular_magnitude,0.00678233
IMU,7.29405,vel_angular_magnitude,0.00678233
IMU,7.30344,vel_angular_magnitude,0.00663325
IMU,7.31349,vel_angular_magnitude,0.00663325
IMU,7.3236,vel_angular_magnitude,0.00734847
IMU,7.3335,vel_angular_magnitude,0.00734847
IMU,7.34347,vel_angular_magnitude,0.00768115
IMU,7.3535,vel_angular_magnitude,0.00768115
IMU,7.36419,vel_angular_magnitude,0.00768115
IMU,7.37345,vel_angular_magnitude,0.00768115
IMU,7.38346,vel_angular_magnitude,0.00754983
IMU,7.39346,vel_angular_magnitude,0.00754983
IMU,7.40343,vel_angular_magnitude,0.00678233
IMU,7.41345,vel_angular_magnitude,0.00678233
IMU,7.42361,vel_angular_magnitude,0.00734847
IMU,7.4336,vel_angular_magnitude,0.00734847
IMU,7.44359,vel_angular_magnitude,0.00640312
IMU,7.45345,vel_angular_magnitude,0.00640312
IMU,7.46345,vel_angular_magnitude,0.00640312
IMU,7.47345,vel_angular_magnitude,0.00640312
IMU,7.48365,vel_angular_magnitude,0.00640312
IMU,7.49388,vel_angular_magnitude,0.00640312
IMU,7.50393,vel_angular_magnitude,0.00768115
IMU,7.51406,vel_angular_magnitude,0.00768115
IMU,7.52596,vel_angular_magnitude,0.00787401
IMU,7.53544,vel_angular_magnitude,0.00787401
IMU,7.54383,vel_angular_magnitude,0.00640312
IMU,7.55389,vel_angular_magnitude,0.00640312
IMU,7.56389,vel_angular_magnitude,0.00768115
IMU,7.57627,vel_angular_magnitude,0.00768115
IMU,7.58658,vel_angular_magnitude,0.00768115
IMU,7.59465,vel_angular_magnitude,0.00768115
IMU,7.60544,vel_angular_magnitude,0.00714143
IMU,7.61387,vel_angular_magnitude,0.00714143
IMU,7.62421,vel_angular_magnitude,0.00734847
IMU,7.63354,vel_angular_magnitude,0.00734847
IMU,7.64409,vel_angular_magnitude,0.00860233
IMU,7.6536,vel_angular_magnitude,0.00860233
IMU,7.66499,vel_angular_magnitude,0.00768115
IMU,7.67496,vel_angular_magnitude,0.00768115
IMU,7.6861,vel_angular_magnitude,0.00768115
IMU,7.69645,vel_angular_magnitude,0.00768115
IMU,7.70393,vel_angular_magnitude,0.00734847
IMU,7.71451,vel_angular_magnitude,0.00734847
IMU,7.72726,vel_angular_magnitude,0.00734847
IMU,7.73427,vel_angular_magnitude,0.00734847
IMU,7.74517,vel_angular_magnitude,0.00616441
IMU,7.75537,vel_angular_magnitude,0.00616441
IMU,7.76726,vel_angular_magnitude,0.00616441
IMU,7.77482,vel_angular_magnitude,0.00787401
IMU,7.78605,vel_angular_magnitude,0.00787401
IMU,7.79628,vel_angular_magnitude,0.00787401
IMU,7.81179,vel_angular_magnitude,0.00768115
IMU,7.82538,vel_angular_magnitude,0.00768115
IMU,7.82737,vel_angular_magnitude,0.00640312
IMU,7.83664,vel_angular_magnitude,0.00640312
IMU,7.84573,vel_angular_magnitude,0.00678233
IMU,7.85559,vel_angular_magnitude,0.00678233
IMU,7.86427,vel_angular_magnitude,0.00734847
IMU,7.87766,vel_angular_magnitude,0.00734847
IMU,7.88617,vel_angular_magnitude,0.00734847
IMU,7.90541,vel_angular_magnitude,0.00734847
IMU,7.91504,vel_angular_magnitude,0.00734847
IMU,7.91966,vel_angular_magnitude,0.00734847
IMU,7.93313,vel_angular_magnitude,0.00768115
IMU,7.9353,vel_angular_magnitude,0.00768115
IMU,7.94442,vel_angular_magnitude,0.00768115
IMU,7.95988,vel_angular_magnitude,0.00768115
IMU,7.96737,vel_angular_magnitude,0.00734847
IMU,7.98129,vel_angular_magnitude,0.00734847
IMU,7.98423,vel_angular_magnitude,0.00768115
IMU,7.99909,vel_angular_magnitude,0.00768115
IMU,8.00815,vel_angular_magnitude,0.00678233
IMU,8.01506,vel_angular_magnitude,0.00678233
IMU,8.02472,vel_angular_magnitude,0.00734847
IMU,8.03422,vel_angular_magnitude,0.00734847
IMU,8.04626,vel_angular_magnitude,0.00734847
IMU,8.05475,vel_angular_magnitude,0.00734847
IMU,8.0638,vel_angular_magnitude,0.00640312
IMU,8.07393,vel_angular_magnitude,0.00640312
IMU,8.08609,vel_angular_magnitude,0.00640312
IMU,8.09801,vel_angular_magnitude,0.00640312
IMU,8.10438,vel_angular_magnitude,0.00640312
IMU,8.11428,vel_angular_magnitude,0.00640312
IMU,8.12412,vel_angular_magnitude,0.00640312
IMU,8.13375,vel_angular_magnitude,0.00640312
IMU,8.14612,vel_angular_magnitude,0.266432
IMU,8.15402,vel_angular_magnitude,0.266432
IMU,8.16386,vel_angular_magnitude,0.100245
IMU,8.17981,vel_angular_magnitude,0.100245
IMU,8.18494,vel_angular_magnitude,0.100245
IMU,8.19402,vel_angular_magnitude,0.100245
IMU,8.20483,vel_angular_magnitude,0.0895154
IMU,8.2182,vel_angular_magnitude,0.0895154
IMU,8.2249,vel_angular_magnitude,0.0848587
IMU,8.23566,vel_angular_magnitude,0.0848587
IMU,8.24953,vel_angular_magnitude,0.204834
IMU,8.25927,vel_angular_magnitude,0.204834
IMU,8.26416,vel_angular_magnitude,0.161419
IMU,8.27644,vel_angular_magnitude,0.161419
IMU,8.28777,vel_angular_magnitude,0.0412916
IMU,8.2943,vel_angular_magnitude,0.0412916
IMU,8.30644,vel_angular_magnitude,0.216104
IMU,8.3148,vel_angular_magnitude,0.216104
IMU,8.32507,vel_angular_magnitude,0.152174
IMU,8.33645,vel_angular_magnitude,0.152174
IMU,8.34677,vel_angular_magnitude,0.162988
IMU,8.35489,vel_angular_magnitude,0.162988
IMU,8.36408,vel_angular_magnitude,0.162988
IMU,8.37365,vel_angular_magnitude,0.162988
IMU,8.38403,vel_angular_magnitude,0.0930914
IMU,8.39368,vel_angular_magnitude,0.0930914
IMU,8.40518,vel_angular_magnitude,0.050309
IMU,8.4151,vel_angular_magnitude,0.050309
IMU,8.42507,vel_angular_magnitude,0.0154272
IMU,8.43516,vel_angular_magnitude,0.0154272
IMU,8.44993,vel_angular_magnitude,0.0543507
IMU,8.45578,vel_angular_magnitude,0.0543507
IMU,8.46363,vel_angular_magnitude,0.0543507
IMU,8.47664,vel_angular_magnitude,0.0543507
IMU,8.48376,vel_angular_magnitude,0.0410609
IMU,8.49537,vel_angular_magnitude,0.0410609
IMU,8.50477,vel_angular_magnitude,0.0383406
IMU,8.51518,vel_angular_magnitude,0.0383406
IMU,8.52596,vel_angular_magnitude,0.133349
IMU,8.5337,vel_angular_magnitude,0.133349
IMU,8.54808,vel_angular_magnitude,0.0586345
IMU,8.55636,vel_angular_magnitude,0.0586345
IMU,8.56525,vel_angular_magnitude,0.148503
IMU,8.57521,vel_angular_magnitude,0.148503
IMU,8.58465,vel_angular_magnitude,0.101642
IMU,8.59495,vel_angular_magnitude,0.101642
IMU,8.60381,vel_angular_magnitude,0.101642
IMU,8.61472,vel_angular_magnitude,0.101642
IMU,8.62709,vel_angular_magnitude,0.106574
IMU,8.63473,vel_angular_magnitude,0.106574
IMU,8.6443,vel_angular_magnitude,0.129715
IMU,8.6554,vel_angular_magnitude,0.129715
IMU,8.66437,vel_angular_magnitude,0.0602163
IMU,8.67612,vel_angular_magnitude,0.0602163
IMU,8.68474,vel_angular_magnitude,0.044699
IMU,8.69772,vel_angular_magnitude,0.044699
IMU,8.70351,vel_angular_magnitude,0.119524
IMU,8.71716,vel_angular_magnitude,0.119524
IMU,8.72479,vel_angular_magnitude,0.127267
IMU,8.73603,vel_angular_magnitude,0.127267
IMU,8.74813,vel_angular_magnitude,0.0417732
IMU,8.75363,vel_angular_magnitude,0.0417732
IMU,8.76469,vel_angular_magnitude,0.0417732
IMU,8.77546,vel_angular_magnitude,0.0417732
IMU,8.78616,vel_angular_magnitude,0.0741957
IMU,8.79735,vel_angular_magnitude,0.0741957
IMU,8.80728,vel_angular_magnitude,0.0592115
IMU,8.81553,vel_angular_magnitude,0.0592115
IMU,8.82433,vel_angular_magnitude,0.0592115
IMU,8.83575,vel_angular_magnitude,0.0908185
IMU,8.84369,vel_angular_magnitude,0.0908185
IMU,8.85512,vel_angular_magnitude,0.0453211
IMU,8.86361,vel_angular_magnitude,0.172377
IMU,8.87396,vel_angular_magnitude,0.172377
IMU,8.88404,vel_angular_magnitude,0.200407
IMU,8.89472,vel_angular_magnitude,0.200407
IMU,8.90495,vel_angular_magnitude,0.182069
IMU,8.91678,vel_angular_magnitude,0.182069
IMU,8.92537,vel_angular_magnitude,0.182069
IMU,8.93706,vel_angular_magnitude,0.182069
IMU,8.95049,vel_angular_magnitude,0.0630397
IMU,8.95422,vel_angular_magnitude,0.0630397
IMU,8.96485,vel_angular_magnitude,0.102308
IMU,8.97379,vel_angular_magnitude,0.102308
IMU,8.98471,vel_angular_magnitude,0.0419285
IMU,8.99852,vel_angular_magnitude,0.0419285
IMU,9.00458,vel_angular_magnitude,0.0822314
IMU,9.0153,vel_angular_magnitude,0.0822314
IMU,9.02454,vel_angular_magnitude,0.0960989
IMU,9.03425,vel_angular_magnitude,0.0960989
IMU,9.05529,vel_angular_magnitude,0.144931
IMU,9.05529,vel_angular_magnitude,0.144931
IMU,9.06412,vel_angular_magnitude,0.112076
IMU,9.07518,vel_angular_magnitude,0.112076
IMU,9.0875,vel_angular_magnitude,0.112076
IMU,9.09787,vel_angular_magnitude,0.112076
IMU,9.10707,vel_angular_magnitude,0.0434626
IMU,9.11484,vel_angular_magnitude,0.0434626
IMU,9.1236,vel_angular_magnitude,0.0602993
IMU,9.13494,vel_angular_magnitude,0.0602993
IMU,9.14804,vel_angular_magnitude,0.0708661
IMU,9.15437,vel_angular_magnitude,0.0708661
IMU,9.16431,vel_angular_magnitude,0.0910714
IMU,9.17576,vel_angular_magnitude,0.0910714
IMU,9.18532,vel_angular_magnitude,0.108729
IMU,9.19408,vel_angular_magnitude,0.108729
IMU,9.20426,vel_angular_magnitude,0.0375766
IMU,9.21612,vel_angular_magnitude,0.0375766
IMU,9.22487,vel_angular_magnitude,0.0211187
IMU,9.23689,vel_angular_magnitude,0.0211187
IMU,9.24611,vel_angular_magnitude,0.0211187
IMU,9.25396,vel_angular_magnitude,0.0211187
IMU,9.26731,vel_angular_magnitude,0.0600083
IMU,9.27769,vel_angular_magnitude,0.0600083
IMU,9.28564,vel_angular_magnitude,0.179405
IMU,9.2938,vel_angular_magnitude,0.179405
IMU,9.3076,vel_angular_magnitude,0.179405
IMU,9.31536,vel_angular_magnitude,0.222663
IMU,9.32478,vel_angular_magnitude,0.222663
IMU,9.33447,vel_angular_magnitude,0.0502295
IMU,9.34504,vel_angular_magnitude,0.13808
IMU,9.35471,vel_angular_magnitude,0.13808
IMU,9.36616,vel_angular_magnitude,0.146523
IMU,9.37842,vel_angular_magnitude,0.146523
IMU,9.38812,vel_angular_magnitude,0.065582
IMU,9.39444,vel_angular_magnitude,0.065582
IMU,9.40417,vel_angular_magnitude,0.065582
IMU,9.41806,vel_angular_magnitude,0.065582
IMU,9.4272,vel_angular_magnitude,0.032311
IMU,9.44235,vel_angular_magnitude,0.0476865
IMU,9.44644,vel_angular_magnitude,0.0476865
IMU,9.45541,vel_angular_magnitude,0.0476865
IMU,9.46509,vel_angular_magnitude,0.0551181
IMU,9.4766,vel_angular_magnitude,0.0551181
IMU,9.48872,vel_angular_magnitude,0.149817
IMU,9.49771,vel_angular_magnitude,0.0227376
IMU,9.50361,vel_angular_magnitude,0.0227376
IMU,9.51527,vel_angular_magnitude,0.0227376
IMU,9.52542,vel_angular_magnitude,0.0608851
IMU,9.53941,vel_angular_magnitude,0.0608851
IMU,9.54585,vel_angular_magnitude,0.0411218
IMU,9.55645,vel_angular_magnitude,0.0411218
IMU,9.56438,vel_angular_magnitude,0.0411218
IMU,9.57812,vel_angular_magnitude,0.0411218
IMU,9.58448,vel_angular_magnitude,0.0622495
IMU,9.59743,vel_angular_magnitude,0.0622495
IMU,9.60674,vel_angular_magnitude,0.0376962
IMU,9.61463,vel_angular_magnitude,0.0376962
IMU,9.62406,vel_angular_magnitude,0.0443959
IMU,9.63616,vel_angular_magnitude,0.0443959
IMU,9.64609,vel_angular_magnitude,0.0671789
IMU,9.65381,vel_angular_magnitude,0.0671789
IMU,9.66474,vel_angular_magnitude,0.0251794
IMU,9.67675,vel_angular_magnitude,0.0213776
IMU,9.68399,vel_angular_magnitude,0.0213776
IMU,9.69468,vel_angular_magnitude,0.0213776
IMU,9.70783,vel_angular_magnitude,0.0414729
IMU,9.7152,vel_angular_magnitude,0.0414729
IMU,9.72413,vel_angular_magnitude,0.0414729
IMU,9.73463,vel_angular_magnitude,0.0414729
IMU,9.74516,vel_angular_magnitude,0.0712039
IMU,9.75505,vel_angular_magnitude,0.0712039
IMU,9.7654,vel_angular_magnitude,0.0902607
IMU,9.77469,vel_angular_magnitude,0.0902607
IMU,9.7837,vel_angular_magnitude,0.00632456
IMU,9.7952,vel_angular_magnitude,0.00632456
IMU,9.80797,vel_angular_magnitude,0.108908
IMU,9.81448,vel_angular_magnitude,0.108908
IMU,9.82448,vel_angular_magnitude,0.0450555
IMU,9.83398,vel_angular_magnitude,0.0450555
IMU,9.84797,vel_angular_magnitude,0.229824
IMU,9.8575,vel_angular_magnitude,0.229824
IMU,9.86767,vel_angular_magnitude,0.0565243
IMU,9.87504,vel_angular_magnitude,0.0565243
IMU,9.88535,vel_angular_magnitude,0.0565243
IMU,9.90051,vel_angular_magnitude,0.0565243
IMU,9.90601,vel_angular_magnitude,0.0761643
IMU,9.91617,vel_angular_magnitude,0.0761643
IMU,9.92369,vel_angular_magnitude,0.124571
IMU,9.93588,vel_angular_magnitude,0.124571
IMU,9.94447,vel_angular_magnitude,0.142302
IMU,9.95711,vel_angular_magnitude,0.142302
IMU,9.96606,vel_angular_magnitude,0.101435
IMU,9.97494,vel_angular_magnitude,0.101435
IMU,9.98456,vel_angular_magnitude,0.0929839
IMU,10.0012,vel_angular_magnitude,0.0929839
IMU,10.0045,vel_angular_magnitude,0.12638
IMU,10.0142,vel_angular_magnitude,0.12638
IMU,10.0246,vel_angular_magnitude,0.12638
IMU,10.0345,vel_angular_magnitude,0.12638
IMU,10.044,vel_angular_magnitude,0.0447884
IMU,10.0542,vel_angular_magnitude,0.0447884
IMU,10.0651,vel_angular_magnitude,0.0727599
IMU,10.0748,vel_angular_magnitude,0.0727599
IMU,10.0841,vel_angular_magnitude,0.125889
IMU,10.1008,vel_angular_magnitude,0.125889
IMU,10.1051,vel_angular_magnitude,0.125889
IMU,10.1213,vel_angular_magnitude,0.0563028
IMU,10.1267,vel_angular_magnitude,0.0563028
IMU,10.134,vel_angular_magnitude,0.184949
IMU,10.1436,vel_angular_magnitude,0.184949
IMU,10.1569,vel_angular_magnitude,0.0353695
IMU,10.167,vel_angular_magnitude,0.0353695
IMU,10.1745,vel_angular_magnitude,0.244743
IMU,10.1838,vel_angular_magnitude,0.244743
IMU,10.1939,vel_angular_magnitude,0.244743
IMU,10.2086,vel_angular_magnitude,0.244743
IMU,10.2162,vel_angular_magnitude,0.284916
IMU,10.23,vel_angular_magnitude,0.284916
IMU,10.2338,vel_angular_magnitude,0.154719
IMU,10.2456,vel_angular_magnitude,0.0245967
IMU,10.2569,vel_angular_magnitude,0.0245967
IMU,10.2681,vel_angular_magnitude,0.0245967
IMU,10.2739,vel_angular_magnitude,0.0245967
IMU,10.2849,vel_angular_magnitude,0.192276
IMU,10.2959,vel_angular_magnitude,0.192276
IMU,10.3047,vel_angular_magnitude,0.51071
IMU,10.3168,vel_angular_magnitude,0.51071
IMU,10.3239,vel_angular_magnitude,0.318146
IMU,10.3384,vel_angular_magnitude,0.318146
IMU,10.3471,vel_angular_magnitude,0.137572
IMU,10.3538,vel_angular_magnitude,0.137572
IMU,10.3651,vel_angular_magnitude,0.0775177
IMU,10.3749,vel_angular_magnitude,0.0775177
IMU,10.3853,vel_angular_magnitude,0.122348
IMU,10.3968,vel_angular_magnitude,0.122348
IMU,10.4037,vel_angular_magnitude,0.122348
IMU,10.4138,vel_angular_magnitude,0.122348
IMU,10.4257,vel_angular_magnitude,0.130311
IMU,10.4338,vel_angular_magnitude,0.130311
IMU,10.4476,vel_angular_magnitude,0.0522398
IMU,10.4547,vel_angular_magnitude,0.0522398
IMU,10.4652,vel_angular_magnitude,0.12642
IMU,10.4759,vel_angular_magnitude,0.12642
IMU,10.4851,vel_angular_magnitude,0.18422
IMU,10.4948,vel_angular_magnitude,0.18422
IMU,10.5044,vel_angular_magnitude,0.238671
IMU,10.5171,vel_angular_magnitude,0.238671
IMU,10.5267,vel_angular_magnitude,0.238671
IMU,10.5342,vel_angular_magnitude,0.238671
IMU,10.5453,vel_angular_magnitude,0.171146
IMU,10.5541,vel_angular_magnitude,0.171146
IMU,10.5655,vel_angular_magnitude,0.0408044
IMU,10.5753,vel_angular_magnitude,0.0408044
IMU,10.5842,vel_angular_magnitude,0.0196214
IMU,10.597,vel_angular_magnitude,0.0196214
IMU,10.6045,vel_angular_magnitude,0.360064
IMU,10.615,vel_angular_magnitude,0.360064
IMU,10.6238,vel_angular_magnitude,0.273282
IMU,10.6342,vel_angular_magnitude,0.273282
IMU,10.6445,vel_angular_magnitude,0.264413
IMU,10.6564,vel_angular_magnitude,0.264413
IMU,10.6643,vel_angular_magnitude,0.117826
IMU,10.6737,vel_angular_magnitude,0.117826
IMU,10.6848,vel_angular_magnitude,0.114569
IMU,10.6959,vel_angular_magnitude,0.114569
IMU,10.7036,vel_angular_magnitude,0.110431
IMU,10.716,vel_angular_magnitude,0.0363456
IMU,10.7249,vel_angular_magnitude,0.0363456
IMU,10.7348,vel_angular_magnitude,0.0363456
IMU,10.7452,vel_angular_magnitude,0.0363456
IMU,10.7552,vel_angular_magnitude,0.0363456
IMU,10.7675,vel_angular_magnitude,0.116142
IMU,10.7748,vel_angular_magnitude,0.116142
IMU,10.7858,vel_angular_magnitude,0.0704344
IMU,10.7943,vel_angular_magnitude,0.0704344
IMU,10.8059,vel_angular_magnitude,0.0524881
IMU,10.8176,vel_angular_magnitude,0.0524881
IMU,10.827,vel_angular_magnitude,0.12274
IMU,10.8354,vel_angular_magnitude,0.12274
IMU,10.8449,vel_angular_magnitude,0.106644
IMU,10.867,vel_angular_magnitude,0.106644
IMU,10.8761,vel_angular_magnitude,0.106644
IMU,10.884,vel_angular_magnitude,0.0634429
IMU,10.8973,vel_angular_magnitude,0.0634429
IMU,10.9047,vel_angular_magnitude,0.081939
IMU,10.922,vel_angular_magnitude,0.081939
IMU,10.9265,vel_angular_magnitude,0.104657
IMU,10.941,vel_angular_magnitude,0.104657
IMU,10.9452,vel_angular_magnitude,0.0725121
IMU,10.955,vel_angular_magnitude,0.0725121
IMU,10.9654,vel_angular_magnitude,0.108167
IMU,10.9755,vel_angular_magnitude,0.108167
IMU,10.9854,vel_angular_magnitude,0.208876
IMU,11,vel_angular_magnitude,0.208876
IMU,11.0049,vel_angular_magnitude,0.182508
IMU,11.0181,vel_angular_magnitude,0.182508
IMU,11.0261,vel_angular_magnitude,0.012083
IMU,11.0337,vel_angular_magnitude,0.012083
IMU,11.0455,vel_angular_magnitude,0.0366333
IMU,11.0538,vel_angular_magnitude,0.0366333
IMU,11.065,vel_angular_magnitude,0.120723
IMU,11.076,vel_angular_magnitude,0.120723
IMU,11.087,vel_angular_magnitude,0.12931
IMU,11.095,vel_angular_magnitude,0.12931
IMU,11.1102,vel_angular_magnitude,0.12931
IMU,11.1149,vel_angular_magnitude,0.12931
IMU,11.1256,vel_angular_magnitude,0.146414
IMU,11.1343,vel_angular_magnitude,0.146414
IMU,11.1456,vel_angular_magnitude,0.359419
IMU,11.1541,vel_angular_magnitude,0.359419
IMU,11.1704,vel_angular_magnitude,0.175
IMU,11.174,vel_angular_magnitude,0.175
IMU,11.1843,vel_angular_magnitude,0.134078
IMU,11.198,vel_angular_magnitude,0.134078
IMU,11.2053,vel_angular_magnitude,0.0911098
IMU,11.214,vel_angular_magnitude,0.0911098
IMU,11.224,vel_angular_magnitude,0.100703
IMU,11.234,vel_angular_magnitude,0.100703
IMU,11.2482,vel_angular_magnitude,0.128674
IMU,11.2543,vel_angular_magnitude,0.128674
IMU,11.2638,vel_angular_magnitude,0.128674
IMU,11.2767,vel_angular_magnitude,0.128674
IMU,11.2848,vel_angular_magnitude,0.287435
IMU,11.298,vel_angular_magnitude,0.287435
IMU,11.3101,vel_angular_magnitude,0.109366
IMU,11.3218,vel_angular_magnitude,0.109366
IMU,11.335,vel_angular_magnitude,0.0890562
IMU,11.3439,vel_angular_magnitude,0.0283549
IMU,11.3568,vel_angular_magnitude,0.0283549
IMU,11.3703,vel_angular_magnitude,0.0964832
IMU,11.3838,vel_angular_magnitude,0.171785
IMU,11.3843,vel_angular_magnitude,0.171785
IMU,11.3942,vel_angular_magnitude,0.171785
IMU,11.4055,vel_angular_magnitude,0.0564358
IMU,11.4164,vel_angular_magnitude,0.0564358
IMU,11.4237,vel_angular_magnitude,0.0405463
IMU,11.4343,vel_angular_magnitude,0.0405463
IMU,11.4458,vel_angular_magnitude,0.0405463
IMU,11.4544,vel_angular_magnitude,0.0405463
IMU,11.464,vel_angular_magnitude,0.12746
IMU,11.4772,vel_angular_magnitude,0.12746
IMU,11.4901,vel_angular_magnitude,0.301332
IMU,11.4964,vel_angular_magnitude,0.301332
IMU,11.5054,vel_angular_magnitude,0.363639
IMU,11.5161,vel_angular_magnitude,0.363639
IMU,11.5246,vel_angular_magnitude,0.200534
IMU,11.5354,vel_angular_magnitude,0.200534
IMU,11.5454,vel_angular_magnitude,0.0488876
IMU,11.5605,vel_angular_magnitude,0.0488876
IMU,11.5706,vel_angular_magnitude,0.166655
IMU,11.5744,vel_angular_magnitude,0.166655
IMU,11.5862,vel_angular_magnitude,0.120021
IMU,11.6014,vel_angular_magnitude,0.120021
IMU,11.6041,vel_angular_magnitude,0.198043
IMU,11.6171,vel_angular_magnitude,0.198043
IMU,11.6251,vel_angular_magnitude,0.0804736
IMU,11.6346,vel_angular_magnitude,0.0804736
IMU,11.6446,vel_angular_magnitude,0.059279
IMU,11.6575,vel_angular_magnitude,0.059279
IMU,11.664,vel_angular_magnitude,0.0326956
IMU,11.6822,vel_angular_magnitude,0.0326956
IMU,11.6868,vel_angular_magnitude,0.104408
IMU,11.6965,vel_angular_magnitude,0.104408
IMU,11.7063,vel_angular_magnitude,0.160742
IMU,11.715,vel_angular_magnitude,0.160742
IMU,11.7306,vel_angular_magnitude,0.155901
IMU,11.7342,vel_angular_magnitude,0.155901
IMU,11.7452,vel_angular_magnitude,0.0852467
IMU,11.757,vel_angular_magnitude,0.0852467
IMU,11.7637,vel_angular_magnitude,0.0918967
IMU,11.7739,vel_angular_magnitude,0.0918967
IMU,11.7843,vel_angular_magnitude,0.217016
IMU,11.7956,vel_angular_magnitude,0.217016
IMU,11.804,vel_angular_magnitude,0.224617
IMU,11.816,vel_angular_magnitude,0.224617
IMU,11.8243,vel_angular_magnitude,0.224617
IMU,11.8339,vel_angular_magnitude,0.0836301
IMU,11.844,vel_angular_magnitude,0.0836301
IMU,11.857,vel_angular_magnitude,0.0836301
IMU,11.8658,vel_angular_magnitude,0.173012
IMU,11.8752,vel_angular_magnitude,0.173012
IMU,11.8843,vel_angular_magnitude,0.117171
IMU,11.8974,vel_angular_magnitude,0.117171
IMU,11.9038,vel_angular_magnitude,0.0339706
IMU,11.915,vel_angular_magnitude,0.0339706
IMU,11.926,vel_angular_magnitude,0.100215
IMU,11.9366,vel_angular_magnitude,0.100215
IMU,11.9453,vel_angular_magnitude,0.108568
IMU,11.9556,vel_angular_magnitude,0.104971
IMU,11.9653,vel_angular_magnitude,0.104971
IMU,11.979,vel_angular_magnitude,0.104971
IMU,11.9846,vel_angular_magnitude,0.104971
IMU,11.9953,vel_angular_magnitude,0.114952
IMU,12.0063,vel_angular_magnitude,0.10883
IMU,12.0161,vel_angular_magnitude,0.10883
IMU,12.0314,vel_angular_magnitude,0.152168
IMU,12.0342,vel_angular_magnitude,0.152168
IMU,12.0453,vel_angular_magnitude,0.152168
IMU,12.054,vel_angular_magnitude,0.152168
IMU,12.065,vel_angular_magnitude,0.126436
IMU,12.0764,vel_angular_magnitude,0.126436
IMU,12.0845,vel_angular_magnitude,0.389772
IMU,12.0972,vel_angular_magnitude,0.389772
IMU,12.104,vel_angular_magnitude,0.323002
IMU,12.1137,vel_angular_magnitude,0.323002
IMU,12.1265,vel_angular_magnitude,0.306237
IMU,12.1359,vel_angular_magnitude,0.306237
IMU,12.1442,vel_angular_magnitude,0.111176
IMU,12.1552,vel_angular_magnitude,0.111176
IMU,12.1666,vel_angular_magnitude,0.111176
IMU,12.1806,vel_angular_magnitude,0.111176
IMU,12.1841,vel_angular_magnitude,0.0587367
IMU,12.1949,vel_angular_magnitude,0.0587367
IMU,12.205,vel_angular_magnitude,0.128658
IMU,12.2176,vel_angular_magnitude,0.128658
IMU,12.2263,vel_angular_magnitude,0.152801
IMU,12.2353,vel_angular_magnitude,0.152801
IMU,12.2454,vel_angular_magnitude,0.109206
IMU,12.2562,vel_angular_magnitude,0.109206
IMU,12.2675,vel_angular_magnitude,0.111683
IMU,12.2747,vel_angular_magnitude,0.111683
IMU,12.2904,vel_angular_magnitude,0.0751133
IMU,12.2975,vel_angular_magnitude,0.0751133
IMU,12.3057,vel_angular_magnitude,0.0932845
IMU,12.3168,vel_angular_magnitude,0.0932845
IMU,12.325,vel_angular_magnitude,0.0325883
IMU,12.3376,vel_angular_magnitude,0.0325883
IMU,12.3475,vel_angular_magnitude,0.0325883
IMU,12.3541,vel_angular_magnitude,0.0325883
IMU,12.3654,vel_angular_magnitude,0.0845104
IMU,12.3745,vel_angular_magnitude,0.0845104
IMU,12.3845,vel_angular_magnitude,0.160091
IMU,12.3949,vel_angular_magnitude,0.160091
IMU,12.405,vel_angular_magnitude,0.176085
IMU,12.4249,vel_angular_magnitude,0.166114
IMU,12.4349,vel_angular_magnitude,0.166114
IMU,12.4351,vel_angular_magnitude,0.166114
IMU,12.4441,vel_angular_magnitude,0.0991211
IMU,12.4549,vel_angular_magnitude,0.0991211
IMU,12.4656,vel_angular_magnitude,0.153147
IMU,12.4762,vel_angular_magnitude,0.153147
IMU,12.4844,vel_angular_magnitude,0.191034
IMU,12.4948,vel_angular_magnitude,0.0201246
IMU,12.505,vel_angular_magnitude,0.0201246
IMU,12.5157,vel_angular_magnitude,0.0201246
IMU,12.5253,vel_angular_magnitude,0.0277489
IMU,12.5342,vel_angular_magnitude,0.0277489
IMU,12.5478,vel_angular_magnitude,0.0818413
IMU,12.5618,vel_angular_magnitude,0.0818413
IMU,12.5698,vel_angular_magnitude,0.0818413
IMU,12.5782,vel_angular_magnitude,0.0818413
IMU,12.5864,vel_angular_magnitude,0.137619
IMU,12.5982,vel_angular_magnitude,0.137619
IMU,12.6055,vel_angular_magnitude,0.0959687
IMU,12.6261,vel_angular_magnitude,0.0959687
IMU,12.6293,vel_angular_magnitude,0.165257
IMU,12.6375,vel_angular_magnitude,0.0645678
IMU,12.651,vel_angular_magnitude,0.0645678
IMU,12.6608,vel_angular_magnitude,0.0645678
IMU,12.6637,vel_angular_magnitude,0.0643739
IMU,12.6771,vel_angular_magnitude,0.0643739
IMU,12.686,vel_angular_magnitude,0.165967
IMU,12.698,vel_angular_magnitude,0.165967
IMU,12.7068,vel_angular_magnitude,0.229212
IMU,12.7171,vel_angular_magnitude,0.229212
IMU,12.7297,vel_angular_magnitude,0.229212
IMU,12.74,vel_angular_magnitude,0.229212
IMU,12.7532,vel_angular_magnitude,0.179449
IMU,12.7572,vel_angular_magnitude,0.0645136
IMU,12.7694,vel_angular_magnitude,0.0645136
IMU,12.7788,vel_angular_magnitude,0.0645136
IMU,12.7863,vel_angular_magnitude,0.163887
IMU,12.7978,vel_angular_magnitude,0.163887
IMU,12.8114,vel_angular_magnitude,0.0736274
IMU,12.8347,vel_angular_magnitude,0.0832226
IMU,12.837,vel_angular_magnitude,0.0832226
IMU,12.8506,vel_angular_magnitude,0.0832226
IMU,12.8583,vel_angular_magnitude,0.0832226
IMU,12.8708,vel_angular_magnitude,0.32649
IMU,12.8761,vel_angular_magnitude,0.32649
IMU,12.8868,vel_angular_magnitude,0.32649
IMU,12.9026,vel_angular_magnitude,0.32649
IMU,12.9062,vel_angular_magnitude,0.19382
IMU,12.9135,vel_angular_magnitude,0.19382
IMU,12.9261,vel_angular_magnitude,0.0981275
IMU,12.9352,vel_angular_magnitude,0.0981275
IMU,12.9456,vel_angular_magnitude,0.0141774
IMU,12.9603,vel_angular_magnitude,0.0141774
IMU,12.971,vel_angular_magnitude,0.106038
IMU,12.9827,vel_angular_magnitude,0.106038
IMU,12.9843,vel_angular_magnitude,0.296791
IMU,13.002,vel_angular_magnitude,0.296791
IMU,13.0211,vel_angular_magnitude,0.150818
IMU,13.0223,vel_angular_magnitude,0.150818
IMU,13.026,vel_angular_magnitude,0.150818
IMU,13.0344,vel_angular_magnitude,0.150818
IMU,13.0467,vel_angular_magnitude,0.224822
IMU,13.0561,vel_angular_magnitude,0.224822
IMU,13.0652,vel_angular_magnitude,0.329741
IMU,13.0765,vel_angular_magnitude,0.329741
IMU,13.0904,vel_angular_magnitude,0.0998899
IMU,13.0959,vel_angular_magnitude,0.0998899
IMU,13.1046,vel_angular_magnitude,0.317246
IMU,13.1144,vel_angular_magnitude,0.317246
IMU,13.1261,vel_angular_magnitude,0.255004
IMU,13.1352,vel_angular_magnitude,0.255004
IMU,13.145,vel_angular_magnitude,0.255004
IMU,13.1543,vel_angular_magnitude,0.255004
IMU,13.166,vel_angular_magnitude,0.0437493
IMU,13.1751,vel_angular_magnitude,0.0437493
IMU,13.1838,vel_angular_magnitude,0.0306757
IMU,13.1949,vel_angular_magnitude,0.0306757
IMU,13.2114,vel_angular_magnitude,0.221463
IMU,13.227,vel_angular_magnitude,0.437
IMU,13.2401,vel_angular_magnitude,0.271273
IMU,13.2461,vel_angular_magnitude,0.271273
IMU,13.2652,vel_angular_magnitude,0.0541202
IMU,13.2673,vel_angular_magnitude,0.0541202
IMU,13.2744,vel_angular_magnitude,0.0541202
IMU,13.2845,vel_angular_magnitude,0.0711407
IMU,13.2938,vel_angular_magnitude,0.0711407
IMU,13.3045,vel_angular_magnitude,0.457586
IMU,13.3163,vel_angular_magnitude,0.556468
IMU,13.3238,vel_angular_magnitude,0.556468
IMU,13.3344,vel_angular_magnitude,0.556468
IMU,13.3439,vel_angular_magnitude,0.283357
IMU,13.3551,vel_angular_magnitude,0.283357
IMU,13.3635,vel_angular_magnitude,0.283357
IMU,13.3751,vel_angular_magnitude,0.283357
IMU,13.3943,vel_angular_magnitude,0.0618789
IMU,13.4004,vel_angular_magnitude,0.0618789
IMU,13.4144,vel_angular_magnitude,0.354799
IMU,13.4241,vel_angular_magnitude,0.354799
IMU,13.4356,vel_angular_magnitude,0.265302
IMU,13.4358,vel_angular_magnitude,0.265302
IMU,13.445,vel_angular_magnitude,0.055254
IMU,13.4584,vel_angular_magnitude,0.055254
IMU,13.4647,vel_angular_magnitude,0.170297
IMU,13.4746,vel_angular_magnitude,0.170297
IMU,13.4847,vel_angular_magnitude,0.201735
IMU,13.499,vel_angular_magnitude,0.201735
IMU,13.5049,vel_angular_magnitude,0.0717217
IMU,13.5201,vel_angular_magnitude,0.156336
IMU,13.529,vel_angular_magnitude,0.156336
IMU,13.5358,vel_angular_magnitude,0.210193
IMU,13.5444,vel_angular_magnitude,0.210193
IMU,13.5564,vel_angular_magnitude,0.561444
IMU,13.5645,vel_angular_magnitude,0.561444
IMU,13.5761,vel_angular_magnitude,0.535284
IMU,13.5876,vel_angular_magnitude,0.535284
IMU,13.5935,vel_angular_magnitude,0.535284
IMU,13.6119,vel_angular_magnitude,0.255693
IMU,13.6346,vel_angular_magnitude,0.0574978
IMU,13.644,vel_angular_magnitude,0.0425911
IMU,13.6587,vel_angular_magnitude,0.0425911
IMU,13.6648,vel_angular_magnitude,0.0425911
IMU,13.6755,vel_angular_magnitude,0.0425911
IMU,13.6874,vel_angular_magnitude,0.289106
IMU,13.6985,vel_angular_magnitude,0.289106
IMU,13.7053,vel_angular_magnitude,0.17057
IMU,13.7165,vel_angular_magnitude,0.17057
IMU,13.7277,vel_angular_magnitude,0.151361
IMU,13.7339,vel_angular_magnitude,0.151361
IMU,13.745,vel_angular_magnitude,0.295576
IMU,13.7647,vel_angular_magnitude,0.151192
IMU,13.7648,vel_angular_magnitude,0.151192
IMU,13.7824,vel_angular_magnitude,0.151192
IMU,13.7929,vel_angular_magnitude,0.151192
IMU,13.7955,vel_angular_magnitude,0.151192
IMU,13.8063,vel_angular_magnitude,0.587208
IMU,13.8184,vel_angular_magnitude,0.587208
IMU,13.8316,vel_angular_magnitude,0.426864
IMU,13.8388,vel_angular_magnitude,0.426864
IMU,13.8473,vel_angular_magnitude,0.0217486
IMU,13.8561,vel_angular_magnitude,0.0217486
IMU,13.8637,vel_angular_magnitude,0.320031
IMU,13.8748,vel_angular_magnitude,0.320031
IMU,13.8911,vel_angular_magnitude,0.212419
IMU,13.8951,vel_angular_magnitude,0.212419
IMU,13.9049,vel_angular_magnitude,0.261851
IMU,13.9155,vel_angular_magnitude,0.0983158
IMU,13.927,vel_angular_magnitude,0.0983158
IMU,13.9343,vel_angular_magnitude,0.0983158
IMU,13.953,vel_angular_magnitude,0.465242
IMU,13.9641,vel_angular_magnitude,0.248276
IMU,13.9675,vel_angular_magnitude,0.248276
IMU,13.9773,vel_angular_magnitude,0.248276
IMU,13.9838,vel_angular_magnitude,0.322163
IMU,13.9944,vel_angular_magnitude,0.322163
IMU,14.0063,vel_angular_magnitude,0.322163
IMU,14.0149,vel_angular_magnitude,0.045288
IMU,14.035,vel_angular_magnitude,0.045288
IMU,14.0351,vel_angular_magnitude,0.045288
IMU,14.0458,vel_angular_magnitude,0.0192614
IMU,14.0548,vel_angular_magnitude,0.0192614
IMU,14.0643,vel_angular_magnitude,0.0600916
IMU,14.0752,vel_angular_magnitude,0.0600916
IMU,14.088,vel_angular_magnitude,0.238948
IMU,14.0947,vel_angular_magnitude,0.238948
IMU,14.1043,vel_angular_magnitude,0.397666
IMU,14.1144,vel_angular_magnitude,0.397666
IMU,14.1242,vel_angular_magnitude,0.16054
IMU,14.1367,vel_angular_magnitude,0.0831565
IMU,14.1444,vel_angular_magnitude,0.0831565
IMU,14.1548,vel_angular_magnitude,0.0831565
IMU,14.1636,vel_angular_magnitude,0.16281
IMU,14.1758,vel_angular_magnitude,0.16281
IMU,14.1855,vel_angular_magnitude,0.473087
IMU,14.1964,vel_angular_magnitude,0.473087
IMU,14.2078,vel_angular_magnitude,0.522569
IMU,14.2163,vel_angular_magnitude,0.522569
IMU,14.225,vel_angular_magnitude,0.585778
IMU,14.2396,vel_angular_magnitude,0.585778
IMU,14.2457,vel_angular_magnitude,0.415338
IMU,14.2538,vel_angular_magnitude,0.415338
IMU,14.2639,vel_angular_magnitude,0.341428
IMU,14.2758,vel_angular_magnitude,0.341428
IMU,14.2837,vel_angular_magnitude,0.0859302
IMU,14.3034,vel_angular_magnitude,0.0859302
IMU,14.3058,vel_angular_magnitude,0.120121
IMU,14.3158,vel_angular_magnitude,0.120121
IMU,14.3261,vel_angular_magnitude,0.120121
IMU,14.3351,vel_angular_magnitude,0.120121
IMU,14.3441,vel_angular_magnitude,0.125611
IMU,14.3557,vel_angular_magnitude,0.125611
IMU,14.3644,vel_angular_magnitude,0.459524
IMU,14.376,vel_angular_magnitude,0.405706
IMU,14.3854,vel_angular_magnitude,0.405706
IMU,14.3971,vel_angular_magnitude,0.405706
IMU,14.4048,vel_angular_magnitude,0.0887074
IMU,14.4158,vel_angular_magnitude,0.0887074
IMU,14.4269,vel_angular_magnitude,0.133825
IMU,14.4346,vel_angular_magnitude,0.133825
IMU,14.4502,vel_angular_magnitude,0.13175
IMU,14.4548,vel_angular_magnitude,0.13175
IMU,14.469,vel_angular_magnitude,0.0763806
IMU,14.4757,vel_angular_magnitude,0.0763806
IMU,14.4869,vel_angular_magnitude,0.250841
IMU,14.4942,vel_angular_magnitude,0.250841
IMU,14.5036,vel_angular_magnitude,0.13604
IMU,14.5157,vel_angular_magnitude,0.13604
IMU,14.5243,vel_angular_magnitude,0.112645
IMU,14.534,vel_angular_magnitude,0.112645
IMU,14.546,vel_angular_magnitude,0.343507
IMU,14.5538,vel_angular_magnitude,0.343507
IMU,14.5637,vel_angular_magnitude,0.480555
IMU,14.5739,vel_angular_magnitude,0.474177
IMU,14.584,vel_angular_magnitude,0.474177
IMU,14.5951,vel_angular_magnitude,0.474177
IMU,14.6098,vel_angular_magnitude,0.118296
IMU,14.6142,vel_angular_magnitude,0.118296
IMU,14.6238,vel_angular_magnitude,0.118296
IMU,14.6366,vel_angular_magnitude,0.118296
IMU,14.6504,vel_angular_magnitude,0.125304
IMU,14.6566,vel_angular_magnitude,0.125304
IMU,14.6675,vel_angular_magnitude,0.125304
IMU,14.6826,vel_angular_magnitude,0.310081
IMU,14.6852,vel_angular_magnitude,0.310081
IMU,14.7016,vel_angular_magnitude,0.274264
IMU,14.7145,vel_angular_magnitude,0.274264
IMU,14.7216,vel_angular_magnitude,0.268585
IMU,14.7307,vel_angular_magnitude,0.268585
IMU,14.7382,vel_angular_magnitude,0.0794103
IMU,14.7455,vel_angular_magnitude,0.0794103
IMU,14.7553,vel_angular_magnitude,0.0794103
IMU,14.7662,vel_angular_magnitude,0.330657
IMU,14.7748,vel_angular_magnitude,0.330657
IMU,14.7838,vel_angular_magnitude,0.0362767
IMU,14.7941,vel_angular_magnitude,0.0362767
IMU,14.8042,vel_angular_magnitude,0.178267
IMU,14.8159,vel_angular_magnitude,0.105019
IMU,14.8239,vel_angular_magnitude,0.105019
IMU,14.8337,vel_angular_magnitude,0.105019
IMU,14.844,vel_angular_magnitude,0.203477
IMU,14.8555,vel_angular_magnitude,0.203477
IMU,14.8662,vel_angular_magnitude,0.0416653
IMU,14.8742,vel_angular_magnitude,0.0416653
IMU,14.8846,vel_angular_magnitude,0.12313
IMU,14.8939,vel_angular_magnitude,0.12313
IMU,14.9054,vel_angular_magnitude,0.12313
IMU,14.915,vel_angular_magnitude,0.135923
IMU,14.9234,vel_angular_magnitude,0.135923
IMU,14.9336,vel_angular_magnitude,0.135923
IMU,14.9448,vel_angular_magnitude,0.0824621
IMU,14.955,vel_angular_magnitude,0.0824621
IMU,14.9653,vel_angular_magnitude,0.297684
IMU,14.9734,vel_angular_magnitude,0.297684
IMU,14.9836,vel_angular_magnitude,0.372372
IMU,14.9939,vel_angular_magnitude,0.372372
IMU,15.0088,vel_angular_magnitude,0.42323
IMU,15.0156,vel_angular_magnitude,0.42323
IMU,15.0235,vel_angular_magnitude,0.450383
IMU,15.0338,vel_angular_magnitude,0.450383
IMU,15.0436,vel_angular_magnitude,0.465698
IMU,15.0555,vel_angular_magnitude,0.465698
IMU,15.0675,vel_angular_magnitude,0.204517
IMU,15.0734,vel_angular_magnitude,0.204517
IMU,15.084,vel_angular_magnitude,0.0239374
IMU,15.0936,vel_angular_magnitude,0.0239374
IMU,15.106,vel_angular_magnitude,0.12672
IMU,15.1157,vel_angular_magnitude,0.12672
IMU,15.1235,vel_angular_magnitude,0.0797183
IMU,15.1335,vel_angular_magnitude,0.0797183
IMU,15.1436,vel_angular_magnitude,0.0546809
IMU,15.1574,vel_angular_magnitude,0.0546809
IMU,15.1634,vel_angular_magnitude,0.0679191
IMU,15.175,vel_angular_magnitude,0.0679191
IMU,15.1836,vel_angular_magnitude,0.0679191
IMU,15.1942,vel_angular_magnitude,0.205597
IMU,15.2046,vel_angular_magnitude,0.205597
IMU,15.2152,vel_angular_magnitude,0.205597
IMU,15.2234,vel_angular_magnitude,0.205597
IMU,15.2336,vel_angular_magnitude,0.272885
IMU,15.2436,vel_angular_magnitude,0.382693
IMU,15.2559,vel_angular_magnitude,0.382693
IMU,15.2636,vel_angular_magnitude,0.471964
IMU,15.2737,vel_angular_magnitude,0.471964
IMU,15.2846,vel_angular_magnitude,0.232959
IMU,15.2953,vel_angular_magnitude,0.232959
IMU,15.3044,vel_angular_magnitude,0.231864
IMU,15.3136,vel_angular_magnitude,0.231864
IMU,15.3237,vel_angular_magnitude,0.188722
IMU,15.3335,vel_angular_magnitude,0.188722
IMU,15.3439,vel_angular_magnitude,0.0819451
IMU,15.3562,vel_angular_magnitude,0.0819451
IMU,15.3636,vel_angular_magnitude,0.152135
IMU,15.3746,vel_angular_magnitude,0.152135
IMU,15.3838,vel_angular_magnitude,0.101247
IMU,15.3946,vel_angular_magnitude,0.101247
IMU,15.4047,vel_angular_magnitude,0.0552992
IMU,15.4143,vel_angular_magnitude,0.0552992
IMU,15.4235,vel_angular_magnitude,0.0945992
IMU,15.4341,vel_angular_magnitude,0.0945992
IMU,15.4438,vel_angular_magnitude,0.209907
IMU,15.4544,vel_angular_magnitude,0.209907
IMU,15.4638,vel_angular_magnitude,0.209907
IMU,15.4807,vel_angular_magnitude,0.209907
IMU,15.4881,vel_angular_magnitude,0.193644
IMU,15.4977,vel_angular_magnitude,0.0537122
IMU,15.5047,vel_angular_magnitude,0.0537122
IMU,15.5148,vel_angular_magnitude,0.0537122
IMU,15.5239,vel_angular_magnitude,0.378292
IMU,15.5347,vel_angular_magnitude,0.378292
IMU,15.5451,vel_angular_magnitude,0.677316
IMU,15.5539,vel_angular_magnitude,0.677316
IMU,15.5656,vel_angular_magnitude,0.677128
IMU,15.5748,vel_angular_magnitude,0.677128
IMU,15.5863,vel_angular_magnitude,0.383711
IMU,15.5994,vel_angular_magnitude,0.383711
IMU,15.6053,vel_angular_magnitude,0.176241
IMU,15.6145,vel_angular_magnitude,0.176241
IMU,15.6305,vel_angular_magnitude,0.0849117
IMU,15.6378,vel_angular_magnitude,0.0849117
IMU,15.6459,vel_angular_magnitude,0.170977
IMU,15.654,vel_angular_magnitude,0.170977
IMU,15.6661,vel_angular_magnitude,0.313544
IMU,15.6775,vel_angular_magnitude,0.313544
IMU,15.6837,vel_angular_magnitude,0.099945
IMU,15.6976,vel_angular_magnitude,0.099945
IMU,15.705,vel_angular_magnitude,0.145585
IMU,15.7159,vel_angular_magnitude,0.145585
IMU,15.7283,vel_angular_magnitude,0.0512445
IMU,15.738,vel_angular_magnitude,0.0512445
IMU,15.7436,vel_angular_magnitude,0.0177482
IMU,15.7562,vel_angular_magnitude,0.0177482
IMU,15.7643,vel_angular_magnitude,0.0234307
IMU,15.7827,vel_angular_magnitude,0.0234307
IMU,15.7841,vel_angular_magnitude,0.0234307
IMU,15.7939,vel_angular_magnitude,0.0234307
IMU,15.8041,vel_angular_magnitude,0.0110454
IMU,15.8162,vel_angular_magnitude,0.0110454
IMU,15.8256,vel_angular_magnitude,0.0123288
IMU,15.835,vel_angular_magnitude,0.0123288
IMU,15.8437,vel_angular_magnitude,0.00458258
IMU,15.8539,vel_angular_magnitude,0.00458258
IMU,15.8649,vel_angular_magnitude,0.00860233
IMU,15.8745,vel_angular_magnitude,0.00860233
IMU,15.8838,vel_angular_magnitude,0.0067082
IMU,15.8938,vel_angular_magnitude,0.0067082
IMU,15.9056,vel_angular_magnitude,0.00678233
IMU,15.917,vel_angular_magnitude,0.00678233
IMU,15.9239,vel_angular_magnitude,0.00728011
IMU,15.9382,vel_angular_magnitude,0.211057
IMU,15.9462,vel_angular_magnitude,0.211057
IMU,15.9538,vel_angular_magnitude,0.211057
IMU,15.9696,vel_angular_magnitude,0.211057
IMU,15.9751,vel_angular_magnitude,0.211057
IMU,15.9842,vel_angular_magnitude,0.111633
IMU,15.9943,vel_angular_magnitude,0.111633
IMU,16.0037,vel_angular_magnitude,0.251462
IMU,16.0139,vel_angular_magnitude,0.251462
IMU,16.0248,vel_angular_magnitude,0.142482
IMU,16.035,vel_angular_magnitude,0.142482
IMU,16.0447,vel_angular_magnitude,0.097432
IMU,16.0539,vel_angular_magnitude,0.097432
IMU,16.0647,vel_angular_magnitude,0.0553624
IMU,16.0779,vel_angular_magnitude,0.0775822
IMU,16.0839,vel_angular_magnitude,0.0775822
IMU,16.0936,vel_angular_magnitude,0.0775822
IMU,16.1038,vel_angular_magnitude,0.0540833
IMU,16.1148,vel_angular_magnitude,0.0540833
IMU,16.1267,vel_angular_magnitude,0.0540833
IMU,16.1344,vel_angular_magnitude,0.0540833
IMU,16.1435,vel_angular_magnitude,0.313626
IMU,16.1545,vel_angular_magnitude,0.313626
IMU,16.1639,vel_angular_magnitude,0.391603
IMU,16.1749,vel_angular_magnitude,0.391603
IMU,16.1839,vel_angular_magnitude,0.391603
IMU,16.1949,vel_angular_magnitude,0.391603
IMU,16.2056,vel_angular_magnitude,0.612736
IMU,16.2167,vel_angular_magnitude,0.467946
IMU,16.2239,vel_angular_magnitude,0.467946
IMU,16.2337,vel_angular_magnitude,0.467946
IMU,16.2437,vel_angular_magnitude,0.526297
IMU,16.2571,vel_angular_magnitude,0.313946
IMU,16.266,vel_angular_magnitude,0.313946
IMU,16.2765,vel_angular_magnitude,0.313946
IMU,16.2872,vel_angular_magnitude,0.0808146
IMU,16.2943,vel_angular_magnitude,0.0808146
IMU,16.3036,vel_angular_magnitude,0.122552
IMU,16.3146,vel_angular_magnitude,0.122552
IMU,16.3234,vel_angular_magnitude,0.0990051
IMU,16.3365,vel_angular_magnitude,0.0990051
IMU,16.344,vel_angular_magnitude,0.0531037
IMU,16.3538,vel_angular_magnitude,0.0531037
IMU,16.3636,vel_angular_magnitude,0.250046
IMU,16.3763,vel_angular_magnitude,0.250046
IMU,16.3839,vel_angular_magnitude,0.126143
IMU,16.3941,vel_angular_magnitude,0.126143
IMU,16.404,vel_angular_magnitude,0.36148
IMU,16.4136,vel_angular_magnitude,0.36148
IMU,16.4258,vel_angular_magnitude,0.220712
IMU,16.4342,vel_angular_magnitude,0.220712
IMU,16.4436,vel_angular_magnitude,0.219413
IMU,16.4543,vel_angular_magnitude,0.219413
IMU,16.4649,vel_angular_magnitude,0.498447
IMU,16.4742,vel_angular_magnitude,0.498447
IMU,16.485,vel_angular_magnitude,0.197823
IMU,16.4938,vel_angular_magnitude,0.197823
IMU,16.5042,vel_angular_magnitude,0.204287
IMU,16.514,vel_angular_magnitude,0.204287
IMU,16.5264,vel_angular_magnitude,0.394512
IMU,16.5341,vel_angular_magnitude,0.394512
IMU,16.544,vel_angular_magnitude,0.269292
IMU,16.554,vel_angular_magnitude,0.269292
IMU,16.5656,vel_angular_magnitude,0.269292
IMU,16.5739,vel_angular_magnitude,0.269292
IMU,16.5851,vel_angular_magnitude,0.0645755
IMU,16.5941,vel_angular_magnitude,0.0645755
IMU,16.605,vel_angular_magnitude,0.188425
IMU,16.6144,vel_angular_magnitude,0.188425
IMU,16.6237,vel_angular_magnitude,0.0404228
IMU,16.6341,vel_angular_magnitude,0.0404228
IMU,16.6442,vel_angular_magnitude,0.178225
IMU,16.6544,vel_angular_magnitude,0.178225
IMU,16.6642,vel_angular_magnitude,0.12037
IMU,16.674,vel_angular_magnitude,0.12037
IMU,16.6839,vel_angular_magnitude,0.133847
IMU,16.6941,vel_angular_magnitude,0.133847
IMU,16.7041,vel_angular_magnitude,0.156799
IMU,16.7154,vel_angular_magnitude,0.156799
IMU,16.724,vel_angular_magnitude,0.0198494
IMU,16.7362,vel_angular_magnitude,0.0198494
IMU,16.7537,vel_angular_magnitude,0.0583181
IMU,16.7544,vel_angular_magnitude,0.0583181
IMU,16.7645,vel_angular_magnitude,0.154422
IMU,16.7774,vel_angular_magnitude,0.154422
IMU,16.7844,vel_angular_magnitude,0.160116
IMU,16.7937,vel_angular_magnitude,0.160116
IMU,16.8036,vel_angular_magnitude,0.511521
IMU,16.8148,vel_angular_magnitude,0.511521
IMU,16.8234,vel_angular_magnitude,0.13932
IMU,16.834,vel_angular_magnitude,0.13932
IMU,16.8438,vel_angular_magnitude,0.191966
IMU,16.8571,vel_angular_magnitude,0.191966
IMU,16.8636,vel_angular_magnitude,0.334097
IMU,16.8761,vel_angular_magnitude,0.481296
IMU,16.8848,vel_angular_magnitude,0.481296
IMU,16.8937,vel_angular_magnitude,0.481296
IMU,16.9037,vel_angular_magnitude,0.481296
IMU,16.9147,vel_angular_magnitude,0.481296
IMU,16.9276,vel_angular_magnitude,0.235799
IMU,16.9364,vel_angular_magnitude,0.235799
IMU,16.9504,vel_angular_magnitude,0.11664
IMU,16.9567,vel_angular_magnitude,0.11664
IMU,16.9644,vel_angular_magnitude,0.191084
IMU,16.9763,vel_angular_magnitude,0.191084
IMU,16.985,vel_angular_magnitude,0.0564358
IMU,16.9962,vel_angular_magnitude,0.0564358
IMU,17.0053,vel_angular_magnitude,0.0564358
IMU,17.018,vel_angular_magnitude,0.0564358
IMU,17.0252,vel_angular_magnitude,0.17168
IMU,17.0349,vel_angular_magnitude,0.17168
IMU,17.0436,vel_angular_magnitude,0.202894
IMU,17.0544,vel_angular_magnitude,0.202894
IMU,17.0643,vel_angular_magnitude,0.0161245
IMU,17.074,vel_angular_magnitude,0.0161245
IMU,17.0838,vel_angular_magnitude,0.0161245
IMU,17.0936,vel_angular_magnitude,0.129823
IMU,17.1043,vel_angular_magnitude,0.129823
IMU,17.1139,vel_angular_magnitude,0.037
IMU,17.1252,vel_angular_magnitude,0.037
IMU,17.134,vel_angular_magnitude,0.304266
IMU,17.1438,vel_angular_magnitude,0.304266
IMU,17.1552,vel_angular_magnitude,0.0901665
IMU,17.164,vel_angular_magnitude,0.0901665
IMU,17.1739,vel_angular_magnitude,0.0901665
IMU,17.1843,vel_angular_magnitude,0.140656
IMU,17.1937,vel_angular_magnitude,0.140656
IMU,17.2046,vel_angular_magnitude,0.140656
IMU,17.2139,vel_angular_magnitude,0.0778524
IMU,17.2245,vel_angular_magnitude,0.0778524
IMU,17.2337,vel_angular_magnitude,0.0778524
IMU,17.2439,vel_angular_magnitude,0.101814
IMU,17.254,vel_angular_magnitude,0.101814
IMU,17.2638,vel_angular_magnitude,0.1001
IMU,17.2736,vel_angular_magnitude,0.1001
IMU,17.2841,vel_angular_magnitude,0.053376
IMU,17.2958,vel_angular_magnitude,0.053376
IMU,17.304,vel_angular_magnitude,0.232144
IMU,17.3146,vel_angular_magnitude,0.232144
IMU,17.3247,vel_angular_magnitude,0.386329
IMU,17.334,vel_angular_magnitude,0.386329
IMU,17.3443,vel_angular_magnitude,0.342735
IMU,17.3555,vel_angular_magnitude,0.342735
IMU,17.3649,vel_angular_magnitude,0.408729
IMU,17.3741,vel_angular_magnitude,0.408729
IMU,17.3851,vel_angular_magnitude,0.367153
IMU,17.3959,vel_angular_magnitude,0.367153
IMU,17.4046,vel_angular_magnitude,0.207164
IMU,17.4144,vel_angular_magnitude,0.207164
IMU,17.4264,vel_angular_magnitude,0.255047
IMU,17.4365,vel_angular_magnitude,0.255047
IMU,17.4437,vel_angular_magnitude,0.138051
IMU,17.4541,vel_angular_magnitude,0.138051
IMU,17.4708,vel_angular_magnitude,0.126412
IMU,17.4734,vel_angular_magnitude,0.126412
IMU,17.4857,vel_angular_magnitude,0.101774
IMU,17.4936,vel_angular_magnitude,0.101774
IMU,17.5041,vel_angular_magnitude,0.327747
IMU,17.5138,vel_angular_magnitude,0.327747
IMU,17.5251,vel_angular_magnitude,0.327747
IMU,17.5339,vel_angular_magnitude,0.441298
IMU,17.5446,vel_angular_magnitude,0.429066
IMU,17.5537,vel_angular_magnitude,0.429066
IMU,17.5646,vel_angular_magnitude,0.438139
IMU,17.5734,vel_angular_magnitude,0.438139
IMU,17.5851,vel_angular_magnitude,0.35965
IMU,17.5942,vel_angular_magnitude,0.35965
IMU,17.6035,vel_angular_magnitude,0.0529434
IMU,17.6141,vel_angular_magnitude,0.0529434
IMU,17.6246,vel_angular_magnitude,0.0681616
IMU,17.635,vel_angular_magnitude,0.0681616
IMU,17.6436,vel_angular_magnitude,0.0998299
IMU,17.6543,vel_angular_magnitude,0.0998299
IMU,17.6653,vel_angular_magnitude,0.403144
IMU,17.6735,vel_angular_magnitude,0.403144
IMU,17.6851,vel_angular_magnitude,0.438782
IMU,17.6941,vel_angular_magnitude,0.438782
IMU,17.7036,vel_angular_magnitude,0.238657
IMU,17.7157,vel_angular_magnitude,0.238657
IMU,17.7235,vel_angular_magnitude,0.145674
IMU,17.7348,vel_angular_magnitude,0.213621
IMU,17.744,vel_angular_magnitude,0.213621
IMU,17.7546,vel_angular_magnitude,0.213621
IMU,17.7646,vel_angular_magnitude,0.480452
IMU,17.776,vel_angular_magnitude,0.480452
IMU,17.7853,vel_angular_magnitude,0.646638
IMU,17.8006,vel_angular_magnitude,0.646638
IMU,17.8037,vel_angular_magnitude,0.553841
IMU,17.8145,vel_angular_magnitude,0.553841
IMU,17.8234,vel_angular_magnitude,0.28856
IMU,17.8356,vel_angular_magnitude,0.28856
IMU,17.8437,vel_angular_magnitude,0.0941754
IMU,17.8545,vel_angular_magnitude,0.0941754
IMU,17.8653,vel_angular_magnitude,0.0941754
IMU,17.8781,vel_angular_magnitude,0.0941754
IMU,17.8848,vel_angular_magnitude,0.0124097
IMU,17.894,vel_angular_magnitude,0.0124097
IMU,17.9039,vel_angular_magnitude,0.00781025
IMU,17.9142,vel_angular_magnitude,0.00781025
IMU,17.9235,vel_angular_magnitude,0.120719
IMU,17.9377,vel_angular_magnitude,0.120719
IMU,17.9436,vel_angular_magnitude,0.173799
IMU,17.9546,vel_angular_magnitude,0.173799
IMU,17.9643,vel_angular_magnitude,0.0508527
IMU,17.9735,vel_angular_magnitude,0.0508527
IMU,17.9868,vel_angular_magnitude,0.207446
IMU,17.9943,vel_angular_magnitude,0.207446
IMU,18.0055,vel_angular_magnitude,0.202121
IMU,18.0171,vel_angular_magnitude,0.202121
IMU,18.0251,vel_angular_magnitude,0.32818
IMU,18.0354,vel_angular_magnitude,0.32818
IMU,18.0436,vel_angular_magnitude,0.191296
IMU,18.0537,vel_angular_magnitude,0.191296
IMU,18.0662,vel_angular_magnitude,0.433029
IMU,18.0735,vel_angular_magnitude,0.433029
IMU,18.0864,vel_angular_magnitude,0.400044
IMU,18.0941,vel_angular_magnitude,0.400044
IMU,18.1036,vel_angular_magnitude,0.0413159
IMU,18.1151,vel_angular_magnitude,0.0413159
IMU,18.1263,vel_angular_magnitude,0.0128841
IMU,18.1337,vel_angular_magnitude,0.0128841
IMU,18.1435,vel_angular_magnitude,0.173196
IMU,18.1547,vel_angular_magnitude,0.173196
IMU,18.1639,vel_angular_magnitude,0.173196
IMU,18.1751,vel_angular_magnitude,0.251052
IMU,18.1838,vel_angular_magnitude,0.251052
IMU,18.1938,vel_angular_magnitude,0.244422
IMU,18.2039,vel_angular_magnitude,0.244422
IMU,18.2188,vel_angular_magnitude,0.550486
IMU,18.2252,vel_angular_magnitude,0.636363
IMU,18.2343,vel_angular_magnitude,0.636363
IMU,18.2436,vel_angular_magnitude,0.26503
IMU,18.2549,vel_angular_magnitude,0.26503
IMU,18.2643,vel_angular_magnitude,0.26503
IMU,18.2737,vel_angular_magnitude,0.282726
IMU,18.2837,vel_angular_magnitude,0.423619
IMU,18.2936,vel_angular_magnitude,0.423619
IMU,18.3039,vel_angular_magnitude,0.152948
IMU,18.3148,vel_angular_magnitude,0.152948
IMU,18.3239,vel_angular_magnitude,0.303495
IMU,18.3336,vel_angular_magnitude,0.303495
IMU,18.3446,vel_angular_magnitude,0.144139
IMU,18.3585,vel_angular_magnitude,0.144139
IMU,18.3662,vel_angular_magnitude,0.158858
IMU,18.3736,vel_angular_magnitude,0.158858
IMU,18.3839,vel_angular_magnitude,0.241431
IMU,18.3938,vel_angular_magnitude,0.241431
IMU,18.4055,vel_angular_magnitude,0.241431
IMU,18.417,vel_angular_magnitude,0.241431
IMU,18.425,vel_angular_magnitude,0.0972985
IMU,18.4365,vel_angular_magnitude,0.254268
IMU,18.4441,vel_angular_magnitude,0.254268
IMU,18.4537,vel_angular_magnitude,0.254268
IMU,18.4663,vel_angular_magnitude,0.0976678
IMU,18.4739,vel_angular_magnitude,0.0976678
IMU,18.4839,vel_angular_magnitude,0.0814923
IMU,18.4937,vel_angular_magnitude,0.0814923
IMU,18.5036,vel_angular_magnitude,0.426087
IMU,18.5145,vel_angular_magnitude,0.426087
IMU,18.5234,vel_angular_magnitude,0.229656
IMU,18.5372,vel_angular_magnitude,0.229656
IMU,18.5443,vel_angular_magnitude,0.229656
IMU,18.5547,vel_angular_magnitude,0.393148
IMU,18.5646,vel_angular_magnitude,0.393148
IMU,18.5752,vel_angular_magnitude,0.393148
IMU,18.5838,vel_angular_magnitude,0.350755
IMU,18.5936,vel_angular_magnitude,0.350755
IMU,18.6035,vel_angular_magnitude,0.693191
IMU,18.6138,vel_angular_magnitude,0.693191
IMU,18.6254,vel_angular_magnitude,0.693191
IMU,18.6355,vel_angular_magnitude,0.966451
IMU,18.6436,vel_angular_magnitude,0.895335
IMU,18.6539,vel_angular_magnitude,0.895335
IMU,18.6638,vel_angular_magnitude,0.687075
IMU,18.6747,vel_angular_magnitude,0.687075
IMU,18.6844,vel_angular_magnitude,0.113561
IMU,18.6937,vel_angular_magnitude,0.113561
IMU,18.7039,vel_angular_magnitude,0.113561
IMU,18.7152,vel_angular_magnitude,0.14991
IMU,18.7243,vel_angular_magnitude,0.14991
IMU,18.7337,vel_angular_magnitude,0.230206
IMU,18.7443,vel_angular_magnitude,0.211644
IMU,18.7551,vel_angular_magnitude,0.211644
IMU,18.77,vel_angular_magnitude,0.198409
IMU,18.7736,vel_angular_magnitude,0.198409
IMU,18.7839,vel_angular_magnitude,0.138694
IMU,18.7935,vel_angular_magnitude,0.138694
IMU,18.8044,vel_angular_magnitude,0.142176
IMU,18.8145,vel_angular_magnitude,0.142176
IMU,18.8256,vel_angular_magnitude,0.183227
IMU,18.8336,vel_angular_magnitude,0.0851469
IMU,18.8447,vel_angular_magnitude,0.0851469
IMU,18.8541,vel_angular_magnitude,0.0851469
IMU,18.8651,vel_angular_magnitude,0.062554
IMU,18.874,vel_angular_magnitude,0.062554
IMU,18.8862,vel_angular_magnitude,0.025318
IMU,18.8938,vel_angular_magnitude,0.025318
IMU,18.9039,vel_angular_magnitude,0.025318
IMU,18.9145,vel_angular_magnitude,0.025318
IMU,18.9272,vel_angular_magnitude,0.19859
IMU,18.9338,vel_angular_magnitude,0.19859
IMU,18.9434,vel_angular_magnitude,0.077479
IMU,18.955,vel_angular_magnitude,0.077479
IMU,18.9642,vel_angular_magnitude,0.143464
IMU,18.9738,vel_angular_magnitude,0.143464
IMU,18.9838,vel_angular_magnitude,0.330294
IMU,18.9952,vel_angular_magnitude,0.330294
IMU,19.0037,vel_angular_magnitude,0.107322
IMU,19.0174,vel_angular_magnitude,0.107322
IMU,19.0234,vel_angular_magnitude,0.332606
IMU,19.0363,vel_angular_magnitude,0.332606
IMU,19.0435,vel_angular_magnitude,0.0506063
IMU,19.0538,vel_angular_magnitude,0.0506063
IMU,19.0639,vel_angular_magnitude,0.110114
IMU,19.0762,vel_angular_magnitude,0.110114
IMU,19.0844,vel_angular_magnitude,0.164222
IMU,19.0938,vel_angular_magnitude,0.164222
IMU,19.1038,vel_angular_magnitude,0.164222
IMU,19.1141,vel_angular_magnitude,0.282747
IMU,19.1261,vel_angular_magnitude,0.282747
IMU,19.1357,vel_angular_magnitude,0.21417
IMU,19.1436,vel_angular_magnitude,0.0715681
IMU,19.1539,vel_angular_magnitude,0.0715681
IMU,19.165,vel_angular_magnitude,0.0715681
IMU,19.1747,vel_angular_magnitude,0.184445
IMU,19.1839,vel_angular_magnitude,0.481017
IMU,19.1947,vel_angular_magnitude,0.481017
IMU,19.2045,vel_angular_magnitude,0.48377
IMU,19.2169,vel_angular_magnitude,0.48377
IMU,19.2241,vel_angular_magnitude,0.166508
IMU,19.2357,vel_angular_magnitude,0.166508
IMU,19.2445,vel_angular_magnitude,0.286206
IMU,19.2535,vel_angular_magnitude,0.286206
IMU,19.2637,vel_angular_magnitude,0.0684763
IMU,19.2755,vel_angular_magnitude,0.0684763
IMU,19.2843,vel_angular_magnitude,0.116336
IMU,19.2937,vel_angular_magnitude,0.116336
IMU,19.3036,vel_angular_magnitude,0.317197
IMU,19.3137,vel_angular_magnitude,0.317197
IMU,19.3236,vel_angular_magnitude,0.295327
IMU,19.3353,vel_angular_magnitude,0.227939
IMU,19.3435,vel_angular_magnitude,0.227939
IMU,19.3537,vel_angular_magnitude,0.227939
IMU,19.3666,vel_angular_magnitude,0.227939
IMU,19.3755,vel_angular_magnitude,0.227939
IMU,19.3842,vel_angular_magnitude,0.330486
IMU,19.3936,vel_angular_magnitude,0.330486
IMU,19.4041,vel_angular_magnitude,0.2786
IMU,19.4138,vel_angular_magnitude,0.2786
IMU,19.4244,vel_angular_magnitude,0.0948367
IMU,19.4344,vel_angular_magnitude,0.0948367
IMU,19.4437,vel_angular_magnitude,0.307199
IMU,19.4541,vel_angular_magnitude,0.307199
IMU,19.4659,vel_angular_magnitude,0.307199
IMU,19.4741,vel_angular_magnitude,0.307199
IMU,19.4845,vel_angular_magnitude,0.0710352
IMU,19.4937,vel_angular_magnitude,0.0710352
IMU,19.5038,vel_angular_magnitude,0.146711
IMU,19.5163,vel_angular_magnitude,0.146711
IMU,19.5234,vel_angular_magnitude,0.0419285
IMU,19.5339,vel_angular_magnitude,0.0419285
IMU,19.5436,vel_angular_magnitude,0.0911537
IMU,19.5555,vel_angular_magnitude,0.0911537
IMU,19.5646,vel_angular_magnitude,0.0546809
IMU,19.5735,vel_angular_magnitude,0.0546809
IMU,19.5845,vel_angular_magnitude,0.0546809
IMU,19.5939,vel_angular_magnitude,0.150911
IMU,19.6052,vel_angular_magnitude,0.150911
IMU,19.6137,vel_angular_magnitude,0.444833
IMU,19.6236,vel_angular_magnitude,0.444833
IMU,19.6338,vel_angular_magnitude,0.444833
IMU,19.6436,vel_angular_magnitude,0.444833
IMU,19.6545,vel_angular_magnitude,0.0994485
IMU,19.6641,vel_angular_magnitude,0.0994485
IMU,19.6763,vel_angular_magnitude,0.0994485
IMU,19.6838,vel_angular_magnitude,0.135374
IMU,19.6938,vel_angular_magnitude,0.135374
IMU,19.7047,vel_angular_magnitude,0.135374
IMU,19.7142,vel_angular_magnitude,0.135374
IMU,19.7235,vel_angular_magnitude,0.0868735
IMU,19.7337,vel_angular_magnitude,0.132827
IMU,19.7436,vel_angular_magnitude,0.132827
IMU,19.7552,vel_angular_magnitude,0.132827
IMU,19.7649,vel_angular_magnitude,0.132827
IMU,19.7764,vel_angular_magnitude,0.0317962
IMU,19.7836,vel_angular_magnitude,0.0230434
IMU,19.7945,vel_angular_magnitude,0.0230434
IMU,19.8038,vel_angular_magnitude,0.0166132
IMU,19.8152,vel_angular_magnitude,0.0166132
IMU,19.8252,vel_angular_magnitude,0.0219545
IMU,19.8338,vel_angular_magnitude,0.0219545
IMU,19.8435,vel_angular_magnitude,0.0219545
IMU,19.8539,vel_angular_magnitude,0.0853815
IMU,19.8646,vel_angular_magnitude,0.0853815
IMU,19.8753,vel_angular_magnitude,0.0892525
IMU,19.887,vel_angular_magnitude,0.366224
IMU,19.8935,vel_angular_magnitude,0.366224
IMU,19.904,vel_angular_magnitude,0.142074
IMU,19.9158,vel_angular_magnitude,0.142074
IMU,19.9238,vel_angular_magnitude,0.377788
IMU,19.9343,vel_angular_magnitude,0.377788
IMU,19.944,vel_angular_magnitude,0.377788
IMU,19.955,vel_angular_magnitude,0.377788
IMU,19.967,vel_angular_magnitude,0.273331
IMU,19.9748,vel_angular_magnitude,0.273331
IMU,19.9836,vel_angular_magnitude,0.30538
IMU,19.994,vel_angular_magnitude,0.30538
IMU,20.0047,vel_angular_magnitude,0.120814
IMU,20.0152,vel_angular_magnitude,0.120814
IMU,20.0236,vel_angular_magnitude,0.150867
IMU,20.0337,vel_angular_magnitude,0.150867
IMU,20.0436,vel_angular_magnitude,0.0483632
IMU,20.0548,vel_angular_magnitude,0.0483632
IMU,20.0645,vel_angular_magnitude,0.0395601
IMU,20.0736,vel_angular_magnitude,0.0395601
IMU,20.0867,vel_angular_magnitude,0.0170294
IMU,20.0938,vel_angular_magnitude,0.0170294
IMU,20.1043,vel_angular_magnitude,0.228572
IMU,20.1154,vel_angular_magnitude,0.228572
IMU,20.1238,vel_angular_magnitude,0.228572
IMU,20.1336,vel_angular_magnitude,0.228572
IMU,20.1444,vel_angular_magnitude,0.153264
IMU,20.1558,vel_angular_magnitude,0.153264
IMU,20.1665,vel_angular_magnitude,0.305843
IMU,20.1767,vel_angular_magnitude,0.305843
IMU,20.1861,vel_angular_magnitude,0.317517
IMU,20.1983,vel_angular_magnitude,0.317517
IMU,20.2065,vel_angular_magnitude,0.126724
IMU,20.2165,vel_angular_magnitude,0.126724
IMU,20.2241,vel_angular_magnitude,0.126724
IMU,20.2367,vel_angular_magnitude,0.126724
IMU,20.2492,vel_angular_magnitude,0.124984
IMU,20.2543,vel_angular_magnitude,0.124984
IMU,20.2665,vel_angular_magnitude,0.311116
IMU,20.278,vel_angular_magnitude,0.311116
IMU,20.2838,vel_angular_magnitude,0.170168
IMU,20.2945,vel_angular_magnitude,0.170168
IMU,20.3128,vel_angular_magnitude,0.1349
IMU,20.3169,vel_angular_magnitude,0.1349
IMU,20.3238,vel_angular_magnitude,0.215968
IMU,20.3362,vel_angular_magnitude,0.215968
IMU,20.3455,vel_angular_magnitude,0.212177
IMU,20.3562,vel_angular_magnitude,0.212177
IMU,20.3639,vel_angular_magnitude,0.190426
IMU,20.376,vel_angular_magnitude,0.190426
IMU,20.3849,vel_angular_magnitude,0.17522
IMU,20.396,vel_angular_magnitude,0.17522
IMU,20.4048,vel_angular_magnitude,0.0816946
IMU,20.4161,vel_angular_magnitude,0.0816946
IMU,20.4242,vel_angular_magnitude,0.0816946
IMU,20.4338,vel_angular_magnitude,0.0816946
IMU,20.4441,vel_angular_magnitude,0.193391
IMU,20.4564,vel_angular_magnitude,0.193391
IMU,20.465,vel_angular_magnitude,0.242545
IMU,20.4736,vel_angular_magnitude,0.242545
IMU,20.4841,vel_angular_magnitude,0.215235
IMU,20.4937,vel_angular_magnitude,0.215235
IMU,20.5039,vel_angular_magnitude,0.120636
IMU,20.5135,vel_angular_magnitude,0.120636
IMU,20.5237,vel_angular_magnitude,0.202576
IMU,20.5336,vel_angular_magnitude,0.202576
IMU,20.5446,vel_angular_magnitude,0.078702
IMU,20.5541,vel_angular_magnitude,0.078702
IMU,20.564,vel_angular_magnitude,0.103644
IMU,20.5747,vel_angular_magnitude,0.103644
IMU,20.584,vel_angular_magnitude,0.103644
IMU,20.5942,vel_angular_magnitude,0.103644
IMU,20.6038,vel_angular_magnitude,0.115395
IMU,20.6142,vel_angular_magnitude,0.115395
IMU,20.6247,vel_angular_magnitude,0.177893
IMU,20.6337,vel_angular_magnitude,0.177893
IMU,20.6436,vel_angular_magnitude,0.177893
IMU,20.6562,vel_angular_magnitude,0.118097
IMU,20.6635,vel_angular_magnitude,0.187147
IMU,20.6743,vel_angular_magnitude,0.187147
IMU,20.6844,vel_angular_magnitude,0.0532729
IMU,20.6951,vel_angular_magnitude,0.0532729
IMU,20.7047,vel_angular_magnitude,0.0913564
IMU,20.714,vel_angular_magnitude,0.0913564
IMU,20.7239,vel_angular_magnitude,0.287991
IMU,20.7337,vel_angular_magnitude,0.287991
IMU,20.7437,vel_angular_magnitude,0.262122
IMU,20.7536,vel_angular_magnitude,0.262122
IMU,20.7636,vel_angular_magnitude,0.142597
IMU,20.774,vel_angular_magnitude,0.142597
IMU,20.7836,vel_angular_magnitude,0.142597
IMU,20.7952,vel_angular_magnitude,0.142597
IMU,20.8051,vel_angular_magnitude,0.304797
IMU,20.8138,vel_angular_magnitude,0.304797
IMU,20.8236,vel_angular_magnitude,0.222016
IMU,20.8347,vel_angular_magnitude,0.222016
IMU,20.8437,vel_angular_magnitude,0.22886
IMU,20.8551,vel_angular_magnitude,0.22886
IMU,20.864,vel_angular_magnitude,0.299334
IMU,20.8742,vel_angular_magnitude,0.299334
IMU,20.8836,vel_angular_magnitude,0.195195
IMU,20.895,vel_angular_magnitude,0.195195
IMU,20.9044,vel_angular_magnitude,0.0662495
IMU,20.9136,vel_angular_magnitude,0.0662495
IMU,20.9262,vel_angular_magnitude,0.169154
IMU,20.9339,vel_angular_magnitude,0.169154
IMU,20.9439,vel_angular_magnitude,0.081939
IMU,20.954,vel_angular_magnitude,0.081939
IMU,20.9637,vel_angular_magnitude,0.081939
IMU,20.9743,vel_angular_magnitude,0.081939
IMU,20.9836,vel_angular_magnitude,0.481137
IMU,20.996,vel_angular_magnitude,0.481137
IMU,21.0043,vel_angular_magnitude,0.406481
IMU,21.0135,vel_angular_magnitude,0.406481
IMU,21.0242,vel_angular_magnitude,0.216382
IMU,21.0337,vel_angular_magnitude,0.216382
IMU,21.0465,vel_angular_magnitude,0.161747
IMU,21.0551,vel_angular_magnitude,0.161747
IMU,21.0636,vel_angular_magnitude,0.16123
IMU,21.0736,vel_angular_magnitude,0.16123
IMU,21.0837,vel_angular_magnitude,0.24963
IMU,21.0942,vel_angular_magnitude,0.24963
IMU,21.1072,vel_angular_magnitude,0.704824
IMU,21.1151,vel_angular_magnitude,0.704824
IMU,21.1245,vel_angular_magnitude,0.68116
IMU,21.1338,vel_angular_magnitude,0.68116
IMU,21.1457,vel_angular_magnitude,0.603407
IMU,21.1557,vel_angular_magnitude,0.603407
IMU,21.1636,vel_angular_magnitude,0.714776
IMU,21.1742,vel_angular_magnitude,0.714776
IMU,21.1837,vel_angular_magnitude,0.513828
IMU,21.1957,vel_angular_magnitude,0.513828
IMU,21.2066,vel_angular_magnitude,0.291429
IMU,21.2136,vel_angular_magnitude,0.291429
IMU,21.2242,vel_angular_magnitude,0.32724
IMU,21.2335,vel_angular_magnitude,0.32724
IMU,21.2439,vel_angular_magnitude,0.32724
IMU,21.2572,vel_angular_magnitude,0.32724
IMU,21.2636,vel_angular_magnitude,0.233927
IMU,21.2738,vel_angular_magnitude,0.233927
IMU,21.2837,vel_angular_magnitude,0.356385
IMU,21.2936,vel_angular_magnitude,0.356385
IMU,21.3036,vel_angular_magnitude,0.356385
IMU,21.3136,vel_angular_magnitude,0.356385
IMU,21.3236,vel_angular_magnitude,0.436947
IMU,21.3336,vel_angular_magnitude,0.436947
IMU,21.344,vel_angular_magnitude,0.464442
IMU,21.354,vel_angular_magnitude,0.464442
IMU,21.3639,vel_angular_magnitude,0.339719
IMU,21.3758,vel_angular_magnitude,0.339719
IMU,21.3838,vel_angular_magnitude,0.0516333
IMU,21.3938,vel_angular_magnitude,0.0516333
IMU,21.4053,vel_angular_magnitude,0.12302
IMU,21.4135,vel_angular_magnitude,0.12302
IMU,21.4236,vel_angular_magnitude,0.12302
IMU,21.4362,vel_angular_magnitude,0.12302
IMU,21.4436,vel_angular_magnitude,0.0769285
IMU,21.4542,vel_angular_magnitude,0.0769285
IMU,21.4638,vel_angular_magnitude,0.048518
IMU,21.4736,vel_angular_magnitude,0.048518
IMU,21.4838,vel_angular_magnitude,0.048518
IMU,21.4941,vel_angular_magnitude,0.048518
IMU,21.5037,vel_angular_magnitude,0.26822
IMU,21.5143,vel_angular_magnitude,0.26822
IMU,21.5241,vel_angular_magnitude,0.361505
IMU,21.535,vel_angular_magnitude,0.361505
IMU,21.5438,vel_angular_magnitude,0.131689
IMU,21.5565,vel_angular_magnitude,0.131689
IMU,21.5641,vel_angular_magnitude,0.156173
IMU,21.5744,vel_angular_magnitude,0.156173
IMU,21.5839,vel_angular_magnitude,0.0287576
IMU,21.5935,vel_angular_magnitude,0.0287576
IMU,21.6073,vel_angular_magnitude,0.074364
IMU,21.6143,vel_angular_magnitude,0.074364
IMU,21.6249,vel_angular_magnitude,0.224067
IMU,21.6338,vel_angular_magnitude,0.224067
IMU,21.6445,vel_angular_magnitude,0.201886
IMU,21.6539,vel_angular_magnitude,0.201886
IMU,21.6636,vel_angular_magnitude,0.36898
IMU,21.6746,vel_angular_magnitude,0.36898
IMU,21.6838,vel_angular_magnitude,0.370095
IMU,21.694,vel_angular_magnitude,0.370095
IMU,21.7042,vel_angular_magnitude,0.544197
IMU,21.7161,vel_angular_magnitude,0.544197
IMU,21.7241,vel_angular_magnitude,0.544197
IMU,21.7363,vel_angular_magnitude,0.544197
IMU,21.7437,vel_angular_magnitude,0.0794733
IMU,21.7556,vel_angular_magnitude,0.0794733
IMU,21.7637,vel_angular_magnitude,0.100135
IMU,21.775,vel_angular_magnitude,0.100135
IMU,21.7844,vel_angular_magnitude,0.111405
IMU,21.7945,vel_angular_magnitude,0.111405
IMU,21.8045,vel_angular_magnitude,0.0771816
IMU,21.8136,vel_angular_magnitude,0.0407185
IMU,21.8238,vel_angular_magnitude,0.0407185
IMU,21.8338,vel_angular_magnitude,0.0407185
IMU,21.8451,vel_angular_magnitude,0.27627
IMU,21.855,vel_angular_magnitude,0.27627
IMU,21.865,vel_angular_magnitude,0.323297
IMU,21.8743,vel_angular_magnitude,0.323297
IMU,21.8837,vel_angular_magnitude,0.231348
IMU,21.8936,vel_angular_magnitude,0.231348
IMU,21.9052,vel_angular_magnitude,0.231348
IMU,21.9136,vel_angular_magnitude,0.231348
IMU,21.9244,vel_angular_magnitude,0.219256
IMU,21.9367,vel_angular_magnitude,0.131917
IMU,21.9446,vel_angular_magnitude,0.131917
IMU,21.9536,vel_angular_magnitude,0.131917
IMU,21.9636,vel_angular_magnitude,0.112045
IMU,21.9759,vel_angular_magnitude,0.112045
IMU,21.9835,vel_angular_magnitude,0.113234
IMU,21.9938,vel_angular_magnitude,0.113234
IMU,22.006,vel_angular_magnitude,0.0335261
IMU,22.0137,vel_angular_magnitude,0.0335261
IMU,22.0251,vel_angular_magnitude,0.098102
IMU,22.0338,vel_angular_magnitude,0.098102
IMU,22.0439,vel_angular_magnitude,0.123766
IMU,22.0541,vel_angular_magnitude,0.123766
IMU,22.0639,vel_angular_magnitude,0.172493
IMU,22.0743,vel_angular_magnitude,0.172493
IMU,22.0843,vel_angular_magnitude,0.221165
IMU,22.0937,vel_angular_magnitude,0.221165
IMU,22.1041,vel_angular_magnitude,0.369286
IMU,22.1134,vel_angular_magnitude,0.369286
IMU,22.1243,vel_angular_magnitude,0.396246
IMU,22.1335,vel_angular_magnitude,0.396246
IMU,22.1465,vel_angular_magnitude,0.590103
IMU,22.1543,vel_angular_magnitude,0.590103
IMU,22.1652,vel_angular_magnitude,0.529415
IMU,22.1748,vel_angular_magnitude,0.529415
IMU,22.184,vel_angular_magnitude,0.194908
IMU,22.1946,vel_angular_magnitude,0.194908
IMU,22.2042,vel_angular_magnitude,0.0698999
IMU,22.2172,vel_angular_magnitude,0.263714
IMU,22.2236,vel_angular_magnitude,0.263714
IMU,22.2339,vel_angular_magnitude,0.263714
IMU,22.2441,vel_angular_magnitude,0.263714
IMU,22.2541,vel_angular_magnitude,0.263714
IMU,22.2634,vel_angular_magnitude,0.00943398
IMU,22.2738,vel_angular_magnitude,0.00943398
IMU,22.284,vel_angular_magnitude,0.110892
IMU,22.2946,vel_angular_magnitude,0.110892
IMU,22.3051,vel_angular_magnitude,0.220447
IMU,22.3135,vel_angular_magnitude,0.220447
IMU,22.3239,vel_angular_magnitude,0.50105
IMU,22.3336,vel_angular_magnitude,0.50105
IMU,22.344,vel_angular_magnitude,0.642892
IMU,22.3559,vel_angular_magnitude,0.642892
IMU,22.3647,vel_angular_magnitude,0.696934
IMU,22.3781,vel_angular_magnitude,0.52703
IMU,22.3838,vel_angular_magnitude,0.52703
IMU,22.3937,vel_angular_magnitude,0.52703
IMU,22.4048,vel_angular_magnitude,0.125555
IMU,22.4144,vel_angular_magnitude,0.125555
IMU,22.424,vel_angular_magnitude,0.125555
IMU,22.434,vel_angular_magnitude,0.125555
IMU,22.4442,vel_angular_magnitude,0.069455
IMU,22.4549,vel_angular_magnitude,0.069455
IMU,22.4634,vel_angular_magnitude,0.135344
IMU,22.4742,vel_angular_magnitude,0.135344
IMU,22.4842,vel_angular_magnitude,0.159978
IMU,22.4947,vel_angular_magnitude,0.159978
IMU,22.5042,vel_angular_magnitude,0.0282312
IMU,22.5154,vel_angular_magnitude,0.0282312
IMU,22.5237,vel_angular_magnitude,0.136341
IMU,22.5339,vel_angular_magnitude,0.136341
IMU,22.544,vel_angular_magnitude,0.130733
IMU,22.5563,vel_angular_magnitude,0.130733
IMU,22.5637,vel_angular_magnitude,0.305198
IMU,22.5737,vel_angular_magnitude,0.305198
IMU,22.5836,vel_angular_magnitude,0.303534
IMU,22.5938,vel_angular_magnitude,0.303534
IMU,22.6049,vel_angular_magnitude,0.303534
IMU,22.6156,vel_angular_magnitude,0.303534
IMU,22.6236,vel_angular_magnitude,0.101143
IMU,22.634,vel_angular_magnitude,0.101143
IMU,22.6461,vel_angular_magnitude,0.129715
IMU,22.6567,vel_angular_magnitude,0.129715
IMU,22.6635,vel_angular_magnitude,0.0976217
IMU,22.6763,vel_angular_magnitude,0.483499
IMU,22.6836,vel_angular_magnitude,0.483499
IMU,22.6942,vel_angular_magnitude,0.483499
IMU,22.7039,vel_angular_magnitude,0.363849
IMU,22.7134,vel_angular_magnitude,0.363849
IMU,22.7244,vel_angular_magnitude,0.0966023
IMU,22.7337,vel_angular_magnitude,0.0966023
IMU,22.7461,vel_angular_magnitude,0.0966023
IMU,22.7555,vel_angular_magnitude,0.0959687
IMU,22.7639,vel_angular_magnitude,0.0959687
IMU,22.7756,vel_angular_magnitude,0.0959687
IMU,22.7836,vel_angular_magnitude,0.0778781
IMU,22.7953,vel_angular_magnitude,0.0871665
IMU,22.8038,vel_angular_magnitude,0.0871665
IMU,22.8135,vel_angular_magnitude,0.0871665
IMU,22.8258,vel_angular_magnitude,0.0651383
IMU,22.8343,vel_angular_magnitude,0.0651383
IMU,22.8437,vel_angular_magnitude,0.0159374
IMU,22.855,vel_angular_magnitude,0.0159374
IMU,22.8649,vel_angular_magnitude,0.0453431
IMU,22.8765,vel_angular_magnitude,0.0453431
IMU,22.8836,vel_angular_magnitude,0.206969
IMU,22.8945,vel_angular_magnitude,0.206969
IMU,22.9079,vel_angular_magnitude,0.306821
IMU,22.914,vel_angular_magnitude,0.306821
IMU,22.9245,vel_angular_magnitude,0.208559
IMU,22.9362,vel_angular_magnitude,0.208559
IMU,22.9436,vel_angular_magnitude,0.0952785
IMU,22.955,vel_angular_magnitude,0.0952785
IMU,22.9645,vel_angular_magnitude,0.0916842
IMU,22.9738,vel_angular_magnitude,0.0916842
IMU,22.9895,vel_angular_magnitude,0.371537
IMU,22.9957,vel_angular_magnitude,0.371537
IMU,23.0037,vel_angular_magnitude,0.371537
IMU,23.0138,vel_angular_magnitude,0.371537
IMU,23.0237,vel_angular_magnitude,1.04269
IMU,23.0335,vel_angular_magnitude,1.04269
IMU,23.0446,vel_angular_magnitude,0.737258
IMU,23.0545,vel_angular_magnitude,0.737258
IMU,23.0635,vel_angular_magnitude,0.36886
IMU,23.074,vel_angular_magnitude,0.36886
IMU,23.0835,vel_angular_magnitude,0.206983
IMU,23.0937,vel_angular_magnitude,0.206983
IMU,23.1072,vel_angular_magnitude,0.109659
IMU,23.1134,vel_angular_magnitude,0.109659
IMU,23.1278,vel_angular_magnitude,0.109659
IMU,23.1336,vel_angular_magnitude,0.109659
IMU,23.1437,vel_angular_magnitude,0.292561
IMU,23.1557,vel_angular_magnitude,0.292561
IMU,23.164,vel_angular_magnitude,0.399767
IMU,23.1777,vel_angular_magnitude,0.399767
IMU,23.1836,vel_angular_magnitude,0.399767
IMU,23.1936,vel_angular_magnitude,0.399767
IMU,23.2041,vel_angular_magnitude,0.389693
IMU,23.2155,vel_angular_magnitude,0.389693
IMU,23.2241,vel_angular_magnitude,0.259147
IMU,23.2341,vel_angular_magnitude,0.259147
IMU,23.2442,vel_angular_magnitude,0.142429
IMU,23.2539,vel_angular_magnitude,0.142429
IMU,23.2636,vel_angular_magnitude,0.0666483
IMU,23.2741,vel_angular_magnitude,0.0666483
IMU,23.2836,vel_angular_magnitude,0.211995
IMU,23.2971,vel_angular_magnitude,0.211995
IMU,23.3045,vel_angular_magnitude,0.0947998
IMU,23.3134,vel_angular_magnitude,0.0947998
IMU,23.3237,vel_angular_magnitude,0.0823529
IMU,23.3336,vel_angular_magnitude,0.0823529
IMU,23.3442,vel_angular_magnitude,0.346742
IMU,23.3566,vel_angular_magnitude,0.346742
IMU,23.3634,vel_angular_magnitude,0.440992
IMU,23.3774,vel_angular_magnitude,0.440992
IMU,23.3839,vel_angular_magnitude,0.642427
IMU,23.397,vel_angular_magnitude,0.642427
IMU,23.4038,vel_angular_magnitude,0.54054
IMU,23.4142,vel_angular_magnitude,0.54054
IMU,23.4238,vel_angular_magnitude,0.148714
IMU,23.4339,vel_angular_magnitude,0.148714
IMU,23.444,vel_angular_magnitude,0.091444
IMU,23.4556,vel_angular_magnitude,0.091444
IMU,23.4637,vel_angular_magnitude,0.156349
IMU,23.4745,vel_angular_magnitude,0.156349
IMU,23.4837,vel_angular_magnitude,0.0505767
IMU,23.4984,vel_angular_magnitude,0.0505767
IMU,23.5042,vel_angular_magnitude,0.018412
IMU,23.5135,vel_angular_magnitude,0.018412
IMU,23.5246,vel_angular_magnitude,0.018412
IMU,23.5338,vel_angular_magnitude,0.018412
IMU,23.5439,vel_angular_magnitude,0.640154
IMU,23.5557,vel_angular_magnitude,0.640154
IMU,23.5635,vel_angular_magnitude,0.543623
IMU,23.5738,vel_angular_magnitude,0.543623
IMU,23.5836,vel_angular_magnitude,0.288685
IMU,23.5946,vel_angular_magnitude,0.288685
IMU,23.604,vel_angular_magnitude,0.15938
IMU,23.6146,vel_angular_magnitude,0.15938
IMU,23.6241,vel_angular_magnitude,0.349228
IMU,23.6338,vel_angular_magnitude,0.349228
IMU,23.644,vel_angular_magnitude,0.136883
IMU,23.6553,vel_angular_magnitude,0.136883
IMU,23.664,vel_angular_magnitude,0.16483
IMU,23.6749,vel_angular_magnitude,0.16483
IMU,23.684,vel_angular_magnitude,0.13467
IMU,23.6946,vel_angular_magnitude,0.13467
IMU,23.7054,vel_angular_magnitude,0.160474
IMU,23.714,vel_angular_magnitude,0.160474
IMU,23.7237,vel_angular_magnitude,0.332835
IMU,23.7337,vel_angular_magnitude,0.332835
IMU,23.7438,vel_angular_magnitude,0.332835
IMU,23.7566,vel_angular_magnitude,0.332835
IMU,23.7634,vel_angular_magnitude,0.220719
IMU,23.7738,vel_angular_magnitude,0.220719
IMU,23.7851,vel_angular_magnitude,0.121268
IMU,23.7981,vel_angular_magnitude,0.121268
IMU,23.8058,vel_angular_magnitude,0.233405
IMU,23.8149,vel_angular_magnitude,0.233405
IMU,23.8256,vel_angular_magnitude,0.14359
IMU,23.8337,vel_angular_magnitude,0.14359
IMU,23.8436,vel_angular_magnitude,0.27995
IMU,23.8539,vel_angular_magnitude,0.27995
IMU,23.8652,vel_angular_magnitude,0.16749
IMU,23.874,vel_angular_magnitude,0.16749
IMU,23.8848,vel_angular_magnitude,0.362531
IMU,23.8993,vel_angular_magnitude,0.362531
IMU,23.9056,vel_angular_magnitude,0.411265
IMU,23.9138,vel_angular_magnitude,0.411265
IMU,23.924,vel_angular_magnitude,0.112419
IMU,23.9337,vel_angular_magnitude,0.112419
IMU,23.944,vel_angular_magnitude,0.11229
IMU,23.9552,vel_angular_magnitude,0.11229
IMU,23.9636,vel_angular_magnitude,0.0576021
IMU,23.9741,vel_angular_magnitude,0.0576021
IMU,23.984,vel_angular_magnitude,0.0656125
IMU,23.995,vel_angular_magnitude,0.0656125
IMU,24.0041,vel_angular_magnitude,0.0701498
IMU,24.0135,vel_angular_magnitude,0.0701498
IMU,24.0239,vel_angular_magnitude,0.0701498
IMU,24.0337,vel_angular_magnitude,0.253797
IMU,24.0445,vel_angular_magnitude,0.253797
IMU,24.0558,vel_angular_magnitude,0.253797
IMU,24.0636,vel_angular_magnitude,0.32653
IMU,24.0742,vel_angular_magnitude,0.32653
IMU,24.0836,vel_angular_magnitude,0.364161
IMU,24.0957,vel_angular_magnitude,0.364161
IMU,24.1049,vel_angular_magnitude,0.440623
IMU,24.1135,vel_angular_magnitude,0.440623
IMU,24.1238,vel_angular_magnitude,0.203909
IMU,24.1335,vel_angular_magnitude,0.203909
IMU,24.144,vel_angular_magnitude,0.203909
IMU,24.1565,vel_angular_magnitude,0.203909
IMU,24.1635,vel_angular_magnitude,0.326012
IMU,24.174,vel_angular_magnitude,0.326012
IMU,24.184,vel_angular_magnitude,0.314239
IMU,24.1969,vel_angular_magnitude,0.314239
IMU,24.2067,vel_angular_magnitude,0.213771
IMU,24.214,vel_angular_magnitude,0.213771
IMU,24.2238,vel_angular_magnitude,0.199885
IMU,24.2344,vel_angular_magnitude,0.199885
IMU,24.2443,vel_angular_magnitude,0.199885
IMU,24.2543,vel_angular_magnitude,0.199885
IMU,24.2635,vel_angular_magnitude,0.124792
IMU,24.2736,vel_angular_magnitude,0.124792
IMU,24.2844,vel_angular_magnitude,0.0781345
IMU,24.2961,vel_angular_magnitude,0.0781345
IMU,24.3043,vel_angular_magnitude,0.143419
IMU,24.3137,vel_angular_magnitude,0.143419
IMU,24.324,vel_angular_magnitude,0.315541
IMU,24.3354,vel_angular_magnitude,0.315541
IMU,24.3446,vel_angular_magnitude,0.625084
IMU,24.3542,vel_angular_magnitude,0.625084
IMU,24.3636,vel_angular_magnitude,0.632598
IMU,24.3754,vel_angular_magnitude,0.632598
IMU,24.3837,vel_angular_magnitude,0.0780256
IMU,24.394,vel_angular_magnitude,0.0780256
IMU,24.4035,vel_angular_magnitude,0.423313
IMU,24.4136,vel_angular_magnitude,0.423313
IMU,24.4237,vel_angular_magnitude,0.12919
IMU,24.4336,vel_angular_magnitude,0.12919
IMU,24.4448,vel_angular_magnitude,0.12919
IMU,24.455,vel_angular_magnitude,0.12919
IMU,24.4634,vel_angular_magnitude,0.0888032
IMU,24.4742,vel_angular_magnitude,0.0888032
IMU,24.4837,vel_angular_magnitude,0.137266
IMU,24.4944,vel_angular_magnitude,0.137266
IMU,24.5062,vel_angular_magnitude,0.0959323
IMU,24.5136,vel_angular_magnitude,0.0959323
IMU,24.5236,vel_angular_magnitude,0.157978
IMU,24.534,vel_angular_magnitude,0.157978
IMU,24.5438,vel_angular_magnitude,0.124262
IMU,24.5566,vel_angular_magnitude,0.124262
IMU,24.5634,vel_angular_magnitude,0.171985
IMU,24.5742,vel_angular_magnitude,0.171985
IMU,24.5836,vel_angular_magnitude,0.107079
IMU,24.5982,vel_angular_magnitude,0.284079
IMU,24.605,vel_angular_magnitude,0.284079
IMU,24.6137,vel_angular_magnitude,0.284079
IMU,24.6237,vel_angular_magnitude,0.264647
IMU,24.6337,vel_angular_magnitude,0.264647
IMU,24.6452,vel_angular_magnitude,0.160215
IMU,24.6574,vel_angular_magnitude,0.0409023
IMU,24.6634,vel_angular_magnitude,0.0409023
IMU,24.6761,vel_angular_magnitude,0.0409023
IMU,24.6835,vel_angular_magnitude,0.0409023
IMU,24.6937,vel_angular_magnitude,0.0409023
IMU,24.7047,vel_angular_magnitude,0.142478
IMU,24.7134,vel_angular_magnitude,0.142478
IMU,24.7272,vel_angular_magnitude,0.089
IMU,24.7342,vel_angular_magnitude,0.089
IMU,24.7437,vel_angular_magnitude,0.0617981
IMU,24.7546,vel_angular_magnitude,0.0617981
IMU,24.764,vel_angular_magnitude,0.0684763
IMU,24.7736,vel_angular_magnitude,0.0684763
IMU,24.7867,vel_angular_magnitude,0.296675
IMU,24.796,vel_angular_magnitude,0.296675
IMU,24.805,vel_angular_magnitude,0.0890056
IMU,24.8136,vel_angular_magnitude,0.0890056
IMU,24.8237,vel_angular_magnitude,0.18715
IMU,24.8352,vel_angular_magnitude,0.18715
IMU,24.8487,vel_angular_magnitude,0.34046
IMU,24.8566,vel_angular_magnitude,0.34046
IMU,24.8636,vel_angular_magnitude,0.576431
IMU,24.8739,vel_angular_magnitude,0.576431
IMU,24.8853,vel_angular_magnitude,0.576431
IMU,24.8938,vel_angular_magnitude,0.576431
IMU,24.9068,vel_angular_magnitude,0.334174
IMU,24.9137,vel_angular_magnitude,0.334174
IMU,24.9268,vel_angular_magnitude,0.124956
IMU,24.9336,vel_angular_magnitude,0.124956
IMU,24.9436,vel_angular_magnitude,0.025865
IMU,24.9575,vel_angular_magnitude,0.025865
IMU,24.9644,vel_angular_magnitude,0.0876698
IMU,24.974,vel_angular_magnitude,0.0876698
IMU,24.9836,vel_angular_magnitude,0.172377
IMU,24.994,vel_angular_magnitude,0.172377
IMU,25.0037,vel_angular_magnitude,0.454349
IMU,25.0144,vel_angular_magnitude,0.454349
IMU,25.0237,vel_angular_magnitude,0.202092
IMU,25.0338,vel_angular_magnitude,0.202092
IMU,25.0444,vel_angular_magnitude,0.202988
IMU,25.0575,vel_angular_magnitude,0.202988
IMU,25.0634,vel_angular_magnitude,0.130146
IMU,25.0753,vel_angular_magnitude,0.130146
IMU,25.0838,vel_angular_magnitude,0.21221
IMU,25.0935,vel_angular_magnitude,0.21221
IMU,25.1046,vel_angular_magnitude,0.110824
IMU,25.114,vel_angular_magnitude,0.110824
IMU,25.1262,vel_angular_magnitude,0.0439773
IMU,25.1342,vel_angular_magnitude,0.0439773
IMU,25.1438,vel_angular_magnitude,0.0439773
IMU,25.1539,vel_angular_magnitude,0.0439773
IMU,25.1653,vel_angular_magnitude,0.0755579
IMU,25.1736,vel_angular_magnitude,0.0755579
IMU,25.1837,vel_angular_magnitude,0.00707107
IMU,25.1941,vel_angular_magnitude,0.00707107
IMU,25.2088,vel_angular_magnitude,0.00707107
IMU,25.2136,vel_angular_magnitude,0.00707107
IMU,25.2247,vel_angular_magnitude,0.477723
IMU,25.2339,vel_angular_magnitude,0.477723
IMU,25.2437,vel_angular_magnitude,0.0745721
IMU,25.2544,vel_angular_magnitude,0.0745721
IMU,25.2643,vel_angular_magnitude,0.191207
IMU,25.2742,vel_angular_magnitude,0.191207
IMU,25.2838,vel_angular_magnitude,0.284187
IMU,25.2939,vel_angular_magnitude,0.284187
IMU,25.3057,vel_angular_magnitude,0.324244
IMU,25.3159,vel_angular_magnitude,0.324244
IMU,25.3239,vel_angular_magnitude,0.324244
IMU,25.3337,vel_angular_magnitude,0.324244
IMU,25.3455,vel_angular_magnitude,0.423729
IMU,25.3545,vel_angular_magnitude,0.423729
IMU,25.3634,vel_angular_magnitude,0.154353
IMU,25.3764,vel_angular_magnitude,0.0585577
IMU,25.3848,vel_angular_magnitude,0.0585577
IMU,25.3936,vel_angular_magnitude,0.0585577
IMU,25.4043,vel_angular_magnitude,0.0724845
IMU,25.4136,vel_angular_magnitude,0.0724845
IMU,25.4254,vel_angular_magnitude,0.0431277
IMU,25.4335,vel_angular_magnitude,0.0431277
IMU,25.4436,vel_angular_magnitude,0.0470425
IMU,25.4551,vel_angular_magnitude,0.0470425
IMU,25.4645,vel_angular_magnitude,0.10435
IMU,25.4741,vel_angular_magnitude,0.10435
IMU,25.4835,vel_angular_magnitude,0.0224944
IMU,25.4937,vel_angular_magnitude,0.0224944
IMU,25.5037,vel_angular_magnitude,0.0224944
IMU,25.5141,vel_angular_magnitude,0.0224944
IMU,25.5246,vel_angular_magnitude,0.306586
IMU,25.5336,vel_angular_magnitude,0.306586
IMU,25.5442,vel_angular_magnitude,0.344205
IMU,25.5558,vel_angular_magnitude,0.344205
IMU,26.2752,vel_angular_magnitude,0.103663
IMU,26.2845,vel_angular_magnitude,0.0849117
IMU,26.2961,vel_angular_magnitude,0.0849117
IMU,26.3054,vel_angular_magnitude,0.148963
IMU,26.3161,vel_angular_magnitude,0.148963
IMU,26.3237,vel_angular_magnitude,0.148963
IMU,26.3352,vel_angular_magnitude,0.148963
IMU,26.3478,vel_angular_magnitude,0.141513
IMU,26.3578,vel_angular_magnitude,0.141513
IMU,26.3651,vel_angular_magnitude,0.0586941
IMU,26.3747,vel_angular_magnitude,0.0586941
IMU,26.3838,vel_angular_magnitude,0.169266
IMU,26.3944,vel_angular_magnitude,0.169266
IMU,26.4046,vel_angular_magnitude,0.169266
IMU,26.4137,vel_angular_magnitude,0.169266
IMU,26.424,vel_angular_magnitude,0.035609
IMU,26.4338,vel_angular_magnitude,0.035609
IMU,26.444,vel_angular_magnitude,0.0526403
IMU,26.4543,vel_angular_magnitude,0.0526403
IMU,26.4639,vel_angular_magnitude,0.122581
IMU,26.4748,vel_angular_magnitude,0.122581
IMU,26.484,vel_angular_magnitude,0.18333
IMU,26.496,vel_angular_magnitude,0.18333
IMU,26.5051,vel_angular_magnitude,0.12138
IMU,26.516,vel_angular_magnitude,0.12138
IMU,26.5238,vel_angular_magnitude,0.115542
IMU,26.5352,vel_angular_magnitude,0.115542
IMU,26.5439,vel_angular_magnitude,0.0690869
IMU,26.556,vel_angular_magnitude,0.0690869
IMU,26.5637,vel_angular_magnitude,0.0399375
IMU,26.5783,vel_angular_magnitude,0.0399375
IMU,26.5839,vel_angular_magnitude,0.0517204
IMU,26.5937,vel_angular_magnitude,0.0517204
IMU,26.6039,vel_angular_magnitude,0.0250799
IMU,26.6142,vel_angular_magnitude,0.0250799
IMU,26.625,vel_angular_magnitude,0.113728
IMU,26.634,vel_angular_magnitude,0.113728
IMU,26.6445,vel_angular_magnitude,0.0563826
IMU,26.6548,vel_angular_magnitude,0.0563826
IMU,26.6647,vel_angular_magnitude,0.110095
IMU,26.6737,vel_angular_magnitude,0.110095
IMU,26.6835,vel_angular_magnitude,0.0666408
IMU,26.694,vel_angular_magnitude,0.0666408
IMU,26.7064,vel_angular_magnitude,0.303811
IMU,26.7154,vel_angular_magnitude,0.303811
IMU,26.7265,vel_angular_magnitude,0.303811
IMU,26.734,vel_angular_magnitude,0.303811
IMU,26.7473,vel_angular_magnitude,0.414107
IMU,26.7538,vel_angular_magnitude,0.414107
IMU,26.7637,vel_angular_magnitude,0.387362
IMU,26.7749,vel_angular_magnitude,0.387362
IMU,26.784,vel_angular_magnitude,0.30813
IMU,26.7936,vel_angular_magnitude,0.30813
IMU,26.8043,vel_angular_magnitude,0.30813
IMU,26.8152,vel_angular_magnitude,0.30813
IMU,26.8236,vel_angular_magnitude,0.0833127
IMU,26.8341,vel_angular_magnitude,0.0833127
IMU,26.8439,vel_angular_magnitude,0.0833127
IMU,26.8539,vel_angular_magnitude,0.0833127
IMU,26.864,vel_angular_magnitude,0.0899889
IMU,26.876,vel_angular_magnitude,0.0899889
IMU,26.8841,vel_angular_magnitude,0.118469
IMU,26.8936,vel_angular_magnitude,0.118469
IMU,26.9083,vel_angular_magnitude,0.107861
IMU,26.9149,vel_angular_magnitude,0.107861
IMU,26.9243,vel_angular_magnitude,0.082813
IMU,26.937,vel_angular_magnitude,0.082813
IMU,26.9441,vel_angular_magnitude,0.10686
IMU,26.9538,vel_angular_magnitude,0.10686
IMU,26.9657,vel_angular_magnitude,0.10686
IMU,26.9773,vel_angular_magnitude,0.10686
IMU,26.9863,vel_angular_magnitude,0.0461411
IMU,26.9956,vel_angular_magnitude,0.0461411
IMU,27.0035,vel_angular_magnitude,0.0461411
IMU,27.0155,vel_angular_magnitude,0.123859
IMU,27.0254,vel_angular_magnitude,0.123859
IMU,27.0345,vel_angular_magnitude,0.175003
IMU,27.0448,vel_angular_magnitude,0.175003
IMU,27.0539,vel_angular_magnitude,0.175003
IMU,27.0651,vel_angular_magnitude,0.152869
IMU,27.0745,vel_angular_magnitude,0.152869
IMU,27.0842,vel_angular_magnitude,0.152869
IMU,27.0943,vel_angular_magnitude,0.152869
IMU,27.104,vel_angular_magnitude,0.152869
IMU,27.1147,vel_angular_magnitude,0.0758551
IMU,27.1274,vel_angular_magnitude,0.0758551
IMU,27.1339,vel_angular_magnitude,0.120801
IMU,27.147,vel_angular_magnitude,0.102864
IMU,27.154,vel_angular_magnitude,0.102864
IMU,27.1639,vel_angular_magnitude,0.0834925
IMU,27.1743,vel_angular_magnitude,0.0834925
IMU,27.1838,vel_angular_magnitude,0.0834925
IMU,27.1942,vel_angular_magnitude,0.0834925
IMU,27.2038,vel_angular_magnitude,0.0959062
IMU,27.2149,vel_angular_magnitude,0.0959062
IMU,27.2249,vel_angular_magnitude,0.142636
IMU,27.2345,vel_angular_magnitude,0.142636
IMU,27.2461,vel_angular_magnitude,0.142636
IMU,27.2547,vel_angular_magnitude,0.0948736
IMU,27.2648,vel_angular_magnitude,0.0477284
IMU,27.2765,vel_angular_magnitude,0.0477284
IMU,27.2846,vel_angular_magnitude,0.153877
IMU,27.2942,vel_angular_magnitude,0.153877
IMU,27.3036,vel_angular_magnitude,0.153877
IMU,27.3144,vel_angular_magnitude,0.0841606
IMU,27.3247,vel_angular_magnitude,0.101573
IMU,27.3347,vel_angular_magnitude,0.101573
IMU,27.3464,vel_angular_magnitude,0.101573
IMU,27.3541,vel_angular_magnitude,0.0871493
IMU,27.3691,vel_angular_magnitude,0.153525
IMU,27.3787,vel_angular_magnitude,0.153525
IMU,27.3839,vel_angular_magnitude,0.0994786
IMU,27.394,vel_angular_magnitude,0.0994786
IMU,27.4038,vel_angular_magnitude,0.155907
IMU,27.415,vel_angular_magnitude,0.155907
IMU,27.4236,vel_angular_magnitude,0.155907
IMU,27.4341,vel_angular_magnitude,0.0916842
IMU,27.4439,vel_angular_magnitude,0.0916842
IMU,27.4538,vel_angular_magnitude,0.0660681
IMU,27.4637,vel_angular_magnitude,0.0401622
IMU,27.4771,vel_angular_magnitude,0.0401622
IMU,27.4838,vel_angular_magnitude,0.116563
IMU,27.494,vel_angular_magnitude,0.116563
IMU,28.0051,vel_angular_magnitude,0.334715
IMU,28.0154,vel_angular_magnitude,0.334715
IMU,28.024,vel_angular_magnitude,0.431661
IMU,28.0352,vel_angular_magnitude,0.431661
IMU,28.0441,vel_angular_magnitude,0.557658
IMU,28.057,vel_angular_magnitude,0.557658
IMU,28.064,vel_angular_magnitude,0.448343
IMU,28.0791,vel_angular_magnitude,0.448343
IMU,28.0835,vel_angular_magnitude,0.243774
IMU,28.0948,vel_angular_magnitude,0.243774
IMU,28.1047,vel_angular_magnitude,0.223488
IMU,28.1137,vel_angular_magnitude,0.223488
IMU,28.1235,vel_angular_magnitude,0.223488
IMU,28.1352,vel_angular_magnitude,0.439827
IMU,28.1475,vel_angular_magnitude,0.371314
IMU,28.1564,vel_angular_magnitude,0.371314
IMU,28.1636,vel_angular_magnitude,0.366161
IMU,28.1737,vel_angular_magnitude,0.366161
IMU,28.1839,vel_angular_magnitude,0.288468
IMU,28.1947,vel_angular_magnitude,0.288468
IMU,28.205,vel_angular_magnitude,0.14588
IMU,28.2193,vel_angular_magnitude,0.14588
IMU,28.2237,vel_angular_magnitude,0.152089
IMU,28.2355,vel_angular_magnitude,0.152089
IMU,28.2468,vel_angular_magnitude,0.152089
IMU,28.2557,vel_angular_magnitude,0.0974885
IMU,28.2636,vel_angular_magnitude,0.0222935
IMU,28.2757,vel_angular_magnitude,0.0222935
IMU,28.2835,vel_angular_magnitude,0.164736
IMU,28.2941,vel_angular_magnitude,0.164736
IMU,28.3052,vel_angular_magnitude,0.134707
IMU,28.3135,vel_angular_magnitude,0.134707
IMU,28.324,vel_angular_magnitude,0.314563
IMU,28.3341,vel_angular_magnitude,0.314563
IMU,28.3441,vel_angular_magnitude,0.651197
IMU,28.3546,vel_angular_magnitude,0.651197
IMU,28.3642,vel_angular_magnitude,0.614162
IMU,28.3736,vel_angular_magnitude,0.614162
IMU,28.3844,vel_angular_magnitude,0.614162
IMU,28.397,vel_angular_magnitude,0.614162
IMU,28.4042,vel_angular_magnitude,0.500197
IMU,28.4139,vel_angular_magnitude,0.500197
IMU,28.425,vel_angular_magnitude,0.35705
IMU,28.4342,vel_angular_magnitude,0.35705
IMU,28.4477,vel_angular_magnitude,0.375667
IMU,28.4563,vel_angular_magnitude,0.375667
IMU,28.4654,vel_angular_magnitude,0.336244
IMU,28.4742,vel_angular_magnitude,0.336244
IMU,28.4842,vel_angular_magnitude,0.450329
IMU,28.4942,vel_angular_magnitude,0.450329
IMU,28.5038,vel_angular_magnitude,0.318435
IMU,28.5135,vel_angular_magnitude,0.318435
IMU,28.5239,vel_angular_magnitude,0.268693
IMU,28.5342,vel_angular_magnitude,0.268693
IMU,28.5445,vel_angular_magnitude,0.0795362
IMU,28.5562,vel_angular_magnitude,0.0795362
IMU,28.5634,vel_angular_magnitude,0.0795362
IMU,28.5743,vel_angular_magnitude,0.296003
IMU,28.5846,vel_angular_magnitude,0.296003
IMU,28.5958,vel_angular_magnitude,0.380007
IMU,28.606,vel_angular_magnitude,0.637305
IMU,28.6156,vel_angular_magnitude,0.637305
IMU,28.6252,vel_angular_magnitude,0.668784
IMU,28.6337,vel_angular_magnitude,0.668784
IMU,28.6473,vel_angular_magnitude,0.532114
IMU,28.6543,vel_angular_magnitude,0.532114
IMU,28.6657,vel_angular_magnitude,0.379083
IMU,28.6793,vel_angular_magnitude,0.379083
IMU,28.6845,vel_angular_magnitude,0.107657
IMU,28.6965,vel_angular_magnitude,0.107657
IMU,28.7044,vel_angular_magnitude,0.197102
IMU,28.715,vel_angular_magnitude,0.197102
IMU,28.7261,vel_angular_magnitude,0.13937
IMU,28.7347,vel_angular_magnitude,0.13937
IMU,28.7491,vel_angular_magnitude,0.13937
IMU,28.7549,vel_angular_magnitude,0.13937
IMU,28.7643,vel_angular_magnitude,0.194445
IMU,28.7739,vel_angular_magnitude,0.194445
IMU,28.7838,vel_angular_magnitude,0.127252
IMU,28.7951,vel_angular_magnitude,0.127252
IMU,28.8076,vel_angular_magnitude,0.172664
IMU,28.8192,vel_angular_magnitude,0.172664
IMU,28.8246,vel_angular_magnitude,0.098737
IMU,28.8349,vel_angular_magnitude,0.098737
IMU,28.8448,vel_angular_magnitude,0.0763217
IMU,28.8573,vel_angular_magnitude,0.0763217
IMU,28.8681,vel_angular_magnitude,0.151374
IMU,28.8743,vel_angular_magnitude,0.151374
IMU,28.8844,vel_angular_magnitude,0.327643
IMU,28.8951,vel_angular_magnitude,0.327643
IMU,28.9041,vel_angular_magnitude,0.437407
IMU,28.9163,vel_angular_magnitude,0.437407
IMU,28.924,vel_angular_magnitude,0.330506
IMU,28.935,vel_angular_magnitude,0.330506
IMU,28.9475,vel_angular_magnitude,0.26301
IMU,28.9544,vel_angular_magnitude,0.26301
IMU,28.9635,vel_angular_magnitude,0.208149
IMU,28.9753,vel_angular_magnitude,0.208149
IMU,28.985,vel_angular_magnitude,0.208149
IMU,28.9951,vel_angular_magnitude,0.208149
IMU,29.0052,vel_angular_magnitude,0.0631031
IMU,29.0158,vel_angular_magnitude,0.0631031
IMU,29.03,vel_angular_magnitude,0.0412311
IMU,29.0342,vel_angular_magnitude,0.0412311
IMU,29.0521,vel_angular_magnitude,0.0346987
IMU,29.0577,vel_angular_magnitude,0.0346987
IMU,29.0636,vel_angular_magnitude,0.334042
IMU,29.0748,vel_angular_magnitude,0.334042
IMU,29.0846,vel_angular_magnitude,0.278435
IMU,29.0956,vel_angular_magnitude,0.278435
IMU,29.1044,vel_angular_magnitude,0.262238
IMU,29.1148,vel_angular_magnitude,0.262238
IMU,29.1257,vel_angular_magnitude,0.158433
IMU,29.1352,vel_angular_magnitude,0.158433
IMU,29.1445,vel_angular_magnitude,0.224477
IMU,29.1555,vel_angular_magnitude,0.224477
IMU,29.8042,vel_angular_magnitude,0.389424
IMU,29.8139,vel_angular_magnitude,0.389424
IMU,29.8268,vel_angular_magnitude,0.389424
IMU,29.8339,vel_angular_magnitude,0.264063
IMU,29.8436,vel_angular_magnitude,0.264063
IMU,29.855,vel_angular_magnitude,0.264063
IMU,29.8647,vel_angular_magnitude,0.0554977
IMU,29.8738,vel_angular_magnitude,0.0554977
IMU,29.8854,vel_angular_magnitude,0.0502195
IMU,29.8983,vel_angular_magnitude,0.0502195
IMU,29.9042,vel_angular_magnitude,0.0502195
IMU,29.9149,vel_angular_magnitude,0.095462
IMU,29.9238,vel_angular_magnitude,0.095462
IMU,29.9356,vel_angular_magnitude,0.0404722
IMU,29.9461,vel_angular_magnitude,0.0404722
IMU,29.9546,vel_angular_magnitude,0.0573236
IMU,29.9636,vel_angular_magnitude,0.0804363
IMU,29.9736,vel_angular_magnitude,0.0804363
IMU,29.9837,vel_angular_magnitude,0.0804363
IMU,29.995,vel_angular_magnitude,0.0804363
IMU,30.0037,vel_angular_magnitude,0.0998549
IMU,30.0134,vel_angular_magnitude,0.0998549
IMU,30.0257,vel_angular_magnitude,0.148792
IMU,30.0341,vel_angular_magnitude,0.148792
IMU,30.0439,vel_angular_magnitude,0.0667683
IMU,30.0559,vel_angular_magnitude,0.0667683
IMU,30.0651,vel_angular_magnitude,0.0463573
IMU,30.0756,vel_angular_magnitude,0.0463573
IMU,30.0851,vel_angular_magnitude,0.0463573
IMU,30.0935,vel_angular_magnitude,0.0463573
IMU,30.1046,vel_angular_magnitude,0.412797
IMU,30.1158,vel_angular_magnitude,0.412797
IMU,30.1244,vel_angular_magnitude,0.459427
IMU,30.1342,vel_angular_magnitude,0.459427
IMU,30.1437,vel_angular_magnitude,0.57284
IMU,30.154,vel_angular_magnitude,0.57284
IMU,30.1662,vel_angular_magnitude,0.524799
IMU,30.174,vel_angular_magnitude,0.524799
IMU,30.1835,vel_angular_magnitude,0.524799
IMU,30.1951,vel_angular_magnitude,0.421521
IMU,30.2056,vel_angular_magnitude,0.421521
IMU,30.2138,vel_angular_magnitude,0.291201
IMU,30.2238,vel_angular_magnitude,0.291201
IMU,30.2338,vel_angular_magnitude,0.196319
IMU,30.2441,vel_angular_magnitude,0.196319
IMU,30.2541,vel_angular_magnitude,0.143196
IMU,30.2636,vel_angular_magnitude,0.0679043
IMU,30.2748,vel_angular_magnitude,0.0679043
IMU,30.2884,vel_angular_magnitude,0.0912688
IMU,30.2946,vel_angular_magnitude,0.0912688
IMU,30.3059,vel_angular_magnitude,0.0912688
IMU,30.3175,vel_angular_magnitude,0.10538
IMU,30.3236,vel_angular_magnitude,0.10538
IMU,30.3341,vel_angular_magnitude,0.0295466
IMU,30.3437,vel_angular_magnitude,0.0295466
IMU,30.3547,vel_angular_magnitude,0.077923
IMU,30.3638,vel_angular_magnitude,0.194574
IMU,30.3737,vel_angular_magnitude,0.194574
IMU,30.3835,vel_angular_magnitude,0.0834026
IMU,30.3939,vel_angular_magnitude,0.0834026
IMU,30.4036,vel_angular_magnitude,0.102127
IMU,30.4135,vel_angular_magnitude,0.102127
IMU,30.4251,vel_angular_magnitude,0.102127
IMU,30.4338,vel_angular_magnitude,0.102127
IMU,30.4435,vel_angular_magnitude,0.190725
IMU,30.4542,vel_angular_magnitude,0.190725
IMU,30.4635,vel_angular_magnitude,0.154874
IMU,30.4756,vel_angular_magnitude,0.154874
IMU,30.4837,vel_angular_magnitude,0.0695773
IMU,30.4936,vel_angular_magnitude,0.0695773
IMU,30.5072,vel_angular_magnitude,0.0640859
IMU,30.5171,vel_angular_magnitude,0.0640859
IMU,30.5238,vel_angular_magnitude,0.0298831
IMU,30.5351,vel_angular_magnitude,0.0298831
IMU,30.5435,vel_angular_magnitude,0.0298831
IMU,30.554,vel_angular_magnitude,0.108264
IMU,30.5642,vel_angular_magnitude,0.0717635
IMU,30.5747,vel_angular_magnitude,0.0717635
IMU,30.5847,vel_angular_magnitude,0.0717635
IMU,30.5955,vel_angular_magnitude,0.0717635
IMU,30.6061,vel_angular_magnitude,0.0599416
IMU,30.6165,vel_angular_magnitude,0.0599416
IMU,30.6236,vel_angular_magnitude,0.0599416
IMU,30.6339,vel_angular_magnitude,0.0646838
IMU,30.6437,vel_angular_magnitude,0.0646838
IMU,30.656,vel_angular_magnitude,0.0748665
IMU,30.665,vel_angular_magnitude,0.220638
IMU,30.6735,vel_angular_magnitude,0.220638
IMU,30.6836,vel_angular_magnitude,0.222589
IMU,30.6948,vel_angular_magnitude,0.222589
IMU,30.7075,vel_angular_magnitude,0.168985
IMU,30.7152,vel_angular_magnitude,0.168985
IMU,30.727,vel_angular_magnitude,0.150579
IMU,30.7352,vel_angular_magnitude,0.150579
IMU,30.7448,vel_angular_magnitude,0.131738
IMU,30.756,vel_angular_magnitude,0.131738
IMU,30.765,vel_angular_magnitude,0.104254
IMU,30.7755,vel_angular_magnitude,0.104254
IMU,30.7838,vel_angular_magnitude,0.104254
IMU,30.7936,vel_angular_magnitude,0.0505371
IMU,30.8101,vel_angular_magnitude,0.0505371
IMU,30.8154,vel_angular_magnitude,0.115434
IMU,30.8235,vel_angular_magnitude,0.115434
IMU,30.8335,vel_angular_magnitude,0.0965867
IMU,30.8471,vel_angular_magnitude,0.113798
IMU,30.8589,vel_angular_magnitude,0.113798
IMU,30.8664,vel_angular_magnitude,0.0847408
IMU,30.8735,vel_angular_magnitude,0.0847408
IMU,30.8837,vel_angular_magnitude,0.0480104
IMU,30.8937,vel_angular_magnitude,0.0480104
IMU,30.9048,vel_angular_magnitude,0.0591354
IMU,32.5134,vel_angular_magnitude,0.0231084
IMU,32.5238,vel_angular_magnitude,0.0231084
IMU,32.5336,vel_angular_magnitude,0.124888
IMU,32.5439,vel_angular_magnitude,0.0962133
IMU,32.5537,vel_angular_magnitude,0.0962133
IMU,32.5644,vel_angular_magnitude,0.0962133
IMU,32.575,vel_angular_magnitude,0.111036
IMU,32.5835,vel_angular_magnitude,0.126258
IMU,32.5942,vel_angular_magnitude,0.126258
IMU,32.6041,vel_angular_magnitude,0.126258
IMU,32.6148,vel_angular_magnitude,0.0392683
IMU,32.6235,vel_angular_magnitude,0.0392683
IMU,32.6342,vel_angular_magnitude,0.040025
IMU,32.6438,vel_angular_magnitude,0.040025
IMU,32.6542,vel_angular_magnitude,0.0419762
IMU,32.6634,vel_angular_magnitude,0.0419762
IMU,32.6757,vel_angular_magnitude,0.037855
IMU,32.6839,vel_angular_magnitude,0.037855
IMU,32.6943,vel_angular_magnitude,0.03937
IMU,32.7042,vel_angular_magnitude,0.03937
IMU,32.7135,vel_angular_magnitude,0.0727324
IMU,32.7239,vel_angular_magnitude,0.0727324
IMU,32.7345,vel_angular_magnitude,0.00787401
IMU,32.7437,vel_angular_magnitude,0.0133791
IMU,32.7545,vel_angular_magnitude,0.0133791
IMU,32.765,vel_angular_magnitude,0.0133791
IMU,32.7737,vel_angular_magnitude,0.0133791
IMU,32.785,vel_angular_magnitude,0.0971905
IMU,32.7963,vel_angular_magnitude,0.0971905
IMU,32.8053,vel_angular_magnitude,0.0458039
IMU,32.8157,vel_angular_magnitude,0.0458039
IMU,32.8241,vel_angular_magnitude,0.0441588
IMU,32.8357,vel_angular_magnitude,0.0441588
IMU,32.8436,vel_angular_magnitude,0.0155563
IMU,32.8557,vel_angular_magnitude,0.0155563
IMU,32.8636,vel_angular_magnitude,0.0245357
IMU,32.8745,vel_angular_magnitude,0.0245357
IMU,32.8835,vel_angular_magnitude,0.0918749
IMU,32.8942,vel_angular_magnitude,0.0918749
IMU,32.9065,vel_angular_magnitude,0.0795299
IMU,32.9138,vel_angular_magnitude,0.0537773
IMU,32.9243,vel_angular_magnitude,0.0537773
IMU,32.9335,vel_angular_magnitude,0.0537773
IMU,32.9443,vel_angular_magnitude,0.0375366
IMU,32.9558,vel_angular_magnitude,0.0375366
IMU,32.9646,vel_angular_magnitude,0.0310161
IMU,32.974,vel_angular_magnitude,0.0423556
IMU,32.9863,vel_angular_magnitude,0.0423556
IMU,32.9944,vel_angular_magnitude,0.0423556
IMU,33.0068,vel_angular_magnitude,0.0509608
IMU,33.0162,vel_angular_magnitude,0.0995892
IMU,33.0235,vel_angular_magnitude,0.0995892
IMU,33.0348,vel_angular_magnitude,0.0995892
IMU,33.0442,vel_angular_magnitude,0.0995892
IMU,33.0539,vel_angular_magnitude,0.0995892
IMU,33.0638,vel_angular_magnitude,0.0392683
IMU,33.0737,vel_angular_magnitude,0.0392683
IMU,33.0841,vel_angular_magnitude,0.0195192
IMU,33.0941,vel_angular_magnitude,0.0195192
IMU,33.104,vel_angular_magnitude,0.0273679
IMU,33.1138,vel_angular_magnitude,0.0273679
IMU,33.124,vel_angular_magnitude,0.0565509
IMU,33.1339,vel_angular_magnitude,0.0565509
IMU,33.1441,vel_angular_magnitude,0.0565509
IMU,33.1536,vel_angular_magnitude,0.0565509
IMU,33.1639,vel_angular_magnitude,0.373537
IMU,33.1737,vel_angular_magnitude,0.373537
IMU,33.1863,vel_angular_magnitude,0.274308
IMU,33.1945,vel_angular_magnitude,0.274308
IMU,33.2068,vel_angular_magnitude,0.288045
IMU,33.2138,vel_angular_magnitude,0.288045
IMU,33.2249,vel_angular_magnitude,0.228661
IMU,33.2341,vel_angular_magnitude,0.228661
IMU,33.2447,vel_angular_magnitude,0.125718
IMU,33.2538,vel_angular_magnitude,0.125718
IMU,33.2665,vel_angular_magnitude,0.0796555
IMU,33.2735,vel_angular_magnitude,0.0796555
IMU,33.285,vel_angular_magnitude,0.113882
IMU,33.2938,vel_angular_magnitude,0.113882
IMU,33.3041,vel_angular_magnitude,0.113882
IMU,33.3138,vel_angular_magnitude,0.113882
IMU,33.3235,vel_angular_magnitude,0.169614
IMU,33.3337,vel_angular_magnitude,0.169614
IMU,33.3437,vel_angular_magnitude,0.0745453
IMU,33.3573,vel_angular_magnitude,0.0745453
IMU,33.3646,vel_angular_magnitude,0.136814
IMU,33.3739,vel_angular_magnitude,0.136814
IMU,33.3846,vel_angular_magnitude,0.109595
IMU,33.3996,vel_angular_magnitude,0.109595
IMU,33.4036,vel_angular_magnitude,0.105309
IMU,33.4183,vel_angular_magnitude,0.105309
IMU,33.4254,vel_angular_magnitude,0.035242
IMU,33.438,vel_angular_magnitude,0.035242
IMU,33.4438,vel_angular_magnitude,0.0987775
IMU,33.4542,vel_angular_magnitude,0.0987775
IMU,33.4649,vel_angular_magnitude,0.0987775
IMU,33.4735,vel_angular_magnitude,0.0987775
IMU,33.4851,vel_angular_magnitude,0.12328
IMU,33.4937,vel_angular_magnitude,0.0590931
IMU,33.504,vel_angular_magnitude,0.0590931
IMU,33.5141,vel_angular_magnitude,0.0590931
IMU,33.5234,vel_angular_magnitude,0.0758288
IMU,33.5336,vel_angular_magnitude,0.0758288
IMU,33.5436,vel_angular_magnitude,0.056648
IMU,33.5553,vel_angular_magnitude,0.056648
IMU,33.5642,vel_angular_magnitude,0.104513
IMU,33.5746,vel_angular_magnitude,0.104513
IMU,33.5836,vel_angular_magnitude,0.0924067
IMU,33.5956,vel_angular_magnitude,0.0924067
IMU,33.6092,vel_angular_magnitude,0.0409023
IMU,33.6158,vel_angular_magnitude,0.0409023
IMU,33.6257,vel_angular_magnitude,0.00953939
IMU,33.6338,vel_angular_magnitude,0.00953939
IMU,33.6439,vel_angular_magnitude,0.0403237
IMU,33.6555,vel_angular_magnitude,0.0403237
IMU,33.665,vel_angular_magnitude,0.0540185
IMU,33.6735,vel_angular_magnitude,0.0540185
IMU,37.395,vel_angular_magnitude,0.00678233
IMU,37.4039,vel_angular_magnitude,0.00678233
IMU,37.4162,vel_angular_magnitude,0.007
IMU,37.4239,vel_angular_magnitude,0.007
IMU,37.4338,vel_angular_magnitude,0.007
IMU,37.4437,vel_angular_magnitude,0.00754983
IMU,37.4542,vel_angular_magnitude,0.00812404
IMU,37.4638,vel_angular_magnitude,0.00812404
IMU,37.4738,vel_angular_magnitude,0.00812404
IMU,37.4841,vel_angular_magnitude,0.00812404
IMU,37.4937,vel_angular_magnitude,0.00812404
IMU,37.5045,vel_angular_magnitude,0.00678233
IMU,37.5148,vel_angular_magnitude,0.00678233
IMU,37.5244,vel_angular_magnitude,0.00678233
IMU,37.535,vel_angular_magnitude,0.00678233
IMU,37.5436,vel_angular_magnitude,0.00678233
IMU,37.5541,vel_angular_magnitude,0.00678233
IMU,37.5645,vel_angular_magnitude,0.00591608
IMU,37.5735,vel_angular_magnitude,0.00591608
IMU,37.5842,vel_angular_magnitude,0.00678233
IMU,37.5939,vel_angular_magnitude,0.00678233
IMU,37.6039,vel_angular_magnitude,0.00574456
IMU,37.6152,vel_angular_magnitude,0.00678233
IMU,37.6236,vel_angular_magnitude,0.00678233
IMU,37.634,vel_angular_magnitude,0.00734847
IMU,37.6438,vel_angular_magnitude,0.00734847
IMU,37.6539,vel_angular_magnitude,0.00734847
IMU,37.666,vel_angular_magnitude,0.00734847
IMU,37.678,vel_angular_magnitude,0.00754983
IMU,37.6835,vel_angular_magnitude,0.00754983
IMU,37.6935,vel_angular_magnitude,0.00754983
IMU,37.7039,vel_angular_magnitude,0.00754983
IMU,37.714,vel_angular_magnitude,0.00640312
IMU,37.7236,vel_angular_magnitude,0.00640312
IMU,37.734,vel_angular_magnitude,0.00678233
IMU,37.7435,vel_angular_magnitude,0.00678233
IMU,37.7546,vel_angular_magnitude,0.00678233
IMU,37.7653,vel_angular_magnitude,0.00768115
IMU,37.7735,vel_angular_magnitude,0.00768115
IMU,37.7836,vel_angular_magnitude,0.007
IMU,37.7938,vel_angular_magnitude,0.00678233
IMU,37.8037,vel_angular_magnitude,0.00678233
IMU,37.815,vel_angular_magnitude,0.00678233
IMU,37.8235,vel_angular_magnitude,0.007
IMU,37.8347,vel_angular_magnitude,0.007
IMU,37.8438,vel_angular_magnitude,0.007
IMU,37.8545,vel_angular_magnitude,0.00866025
IMU,37.8658,vel_angular_magnitude,0.00866025
IMU,37.8751,vel_angular_magnitude,0.00728011
IMU,37.8851,vel_angular_magnitude,0.00728011
IMU,37.8942,vel_angular_magnitude,0.00640312
IMU,37.9037,vel_angular_magnitude,0.00640312
IMU,37.9151,vel_angular_magnitude,0.00640312
IMU,37.9238,vel_angular_magnitude,0.00678233
IMU,37.9339,vel_angular_magnitude,0.00678233
IMU,37.9439,vel_angular_magnitude,0.00678233
IMU,37.9549,vel_angular_magnitude,0.00678233
IMU,37.9642,vel_angular_magnitude,0.00678233
IMU,37.9734,vel_angular_magnitude,0.00678233
IMU,37.9841,vel_angular_magnitude,0.00678233
IMU,37.9937,vel_angular_magnitude,0.00678233
IMU,38.0041,vel_angular_magnitude,0.00748331
IMU,38.0157,vel_angular_magnitude,0.00748331
IMU,38.0251,vel_angular_magnitude,0.00748331
IMU,38.0338,vel_angular_magnitude,0.00748331
IMU,38.0435,vel_angular_magnitude,0.00728011
IMU,38.0545,vel_angular_magnitude,0.00728011
IMU,38.0638,vel_angular_magnitude,0.00678233
IMU,38.0734,vel_angular_magnitude,0.00640312
IMU,38.0835,vel_angular_magnitude,0.00640312
IMU,38.0945,vel_angular_magnitude,0.00640312
IMU,38.1038,vel_angular_magnitude,0.00640312
IMU,38.1158,vel_angular_magnitude,0.00640312
IMU,38.1242,vel_angular_magnitude,0.00678233
IMU,38.1337,vel_angular_magnitude,0.00678233
IMU,38.1436,vel_angular_magnitude,0.00591608
IMU,38.1543,vel_angular_magnitude,0.00591608
IMU,38.1654,vel_angular_magnitude,0.00648074
IMU,38.1734,vel_angular_magnitude,0.00648074
IMU,38.1837,vel_angular_magnitude,0.007
IMU,38.1935,vel_angular_magnitude,0.007
IMU,38.2047,vel_angular_magnitude,0.007
IMU,38.2156,vel_angular_magnitude,0.00728011
IMU,38.2236,vel_angular_magnitude,0.00728011
IMU,38.2337,vel_angular_magnitude,0.00591608
IMU,38.2438,vel_angular_magnitude,0.00591608
IMU,38.256,vel_angular_magnitude,0.00728011
IMU,38.2674,vel_angular_magnitude,0.00728011
IMU,38.2747,vel_angular_magnitude,0.00728011
IMU,38.2835,vel_angular_magnitude,0.00728011
IMU,38.2936,vel_angular_magnitude,0.00678233
IMU,38.3036,vel_angular_magnitude,0.00678233
IMU,38.3154,vel_angular_magnitude,0.00678233
IMU,38.3253,vel_angular_magnitude,0.00678233
IMU,38.3336,vel_angular_magnitude,0.00678233
IMU,38.3437,vel_angular_magnitude,0.00728011
IMU,38.3556,vel_angular_magnitude,0.00728011
IMU,38.3659,vel_angular_magnitude,0.00591608
IMU,38.3743,vel_angular_magnitude,0.00591608
IMU,38.3835,vel_angular_magnitude,0.00591608
IMU,38.3946,vel_angular_magnitude,0.00591608
IMU,38.4084,vel_angular_magnitude,0.00640312
IMU,38.4151,vel_angular_magnitude,0.00640312
IMU,38.4242,vel_angular_magnitude,0.00768115
IMU,38.4337,vel_angular_magnitude,0.00768115
IMU,38.444,vel_angular_magnitude,0.00640312
IMU,38.4558,vel_angular_magnitude,0.00640312
IMU,38.4667,vel_angular_magnitude,0.00591608
IMU,38.4734,vel_angular_magnitude,0.00678233
IMU,38.4835,vel_angular_magnitude,0.00678233
IMU,38.4944,vel_angular_magnitude,0.00678233
IMU,38.5037,vel_angular_magnitude,0.00678233
IMU,38.5151,vel_angular_magnitude,0.00678233
IMU,38.5235,vel_angular_magnitude,0.00547723
IMU,38.535,vel_angular_magnitude,0.00547723
IMU,38.5439,vel_angular_magnitude,0.00547723
IMU,38.5536,vel_angular_magnitude,0.00591608
IMU,38.564,vel_angular_magnitude,0.00591608
IMU,38.5737,vel_angular_magnitude,0.00591608
IMU,38.5851,vel_angular_magnitude,0.00591608
IMU,40.8165,vel_angular_magnitude,0.00591608
IMU,40.8242,vel_angular_magnitude,0.00768115
IMU,40.8336,vel_angular_magnitude,0.00768115
IMU,40.8437,vel_angular_magnitude,0.00768115
IMU,40.8541,vel_angular_magnitude,0.00768115
IMU,40.8636,vel_angular_magnitude,0.00728011
IMU,40.8735,vel_angular_magnitude,0.00728011
IMU,40.8864,vel_angular_magnitude,0.00812404
IMU,40.8939,vel_angular_magnitude,0.007
IMU,40.9048,vel_angular_magnitude,0.007
IMU,40.9176,vel_angular_magnitude,0.00591608
IMU,40.9248,vel_angular_magnitude,0.00591608
IMU,40.9338,vel_angular_magnitude,0.00591608
IMU,40.9468,vel_angular_magnitude,0.00591608
IMU,40.9534,vel_angular_magnitude,0.00591608
IMU,40.9635,vel_angular_magnitude,0.00728011
IMU,40.9735,vel_angular_magnitude,0.00728011
IMU,40.9837,vel_angular_magnitude,0.00678233
IMU,40.9937,vel_angular_magnitude,0.00678233
IMU,41.0036,vel_angular_magnitude,0.00640312
IMU,41.0166,vel_angular_magnitude,0.00591608
IMU,41.0243,vel_angular_magnitude,0.00591608
IMU,41.0351,vel_angular_magnitude,0.00591608
IMU,41.0435,vel_angular_magnitude,0.00640312
IMU,41.0536,vel_angular_magnitude,0.00640312
IMU,41.0642,vel_angular_magnitude,0.00734847
IMU,41.0751,vel_angular_magnitude,0.00678233
IMU,41.0836,vel_angular_magnitude,0.00678233
IMU,41.0936,vel_angular_magnitude,0.00678233
IMU,41.1039,vel_angular_magnitude,0.00678233
IMU,41.1141,vel_angular_magnitude,0.00678233
IMU,41.1235,vel_angular_magnitude,0.00616441
IMU,41.1336,vel_angular_magnitude,0.00616441
IMU,41.1436,vel_angular_magnitude,0.00640312
IMU,41.1542,vel_angular_magnitude,0.00640312
IMU,41.1666,vel_angular_magnitude,0.00678233
IMU,41.1754,vel_angular_magnitude,0.00678233
IMU,41.1837,vel_angular_magnitude,0.00678233
IMU,41.1935,vel_angular_magnitude,0.00678233
IMU,41.2037,vel_angular_magnitude,0.00728011
IMU,41.2139,vel_angular_magnitude,0.00728011
IMU,41.2237,vel_angular_magnitude,0.00591608
IMU,41.2335,vel_angular_magnitude,0.00591608
IMU,41.2437,vel_angular_magnitude,0.00591608
IMU,41.2541,vel_angular_magnitude,0.00591608
IMU,41.2655,vel_angular_magnitude,0.00591608
IMU,41.2758,vel_angular_magnitude,0.00591608
IMU,41.2835,vel_angular_magnitude,0.00640312
IMU,41.2935,vel_angular_magnitude,0.00640312
IMU,41.3038,vel_angular_magnitude,0.00640312
IMU,41.3136,vel_angular_magnitude,0.00640312
IMU,41.3237,vel_angular_magnitude,0.00640312
IMU,41.3337,vel_angular_magnitude,0.00640312
IMU,41.344,vel_angular_magnitude,0.00678233
IMU,41.3542,vel_angular_magnitude,0.00678233
IMU,41.3645,vel_angular_magnitude,0.00678233
IMU,41.3734,vel_angular_magnitude,0.00678233
IMU,41.3837,vel_angular_magnitude,0.00640312
IMU,41.3942,vel_angular_magnitude,0.00591608
IMU,41.4041,vel_angular_magnitude,0.00591608
IMU,41.4142,vel_angular_magnitude,0.00678233
IMU,41.4235,vel_angular_magnitude,0.00678233
IMU,41.4337,vel_angular_magnitude,0.00591608
IMU,41.4436,vel_angular_magnitude,0.00591608
IMU,41.454,vel_angular_magnitude,0.00591608
IMU,41.4638,vel_angular_magnitude,0.00728011
IMU,41.4734,vel_angular_magnitude,0.00728011
IMU,41.484,vel_angular_magnitude,0.00678233
IMU,41.4935,vel_angular_magnitude,0.00678233
IMU,41.5041,vel_angular_magnitude,0.00678233
IMU,41.5138,vel_angular_magnitude,0.00678233
IMU,41.5235,vel_angular_magnitude,0.00678233
IMU,41.5339,vel_angular_magnitude,0.00678233
IMU,41.5438,vel_angular_magnitude,0.00678233
IMU,41.5535,vel_angular_magnitude,0.00678233
IMU,41.5649,vel_angular_magnitude,0.00678233
IMU,41.5735,vel_angular_magnitude,0.00678233
IMU,41.5836,vel_angular_magnitude,0.00728011
IMU,41.5937,vel_angular_magnitude,0.00728011
IMU,41.6036,vel_angular_magnitude,0.00678233
IMU,41.6147,vel_angular_magnitude,0.00678233
IMU,41.6234,vel_angular_magnitude,0.00734847
IMU,41.6339,vel_angular_magnitude,0.00734847
IMU,41.6435,vel_angular_magnitude,0.00678233
IMU,41.6538,vel_angular_magnitude,0.00678233
IMU,41.6653,vel_angular_magnitude,0.00640312
IMU,41.6735,vel_angular_magnitude,0.00640312
IMU,41.684,vel_angular_magnitude,0.00640312
IMU,41.6935,vel_angular_magnitude,0.00640312
IMU,41.7039,vel_angular_magnitude,0.00640312
IMU,41.7159,vel_angular_magnitude,0.00768115
IMU,41.7235,vel_angular_magnitude,0.00768115
IMU,41.7335,vel_angular_magnitude,0.00728011
IMU,41.7435,vel_angular_magnitude,0.00728011
IMU,41.7542,vel_angular_magnitude,0.00728011
IMU,41.7638,vel_angular_magnitude,0.00591608
IMU,41.7736,vel_angular_magnitude,0.00591608
IMU,41.7853,vel_angular_magnitude,0.00591608
IMU,41.7935,vel_angular_magnitude,0.00591608
IMU,41.8045,vel_angular_magnitude,0.00648074
IMU,41.8143,vel_angular_magnitude,0.00648074
IMU,41.8246,vel_angular_magnitude,0.00547723
IMU,41.8338,vel_angular_magnitude,0.00547723
IMU,41.8436,vel_angular_magnitude,0.00812404
IMU,41.8539,vel_angular_magnitude,0.00812404
IMU,41.8646,vel_angular_magnitude,0.00812404
IMU,41.8739,vel_angular_magnitude,0.00812404
IMU,41.8835,vel_angular_magnitude,0.0067082
IMU,41.8936,vel_angular_magnitude,0.0067082
IMU,41.9038,vel_angular_magnitude,0.00678233
IMU,41.9161,vel_angular_magnitude,0.00678233
IMU,41.9236,vel_angular_magnitude,0.00640312
IMU,41.9338,vel_angular_magnitude,0.00640312
IMU,41.9435,vel_angular_magnitude,0.00640312
IMU,41.9545,vel_angular_magnitude,0.00640312
IMU,41.9666,vel_angular_magnitude,0.007
IMU,41.9739,vel_angular_magnitude,0.007
IMU,44.1738,vel_angular_magnitude,0.115806
IMU,44.184,vel_angular_magnitude,0.115806
IMU,44.1947,vel_angular_magnitude,0.0553624
IMU,44.2059,vel_angular_magnitude,0.0637024
IMU,44.2161,vel_angular_magnitude,0.0637024
IMU,44.2235,vel_angular_magnitude,0.0596741
IMU,44.2338,vel_angular_magnitude,0.0596741
IMU,44.2438,vel_angular_magnitude,0.103759
IMU,44.2557,vel_angular_magnitude,0.103759
IMU,44.2637,vel_angular_magnitude,0.103759
IMU,44.2736,vel_angular_magnitude,0.103759
IMU,44.2838,vel_angular_magnitude,0.0257876
IMU,44.294,vel_angular_magnitude,0.0257876
IMU,44.3036,vel_angular_magnitude,0.0224944
IMU,44.3143,vel_angular_magnitude,0.0224944
IMU,44.3234,vel_angular_magnitude,0.00538516
IMU,44.3339,vel_angular_magnitude,0.00538516
IMU,44.3437,vel_angular_magnitude,0.0404228
IMU,44.3541,vel_angular_magnitude,0.0404228
IMU,44.3642,vel_angular_magnitude,0.0404228
IMU,44.3734,vel_angular_magnitude,0.453848
IMU,44.3838,vel_angular_magnitude,0.453848
IMU,44.3938,vel_angular_magnitude,0.593736
IMU,44.4038,vel_angular_magnitude,0.230378
IMU,44.4153,vel_angular_magnitude,0.230378
IMU,44.4236,vel_angular_magnitude,0.319983
IMU,44.4337,vel_angular_magnitude,0.319983
IMU,44.4436,vel_angular_magnitude,0.208909
IMU,44.4544,vel_angular_magnitude,0.208909
IMU,44.4637,vel_angular_magnitude,0.120938
IMU,44.4737,vel_angular_magnitude,0.120938
IMU,44.4839,vel_angular_magnitude,0.685794
IMU,44.4938,vel_angular_magnitude,0.685794
IMU,44.5039,vel_angular_magnitude,0.579184
IMU,44.5143,vel_angular_magnitude,0.579184
IMU,44.5237,vel_angular_magnitude,0.443594
IMU,44.5341,vel_angular_magnitude,0.443594
IMU,44.5438,vel_angular_magnitude,0.443594
IMU,44.5541,vel_angular_magnitude,0.240062
IMU,44.564,vel_angular_magnitude,0.503502
IMU,44.5736,vel_angular_magnitude,0.503502
IMU,44.5837,vel_angular_magnitude,0.273079
IMU,44.5939,vel_angular_magnitude,0.273079
IMU,44.606,vel_angular_magnitude,0.0728286
IMU,44.6149,vel_angular_magnitude,0.0728286
IMU,44.6235,vel_angular_magnitude,0.12302
IMU,44.635,vel_angular_magnitude,0.12302
IMU,44.6436,vel_angular_magnitude,0.12302
IMU,44.6546,vel_angular_magnitude,0.12302
IMU,44.6636,vel_angular_magnitude,0.0660681
IMU,44.674,vel_angular_magnitude,0.0660681
IMU,44.6836,vel_angular_magnitude,0.222948
IMU,44.6935,vel_angular_magnitude,0.222948
IMU,44.7038,vel_angular_magnitude,0.50977
IMU,44.7141,vel_angular_magnitude,0.50977
IMU,44.7234,vel_angular_magnitude,0.466336
IMU,44.7338,vel_angular_magnitude,0.466336
IMU,44.7438,vel_angular_magnitude,0.224225
IMU,44.7546,vel_angular_magnitude,0.224225
IMU,44.7638,vel_angular_magnitude,0.169756
IMU,44.7735,vel_angular_magnitude,0.169756
IMU,44.7838,vel_angular_magnitude,0.0577408
IMU,44.794,vel_angular_magnitude,0.0577408
IMU,44.8035,vel_angular_magnitude,0.264131
IMU,44.8136,vel_angular_magnitude,0.264131
IMU,44.8235,vel_angular_magnitude,0.264131
IMU,44.8335,vel_angular_magnitude,0.264131
IMU,44.8438,vel_angular_magnitude,0.343087
IMU,44.8556,vel_angular_magnitude,0.343087
IMU,44.8641,vel_angular_magnitude,0.588498
IMU,44.8737,vel_angular_magnitude,0.588498
IMU,44.8837,vel_angular_magnitude,0.588498
IMU,44.8938,vel_angular_magnitude,0.529436
IMU,44.9048,vel_angular_magnitude,0.294253
IMU,44.9137,vel_angular_magnitude,0.294253
IMU,44.9237,vel_angular_magnitude,0.0863597
IMU,44.9361,vel_angular_magnitude,0.0863597
IMU,44.9435,vel_angular_magnitude,0.023622
IMU,44.9539,vel_angular_magnitude,0.023622
IMU,44.9639,vel_angular_magnitude,0.0457056
IMU,44.9735,vel_angular_magnitude,0.0457056
IMU,44.9842,vel_angular_magnitude,0.0541572
IMU,44.9936,vel_angular_magnitude,0.0541572
IMU,45.0051,vel_angular_magnitude,0.056542
IMU,45.0168,vel_angular_magnitude,0.056542
IMU,45.0235,vel_angular_magnitude,0.0452769
IMU,45.0344,vel_angular_magnitude,0.0452769
IMU,45.0436,vel_angular_magnitude,0.0452769
IMU,45.0538,vel_angular_magnitude,0.171056
IMU,45.0644,vel_angular_magnitude,0.171056
IMU,45.0736,vel_angular_magnitude,0.171056
IMU,45.0836,vel_angular_magnitude,0.406757
IMU,45.0938,vel_angular_magnitude,0.5175
IMU,45.1045,vel_angular_magnitude,0.5175
IMU,45.1162,vel_angular_magnitude,0.565587
IMU,45.1236,vel_angular_magnitude,0.506953
IMU,45.1335,vel_angular_magnitude,0.506953
IMU,45.1439,vel_angular_magnitude,0.506953
IMU,45.1542,vel_angular_magnitude,0.347478
IMU,45.1645,vel_angular_magnitude,0.235807
IMU,45.1745,vel_angular_magnitude,0.235807
IMU,45.1836,vel_angular_magnitude,0.136217
IMU,45.1939,vel_angular_magnitude,0.136217
IMU,45.2055,vel_angular_magnitude,0.112942
IMU,45.2164,vel_angular_magnitude,0.112942
IMU,45.2234,vel_angular_magnitude,0.0749533
IMU,45.234,vel_angular_magnitude,0.0749533
IMU,45.2436,vel_angular_magnitude,0.270292
IMU,45.2596,vel_angular_magnitude,0.270292
IMU,45.2643,vel_angular_magnitude,0.270292
IMU,45.2735,vel_angular_magnitude,0.123657
IMU,45.2837,vel_angular_magnitude,0.401882
IMU,45.294,vel_angular_magnitude,0.401882
IMU,45.3052,vel_angular_magnitude,0.401882
IMU,45.3143,vel_angular_magnitude,0.401882
IMU,47.6238,vel_angular_magnitude,0.523305
IMU,47.6342,vel_angular_magnitude,0.523305
IMU,47.6441,vel_angular_magnitude,0.523305
IMU,47.6543,vel_angular_magnitude,0.523305
IMU,47.6706,vel_angular_magnitude,0.12627
IMU,47.6736,vel_angular_magnitude,0.12627
IMU,47.6835,vel_angular_magnitude,0.12627
IMU,47.6954,vel_angular_magnitude,0.12627
IMU,47.7064,vel_angular_magnitude,0.0488569
IMU,47.715,vel_angular_magnitude,0.0488569
IMU,47.7254,vel_angular_magnitude,0.0298496
IMU,47.7341,vel_angular_magnitude,0.0298496
IMU,47.7436,vel_angular_magnitude,0.0179165
IMU,47.7543,vel_angular_magnitude,0.0179165
IMU,47.7642,vel_angular_magnitude,0.0179165
IMU,47.7738,vel_angular_magnitude,0.0179165
IMU,47.7852,vel_angular_magnitude,0.133638
IMU,47.7945,vel_angular_magnitude,0.133638
IMU,47.8043,vel_angular_magnitude,0.133638
IMU,47.8154,vel_angular_magnitude,0.0995892
IMU,47.8244,vel_angular_magnitude,0.0995892
IMU,47.834,vel_angular_magnitude,0.15715
IMU,47.8438,vel_angular_magnitude,0.146352
IMU,47.8542,vel_angular_magnitude,0.146352
IMU,47.8645,vel_angular_magnitude,0.122413
IMU,47.8761,vel_angular_magnitude,0.122413
IMU,47.8835,vel_angular_magnitude,0.0676831
IMU,47.8941,vel_angular_magnitude,0.0676831
IMU,47.9046,vel_angular_magnitude,0.0606795
IMU,47.9145,vel_angular_magnitude,0.0606795
IMU,47.9242,vel_angular_magnitude,0.127287
IMU,47.9337,vel_angular_magnitude,0.127287
IMU,47.9436,vel_angular_magnitude,0.127287
IMU,47.9537,vel_angular_magnitude,0.651725
IMU,47.9673,vel_angular_magnitude,0.651725
IMU,47.9735,vel_angular_magnitude,0.549534
IMU,47.9838,vel_angular_magnitude,0.549534
IMU,47.9937,vel_angular_magnitude,0.549534
IMU,48.0036,vel_angular_magnitude,0.185151
IMU,48.0138,vel_angular_magnitude,0.185151
IMU,48.0236,vel_angular_magnitude,0.119512
IMU,48.0337,vel_angular_magnitude,0.119512
IMU,48.0439,vel_angular_magnitude,0.119512
IMU,48.054,vel_angular_magnitude,0.119512
IMU,48.0669,vel_angular_magnitude,0.189634
IMU,48.0756,vel_angular_magnitude,0.189634
IMU,48.0834,vel_angular_magnitude,0.152384
IMU,48.0941,vel_angular_magnitude,0.152384
IMU,48.1037,vel_angular_magnitude,0.152384
IMU,48.1166,vel_angular_magnitude,0.152384
IMU,48.1242,vel_angular_magnitude,0.0472123
IMU,48.1339,vel_angular_magnitude,0.0472123
IMU,48.1438,vel_angular_magnitude,0.0226936
IMU,48.1546,vel_angular_magnitude,0.0226936
IMU,48.1666,vel_angular_magnitude,0.0103441
IMU,48.1753,vel_angular_magnitude,0.0103441
IMU,48.1835,vel_angular_magnitude,0.0103441
IMU,48.1937,vel_angular_magnitude,0.0103441
IMU,48.2035,vel_angular_magnitude,0.0166733
IMU,48.2142,vel_angular_magnitude,0.0166733
IMU,48.2247,vel_angular_magnitude,0.0166733
IMU,48.234,vel_angular_magnitude,0.0166733
IMU,48.2447,vel_angular_magnitude,0.00830662
IMU,48.2545,vel_angular_magnitude,0.00830662
IMU,48.2673,vel_angular_magnitude,0.0128841
IMU,48.2758,vel_angular_magnitude,0.0128841
IMU,48.2838,vel_angular_magnitude,0.00860233
IMU,48.2941,vel_angular_magnitude,0.00860233
IMU,48.3036,vel_angular_magnitude,0.00787401
IMU,48.3165,vel_angular_magnitude,0.00787401
IMU,48.3236,vel_angular_magnitude,0.0087178
IMU,48.3336,vel_angular_magnitude,0.0087178
IMU,48.3438,vel_angular_magnitude,0.0087178
IMU,48.3536,vel_angular_magnitude,0.0087178
IMU,48.368,vel_angular_magnitude,0.00640312
IMU,48.3739,vel_angular_magnitude,0.00640312
IMU,48.3842,vel_angular_magnitude,0.00734847
IMU,48.3945,vel_angular_magnitude,0.00734847
IMU,48.4043,vel_angular_magnitude,0.00734847
IMU,48.4153,vel_angular_magnitude,0.00734847
IMU,48.424,vel_angular_magnitude,0.00707107
IMU,48.4377,vel_angular_magnitude,0.00707107
IMU,48.4437,vel_angular_magnitude,0.00734847
IMU,48.4553,vel_angular_magnitude,0.00734847
IMU,48.4666,vel_angular_magnitude,0.009
IMU,48.4757,vel_angular_magnitude,0.009
IMU,48.4836,vel_angular_magnitude,0.00640312
IMU,48.4939,vel_angular_magnitude,0.00640312
IMU,48.5043,vel_angular_magnitude,0.00640312
IMU,48.5169,vel_angular_magnitude,0.00640312
IMU,48.5239,vel_angular_magnitude,0.00640312
IMU,48.534,vel_angular_magnitude,0.00640312
IMU,48.544,vel_angular_magnitude,0.00830662
IMU,48.554,vel_angular_magnitude,0.00830662
IMU,48.5648,vel_angular_magnitude,0.00714143
IMU,48.575,vel_angular_magnitude,0.00714143
IMU,48.5837,vel_angular_magnitude,0.00678233
IMU,48.5935,vel_angular_magnitude,0.00678233
IMU,48.6099,vel_angular_magnitude,0.00768115
IMU,48.6184,vel_angular_magnitude,0.00768115
IMU,48.6238,vel_angular_magnitude,0.00754983
IMU,48.6351,vel_angular_magnitude,0.00754983
IMU,48.6436,vel_angular_magnitude,0.00812404
IMU,48.654,vel_angular_magnitude,0.00812404
IMU,48.6697,vel_angular_magnitude,0.00927362
IMU,48.6742,vel_angular_magnitude,0.00927362
IMU,48.6843,vel_angular_magnitude,0.00927362
IMU,48.6941,vel_angular_magnitude,0.00734847
IMU,48.7055,vel_angular_magnitude,0.00734847
IMU,48.7154,vel_angular_magnitude,0.00734847
IMU,48.7238,vel_angular_magnitude,0.00734847
IMU,48.7341,vel_angular_magnitude,0.00734847
IMU,48.7438,vel_angular_magnitude,0.00734847
IMU,48.7544,vel_angular_magnitude,0.00734847
IMU,52.4544,vel_angular_magnitude,0.637926
IMU,52.4692,vel_angular_magnitude,0.433503
IMU,52.4784,vel_angular_magnitude,0.433503
IMU,52.4841,vel_angular_magnitude,0.433503
IMU,52.4944,vel_angular_magnitude,0.433503
IMU,52.5044,vel_angular_magnitude,0.433503
IMU,52.5185,vel_angular_magnitude,0.208214
IMU,52.5239,vel_angular_magnitude,0.208214
IMU,52.5344,vel_angular_magnitude,0.237859
IMU,52.5436,vel_angular_magnitude,0.237859
IMU,52.5548,vel_angular_magnitude,0.0850764
IMU,52.5679,vel_angular_magnitude,0.0850764
IMU,52.5743,vel_angular_magnitude,0.136165
IMU,52.5848,vel_angular_magnitude,0.136165
IMU,52.5936,vel_angular_magnitude,0.198759
IMU,52.6041,vel_angular_magnitude,0.198759
IMU,52.615,vel_angular_magnitude,0.198759
IMU,52.6237,vel_angular_magnitude,0.0873899
IMU,52.6337,vel_angular_magnitude,0.123102
IMU,52.644,vel_angular_magnitude,0.123102
IMU,52.6538,vel_angular_magnitude,0.0970206
IMU,52.6647,vel_angular_magnitude,0.0970206
IMU,52.6742,vel_angular_magnitude,0.194785
IMU,52.6842,vel_angular_magnitude,0.194785
IMU,52.6936,vel_angular_magnitude,0.0801124
IMU,52.704,vel_angular_magnitude,0.281491
IMU,52.7157,vel_angular_magnitude,0.281491
IMU,52.7239,vel_angular_magnitude,0.236614
IMU,52.734,vel_angular_magnitude,0.236614
IMU,52.7437,vel_angular_magnitude,0.236614
IMU,52.754,vel_angular_magnitude,0.148866
IMU,52.7661,vel_angular_magnitude,0.21833
IMU,52.777,vel_angular_magnitude,0.21833
IMU,52.785,vel_angular_magnitude,0.21833
IMU,52.7938,vel_angular_magnitude,0.130736
IMU,52.8037,vel_angular_magnitude,0.130736
IMU,52.8156,vel_angular_magnitude,0.225679
IMU,52.8245,vel_angular_magnitude,0.225679
IMU,52.834,vel_angular_magnitude,0.536062
IMU,52.8439,vel_angular_magnitude,0.536062
IMU,52.8561,vel_angular_magnitude,0.536062
IMU,52.8657,vel_angular_magnitude,0.768573
IMU,52.8747,vel_angular_magnitude,0.768573
IMU,52.8835,vel_angular_magnitude,0.768573
IMU,52.8956,vel_angular_magnitude,0.768573
IMU,52.9052,vel_angular_magnitude,0.768573
IMU,52.9143,vel_angular_magnitude,0.321755
IMU,52.9234,vel_angular_magnitude,0.321755
IMU,52.9341,vel_angular_magnitude,0.058112
IMU,52.9445,vel_angular_magnitude,0.058112
IMU,52.9558,vel_angular_magnitude,0.06179
IMU,52.9657,vel_angular_magnitude,0.06179
IMU,52.9744,vel_angular_magnitude,0.104312
IMU,52.9836,vel_angular_magnitude,0.0547814
IMU,52.9936,vel_angular_magnitude,0.0547814
IMU,53.0046,vel_angular_magnitude,0.0921846
IMU,53.017,vel_angular_magnitude,0.0921846
IMU,53.0269,vel_angular_magnitude,0.0921846
IMU,53.0344,vel_angular_magnitude,0.0459238
IMU,53.0439,vel_angular_magnitude,0.0459238
IMU,53.0539,vel_angular_magnitude,0.0722842
IMU,53.0649,vel_angular_magnitude,0.0722842
IMU,53.0741,vel_angular_magnitude,0.0240416
IMU,53.0837,vel_angular_magnitude,0.0240416
IMU,53.0937,vel_angular_magnitude,0.0240416
IMU,53.1048,vel_angular_magnitude,0.198361
IMU,53.1161,vel_angular_magnitude,0.198361
IMU,53.1264,vel_angular_magnitude,0.198361
IMU,53.1334,vel_angular_magnitude,0.16735
IMU,53.1447,vel_angular_magnitude,0.16735
IMU,53.1535,vel_angular_magnitude,0.16735
IMU,53.1661,vel_angular_magnitude,0.302056
IMU,53.174,vel_angular_magnitude,0.178561
IMU,53.1846,vel_angular_magnitude,0.178561
IMU,53.1935,vel_angular_magnitude,0.29626
IMU,53.2043,vel_angular_magnitude,0.29626
IMU,53.2175,vel_angular_magnitude,0.689514
IMU,53.2257,vel_angular_magnitude,0.689514
IMU,53.234,vel_angular_magnitude,0.601301
IMU,53.2438,vel_angular_magnitude,0.601301
IMU,53.2535,vel_angular_magnitude,0.432095
IMU,53.2638,vel_angular_magnitude,0.329498
IMU,53.2764,vel_angular_magnitude,0.329498
IMU,53.2843,vel_angular_magnitude,0.218884
IMU,53.2935,vel_angular_magnitude,0.218884
IMU,53.3049,vel_angular_magnitude,0.102577
IMU,53.3139,vel_angular_magnitude,0.102577
IMU,53.3241,vel_angular_magnitude,0.102577
IMU,53.3336,vel_angular_magnitude,0.202864
IMU,53.3436,vel_angular_magnitude,0.202864
IMU,53.3535,vel_angular_magnitude,0.158975
IMU,53.3653,vel_angular_magnitude,0.158975
IMU,53.3772,vel_angular_magnitude,0.305265
IMU,53.3862,vel_angular_magnitude,0.305265
IMU,53.3955,vel_angular_magnitude,0.221192
IMU,53.4035,vel_angular_magnitude,0.221192
IMU,53.4146,vel_angular_magnitude,0.160627
IMU,53.4241,vel_angular_magnitude,0.218829
IMU,53.4373,vel_angular_magnitude,0.218829
IMU,53.4436,vel_angular_magnitude,0.093397
IMU,53.4545,vel_angular_magnitude,0.093397
IMU,53.4639,vel_angular_magnitude,0.093397
IMU,53.4756,vel_angular_magnitude,0.381479
IMU,53.4836,vel_angular_magnitude,0.381479
IMU,53.4938,vel_angular_magnitude,0.376703
IMU,53.5035,vel_angular_magnitude,0.376703
IMU,53.5152,vel_angular_magnitude,0.2655
IMU,53.5247,vel_angular_magnitude,0.2655
IMU,53.5336,vel_angular_magnitude,0.2655
IMU,53.5437,vel_angular_magnitude,0.040694
IMU,53.5543,vel_angular_magnitude,0.040694
IMU,53.5636,vel_angular_magnitude,0.100648
IMU,53.5748,vel_angular_magnitude,0.100648
IMU,53.5846,vel_angular_magnitude,0.100648
IMU,56.4641,vel_angular_magnitude,0.583446
IMU,56.4746,vel_angular_magnitude,0.583446
IMU,56.4851,vel_angular_magnitude,0.676398
IMU,56.4939,vel_angular_magnitude,0.676398
IMU,56.5047,vel_angular_magnitude,0.699196
IMU,56.514,vel_angular_magnitude,0.699196
IMU,56.524,vel_angular_magnitude,0.560464
IMU,56.5338,vel_angular_magnitude,0.560464
IMU,56.5449,vel_angular_magnitude,0.338093
IMU,56.5541,vel_angular_magnitude,0.405782
IMU,56.564,vel_angular_magnitude,0.405782
IMU,56.5752,vel_angular_magnitude,0.405782
IMU,56.5837,vel_angular_magnitude,0.21225
IMU,56.5939,vel_angular_magnitude,0.21225
IMU,56.6039,vel_angular_magnitude,0.422481
IMU,56.6169,vel_angular_magnitude,0.475623
IMU,56.624,vel_angular_magnitude,0.475623
IMU,56.6342,vel_angular_magnitude,0.621652
IMU,56.6439,vel_angular_magnitude,0.621652
IMU,56.6541,vel_angular_magnitude,0.477019
IMU,56.6659,vel_angular_magnitude,0.477019
IMU,56.6752,vel_angular_magnitude,0.477019
IMU,56.6838,vel_angular_magnitude,0.402472
IMU,56.6944,vel_angular_magnitude,0.0764264
IMU,56.704,vel_angular_magnitude,0.0764264
IMU,56.7156,vel_angular_magnitude,0.122323
IMU,56.7268,vel_angular_magnitude,0.122323
IMU,56.737,vel_angular_magnitude,0.122323
IMU,56.7436,vel_angular_magnitude,0.15446
IMU,56.7535,vel_angular_magnitude,0.15446
IMU,56.7658,vel_angular_magnitude,0.0143527
IMU,56.7758,vel_angular_magnitude,0.0143527
IMU,56.7842,vel_angular_magnitude,0.03245
IMU,56.7937,vel_angular_magnitude,0.03245
IMU,56.8035,vel_angular_magnitude,0.0695414
IMU,56.8166,vel_angular_magnitude,0.0695414
IMU,56.8248,vel_angular_magnitude,0.172003
IMU,56.8343,vel_angular_magnitude,0.172003
IMU,56.8435,vel_angular_magnitude,0.123649
IMU,56.8539,vel_angular_magnitude,0.123649
IMU,56.8683,vel_angular_magnitude,0.123649
IMU,56.8739,vel_angular_magnitude,0.123649
IMU,56.8837,vel_angular_magnitude,0.197066
IMU,56.8963,vel_angular_magnitude,0.197066
IMU,56.9065,vel_angular_magnitude,0.377892
IMU,56.9141,vel_angular_magnitude,0.377892
IMU,56.9237,vel_angular_magnitude,0.35699
IMU,56.9341,vel_angular_magnitude,0.35699
IMU,56.9446,vel_angular_magnitude,0.543925
IMU,56.9536,vel_angular_magnitude,0.543925
IMU,56.9644,vel_angular_magnitude,0.632966
IMU,56.9781,vel_angular_magnitude,0.632966
IMU,56.9861,vel_angular_magnitude,0.651925
IMU,56.9937,vel_angular_magnitude,0.651925
IMU,57.0038,vel_angular_magnitude,0.622532
IMU,57.0188,vel_angular_magnitude,0.539468
IMU,57.0249,vel_angular_magnitude,0.539468
IMU,57.0336,vel_angular_magnitude,0.539468
IMU,57.0437,vel_angular_magnitude,0.42795
IMU,57.054,vel_angular_magnitude,0.42795
IMU,57.0637,vel_angular_magnitude,0.349487
IMU,57.0752,vel_angular_magnitude,0.349487
IMU,57.0835,vel_angular_magnitude,0.245481
IMU,57.0938,vel_angular_magnitude,0.245481
IMU,57.104,vel_angular_magnitude,0.197003
IMU,57.1165,vel_angular_magnitude,0.197003
IMU,57.1248,vel_angular_magnitude,0.299013
IMU,57.1341,vel_angular_magnitude,0.299013
IMU,57.1447,vel_angular_magnitude,0.297017
IMU,57.1537,vel_angular_magnitude,0.224691
IMU,57.1656,vel_angular_magnitude,0.224691
IMU,57.175,vel_angular_magnitude,0.32484
IMU,57.1853,vel_angular_magnitude,0.32484
IMU,57.1953,vel_angular_magnitude,0.32484
IMU,57.2041,vel_angular_magnitude,0.357986
IMU,57.2136,vel_angular_magnitude,0.357986
IMU,57.226,vel_angular_magnitude,0.375758
IMU,57.2335,vel_angular_magnitude,0.375758
IMU,57.2473,vel_angular_magnitude,0.200195
IMU,57.2535,vel_angular_magnitude,0.200195
IMU,57.2655,vel_angular_magnitude,0.200195
IMU,57.2801,vel_angular_magnitude,0.0946256
IMU,57.284,vel_angular_magnitude,0.0711758
IMU,57.2937,vel_angular_magnitude,0.0711758
IMU,57.3035,vel_angular_magnitude,0.116164
IMU,57.3148,vel_angular_magnitude,0.116164
IMU,57.3313,vel_angular_magnitude,0.116164
IMU,57.3369,vel_angular_magnitude,0.116164
IMU,57.3438,vel_angular_magnitude,0.116164
IMU,57.3536,vel_angular_magnitude,0.116164
IMU,57.3637,vel_angular_magnitude,0.353517
IMU,57.3767,vel_angular_magnitude,0.353517
IMU,57.3838,vel_angular_magnitude,0.332181
IMU,57.3937,vel_angular_magnitude,0.495106
IMU,57.4037,vel_angular_magnitude,0.495106
IMU,57.4137,vel_angular_magnitude,0.495106
IMU,57.4259,vel_angular_magnitude,0.593054
IMU,57.4346,vel_angular_magnitude,0.593054
IMU,57.4436,vel_angular_magnitude,0.693857
IMU,57.4538,vel_angular_magnitude,0.693857
IMU,57.4641,vel_angular_magnitude,0.543767
IMU,57.4782,vel_angular_magnitude,0.543767
IMU,57.4843,vel_angular_magnitude,0.281274
IMU,57.4935,vel_angular_magnitude,0.281274
IMU,57.5035,vel_angular_magnitude,0.0602744
IMU,57.5139,vel_angular_magnitude,0.0602744
IMU,57.53,vel_angular_magnitude,0.0781473
IMU,57.5336,vel_angular_magnitude,0.125483
IMU,57.5453,vel_angular_magnitude,0.125483
IMU,57.5548,vel_angular_magnitude,0.125483
IMU,57.5713,vel_angular_magnitude,0.159809
IMU,57.5745,vel_angular_magnitude,0.159809
IMU,57.5888,vel_angular_magnitude,0.378947
IMU,57.594,vel_angular_magnitude,0.378947
IMU,57.6036,vel_angular_magnitude,0.431834
IMU,57.6145,vel_angular_magnitude,0.431834
IMU,59.2858,vel_angular_magnitude,0.0767919
IMU,59.2934,vel_angular_magnitude,0.0767919
IMU,59.3037,vel_angular_magnitude,0.0224944
IMU,59.3138,vel_angular_magnitude,0.0224944
IMU,59.325,vel_angular_magnitude,0.0955249
IMU,59.3339,vel_angular_magnitude,0.0955249
IMU,59.3436,vel_angular_magnitude,0.139732
IMU,59.3543,vel_angular_magnitude,0.139732
IMU,59.3644,vel_angular_magnitude,0.072208
IMU,59.3755,vel_angular_magnitude,0.072208
IMU,59.3838,vel_angular_magnitude,0.076974
IMU,59.4012,vel_angular_magnitude,0.076974
IMU,59.4049,vel_angular_magnitude,0.342759
IMU,59.4138,vel_angular_magnitude,0.409343
IMU,59.4247,vel_angular_magnitude,0.409343
IMU,59.4387,vel_angular_magnitude,0.360353
IMU,59.4455,vel_angular_magnitude,0.360353
IMU,59.4549,vel_angular_magnitude,0.360353
IMU,59.4655,vel_angular_magnitude,0.29259
IMU,59.4755,vel_angular_magnitude,0.29259
IMU,59.4844,vel_angular_magnitude,0.221723
IMU,59.4934,vel_angular_magnitude,0.221723
IMU,59.5035,vel_angular_magnitude,0.206824
IMU,59.5138,vel_angular_magnitude,0.206824
IMU,59.5305,vel_angular_magnitude,0.167705
IMU,59.5368,vel_angular_magnitude,0.167705
IMU,59.5436,vel_angular_magnitude,0.0398497
IMU,59.5541,vel_angular_magnitude,0.188714
IMU,59.5643,vel_angular_magnitude,0.188714
IMU,59.5756,vel_angular_magnitude,0.188714
IMU,59.5861,vel_angular_magnitude,0.20618
IMU,59.5941,vel_angular_magnitude,0.20618
IMU,59.6057,vel_angular_magnitude,0.258174
IMU,59.6141,vel_angular_magnitude,0.258174
IMU,59.6283,vel_angular_magnitude,0.157737
IMU,59.6369,vel_angular_magnitude,0.0828251
IMU,59.6435,vel_angular_magnitude,0.0828251
IMU,59.6535,vel_angular_magnitude,0.0828251
IMU,59.6638,vel_angular_magnitude,0.0582838
IMU,59.6773,vel_angular_magnitude,0.0582838
IMU,59.6846,vel_angular_magnitude,0.165242
IMU,59.6936,vel_angular_magnitude,0.165242
IMU,59.7035,vel_angular_magnitude,0.165242
IMU,59.7156,vel_angular_magnitude,0.0792212
IMU,59.7275,vel_angular_magnitude,0.0846818
IMU,59.7337,vel_angular_magnitude,0.0846818
IMU,59.744,vel_angular_magnitude,0.10098
IMU,59.7535,vel_angular_magnitude,0.10098
IMU,59.7648,vel_angular_magnitude,0.10098
IMU,59.7774,vel_angular_magnitude,0.10098
IMU,59.786,vel_angular_magnitude,0.0877325
IMU,59.7935,vel_angular_magnitude,0.0877325
IMU,59.8076,vel_angular_magnitude,0.0877325
IMU,59.8136,vel_angular_magnitude,0.0877325
IMU,59.8236,vel_angular_magnitude,0.117754
IMU,59.8351,vel_angular_magnitude,0.117754
IMU,59.8467,vel_angular_magnitude,0.110454
IMU,59.8539,vel_angular_magnitude,0.110454
IMU,59.8637,vel_angular_magnitude,0.0705762
IMU,59.8758,vel_angular_magnitude,0.0705762
IMU,59.8843,vel_angular_magnitude,0.0595147
IMU,59.8935,vel_angular_magnitude,0.0595147
IMU,59.9039,vel_angular_magnitude,0.0470213
IMU,59.9138,vel_angular_magnitude,0.0470213
IMU,59.93,vel_angular_magnitude,0.0470213
IMU,59.936,vel_angular_magnitude,0.0164012
IMU,59.9435,vel_angular_magnitude,0.0164012
IMU,59.9538,vel_angular_magnitude,0.0164012
IMU,59.9652,vel_angular_magnitude,0.0282312
IMU,59.9753,vel_angular_magnitude,0.0282312
IMU,59.9843,vel_angular_magnitude,0.11095
IMU,59.9934,vel_angular_magnitude,0.11095
IMU,60.0039,vel_angular_magnitude,0.0336006
IMU,60.0167,vel_angular_magnitude,0.0336006
IMU,60.0257,vel_angular_magnitude,0.0342053
IMU,60.0342,vel_angular_magnitude,0.0342053
IMU,60.0442,vel_angular_magnitude,0.0711407
IMU,60.0553,vel_angular_magnitude,0.0711407
IMU,60.0641,vel_angular_magnitude,0.106696
IMU,60.0761,vel_angular_magnitude,0.106696
IMU,60.0879,vel_angular_magnitude,0.0572276
IMU,60.0935,vel_angular_magnitude,0.0572276
IMU,60.1037,vel_angular_magnitude,0.0454973
IMU,60.1139,vel_angular_magnitude,0.0454973
IMU,60.1237,vel_angular_magnitude,0.0145258
IMU,60.1339,vel_angular_magnitude,0.0145258
IMU,60.1437,vel_angular_magnitude,0.0821401
IMU,60.1539,vel_angular_magnitude,0.0301662
IMU,60.1638,vel_angular_magnitude,0.0301662
IMU,60.174,vel_angular_magnitude,0.0301662
IMU,60.1839,vel_angular_magnitude,0.0951788
IMU,60.1935,vel_angular_magnitude,0.0951788
IMU,60.2035,vel_angular_magnitude,0.0951788
IMU,60.2157,vel_angular_magnitude,0.0422137
IMU,60.2257,vel_angular_magnitude,0.0514393
IMU,60.2381,vel_angular_magnitude,0.0514393
IMU,60.2437,vel_angular_magnitude,0.0364692
IMU,60.2536,vel_angular_magnitude,0.0364692
IMU,60.2645,vel_angular_magnitude,0.0905207
IMU,60.2758,vel_angular_magnitude,0.0905207
IMU,60.2841,vel_angular_magnitude,0.0905207
IMU,60.2941,vel_angular_magnitude,0.0905207
IMU,60.3041,vel_angular_magnitude,0.0958436
IMU,60.3147,vel_angular_magnitude,0.0958436
IMU,60.3278,vel_angular_magnitude,0.0940904
IMU,60.3346,vel_angular_magnitude,0.0940904
IMU,60.3436,vel_angular_magnitude,0.0357351
IMU,60.3542,vel_angular_magnitude,0.0357351
IMU,60.3641,vel_angular_magnitude,0.00458258
IMU,60.3742,vel_angular_magnitude,0.00458258
IMU,60.3845,vel_angular_magnitude,0.0403609
IMU,60.3937,vel_angular_magnitude,0.0403609
IMU,60.4047,vel_angular_magnitude,0.0270924
IMU,60.415,vel_angular_magnitude,0.0270924
IMU,62.3252,vel_angular_magnitude,0.172409
IMU,62.334,vel_angular_magnitude,0.172409
IMU,62.3462,vel_angular_magnitude,0.0928063
IMU,62.3551,vel_angular_magnitude,0.0928063
IMU,62.3684,vel_angular_magnitude,0.108264
IMU,62.3744,vel_angular_magnitude,0.108264
IMU,62.3836,vel_angular_magnitude,0.141655
IMU,62.3973,vel_angular_magnitude,0.141655
IMU,62.4059,vel_angular_magnitude,0.0327109
IMU,62.4144,vel_angular_magnitude,0.0327109
IMU,62.4241,vel_angular_magnitude,0.0856563
IMU,62.4362,vel_angular_magnitude,0.0856563
IMU,62.4446,vel_angular_magnitude,0.179627
IMU,62.4552,vel_angular_magnitude,0.179627
IMU,62.4645,vel_angular_magnitude,0.0476025
IMU,62.4744,vel_angular_magnitude,0.0476025
IMU,62.4839,vel_angular_magnitude,0.0831204
IMU,62.4942,vel_angular_magnitude,0.340367
IMU,62.5041,vel_angular_magnitude,0.340367
IMU,62.5135,vel_angular_magnitude,0.340367
IMU,62.5239,vel_angular_magnitude,0.318718
IMU,62.5338,vel_angular_magnitude,0.158174
IMU,62.544,vel_angular_magnitude,0.158174
IMU,62.5588,vel_angular_magnitude,0.158174
IMU,62.5639,vel_angular_magnitude,0.0940532
IMU,62.5739,vel_angular_magnitude,0.0940532
IMU,62.5835,vel_angular_magnitude,0.117584
IMU,62.594,vel_angular_magnitude,0.117584
IMU,62.6088,vel_angular_magnitude,0.213792
IMU,62.6153,vel_angular_magnitude,0.213792
IMU,62.6256,vel_angular_magnitude,0.0973447
IMU,62.6349,vel_angular_magnitude,0.136989
IMU,62.646,vel_angular_magnitude,0.136989
IMU,62.6541,vel_angular_magnitude,0.136989
IMU,62.6656,vel_angular_magnitude,0.113903
IMU,62.6755,vel_angular_magnitude,0.100802
IMU,62.6838,vel_angular_magnitude,0.100802
IMU,62.6938,vel_angular_magnitude,0.100802
IMU,62.7043,vel_angular_magnitude,0.070157
IMU,62.7134,vel_angular_magnitude,0.070157
IMU,62.7246,vel_angular_magnitude,0.070157
IMU,62.7397,vel_angular_magnitude,0.070157
IMU,62.7446,vel_angular_magnitude,0.070157
IMU,62.759,vel_angular_magnitude,0.070157
IMU,62.7648,vel_angular_magnitude,0.053
IMU,62.7763,vel_angular_magnitude,0.053
IMU,62.7853,vel_angular_magnitude,0.144776
IMU,62.7969,vel_angular_magnitude,0.144776
IMU,62.8049,vel_angular_magnitude,0.104714
IMU,62.817,vel_angular_magnitude,0.0981122
IMU,62.8242,vel_angular_magnitude,0.0981122
IMU,62.8353,vel_angular_magnitude,0.0981122
IMU,62.8457,vel_angular_magnitude,0.067897
IMU,62.8617,vel_angular_magnitude,0.067897
IMU,62.8639,vel_angular_magnitude,0.194615
IMU,62.8774,vel_angular_magnitude,0.494908
IMU,62.8843,vel_angular_magnitude,0.494908
IMU,62.8945,vel_angular_magnitude,0.494908
IMU,62.905,vel_angular_magnitude,0.320381
IMU,62.9146,vel_angular_magnitude,0.320381
IMU,62.9239,vel_angular_magnitude,0.111319
IMU,62.9354,vel_angular_magnitude,0.129298
IMU,62.9458,vel_angular_magnitude,0.129298
IMU,62.9568,vel_angular_magnitude,0.129298
IMU,62.9669,vel_angular_magnitude,0.0797809
IMU,62.974,vel_angular_magnitude,0.0797809
IMU,62.9865,vel_angular_magnitude,0.106705
IMU,62.9957,vel_angular_magnitude,0.130755
IMU,63.0072,vel_angular_magnitude,0.130755
IMU,63.0138,vel_angular_magnitude,0.0583181
IMU,63.0252,vel_angular_magnitude,0.0583181
IMU,63.0357,vel_angular_magnitude,0.0583181
IMU,63.0504,vel_angular_magnitude,0.0570263
IMU,63.06,vel_angular_magnitude,0.0570263
IMU,63.0651,vel_angular_magnitude,0.0626418
IMU,63.0745,vel_angular_magnitude,0.0626418
IMU,63.0841,vel_angular_magnitude,0.124551
IMU,63.0991,vel_angular_magnitude,0.124551
IMU,63.1047,vel_angular_magnitude,0.0393192
IMU,63.116,vel_angular_magnitude,0.0393192
IMU,63.1264,vel_angular_magnitude,0.0618708
IMU,63.1336,vel_angular_magnitude,0.0618708
IMU,63.1454,vel_angular_magnitude,0.279095
IMU,63.1588,vel_angular_magnitude,0.279095
IMU,63.1656,vel_angular_magnitude,0.189911
IMU,63.1735,vel_angular_magnitude,0.189911
IMU,63.184,vel_angular_magnitude,0.0474342
IMU,63.1963,vel_angular_magnitude,0.0834925
IMU,63.2036,vel_angular_magnitude,0.0834925
IMU,63.218,vel_angular_magnitude,0.0834925
IMU,63.2236,vel_angular_magnitude,0.163417
IMU,63.2478,vel_angular_magnitude,0.163417
IMU,63.2557,vel_angular_magnitude,0.101218
IMU,63.2653,vel_angular_magnitude,0.0667158
IMU,63.2757,vel_angular_magnitude,0.0667158
IMU,63.2838,vel_angular_magnitude,0.351189
IMU,63.2945,vel_angular_magnitude,0.351189
IMU,63.3041,vel_angular_magnitude,0.0807775
IMU,63.3146,vel_angular_magnitude,0.0866545
IMU,63.3245,vel_angular_magnitude,0.0866545
IMU,63.3341,vel_angular_magnitude,0.0866545
IMU,63.3447,vel_angular_magnitude,0.0807465
IMU,63.3543,vel_angular_magnitude,0.0807465
IMU,63.3664,vel_angular_magnitude,0.121569
IMU,63.3738,vel_angular_magnitude,0.121569
IMU,63.3841,vel_angular_magnitude,0.117958
IMU,63.3944,vel_angular_magnitude,0.117958
IMU,63.4041,vel_angular_magnitude,0.10458
IMU,63.4146,vel_angular_magnitude,0.10458
IMU,63.4249,vel_angular_magnitude,0.117987
IMU,63.4373,vel_angular_magnitude,0.117987
IMU,63.447,vel_angular_magnitude,0.0531037
IMU,63.455,vel_angular_magnitude,0.0531037
IMU,63.4657,vel_angular_magnitude,0.121668
IMU,63.4742,vel_angular_magnitude,0.121668
IMU,63.4865,vel_angular_magnitude,0.254458
IMU,63.4936,vel_angular_magnitude,0.254458
IMU,63.5039,vel_angular_magnitude,0.244008
IMU,63.5141,vel_angular_magnitude,0.244008
IMU,63.5239,vel_angular_magnitude,0.233386
IMU,63.537,vel_angular_magnitude,0.233386
IMU,63.5436,vel_angular_magnitude,0.0676757
IMU,65.6968,vel_angular_magnitude,0.00734847
IMU,65.7078,vel_angular_magnitude,0.00734847
IMU,65.7148,vel_angular_magnitude,0.00734847
IMU,65.7246,vel_angular_magnitude,0.00830662
IMU,65.7343,vel_angular_magnitude,0.00830662
IMU,65.7454,vel_angular_magnitude,0.00640312
IMU,65.7538,vel_angular_magnitude,0.00640312
IMU,65.766,vel_angular_magnitude,0.00768115
IMU,65.7738,vel_angular_magnitude,0.00768115
IMU,65.7842,vel_angular_magnitude,0.00830662
IMU,65.7948,vel_angular_magnitude,0.0122066
IMU,65.8044,vel_angular_magnitude,0.0122066
IMU,65.8141,vel_angular_magnitude,0.359118
IMU,65.8238,vel_angular_magnitude,0.359118
IMU,65.8341,vel_angular_magnitude,0.0884647
IMU,65.8437,vel_angular_magnitude,0.0884647
IMU,65.8535,vel_angular_magnitude,0.0884647
IMU,65.8639,vel_angular_magnitude,0.297733
IMU,65.8759,vel_angular_magnitude,0.297733
IMU,65.8837,vel_angular_magnitude,0.297733
IMU,65.8944,vel_angular_magnitude,0.0475395
IMU,65.9034,vel_angular_magnitude,0.0475395
IMU,65.9141,vel_angular_magnitude,0.284044
IMU,65.9235,vel_angular_magnitude,0.284044
IMU,65.9361,vel_angular_magnitude,0.273146
IMU,65.9461,vel_angular_magnitude,0.216217
IMU,65.9542,vel_angular_magnitude,0.216217
IMU,65.9638,vel_angular_magnitude,0.216217
IMU,65.9737,vel_angular_magnitude,0.216217
IMU,65.9843,vel_angular_magnitude,0.169234
IMU,65.9958,vel_angular_magnitude,0.169234
IMU,66.0037,vel_angular_magnitude,0.106066
IMU,66.0144,vel_angular_magnitude,0.106066
IMU,66.0244,vel_angular_magnitude,0.158931
IMU,66.0356,vel_angular_magnitude,0.158931
IMU,66.0438,vel_angular_magnitude,0.135518
IMU,66.0537,vel_angular_magnitude,0.135518
IMU,66.0635,vel_angular_magnitude,0.0472229
IMU,66.0758,vel_angular_magnitude,0.977387
IMU,66.0837,vel_angular_magnitude,0.977387
IMU,66.0942,vel_angular_magnitude,0.977387
IMU,66.1045,vel_angular_magnitude,1.47157
IMU,66.114,vel_angular_magnitude,1.47157
IMU,66.1235,vel_angular_magnitude,0.63656
IMU,66.1341,vel_angular_magnitude,0.500819
IMU,66.144,vel_angular_magnitude,0.500819
IMU,66.1536,vel_angular_magnitude,0.500819
IMU,66.1641,vel_angular_magnitude,1.0546
IMU,66.1738,vel_angular_magnitude,0.388161
IMU,66.1841,vel_angular_magnitude,0.388161
IMU,66.1945,vel_angular_magnitude,0.388161
IMU,66.2038,vel_angular_magnitude,0.160003
IMU,66.2139,vel_angular_magnitude,0.160003
IMU,66.2238,vel_angular_magnitude,0.160733
IMU,66.2341,vel_angular_magnitude,0.160733
IMU,66.2452,vel_angular_magnitude,0.149194
IMU,66.2538,vel_angular_magnitude,0.149194
IMU,66.2639,vel_angular_magnitude,0.123633
IMU,66.2742,vel_angular_magnitude,0.107009
IMU,66.2837,vel_angular_magnitude,0.107009
IMU,66.2944,vel_angular_magnitude,0.107009
IMU,66.3037,vel_angular_magnitude,0.0740945
IMU,66.3158,vel_angular_magnitude,0.0740945
IMU,66.3251,vel_angular_magnitude,0.032573
IMU,66.3341,vel_angular_magnitude,0.032573
IMU,66.3438,vel_angular_magnitude,0.0346554
IMU,66.3536,vel_angular_magnitude,0.0222935
IMU,66.3651,vel_angular_magnitude,0.0222935
IMU,66.3741,vel_angular_magnitude,0.0222935
IMU,66.3845,vel_angular_magnitude,0.0290172
IMU,66.394,vel_angular_magnitude,0.0290172
IMU,66.4048,vel_angular_magnitude,0.0233452
IMU,66.414,vel_angular_magnitude,0.0233452
IMU,66.4243,vel_angular_magnitude,0.00916515
IMU,66.4349,vel_angular_magnitude,0.00916515
IMU,66.4449,vel_angular_magnitude,0.00860233
IMU,66.4541,vel_angular_magnitude,0.00860233
IMU,66.4635,vel_angular_magnitude,0.00574456
IMU,66.4736,vel_angular_magnitude,0.00574456
IMU,66.4835,vel_angular_magnitude,0.0139284
IMU,66.4943,vel_angular_magnitude,0.00374166
IMU,66.5053,vel_angular_magnitude,0.00374166
IMU,66.5137,vel_angular_magnitude,0.00374166
IMU,66.5238,vel_angular_magnitude,0.0384318
IMU,66.5342,vel_angular_magnitude,0.0446878
IMU,66.5444,vel_angular_magnitude,0.0446878
IMU,66.5543,vel_angular_magnitude,0.0263059
IMU,66.5672,vel_angular_magnitude,0.0263059
IMU,66.5767,vel_angular_magnitude,0.0263059
IMU,66.5903,vel_angular_magnitude,0.0284429
IMU,66.5982,vel_angular_magnitude,0.0284429
IMU,66.6046,vel_angular_magnitude,0.0237908
IMU,66.6169,vel_angular_magnitude,0.0237908
IMU,66.6254,vel_angular_magnitude,0.0106771
IMU,66.6336,vel_angular_magnitude,0.0106771
IMU,66.6472,vel_angular_magnitude,0.0581034
IMU,66.6544,vel_angular_magnitude,0.0581034
IMU,66.6647,vel_angular_magnitude,0.0165529
IMU,66.6752,vel_angular_magnitude,0.0165529
IMU,66.6836,vel_angular_magnitude,0.00648074
IMU,66.6957,vel_angular_magnitude,0.0201494
IMU,66.7037,vel_angular_magnitude,0.0201494
IMU,66.7149,vel_angular_magnitude,0.010247
IMU,66.7264,vel_angular_magnitude,0.010247
IMU,66.7355,vel_angular_magnitude,0.010247
IMU,66.7467,vel_angular_magnitude,0.0641093
IMU,66.7563,vel_angular_magnitude,0.0641093
IMU,66.7651,vel_angular_magnitude,0.198313
IMU,66.7736,vel_angular_magnitude,0.198313
IMU,66.784,vel_angular_magnitude,0.479086
IMU,66.7941,vel_angular_magnitude,0.479086
IMU,66.8041,vel_angular_magnitude,0.126799
IMU,66.8174,vel_angular_magnitude,0.126799
IMU,66.8237,vel_angular_magnitude,0.3722
IMU,66.8337,vel_angular_magnitude,0.3722
IMU,66.8438,vel_angular_magnitude,0.3722
IMU,66.8541,vel_angular_magnitude,0.3722
IMU,69.0034,vel_angular_magnitude,1.47353
IMU,69.0134,vel_angular_magnitude,1.48032
IMU,69.0235,vel_angular_magnitude,1.48032
IMU,69.0335,vel_angular_magnitude,1.50969
IMU,69.0434,vel_angular_magnitude,1.50969
IMU,69.0534,vel_angular_magnitude,1.55854
IMU,69.0636,vel_angular_magnitude,1.55854
IMU,69.0746,vel_angular_magnitude,1.63197
IMU,69.0836,vel_angular_magnitude,1.63197
IMU,69.0934,vel_angular_magnitude,1.67398
IMU,69.1035,vel_angular_magnitude,1.67398
IMU,69.1137,vel_angular_magnitude,1.66682
IMU,69.1235,vel_angular_magnitude,1.66682
IMU,69.1335,vel_angular_magnitude,1.63542
IMU,69.1434,vel_angular_magnitude,1.63542
IMU,69.1535,vel_angular_magnitude,1.59843
IMU,69.1636,vel_angular_magnitude,1.59843
IMU,69.1735,vel_angular_magnitude,1.59843
IMU,69.1836,vel_angular_magnitude,1.5975
IMU,69.1937,vel_angular_magnitude,1.64905
IMU,69.2036,vel_angular_magnitude,1.64905
IMU,69.2136,vel_angular_magnitude,1.70171
IMU,69.2235,vel_angular_magnitude,1.70171
IMU,69.2336,vel_angular_magnitude,1.75756
IMU,69.2436,vel_angular_magnitude,1.75756
IMU,69.2534,vel_angular_magnitude,1.83859
IMU,69.2635,vel_angular_magnitude,1.83859
IMU,69.2737,vel_angular_magnitude,1.97088
IMU,69.2836,vel_angular_magnitude,1.97088
IMU,69.2936,vel_angular_magnitude,2.10504
IMU,69.3036,vel_angular_magnitude,2.10504
IMU,69.3137,vel_angular_magnitude,2.10504
IMU,69.3236,vel_angular_magnitude,2.16579
IMU,69.3335,vel_angular_magnitude,2.19237
IMU,69.3434,vel_angular_magnitude,2.19237
IMU,69.3537,vel_angular_magnitude,2.19237
IMU,69.3635,vel_angular_magnitude,2.31249
IMU,69.3734,vel_angular_magnitude,2.42738
IMU,69.3835,vel_angular_magnitude,2.42738
IMU,69.3936,vel_angular_magnitude,2.51225
IMU,69.4035,vel_angular_magnitude,2.51225
IMU,69.4137,vel_angular_magnitude,2.57154
IMU,69.4235,vel_angular_magnitude,2.57154
IMU,69.4337,vel_angular_magnitude,2.57154
IMU,69.4436,vel_angular_magnitude,2.57949
IMU,69.4535,vel_angular_magnitude,2.54615
IMU,69.4636,vel_angular_magnitude,2.54615
IMU,69.4736,vel_angular_magnitude,2.47903
IMU,69.4835,vel_angular_magnitude,2.47903
IMU,69.4936,vel_angular_magnitude,2.41853
IMU,69.5035,vel_angular_magnitude,2.41853
IMU,69.5136,vel_angular_magnitude,2.41853
IMU,69.5237,vel_angular_magnitude,2.38627
IMU,69.5335,vel_angular_magnitude,2.38986
IMU,69.5434,vel_angular_magnitude,2.38986
IMU,69.5534,vel_angular_magnitude,2.38281
IMU,69.5635,vel_angular_magnitude,2.38281
IMU,69.5735,vel_angular_magnitude,2.34319
IMU,69.5837,vel_angular_magnitude,2.34319
IMU,69.5937,vel_angular_magnitude,2.28508
IMU,69.6034,vel_angular_magnitude,2.28508
IMU,69.6135,vel_angular_magnitude,2.22797
IMU,69.6235,vel_angular_magnitude,2.22797
IMU,69.6335,vel_angular_magnitude,2.16947
IMU,69.6434,vel_angular_magnitude,2.16947
IMU,69.6537,vel_angular_magnitude,2.08639
IMU,69.6636,vel_angular_magnitude,2.08639
IMU,69.6735,vel_angular_magnitude,2.08639
IMU,69.6834,vel_angular_magnitude,2.03464
IMU,69.6935,vel_angular_magnitude,1.99235
IMU,69.7034,vel_angular_magnitude,1.99235
IMU,69.7134,vel_angular_magnitude,1.88629
IMU,69.7234,vel_angular_magnitude,1.88629
IMU,69.7336,vel_angular_magnitude,1.78054
IMU,69.7434,vel_angular_magnitude,1.78054
IMU,69.7536,vel_angular_magnitude,1.71379
IMU,69.7634,vel_angular_magnitude,1.71379
IMU,69.7737,vel_angular_magnitude,1.71379
IMU,69.7834,vel_angular_magnitude,1.67782
IMU,69.7936,vel_angular_magnitude,1.67782
IMU,69.8038,vel_angular_magnitude,1.63969
IMU,69.8143,vel_angular_magnitude,1.72535
IMU,69.8235,vel_angular_magnitude,1.72535
IMU,69.8335,vel_angular_magnitude,1.72535
IMU,69.8435,vel_angular_magnitude,1.82245
IMU,69.8537,vel_angular_magnitude,1.814
IMU,69.8635,vel_angular_magnitude,1.814
IMU,69.8744,vel_angular_magnitude,1.72027
IMU,69.8837,vel_angular_magnitude,1.72027
IMU,69.8934,vel_angular_magnitude,1.70437
IMU,69.9036,vel_angular_magnitude,1.70437
IMU,69.9135,vel_angular_magnitude,1.80653
IMU,69.9236,vel_angular_magnitude,1.80653
IMU,69.9337,vel_angular_magnitude,1.86115
IMU,69.9436,vel_angular_magnitude,1.86115
IMU,69.9536,vel_angular_magnitude,1.86017
IMU,69.9635,vel_angular_magnitude,1.86017
IMU,69.9735,vel_angular_magnitude,1.90571
IMU,69.9834,vel_angular_magnitude,1.90571
IMU,69.9935,vel_angular_magnitude,1.90571
IMU,70.0036,vel_angular_magnitude,1.98277
IMU,70.0135,vel_angular_magnitude,2.02876
IMU,70.0236,vel_angular_magnitude,2.02876
IMU,70.0335,vel_angular_magnitude,2.04122
IMU,70.0434,vel_angular_magnitude,2.04122
IMU,70.0534,vel_angular_magnitude,2.04151
IMU,70.0635,vel_angular_magnitude,2.04151
IMU,70.0738,vel_angular_magnitude,2.04151
IMU,70.0834,vel_angular_magnitude,2.08218
IMU,70.0934,vel_angular_magnitude,2.15109
IMU,70.1035,vel_angular_magnitude,2.15109
IMU,70.1136,vel_angular_magnitude,2.21952
IMU,70.1234,vel_angular_magnitude,2.21952
IMU,70.1334,vel_angular_magnitude,2.2604
IMU,70.1436,vel_angular_magnitude,2.2604
IMU,70.1534,vel_angular_magnitude,2.30909
IMU,70.1636,vel_angular_magnitude,2.30909
IMU,70.1737,vel_angular_magnitude,2.38475
IMU,70.1834,vel_angular_magnitude,2.38475
IMU,70.1934,vel_angular_magnitude,2.47541
IMU,70.2036,vel_angular_magnitude,2.47541
IMU,70.2134,vel_angular_magnitude,2.58979
IMU,70.2235,vel_angular_magnitude,2.58979
IMU,70.2336,vel_angular_magnitude,2.71997
IMU,70.2435,vel_angular_magnitude,2.71997
IMU,70.2534,vel_angular_magnitude,2.71997
IMU,70.2636,vel_angular_magnitude,2.87639
IMU,70.2739,vel_angular_magnitude,3.00293
IMU,70.2835,vel_angular_magnitude,3.00293
IMU,70.2934,vel_angular_magnitude,3.02143
IMU,70.3034,vel_angular_magnitude,3.02143
IMU,70.3134,vel_angular_magnitude,2.96996
IMU,70.3236,vel_angular_magnitude,2.96996
IMU,70.3335,vel_angular_magnitude,2.92905
IMU,70.3435,vel_angular_magnitude,2.92905
IMU,70.3536,vel_angular_magnitude,2.9154
IMU,70.3635,vel_angular_magnitude,2.9154
IMU,70.3736,vel_angular_magnitude,2.94697
IMU,70.3835,vel_angular_magnitude,2.94697
IMU,70.3937,vel_angular_magnitude,2.94697
IMU,70.4034,vel_angular_magnitude,3.03475
IMU,70.4135,vel_angular_magnitude,3.03475
IMU,70.4237,vel_angular_magnitude,3.13449
IMU,70.4334,vel_angular_magnitude,3.1591
IMU,70.4434,vel_angular_magnitude,3.1591
IMU,70.4534,vel_angular_magnitude,3.01711
IMU,70.4634,vel_angular_magnitude,3.01711
IMU,70.4738,vel_angular_magnitude,2.80423
IMU,70.4835,vel_angular_magnitude,2.80423
IMU,70.4937,vel_angular_magnitude,2.66505
IMU,70.5035,vel_angular_magnitude,2.66505
IMU,70.5135,vel_angular_magnitude,2.56732
IMU,70.5236,vel_angular_magnitude,2.56732
IMU,70.5335,vel_angular_magnitude,2.40456
IMU,70.5434,vel_angular_magnitude,2.40456
IMU,70.5534,vel_angular_magnitude,2.20901
IMU,70.5636,vel_angular_magnitude,2.20901
IMU,70.5734,vel_angular_magnitude,2.08626
IMU,70.5835,vel_angular_magnitude,2.08626
IMU,70.5935,vel_angular_magnitude,2.04165
IMU,70.6035,vel_angular_magnitude,2.04165
IMU,70.6135,vel_angular_magnitude,2.04102
IMU,70.6235,vel_angular_magnitude,2.04102
IMU,70.6334,vel_angular_magnitude,2.04102
IMU,70.6435,vel_angular_magnitude,2.01227
IMU,70.6537,vel_angular_magnitude,1.93134
IMU,70.6635,vel_angular_magnitude,1.93134
IMU,70.6734,vel_angular_magnitude,1.93134
IMU,70.6836,vel_angular_magnitude,1.81751
IMU,70.6936,vel_angular_magnitude,1.69076
IMU,70.7035,vel_angular_magnitude,1.69076
IMU,70.7135,vel_angular_magnitude,1.52985
IMU,70.7234,vel_angular_magnitude,1.52985
IMU,70.7334,vel_angular_magnitude,1.37114
IMU,70.7434,vel_angular_magnitude,1.37114
IMU,70.7534,vel_angular_magnitude,1.21875
IMU,70.7635,vel_angular_magnitude,1.21875
IMU,70.7735,vel_angular_magnitude,1.08644
IMU,70.7835,vel_angular_magnitude,1.08644
IMU,70.7936,vel_angular_magnitude,0.992763
IMU,70.8036,vel_angular_magnitude,0.992763
IMU,70.8137,vel_angular_magnitude,0.992763
IMU,70.8235,vel_angular_magnitude,0.97374
IMU,70.8335,vel_angular_magnitude,1.03713
IMU,70.8437,vel_angular_magnitude,1.03713
IMU,70.8534,vel_angular_magnitude,1.09999
IMU,70.8635,vel_angular_magnitude,1.09999
IMU,70.8741,vel_angular_magnitude,1.12346
IMU,70.8834,vel_angular_magnitude,1.12346
IMU,70.8938,vel_angular_magnitude,1.12733
IMU,70.9035,vel_angular_magnitude,1.12733
IMU,70.9135,vel_angular_magnitude,1.0827
IMU,70.9234,vel_angular_magnitude,1.0827
IMU,70.9339,vel_angular_magnitude,0.959085
IMU,70.9442,vel_angular_magnitude,0.959085
IMU,70.9544,vel_angular_magnitude,0.959085
IMU,70.9635,vel_angular_magnitude,0.835365
IMU,70.9734,vel_angular_magnitude,0.743872
IMU,70.9835,vel_angular_magnitude,0.743872
IMU,70.9934,vel_angular_magnitude,0.666191
IMU,71.0036,vel_angular_magnitude,0.666191
IMU,71.0137,vel_angular_magnitude,0.649084
IMU,71.0235,vel_angular_magnitude,0.649084
IMU,71.0336,vel_angular_magnitude,0.649084
IMU,71.0436,vel_angular_magnitude,0.665404
IMU,71.0535,vel_angular_magnitude,0.568251
IMU,71.0636,vel_angular_magnitude,0.568251
IMU,71.0736,vel_angular_magnitude,0.32097
IMU,71.0835,vel_angular_magnitude,0.32097
IMU,71.0934,vel_angular_magnitude,0.266103
IMU,71.1036,vel_angular_magnitude,0.266103
IMU,71.1135,vel_angular_magnitude,0.464126
IMU,71.1236,vel_angular_magnitude,0.464126
IMU,71.1334,vel_angular_magnitude,0.678279
IMU,71.1434,vel_angular_magnitude,0.678279
IMU,71.1535,vel_angular_magnitude,0.87667
IMU,71.1637,vel_angular_magnitude,0.87667
IMU,71.1737,vel_angular_magnitude,1.01576
IMU,71.1836,vel_angular_magnitude,1.01576
IMU,71.1935,vel_angular_magnitude,1.12127
IMU,71.2036,vel_angular_magnitude,1.12127
IMU,71.2135,vel_angular_magnitude,1.19874
IMU,71.2236,vel_angular_magnitude,1.19874
IMU,71.2337,vel_angular_magnitude,1.19874
IMU,71.2435,vel_angular_magnitude,1.24377
IMU,71.2536,vel_angular_magnitude,1.27145
IMU,71.2635,vel_angular_magnitude,1.27145
IMU,71.2741,vel_angular_magnitude,1.27145
IMU,71.2835,vel_angular_magnitude,1.22762
IMU,71.2935,vel_angular_magnitude,1.09295
IMU,71.3035,vel_angular_magnitude,1.09295
IMU,71.3138,vel_angular_magnitude,0.93633
IMU,71.3238,vel_angular_magnitude,0.93633
IMU,71.3336,vel_angular_magnitude,0.803514
IMU,71.3435,vel_angular_magnitude,0.803514
IMU,71.3534,vel_angular_magnitude,0.673946
IMU,71.3637,vel_angular_magnitude,0.673946
IMU,71.3737,vel_angular_magnitude,0.57426
IMU,71.3835,vel_angular_magnitude,0.57426
IMU,71.3935,vel_angular_magnitude,0.548294
IMU,71.4035,vel_angular_magnitude,0.548294
IMU,71.4137,vel_angular_magnitude,0.548294
IMU,71.4237,vel_angular_magnitude,0.408375
IMU,71.4538,vel_angular_magnitude,2.97491
IMU,71.4635,vel_angular_magnitude,2.97491
IMU,71.4738,vel_angular_magnitude,2.07368
IMU,71.4835,vel_angular_magnitude,2.07368
IMU,71.4937,vel_angular_magnitude,2.07368
IMU,71.5037,vel_angular_magnitude,1.40454
IMU,71.5135,vel_angular_magnitude,1.1974
IMU,71.5236,vel_angular_magnitude,1.1974
IMU,71.5335,vel_angular_magnitude,1.23337
IMU,71.5436,vel_angular_magnitude,1.23337
IMU,71.5535,vel_angular_magnitude,1.08608
IMU,71.5634,vel_angular_magnitude,1.08608
IMU,71.5737,vel_angular_magnitude,1.08608
IMU,71.5835,vel_angular_magnitude,1.0628
IMU,71.5934,vel_angular_magnitude,1.0628
IMU,71.6034,vel_angular_magnitude,0.197013
IMU,71.6137,vel_angular_magnitude,0.354737
IMU,71.6234,vel_angular_magnitude,0.354737
IMU,71.6335,vel_angular_magnitude,0.146646
IMU,71.6437,vel_angular_magnitude,0.146646
IMU,71.6535,vel_angular_magnitude,0.146646
IMU,71.6634,vel_angular_magnitude,0.124431
IMU,71.6737,vel_angular_magnitude,0.226579
IMU,71.6837,vel_angular_magnitude,0.226579
IMU,71.6934,vel_angular_magnitude,0.334703
IMU,71.7034,vel_angular_magnitude,0.334703
IMU,71.7136,vel_angular_magnitude,0.334703
IMU,71.7237,vel_angular_magnitude,0.0555878
IMU,71.7334,vel_angular_magnitude,0.208677
IMU,71.7434,vel_angular_magnitude,0.208677
IMU,71.7535,vel_angular_magnitude,0.0644127
IMU,71.7635,vel_angular_magnitude,0.0644127
IMU,71.7738,vel_angular_magnitude,0.0658939
IMU,71.7851,vel_angular_magnitude,0.0658939
IMU,71.7935,vel_angular_magnitude,0.0551906
IMU,71.8035,vel_angular_magnitude,0.0551906
IMU,71.8135,vel_angular_magnitude,0.0551906
IMU,71.8235,vel_angular_magnitude,0.139352
IMU,71.8338,vel_angular_magnitude,0.139352
IMU,71.8434,vel_angular_magnitude,0.301133
IMU,71.8534,vel_angular_magnitude,0.214495
IMU,71.8634,vel_angular_magnitude,0.214495
IMU,71.8735,vel_angular_magnitude,0.0755513
IMU,71.8835,vel_angular_magnitude,0.0755513
IMU,71.8934,vel_angular_magnitude,0.182027
IMU,71.9035,vel_angular_magnitude,0.182027
IMU,71.9136,vel_angular_magnitude,0.119967
IMU,71.9236,vel_angular_magnitude,0.119967
IMU,71.9337,vel_angular_magnitude,0.119967
IMU,71.9437,vel_angular_magnitude,0.037
IMU,71.9535,vel_angular_magnitude,0.0291376
IMU,71.9636,vel_angular_magnitude,0.0291376
IMU,71.9734,vel_angular_magnitude,0.0922876
IMU,71.9834,vel_angular_magnitude,0.0922876
IMU,71.9934,vel_angular_magnitude,0.0987674
IMU,72.0035,vel_angular_magnitude,0.0987674
IMU,72.0135,vel_angular_magnitude,0.127098
IMU,72.0235,vel_angular_magnitude,0.127098
IMU,72.0334,vel_angular_magnitude,0.0152643
IMU,72.0434,vel_angular_magnitude,0.0152643
IMU,72.0535,vel_angular_magnitude,0.0152643
IMU,72.0635,vel_angular_magnitude,0.04994
IMU,72.0738,vel_angular_magnitude,0.04994
IMU,72.0835,vel_angular_magnitude,0.107355
IMU,72.0934,vel_angular_magnitude,0.107355
IMU,72.1039,vel_angular_magnitude,0.139879
IMU,72.1134,vel_angular_magnitude,0.0807651
IMU,72.1235,vel_angular_magnitude,0.0807651
IMU,72.1335,vel_angular_magnitude,0.0807651
IMU,72.1437,vel_angular_magnitude,0.00678233
IMU,72.1536,vel_angular_magnitude,0.00678233
IMU,72.1636,vel_angular_magnitude,0.0347707
IMU,72.1735,vel_angular_magnitude,0.0347707
IMU,72.1837,vel_angular_magnitude,0.261084
IMU,72.1935,vel_angular_magnitude,0.37002
IMU,72.2035,vel_angular_magnitude,0.37002
IMU,72.2134,vel_angular_magnitude,0.37002
IMU,72.2236,vel_angular_magnitude,0.424466
IMU,72.2335,vel_angular_magnitude,0.159116
IMU,72.2437,vel_angular_magnitude,0.159116
IMU,72.2538,vel_angular_magnitude,0.159116
IMU,72.2634,vel_angular_magnitude,0.0986458
IMU,72.2736,vel_angular_magnitude,0.11769
IMU,72.2834,vel_angular_magnitude,0.11769
IMU,72.2935,vel_angular_magnitude,0.0347275
IMU,72.3035,vel_angular_magnitude,0.0347275
IMU,72.3135,vel_angular_magnitude,0.0457493
IMU,72.3235,vel_angular_magnitude,0.0457493
IMU,72.3334,vel_angular_magnitude,0.0505272
IMU,72.3435,vel_angular_magnitude,0.0505272
IMU,72.3534,vel_angular_magnitude,0.0335559
IMU,72.3635,vel_angular_magnitude,0.0335559
IMU,72.3738,vel_angular_magnitude,0.0302324
IMU,72.3834,vel_angular_magnitude,0.0302324
IMU,72.3936,vel_angular_magnitude,0.00943398
IMU,72.4034,vel_angular_magnitude,0.00943398
IMU,72.4135,vel_angular_magnitude,0.0139284
IMU,72.4235,vel_angular_magnitude,0.0139284
IMU,72.4336,vel_angular_magnitude,0.0139284
IMU,72.4435,vel_angular_magnitude,0.00994987
IMU,72.4534,vel_angular_magnitude,0.0181108
IMU,72.4642,vel_angular_magnitude,0.0181108
IMU,72.4736,vel_angular_magnitude,0.00509902
IMU,72.4835,vel_angular_magnitude,0.00509902
IMU,72.4935,vel_angular_magnitude,0.00509902
IMU,72.5034,vel_angular_magnitude,0.011225
IMU,72.5134,vel_angular_magnitude,0.00591608
IMU,72.5235,vel_angular_magnitude,0.00591608
IMU,72.5338,vel_angular_magnitude,0.010247
IMU,72.5434,vel_angular_magnitude,0.010247
IMU,72.5538,vel_angular_magnitude,0.010247
IMU,72.5634,vel_angular_magnitude,0.00616441
IMU,72.5737,vel_angular_magnitude,0.00714143
IMU,72.5834,vel_angular_magnitude,0.00714143
IMU,72.5939,vel_angular_magnitude,0.00714143
IMU,72.6035,vel_angular_magnitude,0.00748331
IMU,72.6135,vel_angular_magnitude,0.00812404
IMU,72.6234,vel_angular_magnitude,0.00812404
IMU,72.6335,vel_angular_magnitude,0.00678233
IMU,72.6436,vel_angular_magnitude,0.00678233
IMU,72.6534,vel_angular_magnitude,0.00860233
IMU,72.6635,vel_angular_magnitude,0.00860233
IMU,72.6735,vel_angular_magnitude,0.00728011
IMU,72.6835,vel_angular_magnitude,0.00728011
IMU,72.6934,vel_angular_magnitude,0.00768115
IMU,72.7034,vel_angular_magnitude,0.00768115
IMU,72.7138,vel_angular_magnitude,0.00787401
IMU,72.7235,vel_angular_magnitude,0.00787401
IMU,72.7336,vel_angular_magnitude,0.00781025
IMU,72.7434,vel_angular_magnitude,0.00781025
IMU,72.7534,vel_angular_magnitude,0.00781025
IMU,72.7634,vel_angular_magnitude,0.00748331
IMU,72.7734,vel_angular_magnitude,0.00734847
IMU,72.7836,vel_angular_magnitude,0.00734847
IMU,72.7935,vel_angular_magnitude,0.00707107
IMU,72.8037,vel_angular_magnitude,0.00707107
IMU,72.8141,vel_angular_magnitude,0.008544
IMU,72.8234,vel_angular_magnitude,0.008544
IMU,72.8338,vel_angular_magnitude,0.00848528
IMU,72.8435,vel_angular_magnitude,0.00848528
IMU,72.8535,vel_angular_magnitude,0.00768115
IMU,72.8634,vel_angular_magnitude,0.00768115
IMU,72.8738,vel_angular_magnitude,0.00830662
IMU,72.8835,vel_angular_magnitude,0.00830662
IMU,72.8934,vel_angular_magnitude,0.00616441
IMU,72.9036,vel_angular_magnitude,0.00616441
IMU,72.9136,vel_angular_magnitude,0.00768115
IMU,72.9234,vel_angular_magnitude,0.00768115
IMU,72.9336,vel_angular_magnitude,0.00768115
IMU,72.9436,vel_angular_magnitude,0.00640312
IMU,72.9535,vel_angular_magnitude,0.00678233
IMU,72.9635,vel_angular_magnitude,0.00678233
IMU,72.9736,vel_angular_magnitude,0.00678233
IMU,72.9834,vel_angular_magnitude,0.00678233
IMU,72.9936,vel_angular_magnitude,0.00547723
IMU,73.0034,vel_angular_magnitude,0.00547723
IMU,73.0135,vel_angular_magnitude,0.00848528
IMU,73.0236,vel_angular_magnitude,0.00848528
IMU,73.0335,vel_angular_magnitude,0.00768115
IMU,73.0434,vel_angular_magnitude,0.00768115
IMU,73.0534,vel_angular_magnitude,0.00714143
IMU,73.0634,vel_angular_magnitude,0.00714143
IMU,73.074,vel_angular_magnitude,0.00678233
IMU,73.0835,vel_angular_magnitude,0.00678233
IMU,73.0934,vel_angular_magnitude,0.00768115
IMU,73.1035,vel_angular_magnitude,0.00768115
IMU,73.1136,vel_angular_magnitude,0.00678233
IMU,73.1234,vel_angular_magnitude,0.00678233
IMU,73.1335,vel_angular_magnitude,0.00678233
IMU,73.1436,vel_angular_magnitude,0.00754983
IMU,73.1538,vel_angular_magnitude,0.00754983
IMU,73.1634,vel_angular_magnitude,0.00734847
IMU,73.1736,vel_angular_magnitude,0.00734847
IMU,73.1834,vel_angular_magnitude,0.00734847
IMU,73.1936,vel_angular_magnitude,0.00678233
IMU,73.2036,vel_angular_magnitude,0.00678233
IMU,73.2138,vel_angular_magnitude,0.00640312
IMU,73.2235,vel_angular_magnitude,0.00640312
IMU,73.2335,vel_angular_magnitude,0.00812404
IMU,73.2434,vel_angular_magnitude,0.00812404
IMU,73.2535,vel_angular_magnitude,0.00734847
IMU,73.2634,vel_angular_magnitude,0.00734847
IMU,73.2736,vel_angular_magnitude,0.00734847
IMU,73.2834,vel_angular_magnitude,0.00734847
IMU,73.2934,vel_angular_magnitude,0.00734847
IMU,73.3035,vel_angular_magnitude,0.00734847
IMU,73.3136,vel_angular_magnitude,0.00640312
IMU,73.3236,vel_angular_magnitude,0.00640312
IMU,73.3335,vel_angular_magnitude,0.00640312
IMU,73.3435,vel_angular_magnitude,0.00768115
IMU,73.3537,vel_angular_magnitude,0.00754983
IMU,73.3636,vel_angular_magnitude,0.00754983
IMU,73.3735,vel_angular_magnitude,0.00754983
IMU,73.3834,vel_angular_magnitude,0.00678233
IMU,73.3935,vel_angular_magnitude,0.00734847
IMU,73.4036,vel_angular_magnitude,0.00734847
IMU,73.4135,vel_angular_magnitude,0.00734847
IMU,73.4236,vel_angular_magnitude,0.00734847
IMU,73.4339,vel_angular_magnitude,0.00812404
IMU,73.4435,vel_angular_magnitude,0.00812404
IMU,73.4535,vel_angular_magnitude,0.00678233
IMU,73.4635,vel_angular_magnitude,0.00678233
IMU,73.4735,vel_angular_magnitude,0.00748331
IMU,73.4836,vel_angular_magnitude,0.00748331
IMU,73.4935,vel_angular_magnitude,0.00640312
IMU,73.5034,vel_angular_magnitude,0.00640312
IMU,73.5135,vel_angular_magnitude,0.00640312
IMU,73.5235,vel_angular_magnitude,0.00640312
IMU,73.5336,vel_angular_magnitude,0.00678233
IMU,73.5435,vel_angular_magnitude,0.00678233
IMU,73.5534,vel_angular_magnitude,0.00678233
IMU,73.5636,vel_angular_magnitude,0.00678233
IMU,73.5734,vel_angular_magnitude,0.00640312
IMU,73.5835,vel_angular_magnitude,0.00640312
IMU,73.5937,vel_angular_magnitude,0.00640312
IMU,73.6036,vel_angular_magnitude,0.00768115
IMU,73.6135,vel_angular_magnitude,0.00768115
IMU,73.6237,vel_angular_magnitude,0.00768115
IMU,73.6334,vel_angular_magnitude,0.00768115
IMU,73.6435,vel_angular_magnitude,0.00678233
IMU,73.6534,vel_angular_magnitude,0.00830662
IMU,73.6635,vel_angular_magnitude,0.00830662
IMU,73.6735,vel_angular_magnitude,0.007
IMU,73.6836,vel_angular_magnitude,0.007
IMU,73.6935,vel_angular_magnitude,0.007
IMU,73.7034,vel_angular_magnitude,0.00663325
IMU,73.7135,vel_angular_magnitude,0.00678233
IMU,73.7234,vel_angular_magnitude,0.00678233
IMU,73.7337,vel_angular_magnitude,0.00678233
IMU,73.7437,vel_angular_magnitude,0.00678233
IMU,73.7536,vel_angular_magnitude,0.00640312
IMU,73.7635,vel_angular_magnitude,0.00640312
IMU,73.7735,vel_angular_magnitude,0.00678233
IMU,73.7834,vel_angular_magnitude,0.00678233
IMU,73.7934,vel_angular_magnitude,0.00678233
IMU,73.8036,vel_angular_magnitude,0.00678233
IMU,73.8137,vel_angular_magnitude,0.00768115
IMU,73.8234,vel_angular_magnitude,0.00768115
IMU,73.8338,vel_angular_magnitude,0.00768115
IMU,73.8435,vel_angular_magnitude,0.00640312
IMU,73.8534,vel_angular_magnitude,0.00640312
IMU,73.8636,vel_angular_magnitude,0.00768115
IMU,73.8745,vel_angular_magnitude,0.00768115
IMU,73.8835,vel_angular_magnitude,0.00768115
IMU,73.8938,vel_angular_magnitude,0.00768115
IMU,73.9034,vel_angular_magnitude,0.00768115
IMU,73.9135,vel_angular_magnitude,0.00734847
IMU,73.9235,vel_angular_magnitude,0.00734847
IMU,73.9337,vel_angular_magnitude,0.00678233
IMU,73.9439,vel_angular_magnitude,0.00678233
IMU,73.9537,vel_angular_magnitude,0.00734847
IMU,73.9636,vel_angular_magnitude,0.00734847
IMU,73.9734,vel_angular_magnitude,0.00678233
IMU,73.9834,vel_angular_magnitude,0.00678233
IMU,73.9934,vel_angular_magnitude,0.00640312
IMU,74.0034,vel_angular_magnitude,0.00640312
IMU,74.0137,vel_angular_magnitude,0.00616441
IMU,74.0235,vel_angular_magnitude,0.00616441
IMU,74.0335,vel_angular_magnitude,0.00616441
IMU,74.0435,vel_angular_magnitude,0.00640312
IMU,74.0534,vel_angular_magnitude,0.00640312
IMU,74.0634,vel_angular_magnitude,0.00640312
IMU,74.0738,vel_angular_magnitude,0.00519615
IMU,74.0834,vel_angular_magnitude,0.00519615
IMU,74.0934,vel_angular_magnitude,0.007
IMU,74.1036,vel_angular_magnitude,0.007
IMU,74.1138,vel_angular_magnitude,0.00640312
IMU,74.1234,vel_angular_magnitude,0.00640312
IMU,74.1335,vel_angular_magnitude,0.00728011
IMU,74.1437,vel_angular_magnitude,0.00728011
IMU,74.1537,vel_angular_magnitude,0.00728011
IMU,74.1634,vel_angular_magnitude,0.00678233
IMU,74.1735,vel_angular_magnitude,0.00678233
IMU,74.1834,vel_angular_magnitude,0.00678233
IMU,74.1934,vel_angular_magnitude,0.00728011
IMU,74.2034,vel_angular_magnitude,0.00728011
IMU,74.2142,vel_angular_magnitude,0.00734847
IMU,74.2235,vel_angular_magnitude,0.00734847
IMU,74.2336,vel_angular_magnitude,0.00734847
IMU,74.2434,vel_angular_magnitude,0.00728011
IMU,74.2535,vel_angular_magnitude,0.00678233
IMU,74.2635,vel_angular_magnitude,0.00678233
IMU,74.2737,vel_angular_magnitude,0.00678233
IMU,74.2834,vel_angular_magnitude,0.00640312
IMU,74.2936,vel_angular_magnitude,0.00734847
IMU,74.304,vel_angular_magnitude,0.00734847
IMU,74.3137,vel_angular_magnitude,0.00519615
IMU,74.3236,vel_angular_magnitude,0.00519615
IMU,74.3336,vel_angular_magnitude,0.00519615
IMU,74.3435,vel_angular_magnitude,0.00678233
IMU,74.3534,vel_angular_magnitude,0.00734847
IMU,74.3634,vel_angular_magnitude,0.00734847
IMU,74.3735,vel_angular_magnitude,0.00734847
IMU,74.3835,vel_angular_magnitude,0.00754983
IMU,74.3934,vel_angular_magnitude,0.00812404
IMU,74.4034,vel_angular_magnitude,0.00812404
IMU,74.4136,vel_angular_magnitude,0.00812404
IMU,74.4236,vel_angular_magnitude,0.00640312
IMU,74.4335,vel_angular_magnitude,0.00640312
IMU,74.4434,vel_angular_magnitude,0.00768115
IMU,74.4539,vel_angular_magnitude,0.00787401
IMU,74.4635,vel_angular_magnitude,0.00787401
IMU,74.4737,vel_angular_magnitude,0.00678233
IMU,74.4834,vel_angular_magnitude,0.00678233
IMU,74.4935,vel_angular_magnitude,0.00509902
IMU,74.5035,vel_angular_magnitude,0.00509902
IMU,74.5135,vel_angular_magnitude,0.00768115
IMU,74.5236,vel_angular_magnitude,0.00768115
IMU,74.5336,vel_angular_magnitude,0.00812404
IMU,74.5434,vel_angular_magnitude,0.00812404
IMU,74.5537,vel_angular_magnitude,0.00768115
IMU,74.5635,vel_angular_magnitude,0.00768115
IMU,74.5734,vel_angular_magnitude,0.00640312
IMU,74.5835,vel_angular_magnitude,0.00640312
IMU,74.5934,vel_angular_magnitude,0.00830662
IMU,74.6034,vel_angular_magnitude,0.00830662
IMU,74.6137,vel_angular_magnitude,0.00787401
IMU,74.6234,vel_angular_magnitude,0.00787401
IMU,74.6334,vel_angular_magnitude,0.00591608
IMU,74.6436,vel_angular_magnitude,0.00591608
IMU,74.6534,vel_angular_magnitude,0.00640312
IMU,74.6634,vel_angular_magnitude,0.00640312
IMU,74.6736,vel_angular_magnitude,0.00734847
IMU,74.6835,vel_angular_magnitude,0.00734847
IMU,74.6934,vel_angular_magnitude,0.00728011
IMU,74.7034,vel_angular_magnitude,0.00728011
IMU,74.7146,vel_angular_magnitude,0.00728011
IMU,74.7234,vel_angular_magnitude,0.00734847
IMU,74.7335,vel_angular_magnitude,0.00678233
IMU,74.7436,vel_angular_magnitude,0.00678233
IMU,74.7537,vel_angular_magnitude,0.00640312
IMU,74.7634,vel_angular_magnitude,0.00640312
IMU,74.7734,vel_angular_magnitude,0.00754983
IMU,74.7834,vel_angular_magnitude,0.00754983
IMU,74.7936,vel_angular_magnitude,0.00754983
IMU,74.8035,vel_angular_magnitude,0.00768115
IMU,74.8136,vel_angular_magnitude,0.00860233
IMU,74.8234,vel_angular_magnitude,0.00860233
IMU,74.8336,vel_angular_magnitude,0.00860233
IMU,74.8434,vel_angular_magnitude,0.00663325
IMU,74.8535,vel_angular_magnitude,0.00734847
IMU,74.8634,vel_angular_magnitude,0.00734847
IMU,74.8738,vel_angular_magnitude,0.00547723
IMU,74.8836,vel_angular_magnitude,0.00547723
IMU,74.8935,vel_angular_magnitude,0.00547723
IMU,74.9036,vel_angular_magnitude,0.00616441
IMU,74.9136,vel_angular_magnitude,0.00616441
IMU,74.9236,vel_angular_magnitude,0.00678233
IMU,74.9336,vel_angular_magnitude,0.00734847
IMU,74.9435,vel_angular_magnitude,0.00734847
IMU,74.9534,vel_angular_magnitude,0.00678233
IMU,74.9635,vel_angular_magnitude,0.00678233
IMU,74.9742,vel_angular_magnitude,0.00678233
IMU,74.9837,vel_angular_magnitude,0.00734847
IMU,74.9936,vel_angular_magnitude,0.00734847
IMU,75.0035,vel_angular_magnitude,0.00734847
IMU,75.0135,vel_angular_magnitude,0.00734847
IMU,75.0234,vel_angular_magnitude,0.00678233
IMU,75.0335,vel_angular_magnitude,0.00640312
IMU,75.0436,vel_angular_magnitude,0.00640312
IMU,75.0534,vel_angular_magnitude,0.00678233
IMU,75.0635,vel_angular_magnitude,0.00678233
IMU,75.0737,vel_angular_magnitude,0.00768115
IMU,75.0837,vel_angular_magnitude,0.00768115
IMU,75.0936,vel_angular_magnitude,0.00768115
IMU,75.1034,vel_angular_magnitude,0.00640312
IMU,75.1136,vel_angular_magnitude,0.00640312
IMU,75.1236,vel_angular_magnitude,0.00640312
IMU,75.1334,vel_angular_magnitude,0.00640312
IMU,75.1436,vel_angular_magnitude,0.00678233
IMU,75.1534,vel_angular_magnitude,0.00768115
IMU,75.1635,vel_angular_magnitude,0.00768115
IMU,75.1736,vel_angular_magnitude,0.00640312
IMU,75.1836,vel_angular_magnitude,0.00640312
IMU,75.1936,vel_angular_magnitude,0.00768115
IMU,75.2034,vel_angular_magnitude,0.00768115
IMU,75.2136,vel_angular_magnitude,0.00768115
IMU,75.2234,vel_angular_magnitude,0.00640312
IMU,75.2334,vel_angular_magnitude,0.00640312
IMU,75.2435,vel_angular_magnitude,0.00547723
IMU,75.2537,vel_angular_magnitude,0.00787401
IMU,75.2636,vel_angular_magnitude,0.00787401
IMU,75.2738,vel_angular_magnitude,0.00754983
IMU,75.2834,vel_angular_magnitude,0.00754983
IMU,75.2935,vel_angular_magnitude,0.00640312
IMU,75.3037,vel_angular_magnitude,0.00640312
IMU,75.3138,vel_angular_magnitude,0.00640312
IMU,75.3234,vel_angular_magnitude,0.00714143
IMU,75.3334,vel_angular_magnitude,0.00591608
IMU,75.3435,vel_angular_magnitude,0.00591608
IMU,75.3543,vel_angular_magnitude,0.00728011
IMU,75.3634,vel_angular_magnitude,0.00728011
IMU,75.3734,vel_angular_magnitude,0.00640312
IMU,75.3834,vel_angular_magnitude,0.00640312
IMU,75.3934,vel_angular_magnitude,0.00728011
IMU,75.4034,vel_angular_magnitude,0.00728011
IMU,75.4136,vel_angular_magnitude,0.00734847
IMU,75.4235,vel_angular_magnitude,0.00734847
IMU,75.4336,vel_angular_magnitude,0.00547723
IMU,75.4434,vel_angular_magnitude,0.00547723
IMU,75.4535,vel_angular_magnitude,0.00678233
IMU,75.4634,vel_angular_magnitude,0.00678233
IMU,75.4737,vel_angular_magnitude,0.00640312
IMU,75.4836,vel_angular_magnitude,0.00640312
IMU,75.4937,vel_angular_magnitude,0.00748331
IMU,75.5036,vel_angular_magnitude,0.00748331
IMU,75.5134,vel_angular_magnitude,0.00748331
IMU,75.5235,vel_angular_magnitude,0.00663325
IMU,75.5337,vel_angular_magnitude,0.00663325
IMU,75.5436,vel_angular_magnitude,0.00734847
IMU,75.5534,vel_angular_magnitude,0.00678233
IMU,75.5634,vel_angular_magnitude,0.00678233
IMU,75.5735,vel_angular_magnitude,0.00678233
IMU,75.5834,vel_angular_magnitude,0.00678233
IMU,75.5934,vel_angular_magnitude,0.00678233
IMU,75.6035,vel_angular_magnitude,0.00678233
IMU,75.6137,vel_angular_magnitude,0.00678233
IMU,75.6235,vel_angular_magnitude,0.00768115
IMU,75.6334,vel_angular_magnitude,0.00768115
IMU,75.6434,vel_angular_magnitude,0.00768115
IMU,75.6536,vel_angular_magnitude,0.00768115
IMU,75.6636,vel_angular_magnitude,0.00591608
IMU,75.6737,vel_angular_magnitude,0.00678233
IMU,75.6834,vel_angular_magnitude,0.00678233
IMU,75.6934,vel_angular_magnitude,0.00678233
IMU,75.7034,vel_angular_magnitude,0.00768115
IMU,75.7135,vel_angular_magnitude,0.00678233
IMU,75.7234,vel_angular_magnitude,0.00678233
IMU,75.7334,vel_angular_magnitude,0.00678233
IMU,75.7435,vel_angular_magnitude,0.00640312
IMU,75.7534,vel_angular_magnitude,0.00640312
IMU,75.7635,vel_angular_magnitude,0.00768115
IMU,75.7735,vel_angular_magnitude,0.00640312
IMU,75.7837,vel_angular_magnitude,0.00640312
IMU,75.7935,vel_angular_magnitude,0.00768115
IMU,75.8036,vel_angular_magnitude,0.00768115
IMU,75.8137,vel_angular_magnitude,0.00547723
IMU,75.8237,vel_angular_magnitude,0.00547723
IMU,75.8338,vel_angular_magnitude,0.00734847
IMU,75.8438,vel_angular_magnitude,0.00734847
IMU,75.8535,vel_angular_magnitude,0.00640312
IMU,75.8635,vel_angular_magnitude,0.00640312
IMU,75.8736,vel_angular_magnitude,0.00678233
IMU,75.8834,vel_angular_magnitude,0.00678233
IMU,75.8934,vel_angular_magnitude,0.00678233
IMU,75.9034,vel_angular_magnitude,0.00754983
IMU,75.9136,vel_angular_magnitude,0.00678233
IMU,75.9234,vel_angular_magnitude,0.00678233
IMU,75.9335,vel_angular_magnitude,0.00678233
IMU,75.9436,vel_angular_magnitude,0.00768115
IMU,75.9535,vel_angular_magnitude,0.00616441
IMU,75.9635,vel_angular_magnitude,0.00616441
IMU,75.9734,vel_angular_magnitude,0.00616441
IMU,75.9834,vel_angular_magnitude,0.00616441
IMU,75.9936,vel_angular_magnitude,0.00728011
IMU,76.0035,vel_angular_magnitude,0.00728011
IMU,76.0136,vel_angular_magnitude,0.00787401
IMU,76.0235,vel_angular_magnitude,0.00787401
IMU,76.0335,vel_angular_magnitude,0.00734847
LIDAR,0,distancia,5.4885
LIDAR,1,distancia,5.4835
LIDAR,2,distancia,5.48
LIDAR,3,distancia,5.48
LIDAR,4,distancia,5.4765
LIDAR,5,distancia,5.479
LIDAR,6,distancia,5.479
LIDAR,7,distancia,5.445
LIDAR,8,distancia,5.448
LIDAR,9,distancia,5.4505
LIDAR,10,distancia,5.4505
LIDAR,11,distancia,5.4535
LIDAR,12,distancia,5.456
LIDAR,13,distancia,5.459
LIDAR,14,distancia,5.459
LIDAR,15,distancia,5.461
LIDAR,16,distancia,5.4315
LIDAR,17,distancia,5.414
LIDAR,18,distancia,5.414
LIDAR,19,distancia,5.4525
LIDAR,20,distancia,5.271
LIDAR,21,distancia,5.271
LIDAR,22,distancia,5.277
LIDAR,23,distancia,0.016
LIDAR,24,distancia,0.016
LIDAR,25,distancia,4.226
LIDAR,26,distancia,4.226
LIDAR,27,distancia,4.243
LIDAR,28,distancia,0.01475
LIDAR,29,distancia,0.01475
LIDAR,30,distancia,2.114
LIDAR,31,distancia,2.114
LIDAR,32,distancia,2.0725
LIDAR,33,distancia,2.0725
LIDAR,34,distancia,2.027
LIDAR,35,distancia,2.017
LIDAR,36,distancia,2.017
LIDAR,37,distancia,0.018
LIDAR,38,distancia,0.018
LIDAR,39,distancia,0.01475
LIDAR,40,distancia,0.01475
LIDAR,41,distancia,0.024
LIDAR,42,distancia,0.024
LIDAR,43,distancia,4.2635
LIDAR,44,distancia,4.2635
LIDAR,45,distancia,9.465
LIDAR,46,distancia,9.465
LIDAR,47,distancia,6.3495
LIDAR,48,distancia,6.3495
LIDAR,49,distancia,6.3245
LIDAR,50,distancia,0.88975
LIDAR,51,distancia,0.88975
LIDAR,52,distancia,0.885
LIDAR,53,distancia,0.8825
LIDAR,54,distancia,0.8835
LIDAR,55,distancia,0.8835
LIDAR,56,distancia,0.8805
LIDAR,57,distancia,0.87175
LIDAR,58,distancia,0.87175
LIDAR,59,distancia,0.86675
LIDAR,60,distancia,0.864
LIDAR,61,distancia,0.8595
LIDAR,62,distancia,0.8595
LIDAR,63,distancia,0.85625
LIDAR,64,distancia,0.85375
LIDAR,65,distancia,0.85375
LIDAR,66,distancia,0.84975
LIDAR,67,distancia,0.8455
LIDAR,68,distancia,0.843
LIDAR,69,distancia,0.843
LIDAR,70,distancia,0.8375
LIDAR,71,distancia,0.83325
LIDAR,72,distancia,0.83325
LIDAR,73,distancia,0.8315
LIDAR,74,distancia,0.82875
LIDAR,75,distancia,0.82725
LIDAR,76,distancia,0.82725
LIDAR,77,distancia,0.822
LIDAR,78,distancia,0.8155
LIDAR,79,distancia,0.8155
LIDAR,80,distancia,0.813
LIDAR,81,distancia,0.808
LIDAR,82,distancia,0.805
LIDAR,83,distancia,0.805
LIDAR,84,distancia,0.805
LIDAR,85,distancia,0.803
LIDAR,86,distancia,0.803
LIDAR,87,distancia,0.8025
LIDAR,88,distancia,0.802
LIDAR,89,distancia,0.80125
LIDAR,90,distancia,0.80125
LIDAR,91,distancia,0.80225
LIDAR,92,distancia,0.803
LIDAR,93,distancia,0.803
LIDAR,94,distancia,0.8035
LIDAR,95,distancia,0.8025
LIDAR,96,distancia,0.80125
LIDAR,97,distancia,0.80125
LIDAR,98,distancia,0.80175
LIDAR,99,distancia,0.801
LIDAR,100,distancia,0.801
LIDAR,101,distancia,0.8025
LIDAR,102,distancia,0.804
LIDAR,103,distancia,0.804
LIDAR,104,distancia,0.8035
LIDAR,105,distancia,0.806
LIDAR,106,distancia,0.807
LIDAR,107,distancia,0.807
LIDAR,108,distancia,0.808
LIDAR,109,distancia,0.8135
LIDAR,110,distancia,0.8135
LIDAR,111,distancia,0.8185
LIDAR,112,distancia,0.761
LIDAR,113,distancia,0.761
LIDAR,114,distancia,0.738
LIDAR,115,distancia,0.723
LIDAR,116,distancia,0.723
LIDAR,117,distancia,0.7165
LIDAR,118,distancia,0.7125
LIDAR,119,distancia,0.7125
LIDAR,120,distancia,0.7125
LIDAR,121,distancia,0.713
LIDAR,122,distancia,0.7105
LIDAR,123,distancia,0.7105
LIDAR,124,distancia,0.7075
LIDAR,125,distancia,0.6685
LIDAR,126,distancia,0.6685
LIDAR,127,distancia,0.667
LIDAR,128,distancia,0.6725
LIDAR,129,distancia,0.6725
LIDAR,130,distancia,0.6775
LIDAR,131,distancia,0.6815
LIDAR,132,distancia,0.687
LIDAR,133,distancia,0.687
LIDAR,134,distancia,0.733
LIDAR,135,distancia,0.733
LIDAR,136,distancia,0.741
LIDAR,137,distancia,0.741
LIDAR,138,distancia,0.747
LIDAR,139,distancia,0.7545
LIDAR,140,distancia,0.7545
LIDAR,141,distancia,0.763
LIDAR,142,distancia,0.7715
LIDAR,143,distancia,0.769
LIDAR,144,distancia,0.769
LIDAR,145,distancia,0.76
LIDAR,146,distancia,0.757
LIDAR,147,distancia,0.757
LIDAR,148,distancia,0.758
LIDAR,149,distancia,0.7595
LIDAR,150,distancia,0.762
LIDAR,151,distancia,0.762
LIDAR,152,distancia,0.7655
LIDAR,153,distancia,0.7765
LIDAR,154,distancia,0.7765
LIDAR,155,distancia,0.845
LIDAR,156,distancia,0.845
LIDAR,157,distancia,0.854
LIDAR,158,distancia,0.854
LIDAR,159,distancia,0.935
LIDAR,160,distancia,0.935
LIDAR,161,distancia,0.95075
LIDAR,162,distancia,0.95875
LIDAR,163,distancia,0.95875
LIDAR,164,distancia,0.9685
LIDAR,165,distancia,0.97575
LIDAR,166,distancia,0.97575
LIDAR,167,distancia,0.98325
LIDAR,168,distancia,0.9925
LIDAR,169,distancia,0.9965
LIDAR,170,distancia,0.731
LIDAR,171,distancia,0.731
LIDAR,172,distancia,0.7165
LIDAR,173,distancia,0.71
LIDAR,174,distancia,0.7085
LIDAR,175,distancia,0.7085
LIDAR,176,distancia,0.713
LIDAR,177,distancia,0.7235
LIDAR,178,distancia,0.7235
LIDAR,179,distancia,0.738
LIDAR,180,distancia,0.7495
LIDAR,181,distancia,0.7605
LIDAR,182,distancia,0.7605
LIDAR,183,distancia,0.771
LIDAR,184,distancia,0.7815
LIDAR,185,distancia,0.7815
LIDAR,186,distancia,0.794
LIDAR,187,distancia,0.807
LIDAR,188,distancia,0.807
LIDAR,189,distancia,0.8205
LIDAR,190,distancia,0.8355
LIDAR,191,distancia,0.8505
LIDAR,192,distancia,0.8505
LIDAR,193,distancia,0.866
LIDAR,194,distancia,0.8815
LIDAR,195,distancia,0.8815
LIDAR,196,distancia,0.888
LIDAR,197,distancia,0.8885
LIDAR,198,distancia,2
LIDAR,199,distancia,2
LIDAR,200,distancia,1.9905
LIDAR,201,distancia,1.9755
LIDAR,202,distancia,1.9755
LIDAR,203,distancia,1.9625
LIDAR,204,distancia,1.9475
LIDAR,205,distancia,1.9475
LIDAR,206,distancia,1.9315
LIDAR,207,distancia,1.9175
LIDAR,208,distancia,1.904
LIDAR,209,distancia,1.904
LIDAR,210,distancia,1.892
LIDAR,211,distancia,1.88
LIDAR,212,distancia,1.88
LIDAR,213,distancia,1.868
LIDAR,214,distancia,1.857
LIDAR,215,distancia,1.847
LIDAR,216,distancia,1.847
LIDAR,217,distancia,1.8365
LIDAR,218,distancia,1.8265
LIDAR,219,distancia,1.8265
LIDAR,220,distancia,1.8175
LIDAR,221,distancia,1.8085
LIDAR,222,distancia,1.8085
LIDAR,223,distancia,1.799
LIDAR,224,distancia,1.789
LIDAR,225,distancia,1.7805
LIDAR,226,distancia,1.7805
LIDAR,227,distancia,1.773
LIDAR,228,distancia,1.7655
LIDAR,229,distancia,1.7655
LIDAR,230,distancia,1.7585
LIDAR,231,distancia,1.7515
LIDAR,232,distancia,1.7445
LIDAR,233,distancia,1.7445
LIDAR,234,distancia,1.7385
LIDAR,235,distancia,1.733
LIDAR,236,distancia,1.733
LIDAR,237,distancia,1.7265
LIDAR,238,distancia,1.7205
LIDAR,239,distancia,1.7205
LIDAR,240,distancia,1.7155
LIDAR,241,distancia,1.7105
LIDAR,242,distancia,1.7105
LIDAR,243,distancia,1.7065
LIDAR,244,distancia,1.7035
LIDAR,245,distancia,1.7035
LIDAR,246,distancia,1.699
LIDAR,247,distancia,1.6945
LIDAR,248,distancia,1.6915
LIDAR,249,distancia,1.6915
LIDAR,250,distancia,1.6875
LIDAR,251,distancia,1.684
LIDAR,252,distancia,1.684
LIDAR,253,distancia,1.681
LIDAR,254,distancia,1.679
LIDAR,255,distancia,1.678
LIDAR,256,distancia,1.678
LIDAR,257,distancia,1.6755
LIDAR,258,distancia,1.674
LIDAR,259,distancia,1.674
LIDAR,260,distancia,1.674
LIDAR,261,distancia,1.673
LIDAR,262,distancia,1.6725
LIDAR,263,distancia,1.6725
LIDAR,264,distancia,1.672
LIDAR,265,distancia,1.6705
LIDAR,266,distancia,1.6705
LIDAR,267,distancia,1.6705
LIDAR,268,distancia,1.6715
LIDAR,269,distancia,1.6715
LIDAR,270,distancia,1.672
LIDAR,271,distancia,1.6725
LIDAR,272,distancia,1.673
LIDAR,273,distancia,1.673
LIDAR,274,distancia,1.674
LIDAR,275,distancia,1.675
LIDAR,276,distancia,1.675
LIDAR,277,distancia,1.6765
LIDAR,278,distancia,1.6785
LIDAR,279,distancia,1.6815
LIDAR,280,distancia,1.6815
LIDAR,281,distancia,1.6835
LIDAR,282,distancia,1.685
LIDAR,283,distancia,1.685
LIDAR,284,distancia,1.6885
LIDAR,285,distancia,1.692
LIDAR,286,distancia,1.6965
LIDAR,287,distancia,1.6965
LIDAR,288,distancia,1.701
LIDAR,289,distancia,1.706
LIDAR,290,distancia,1.706
LIDAR,291,distancia,1.7095
LIDAR,292,distancia,1.7135
LIDAR,293,distancia,1.719
LIDAR,294,distancia,1.719
LIDAR,295,distancia,1.7245
LIDAR,296,distancia,1.7305
LIDAR,297,distancia,1.7305
LIDAR,298,distancia,1.736
LIDAR,299,distancia,1.742
LIDAR,300,distancia,1.749
LIDAR,301,distancia,1.749
LIDAR,302,distancia,1.754
LIDAR,303,distancia,1.7605
LIDAR,304,distancia,1.7605
LIDAR,305,distancia,1.769
LIDAR,306,distancia,1.7755
LIDAR,307,distancia,1.7755
LIDAR,308,distancia,1.7835
LIDAR,309,distancia,1.7915
LIDAR,310,distancia,1.8
LIDAR,311,distancia,1.8
LIDAR,312,distancia,1.8105
LIDAR,313,distancia,1.82
LIDAR,314,distancia,1.8295
LIDAR,315,distancia,1.8295
LIDAR,316,distancia,1.84
LIDAR,317,distancia,1.85
LIDAR,318,distancia,1.85
LIDAR,319,distancia,1.861
LIDAR,320,distancia,1.873
LIDAR,321,distancia,1.886
LIDAR,322,distancia,1.886
LIDAR,323,distancia,1.8975
LIDAR,324,distancia,1.9085
LIDAR,325,distancia,1.9085
LIDAR,326,distancia,1.9215
LIDAR,327,distancia,1.934
LIDAR,328,distancia,1.934
LIDAR,329,distancia,0.767
LIDAR,330,distancia,0.767
LIDAR,331,distancia,0.712
LIDAR,332,distancia,0.712
LIDAR,333,distancia,0.7025
LIDAR,334,distancia,0.692
LIDAR,335,distancia,0.692
LIDAR,336,distancia,0.6745
LIDAR,337,distancia,0.669
LIDAR,338,distancia,0.669
LIDAR,339,distancia,0.6665
LIDAR,340,distancia,0.6535
LIDAR,341,distancia,0.643
LIDAR,342,distancia,0.643
LIDAR,343,distancia,0.637
LIDAR,344,distancia,0.6355
LIDAR,345,distancia,0.6355
LIDAR,346,distancia,0.6325
LIDAR,347,distancia,0.6205
LIDAR,348,distancia,0.6115
LIDAR,349,distancia,0.6115
LIDAR,350,distancia,0.607
LIDAR,351,distancia,0.6035
LIDAR,352,distancia,0.6035
LIDAR,353,distancia,0.5985
LIDAR,354,distancia,0.5905
LIDAR,355,distancia,0.5905
LIDAR,356,distancia,0.58
LIDAR,357,distancia,0.5745
LIDAR,358,distancia,0.5695
LIDAR,359,distancia,0.5695
LIDAR,360,distancia,0.5555
LIDAR,361,distancia,0.5555
LIDAR,362,distancia,0.5515
LIDAR,363,distancia,0.548
LIDAR,364,distancia,0.548
LIDAR,365,distancia,0.547
LIDAR,366,distancia,0.5445
LIDAR,367,distancia,0.5445
LIDAR,368,distancia,0.5395
LIDAR,369,distancia,0.5365
LIDAR,370,distancia,0.531
LIDAR,371,distancia,0.531
LIDAR,372,distancia,0.5275
LIDAR,373,distancia,0.5235
LIDAR,374,distancia,0.5235
LIDAR,375,distancia,0.49
LIDAR,376,distancia,0.49
LIDAR,377,distancia,0.501
LIDAR,378,distancia,0.501
LIDAR,379,distancia,0.5025
LIDAR,380,distancia,0.4985
LIDAR,381,distancia,0.4985
LIDAR,382,distancia,0.497
LIDAR,383,distancia,0.495
LIDAR,384,distancia,0.4915
LIDAR,385,distancia,0.4915
LIDAR,386,distancia,0.487
LIDAR,387,distancia,0.484
LIDAR,388,distancia,0.484
LIDAR,389,distancia,0.484
LIDAR,390,distancia,0.4815
LIDAR,391,distancia,0.4775
LIDAR,392,distancia,0.4775
LIDAR,393,distancia,0.4755
LIDAR,394,distancia,0.4745
LIDAR,395,distancia,0.4745
LIDAR,396,distancia,0.47
LIDAR,397,distancia,0.467
LIDAR,398,distancia,0.467
LIDAR,399,distancia,0.467
LIDAR,400,distancia,0.4635
LIDAR,401,distancia,0.4635
LIDAR,402,distancia,0.4615
LIDAR,403,distancia,0.46
LIDAR,404,distancia,0.46
LIDAR,405,distancia,0.4575
LIDAR,406,distancia,0.4565
LIDAR,407,distancia,0.4545
LIDAR,408,distancia,0.4545
LIDAR,409,distancia,0.453
LIDAR,410,distancia,0.452
LIDAR,411,distancia,0.452
LIDAR,412,distancia,0.451
LIDAR,413,distancia,0.4505
LIDAR,414,distancia,0.4495
LIDAR,415,distancia,0.4495
LIDAR,416,distancia,0.449
LIDAR,417,distancia,0.45025
LIDAR,418,distancia,0.45025
LIDAR,419,distancia,0.44975
LIDAR,420,distancia,0.45
LIDAR,421,distancia,0.45225
LIDAR,422,distancia,0.45225
LIDAR,423,distancia,0.453
LIDAR,424,distancia,0.4525
LIDAR,425,distancia,0.4525
LIDAR,426,distancia,0.452
LIDAR,427,distancia,0.4515
LIDAR,428,distancia,0.4515
LIDAR,429,distancia,0.45275
LIDAR,430,distancia,0.455
LIDAR,431,distancia,0.4535
LIDAR,432,distancia,0.4535
LIDAR,433,distancia,0.4505
LIDAR,434,distancia,0.4505
LIDAR,435,distancia,0.44975
LIDAR,436,distancia,0.4485
LIDAR,437,distancia,0.4485
LIDAR,438,distancia,0.449
LIDAR,439,distancia,0.4495
LIDAR,440,distancia,0.4505
LIDAR,441,distancia,0.4505
LIDAR,442,distancia,0.45275
LIDAR,443,distancia,0.45375
LIDAR,444,distancia,0.45375
LIDAR,445,distancia,0.455
LIDAR,446,distancia,0.45675
LIDAR,447,distancia,0.45675
LIDAR,448,distancia,0.45725
LIDAR,449,distancia,0.45725
LIDAR,450,distancia,0.459
LIDAR,451,distancia,0.459
LIDAR,452,distancia,0.46225
LIDAR,453,distancia,0.464
LIDAR,454,distancia,0.464
LIDAR,455,distancia,0.4655
LIDAR,456,distancia,0.468
LIDAR,457,distancia,0.468
LIDAR,458,distancia,0.47
LIDAR,459,distancia,0.47325
LIDAR,460,distancia,0.4775
LIDAR,461,distancia,0.4775
LIDAR,462,distancia,0.479
LIDAR,463,distancia,0.47975
LIDAR,464,distancia,0.47975
LIDAR,465,distancia,0.48175
LIDAR,466,distancia,0.485
LIDAR,467,distancia,0.485
LIDAR,468,distancia,0.49
LIDAR,469,distancia,0.493
LIDAR,470,distancia,0.49425
LIDAR,471,distancia,0.49425
LIDAR,472,distancia,0.4975
LIDAR,473,distancia,0.50025
LIDAR,474,distancia,0.5035
LIDAR,475,distancia,0.5035
LIDAR,476,distancia,0.51025
LIDAR,477,distancia,0.51525
LIDAR,478,distancia,0.51525
LIDAR,479,distancia,0.51825
LIDAR,480,distancia,0.519
LIDAR,481,distancia,0.519
LIDAR,482,distancia,0.523
LIDAR,483,distancia,0.52975
LIDAR,484,distancia,0.5305
LIDAR,485,distancia,0.5305
LIDAR,486,distancia,0.535
LIDAR,487,distancia,0.543
LIDAR,488,distancia,0.543
LIDAR,489,distancia,0.54925
LIDAR,490,distancia,0.5545
LIDAR,491,distancia,0.5575
LIDAR,492,distancia,0.5575
LIDAR,493,distancia,0.5605
LIDAR,494,distancia,0.566
LIDAR,495,distancia,0.566
LIDAR,496,distancia,0.57225
LIDAR,497,distancia,0.576
LIDAR,498,distancia,0.576
LIDAR,499,distancia,0.58325
LIDAR,500,distancia,4.197
LIDAR,501,distancia,4.197
LIDAR,502,distancia,4.1805
LIDAR,503,distancia,4.1695
LIDAR,504,distancia,4.1695
LIDAR,505,distancia,4.164
LIDAR,506,distancia,4.164
LIDAR,507,distancia,4.1575
LIDAR,508,distancia,0.0265
LIDAR,509,distancia,0.0265
LIDAR,510,distancia,0.0225
LIDAR,511,distancia,0.0225
LIDAR,512,distancia,0.01675
LIDAR,513,distancia,0.01675
LIDAR,514,distancia,0.017
LIDAR,515,distancia,2.741
LIDAR,516,distancia,2.741
LIDAR,517,distancia,2.7305
LIDAR,518,distancia,5.123
LIDAR,519,distancia,5.123
LIDAR,520,distancia,5.1115
LIDAR,521,distancia,5.106
LIDAR,522,distancia,5.099
LIDAR,523,distancia,5.099
LIDAR,524,distancia,3.418
LIDAR,525,distancia,3.418
LIDAR,526,distancia,2.25
LIDAR,527,distancia,2.25
POINT_CLOUD,0,distancia_2d,5.4885
POINT_CLOUD,1,distancia_2d,5.4835
POINT_CLOUD,2,distancia_2d,5.48
POINT_CLOUD,3,distancia_2d,5.48
POINT_CLOUD,4,distancia_2d,5.4765
POINT_CLOUD,5,distancia_2d,5.479
POINT_CLOUD,6,distancia_2d,5.479
POINT_CLOUD,7,distancia_2d,5.445
POINT_CLOUD,8,distancia_2d,5.448
POINT_CLOUD,9,distancia_2d,5.4505
POINT_CLOUD,10,distancia_2d,5.4505
POINT_CLOUD,11,distancia_2d,5.4535
POINT_CLOUD,12,distancia_2d,5.456
POINT_CLOUD,13,distancia_2d,5.459
POINT_CLOUD,14,distancia_2d,5.459
POINT_CLOUD,15,distancia_2d,5.461
POINT_CLOUD,16,distancia_2d,5.4315
POINT_CLOUD,17,distancia_2d,5.414
POINT_CLOUD,18,distancia_2d,5.414
POINT_CLOUD,19,distancia_2d,5.4525
POINT_CLOUD,20,distancia_2d,5.271
POINT_CLOUD,21,distancia_2d,5.271
POINT_CLOUD,22,distancia_2d,5.277
POINT_CLOUD,23,distancia_2d,4.226
POINT_CLOUD,24,distancia_2d,4.226
POINT_CLOUD,25,distancia_2d,4.243
POINT_CLOUD,26,distancia_2d,2.114
POINT_CLOUD,27,distancia_2d,2.114
POINT_CLOUD,28,distancia_2d,2.0725
POINT_CLOUD,29,distancia_2d,2.0725
POINT_CLOUD,30,distancia_2d,2.027
POINT_CLOUD,31,distancia_2d,2.017
POINT_CLOUD,32,distancia_2d,2.017
POINT_CLOUD,33,distancia_2d,4.2635
POINT_CLOUD,34,distancia_2d,4.2635
POINT_CLOUD,35,distancia_2d,9.465
POINT_CLOUD,36,distancia_2d,9.465
POINT_CLOUD,37,distancia_2d,6.3495
POINT_CLOUD,38,distancia_2d,6.3495
POINT_CLOUD,39,distancia_2d,6.3245
POINT_CLOUD,40,distancia_2d,0.88975
POINT_CLOUD,41,distancia_2d,0.88975
POINT_CLOUD,42,distancia_2d,0.885
POINT_CLOUD,43,distancia_2d,0.8825
POINT_CLOUD,44,distancia_2d,0.8835
POINT_CLOUD,45,distancia_2d,0.8835
POINT_CLOUD,46,distancia_2d,0.8805
POINT_CLOUD,47,distancia_2d,0.87175
POINT_CLOUD,48,distancia_2d,0.87175
POINT_CLOUD,49,distancia_2d,0.86675
POINT_CLOUD,50,distancia_2d,0.864
POINT_CLOUD,51,distancia_2d,0.8595
POINT_CLOUD,52,distancia_2d,0.8595
POINT_CLOUD,53,distancia_2d,0.85625
POINT_CLOUD,54,distancia_2d,0.85375
POINT_CLOUD,55,distancia_2d,0.85375
POINT_CLOUD,56,distancia_2d,0.84975
POINT_CLOUD,57,distancia_2d,0.8455
POINT_CLOUD,58,distancia_2d,0.843
POINT_CLOUD,59,distancia_2d,0.843
POINT_CLOUD,60,distancia_2d,0.8375
POINT_CLOUD,61,distancia_2d,0.83325
POINT_CLOUD,62,distancia_2d,0.83325
POINT_CLOUD,63,distancia_2d,0.8315
POINT_CLOUD,64,distancia_2d,0.82875
POINT_CLOUD,65,distancia_2d,0.82725
POINT_CLOUD,66,distancia_2d,0.82725
POINT_CLOUD,67,distancia_2d,0.822
POINT_CLOUD,68,distancia_2d,0.8155
POINT_CLOUD,69,distancia_2d,0.8155
POINT_CLOUD,70,distancia_2d,0.813
POINT_CLOUD,71,distancia_2d,0.808
POINT_CLOUD,72,distancia_2d,0.805
POINT_CLOUD,73,distancia_2d,0.805
POINT_CLOUD,74,distancia_2d,0.805
POINT_CLOUD,75,distancia_2d,0.803
POINT_CLOUD,76,distancia_2d,0.803
POINT_CLOUD,77,distancia_2d,0.8025
POINT_CLOUD,78,distancia_2d,0.802
POINT_CLOUD,79,distancia_2d,0.80125
POINT_CLOUD,80,distancia_2d,0.80125
POINT_CLOUD,81,distancia_2d,0.80225
POINT_CLOUD,82,distancia_2d,0.803
POINT_CLOUD,83,distancia_2d,0.803
POINT_CLOUD,84,distancia_2d,0.8035
POINT_CLOUD,85,distancia_2d,0.8025
POINT_CLOUD,86,distancia_2d,0.80125
POINT_CLOUD,87,distancia_2d,0.80125
POINT_CLOUD,88,distancia_2d,0.80175
POINT_CLOUD,89,distancia_2d,0.801
POINT_CLOUD,90,distancia_2d,0.801
POINT_CLOUD,91,distancia_2d,0.8025
POINT_CLOUD,92,distancia_2d,0.804
POINT_CLOUD,93,distancia_2d,0.804
POINT_CLOUD,94,distancia_2d,0.8035
POINT_CLOUD,95,distancia_2d,0.806
POINT_CLOUD,96,distancia_2d,0.807
POINT_CLOUD,97,distancia_2d,0.807
POINT_CLOUD,98,distancia_2d,0.808
POINT_CLOUD,99,distancia_2d,0.8135
POINT_CLOUD,100,distancia_2d,0.8135
POINT_CLOUD,101,distancia_2d,0.8185
POINT_CLOUD,102,distancia_2d,0.761
POINT_CLOUD,103,distancia_2d,0.761
POINT_CLOUD,104,distancia_2d,0.738
POINT_CLOUD,105,distancia_2d,0.723
POINT_CLOUD,106,distancia_2d,0.723
POINT_CLOUD,107,distancia_2d,0.7165
POINT_CLOUD,108,distancia_2d,0.7125
POINT_CLOUD,109,distancia_2d,0.7125
POINT_CLOUD,110,distancia_2d,0.7125
POINT_CLOUD,111,distancia_2d,0.713
POINT_CLOUD,112,distancia_2d,0.7105
POINT_CLOUD,113,distancia_2d,0.7105
POINT_CLOUD,114,distancia_2d,0.7075
POINT_CLOUD,115,distancia_2d,0.6685
POINT_CLOUD,116,distancia_2d,0.6685
POINT_CLOUD,117,distancia_2d,0.667
POINT_CLOUD,118,distancia_2d,0.6725
POINT_CLOUD,119,distancia_2d,0.6725
POINT_CLOUD,120,distancia_2d,0.6775
POINT_CLOUD,121,distancia_2d,0.6815
POINT_CLOUD,122,distancia_2d,0.687
POINT_CLOUD,123,distancia_2d,0.687
POINT_CLOUD,124,distancia_2d,0.733
POINT_CLOUD,125,distancia_2d,0.733
POINT_CLOUD,126,distancia_2d,0.741
POINT_CLOUD,127,distancia_2d,0.741
POINT_CLOUD,128,distancia_2d,0.747
POINT_CLOUD,129,distancia_2d,0.7545
POINT_CLOUD,130,distancia_2d,0.7545
POINT_CLOUD,131,distancia_2d,0.763
POINT_CLOUD,132,distancia_2d,0.7715
POINT_CLOUD,133,distancia_2d,0.769
POINT_CLOUD,134,distancia_2d,0.769
POINT_CLOUD,135,distancia_2d,0.76
POINT_CLOUD,136,distancia_2d,0.757
POINT_CLOUD,137,distancia_2d,0.757
POINT_CLOUD,138,distancia_2d,0.758
POINT_CLOUD,139,distancia_2d,0.7595
POINT_CLOUD,140,distancia_2d,0.762
POINT_CLOUD,141,distancia_2d,0.762
POINT_CLOUD,142,distancia_2d,0.7655
POINT_CLOUD,143,distancia_2d,0.7765
POINT_CLOUD,144,distancia_2d,0.7765
POINT_CLOUD,145,distancia_2d,0.845
POINT_CLOUD,146,distancia_2d,0.845
POINT_CLOUD,147,distancia_2d,0.854
POINT_CLOUD,148,distancia_2d,0.854
POINT_CLOUD,149,distancia_2d,0.935
POINT_CLOUD,150,distancia_2d,0.935
POINT_CLOUD,151,distancia_2d,0.95075
POINT_CLOUD,152,distancia_2d,0.95875
POINT_CLOUD,153,distancia_2d,0.95875
POINT_CLOUD,154,distancia_2d,0.9685
POINT_CLOUD,155,distancia_2d,0.97575
POINT_CLOUD,156,distancia_2d,0.97575
POINT_CLOUD,157,distancia_2d,0.98325
POINT_CLOUD,158,distancia_2d,0.9925
POINT_CLOUD,159,distancia_2d,0.9965
POINT_CLOUD,160,distancia_2d,0.731
POINT_CLOUD,161,distancia_2d,0.731
POINT_CLOUD,162,distancia_2d,0.7165
POINT_CLOUD,163,distancia_2d,0.71
POINT_CLOUD,164,distancia_2d,0.7085
POINT_CLOUD,165,distancia_2d,0.7085
POINT_CLOUD,166,distancia_2d,0.713
POINT_CLOUD,167,distancia_2d,0.7235
POINT_CLOUD,168,distancia_2d,0.7235
POINT_CLOUD,169,distancia_2d,0.738
POINT_CLOUD,170,distancia_2d,0.7495
POINT_CLOUD,171,distancia_2d,0.7605
POINT_CLOUD,172,distancia_2d,0.7605
POINT_CLOUD,173,distancia_2d,0.771
POINT_CLOUD,174,distancia_2d,0.7815
POINT_CLOUD,175,distancia_2d,0.7815
POINT_CLOUD,176,distancia_2d,0.794
POINT_CLOUD,177,distancia_2d,0.807
POINT_CLOUD,178,distancia_2d,0.807
POINT_CLOUD,179,distancia_2d,0.8205
POINT_CLOUD,180,distancia_2d,0.8355
POINT_CLOUD,181,distancia_2d,0.8505
POINT_CLOUD,182,distancia_2d,0.8505
POINT_CLOUD,183,distancia_2d,0.866
POINT_CLOUD,184,distancia_2d,0.8815
POINT_CLOUD,185,distancia_2d,0.8815
POINT_CLOUD,186,distancia_2d,0.888
POINT_CLOUD,187,distancia_2d,0.8885
POINT_CLOUD,188,distancia_2d,2
POINT_CLOUD,189,distancia_2d,2
POINT_CLOUD,190,distancia_2d,1.9905
POINT_CLOUD,191,distancia_2d,1.9755
POINT_CLOUD,192,distancia_2d,1.9755
POINT_CLOUD,193,distancia_2d,1.9625
POINT_CLOUD,194,distancia_2d,1.9475
POINT_CLOUD,195,distancia_2d,1.9475
POINT_CLOUD,196,distancia_2d,1.9315
POINT_CLOUD,197,distancia_2d,1.9175
POINT_CLOUD,198,distancia_2d,1.904
POINT_CLOUD,199,distancia_2d,1.904
POINT_CLOUD,200,distancia_2d,1.892
POINT_CLOUD,201,distancia_2d,1.88
POINT_CLOUD,202,distancia_2d,1.88
POINT_CLOUD,203,distancia_2d,1.868
POINT_CLOUD,204,distancia_2d,1.857
POINT_CLOUD,205,distancia_2d,1.847
POINT_CLOUD,206,distancia_2d,1.847
POINT_CLOUD,207,distancia_2d,1.8365
POINT_CLOUD,208,distancia_2d,1.8265
POINT_CLOUD,209,distancia_2d,1.8265
POINT_CLOUD,210,distancia_2d,1.8175
POINT_CLOUD,211,distancia_2d,1.8085
POINT_CLOUD,212,distancia_2d,1.8085
POINT_CLOUD,213,distancia_2d,1.799
POINT_CLOUD,214,distancia_2d,1.789
POINT_CLOUD,215,distancia_2d,1.7805
POINT_CLOUD,216,distancia_2d,1.7805
POINT_CLOUD,217,distancia_2d,1.773
POINT_CLOUD,218,distancia_2d,1.7655
POINT_CLOUD,219,distancia_2d,1.7655
POINT_CLOUD,220,distancia_2d,1.7585
POINT_CLOUD,221,distancia_2d,1.7515
POINT_CLOUD,222,distancia_2d,1.7445
POINT_CLOUD,223,distancia_2d,1.7445
POINT_CLOUD,224,distancia_2d,1.7385
POINT_CLOUD,225,distancia_2d,1.733
POINT_CLOUD,226,distancia_2d,1.733
POINT_CLOUD,227,distancia_2d,1.7265
POINT_CLOUD,228,distancia_2d,1.7205
POINT_CLOUD,229,distancia_2d,1.7205
POINT_CLOUD,230,distancia_2d,1.7155
POINT_CLOUD,231,distancia_2d,1.7105
POINT_CLOUD,232,distancia_2d,1.7105
POINT_CLOUD,233,distancia_2d,1.7065
POINT_CLOUD,234,distancia_2d,1.7035
POINT_CLOUD,235,distancia_2d,1.7035
POINT_CLOUD,236,distancia_2d,1.699
POINT_CLOUD,237,distancia_2d,1.6945
POINT_CLOUD,238,distancia_2d,1.6915
POINT_CLOUD,239,distancia_2d,1.6915
POINT_CLOUD,240,distancia_2d,1.6875
POINT_CLOUD,241,distancia_2d,1.684
POINT_CLOUD,242,distancia_2d,1.684
POINT_CLOUD,243,distancia_2d,1.681
POINT_CLOUD,244,distancia_2d,1.679
POINT_CLOUD,245,distancia_2d,1.678
POINT_CLOUD,246,distancia_2d,1.678
POINT_CLOUD,247,distancia_2d,1.6755
POINT_CLOUD,248,distancia_2d,1.674
POINT_CLOUD,249,distancia_2d,1.674
POINT_CLOUD,250,distancia_2d,1.674
POINT_CLOUD,251,distancia_2d,1.673
POINT_CLOUD,252,distancia_2d,1.6725
POINT_CLOUD,253,distancia_2d,1.6725
POINT_CLOUD,254,distancia_2d,1.672
POINT_CLOUD,255,distancia_2d,1.6705
POINT_CLOUD,256,distancia_2d,1.6705
POINT_CLOUD,257,distancia_2d,1.6705
POINT_CLOUD,258,distancia_2d,1.6715
POINT_CLOUD,259,distancia_2d,1.6715
POINT_CLOUD,260,distancia_2d,1.672
POINT_CLOUD,261,distancia_2d,1.6725
POINT_CLOUD,262,distancia_2d,1.673
POINT_CLOUD,263,distancia_2d,1.673
POINT_CLOUD,264,distancia_2d,1.674
POINT_CLOUD,265,distancia_2d,1.675
POINT_CLOUD,266,distancia_2d,1.675
POINT_CLOUD,267,distancia_2d,1.6765
POINT_CLOUD,268,distancia_2d,1.6785
POINT_CLOUD,269,distancia_2d,1.6815
POINT_CLOUD,270,distancia_2d,1.6815
POINT_CLOUD,271,distancia_2d,1.6835
POINT_CLOUD,272,distancia_2d,1.685
POINT_CLOUD,273,distancia_2d,1.685
POINT_CLOUD,274,distancia_2d,1.6885
POINT_CLOUD,275,distancia_2d,1.692
POINT_CLOUD,276,distancia_2d,1.6965
POINT_CLOUD,277,distancia_2d,1.6965
POINT_CLOUD,278,distancia_2d,1.701
POINT_CLOUD,279,distancia_2d,1.706
POINT_CLOUD,280,distancia_2d,1.706
POINT_CLOUD,281,distancia_2d,1.7095
POINT_CLOUD,282,distancia_2d,1.7135
POINT_CLOUD,283,distancia_2d,1.719
POINT_CLOUD,284,distancia_2d,1.719
POINT_CLOUD,285,distancia_2d,1.7245
POINT_CLOUD,286,distancia_2d,1.7305
POINT_CLOUD,287,distancia_2d,1.7305
POINT_CLOUD,288,distancia_2d,1.736
POINT_CLOUD,289,distancia_2d,1.742
POINT_CLOUD,290,distancia_2d,1.749
POINT_CLOUD,291,distancia_2d,1.749
POINT_CLOUD,292,distancia_2d,1.754
POINT_CLOUD,293,distancia_2d,1.7605
POINT_CLOUD,294,distancia_2d,1.7605
POINT_CLOUD,295,distancia_2d,1.769
POINT_CLOUD,296,distancia_2d,1.7755
POINT_CLOUD,297,distancia_2d,1.7755
POINT_CLOUD,298,distancia_2d,1.7835
POINT_CLOUD,299,distancia_2d,1.7915
POINT_CLOUD,300,distancia_2d,1.8
POINT_CLOUD,301,distancia_2d,1.8
POINT_CLOUD,302,distancia_2d,1.8105
POINT_CLOUD,303,distancia_2d,1.82
POINT_CLOUD,304,distancia_2d,1.8295
POINT_CLOUD,305,distancia_2d,1.8295
POINT_CLOUD,306,distancia_2d,1.84
POINT_CLOUD,307,distancia_2d,1.85
POINT_CLOUD,308,distancia_2d,1.85
POINT_CLOUD,309,distancia_2d,1.861
POINT_CLOUD,310,distancia_2d,1.873
POINT_CLOUD,311,distancia_2d,1.886
POINT_CLOUD,312,distancia_2d,1.886
POINT_CLOUD,313,distancia_2d,1.8975
POINT_CLOUD,314,distancia_2d,1.9085
POINT_CLOUD,315,distancia_2d,1.9085
POINT_CLOUD,316,distancia_2d,1.9215
POINT_CLOUD,317,distancia_2d,1.934
POINT_CLOUD,318,distancia_2d,1.934
POINT_CLOUD,319,distancia_2d,0.767
POINT_CLOUD,320,distancia_2d,0.767
POINT_CLOUD,321,distancia_2d,0.712
POINT_CLOUD,322,distancia_2d,0.712
POINT_CLOUD,323,distancia_2d,0.7025
POINT_CLOUD,324,distancia_2d,0.692
POINT_CLOUD,325,distancia_2d,0.692
POINT_CLOUD,326,distancia_2d,0.6745
POINT_CLOUD,327,distancia_2d,0.669
POINT_CLOUD,328,distancia_2d,0.669
POINT_CLOUD,329,distancia_2d,0.6665
POINT_CLOUD,330,distancia_2d,0.6535
POINT_CLOUD,331,distancia_2d,0.643
POINT_CLOUD,332,distancia_2d,0.643
POINT_CLOUD,333,distancia_2d,0.637
POINT_CLOUD,334,distancia_2d,0.6355
POINT_CLOUD,335,distancia_2d,0.6355
POINT_CLOUD,336,distancia_2d,0.6325
POINT_CLOUD,337,distancia_2d,0.6205
POINT_CLOUD,338,distancia_2d,0.6115
POINT_CLOUD,339,distancia_2d,0.6115
POINT_CLOUD,340,distancia_2d,0.607
POINT_CLOUD,341,distancia_2d,0.6035
POINT_CLOUD,342,distancia_2d,0.6035
POINT_CLOUD,343,distancia_2d,0.5985
POINT_CLOUD,344,distancia_2d,0.5905
POINT_CLOUD,345,distancia_2d,0.5905
POINT_CLOUD,346,distancia_2d,0.58
POINT_CLOUD,347,distancia_2d,0.5745
POINT_CLOUD,348,distancia_2d,0.5695
POINT_CLOUD,349,distancia_2d,0.5695
POINT_CLOUD,350,distancia_2d,0.5555
POINT_CLOUD,351,distancia_2d,0.5555
POINT_CLOUD,352,distancia_2d,0.5515
POINT_CLOUD,353,distancia_2d,0.548
POINT_CLOUD,354,distancia_2d,0.548
POINT_CLOUD,355,distancia_2d,0.547
POINT_CLOUD,356,distancia_2d,0.5445
POINT_CLOUD,357,distancia_2d,0.5445
POINT_CLOUD,358,distancia_2d,0.5395
POINT_CLOUD,359,distancia_2d,0.5365
POINT_CLOUD,360,distancia_2d,0.531
POINT_CLOUD,361,distancia_2d,0.531
POINT_CLOUD,362,distancia_2d,0.5275
POINT_CLOUD,363,distancia_2d,0.5235
POINT_CLOUD,364,distancia_2d,0.5235
POINT_CLOUD,365,distancia_2d,0.49
POINT_CLOUD,366,distancia_2d,0.49
POINT_CLOUD,367,distancia_2d,0.501
POINT_CLOUD,368,distancia_2d,0.501
POINT_CLOUD,369,distancia_2d,0.5025
POINT_CLOUD,370,distancia_2d,0.4985
POINT_CLOUD,371,distancia_2d,0.4985
POINT_CLOUD,372,distancia_2d,0.497
POINT_CLOUD,373,distancia_2d,0.495
POINT_CLOUD,374,distancia_2d,0.4915
POINT_CLOUD,375,distancia_2d,0.4915
POINT_CLOUD,376,distancia_2d,0.487
POINT_CLOUD,377,distancia_2d,0.484
POINT_CLOUD,378,distancia_2d,0.484
POINT_CLOUD,379,distancia_2d,0.484
POINT_CLOUD,380,distancia_2d,0.4815
POINT_CLOUD,381,distancia_2d,0.4775
POINT_CLOUD,382,distancia_2d,0.4775
POINT_CLOUD,383,distancia_2d,0.4755
POINT_CLOUD,384,distancia_2d,0.4745
POINT_CLOUD,385,distancia_2d,0.4745
POINT_CLOUD,386,distancia_2d,0.47
POINT_CLOUD,387,distancia_2d,0.467
POINT_CLOUD,388,distancia_2d,0.467
POINT_CLOUD,389,distancia_2d,0.467
POINT_CLOUD,390,distancia_2d,0.4635
POINT_CLOUD,391,distancia_2d,0.4635
POINT_CLOUD,392,distancia_2d,0.4615
POINT_CLOUD,393,distancia_2d,0.46
POINT_CLOUD,394,distancia_2d,0.46
POINT_CLOUD,395,distancia_2d,0.4575
POINT_CLOUD,396,distancia_2d,0.4565
POINT_CLOUD,397,distancia_2d,0.4545
POINT_CLOUD,398,distancia_2d,0.4545
POINT_CLOUD,399,distancia_2d,0.453
POINT_CLOUD,400,distancia_2d,0.452
POINT_CLOUD,401,distancia_2d,0.452
POINT_CLOUD,402,distancia_2d,0.451
POINT_CLOUD,403,distancia_2d,0.4505
POINT_CLOUD,404,distancia_2d,0.4495
POINT_CLOUD,405,distancia_2d,0.4495
POINT_CLOUD,406,distancia_2d,0.449
POINT_CLOUD,407,distancia_2d,0.45025
POINT_CLOUD,408,distancia_2d,0.45025
POINT_CLOUD,409,distancia_2d,0.44975
POINT_CLOUD,410,distancia_2d,0.45
POINT_CLOUD,411,distancia_2d,0.45225
POINT_CLOUD,412,distancia_2d,0.45225
POINT_CLOUD,413,distancia_2d,0.453
POINT_CLOUD,414,distancia_2d,0.4525
POINT_CLOUD,415,distancia_2d,0.4525
POINT_CLOUD,416,distancia_2d,0.452
POINT_CLOUD,417,distancia_2d,0.4515
POINT_CLOUD,418,distancia_2d,0.4515
POINT_CLOUD,419,distancia_2d,0.45275
POINT_CLOUD,420,distancia_2d,0.455
POINT_CLOUD,421,distancia_2d,0.4535
POINT_CLOUD,422,distancia_2d,0.4535
POINT_CLOUD,423,distancia_2d,0.4505
POINT_CLOUD,424,distancia_2d,0.4505
POINT_CLOUD,425,distancia_2d,0.44975
POINT_CLOUD,426,distancia_2d,0.4485
POINT_CLOUD,427,distancia_2d,0.4485
POINT_CLOUD,428,distancia_2d,0.449
POINT_CLOUD,429,distancia_2d,0.4495
POINT_CLOUD,430,distancia_2d,0.4505
POINT_CLOUD,431,distancia_2d,0.4505
POINT_CLOUD,432,distancia_2d,0.45275
POINT_CLOUD,433,distancia_2d,0.45375
POINT_CLOUD,434,distancia_2d,0.45375
POINT_CLOUD,435,distancia_2d,0.455
POINT_CLOUD,436,distancia_2d,0.45675
POINT_CLOUD,437,distancia_2d,0.45675
POINT_CLOUD,438,distancia_2d,0.45725
POINT_CLOUD,439,distancia_2d,0.45725
POINT_CLOUD,440,distancia_2d,0.459
POINT_CLOUD,441,distancia_2d,0.459
POINT_CLOUD,442,distancia_2d,0.46225
POINT_CLOUD,443,distancia_2d,0.464
POINT_CLOUD,444,distancia_2d,0.464
POINT_CLOUD,445,distancia_2d,0.4655
POINT_CLOUD,446,distancia_2d,0.468
POINT_CLOUD,447,distancia_2d,0.468
POINT_CLOUD,448,distancia_2d,0.47
POINT_CLOUD,449,distancia_2d,0.47325
POINT_CLOUD,450,distancia_2d,0.4775
POINT_CLOUD,451,distancia_2d,0.4775
POINT_CLOUD,452,distancia_2d,0.479
POINT_CLOUD,453,distancia_2d,0.47975
POINT_CLOUD,454,distancia_2d,0.47975
POINT_CLOUD,455,distancia_2d,0.48175
POINT_CLOUD,456,distancia_2d,0.485
POINT_CLOUD,457,distancia_2d,0.485
POINT_CLOUD,458,distancia_2d,0.49
POINT_CLOUD,459,distancia_2d,0.493
POINT_CLOUD,460,distancia_2d,0.49425
POINT_CLOUD,461,distancia_2d,0.49425
POINT_CLOUD,462,distancia_2d,0.4975
POINT_CLOUD,463,distancia_2d,0.50025
POINT_CLOUD,464,distancia_2d,0.5035
POINT_CLOUD,465,distancia_2d,0.5035
POINT_CLOUD,466,distancia_2d,0.51025
POINT_CLOUD,467,distancia_2d,0.51525
POINT_CLOUD,468,distancia_2d,0.51525
POINT_CLOUD,469,distancia_2d,0.51825
POINT_CLOUD,470,distancia_2d,0.519
POINT_CLOUD,471,distancia_2d,0.519
POINT_CLOUD,472,distancia_2d,0.523
POINT_CLOUD,473,distancia_2d,0.52975
POINT_CLOUD,474,distancia_2d,0.5305
POINT_CLOUD,475,distancia_2d,0.5305
POINT_CLOUD,476,distancia_2d,0.535
POINT_CLOUD,477,distancia_2d,0.543
POINT_CLOUD,478,distancia_2d,0.543
POINT_CLOUD,479,distancia_2d,0.54925
POINT_CLOUD,480,distancia_2d,0.5545
POINT_CLOUD,481,distancia_2d,0.5575
POINT_CLOUD,482,distancia_2d,0.5575
POINT_CLOUD,483,distancia_2d,0.5605
POINT_CLOUD,484,distancia_2d,0.566
POINT_CLOUD,485,distancia_2d,0.566
POINT_CLOUD,486,distancia_2d,0.57225
POINT_CLOUD,487,distancia_2d,0.576
POINT_CLOUD,488,distancia_2d,0.576
POINT_CLOUD,489,distancia_2d,0.58325
POINT_CLOUD,490,distancia_2d,4.197
POINT_CLOUD,491,distancia_2d,4.197
POINT_CLOUD,492,distancia_2d,4.1805
POINT_CLOUD,493,distancia_2d,4.1695
POINT_CLOUD,494,distancia_2d,4.1695
POINT_CLOUD,495,distancia_2d,4.164
POINT_CLOUD,496,distancia_2d,4.164
POINT_CLOUD,497,distancia_2d,4.1575
POINT_CLOUD,498,distancia_2d,2.741
POINT_CLOUD,499,distancia_2d,2.741
POINT_CLOUD,500,distancia_2d,2.7305
POINT_CLOUD,501,distancia_2d,5.123
POINT_CLOUD,502,distancia_2d,5.123
POINT_CLOUD,503,distancia_2d,5.1115
POINT_CLOUD,504,distancia_2d,5.106
POINT_CLOUD,505,distancia_2d,5.099
POINT_CLOUD,506,distancia_2d,5.099
POINT_CLOUD,507,distancia_2d,3.418
POINT_CLOUD,508,distancia_2d,3.418
POINT_CLOUD,509,distancia_2d,2.25
POINT_CLOUD,510,distancia_2d,2.25
